{
"type": "FeatureCollection",
"name": "commissioner_precincts_web",
"crs": { "type": "name", "properties": { "name": "urn:ogc:def:crs:EPSG::3857" } },
"features": [
{ "type": "Feature", "properties": { "PCT_NO": 3, "AREA_IN_MI": 453, "bbox_minx": -10682305.5188, "bbox_miny": 3460053.8345, "bbox_maxx": -10621052.2509, "bbox_maxy": 3524580.2243999988, "label_x": -10658560.97808357, "label_y": 3492323.3453000002 }, "geometry": { "type": "Polygon", "coordinates": [ [ [ -10682305.5188, 3524574.238200001418591 ], [ -10682116.933, 3524552.973300002515316 ], [ -10682036.6539, 3524430.985100001096725 ], [ -10681762.2475, 3524305.589100003242493 ], [ -10681742.5172, 3524182.198100000619888 ], [ -10681602.4147, 3524065.970600001513958 ], [ -10681584.6236, 3523918.096100002527237 ], [ -10681480.5157, 3523867.988499999046326 ], [ -10681313.0592, 3523663.364 ], [ -10681117.3372, 3523642.133299998939037 ], [ -10681044.2143, 3523540.25789999961853 ], [ -10680905.0772, 3523511.157600000500679 ], [ -10680865.0374, 3523425.133199997246265 ], [ -10680776.4748, 3523414.599399998784065 ], [ -10680743.4472, 3523341.690099999308586 ], [ -10680779.8008, 3523239.404200002551079 ], [ -10680644.4865, 3523102.647600002586842 ], [ -10680646.3583, 3523007.052400000393391 ], [ -10680573.1681, 3522908.050700001418591 ], [ -10680589.888, 3522720.488899998366833 ], [ -10680061.9317, 3522291.832900002598763 ], [ -10680094.84, 3522118.045999996364117 ], [ -10679953.2147, 3522067.528899997472763 ], [ -10679695.9407, 3522260.208499997854233 ], [ -10679490.7287, 3522083.831000000238419 ], [ -10679324.6966, 3522135.991499997675419 ], [ -10679147.7909, 3521987.711400002241135 ], [ -10679025.4272, 3522130.836499996483326 ], [ -10678782.4402, 3522081.111699998378754 ], [ -10678613.7637, 3521852.571999996900558 ], [ -10678448.6393, 3521748.592100001871586 ], [ -10678328.4522, 3521825.657399997115135 ], [ -10678233.0823, 3521821.084799997508526 ], [ -10678194.335, 3521741.642300002276897 ], [ -10678270.5317, 3521577.476599998772144 ], [ -10678247.0838, 3521485.44709999859333 ], [ -10677984.0605, 3521274.701800003647804 ], [ -10677947.852, 3521115.7753000035882 ], [ -10677869.9394, 3521005.587700001895428 ], [ -10677650.2095, 3520932.15990000218153 ], [ -10677625.2438, 3520796.590400002896786 ], [ -10677470.3048, 3520723.318599998950958 ], [ -10677475.7226, 3520623.139200001955032 ], [ -10677291.945, 3520408.589400000870228 ], [ -10676968.8614, 3520423.075300000607967 ], [ -10676773.0136, 3520208.200900003314018 ], [ -10676770.4156, 3520024.00620000064373 ], [ -10676668.3709, 3520026.281099997460842 ], [ -10676317.8084, 3519860.258299998939037 ], [ -10676130.038, 3519939.693300001323223 ], [ -10676061.2091, 3519857.795199997723103 ], [ -10676074.5108, 3519764.686300002038479 ], [ -10675819.0256, 3519602.428400002419949 ], [ -10675790.1759, 3519379.847000002861023 ], [ -10675483.1929, 3519301.886 ], [ -10675438.4032, 3519131.531999997794628 ], [ -10675365.6844, 3519138.627899996936321 ], [ -10675287.7185, 3519285.77139999717474 ], [ -10675131.5965, 3519317.121799997985363 ], [ -10675023.0991, 3519258.774400003254414 ], [ -10674896.6228, 3519059.758900001645088 ], [ -10674478.2772, 3518856.685500003397465 ], [ -10674344.8616, 3518908.569700002670288 ], [ -10674405.9263, 3518978.737499997019768 ], [ -10674377.7641, 3519035.616599999368191 ], [ -10674180.0588, 3518977.729800000786781 ], [ -10674031.1873, 3519061.349600002169609 ], [ -10673900.568, 3518952.173100002110004 ], [ -10673663.5046, 3518970.158100001513958 ], [ -10673500.3982, 3519225.122400000691414 ], [ -10673453.8037, 3519390.740699999034405 ], [ -10673380.4612, 3519365.134499996900558 ], [ -10673233.6356, 3519058.752099998295307 ], [ -10673166.9046, 3519018.72240000218153 ], [ -10673053.6345, 3519037.931199997663498 ], [ -10672694.9368, 3519233.404500000178814 ], [ -10672578.7068, 3519233.757600001990795 ], [ -10672418.8877, 3519026.44200000166893 ], [ -10672495.1036, 3518917.944200001657009 ], [ -10672457.9283, 3518729.225699998438358 ], [ -10672057.5488, 3518697.597900003194809 ], [ -10671978.9174, 3518559.212999999523163 ], [ -10672027.2558, 3518432.590199999511242 ], [ -10671637.3333, 3518242.718699999153614 ], [ -10671367.3463, 3517887.831600002944469 ], [ -10671341.9418, 3517803.026600003242493 ], [ -10671444.2594, 3517611.280100002884865 ], [ -10671454.1606, 3517436.124799996614456 ], [ -10671304.8018, 3517127.410599999129772 ], [ -10670855.0104, 3517009.658299997448921 ], [ -10670743.4267, 3516923.396899998188019 ], [ -10670643.7358, 3516753.863300003111362 ], [ -10670068.2227, 3516697.021099999547005 ], [ -10669932.0469, 3516575.750299997627735 ], [ -10669756.5017, 3516558.5088 ], [ -10669587.1515, 3516477.611699998378754 ], [ -10669526.6496, 3516070.161499999463558 ], [ -10669279.6596, 3515950.739900000393391 ], [ -10669161.3635, 3515742.550399996340275 ], [ -10669206.1647, 3515397.978699997067451 ], [ -10669382.2648, 3515021.255699999630451 ], [ -10669370.2002, 3514892.261200003325939 ], [ -10669223.1163, 3514702.728799998760223 ], [ -10668785.7834, 3514451.214299999177456 ], [ -10668771.9269, 3514286.45610000193119 ], [ -10668712.8452, 3514238.033600002527237 ], [ -10668337.3162, 3514344.693400003015995 ], [ -10668109.4576, 3514502.875299997627735 ], [ -10667976.2757, 3514400.064800001680851 ], [ -10667794.4914, 3514372.2246999964118 ], [ -10667748.6463, 3514319.302699998021126 ], [ -10667748.385, 3514213.8699000030756 ], [ -10667617.4564, 3514091.69879999756813 ], [ -10667075.1394, 3514151.811499997973442 ], [ -10666857.7996, 3514124.721799999475479 ], [ -10666577.2096, 3514229.067900002002716 ], [ -10666421.354, 3514110.36429999768734 ], [ -10666344.8189, 3514107.92400000244379 ], [ -10666262.3576, 3514196.874300003051758 ], [ -10666259.9173, 3514419.445100001990795 ], [ -10666218.3369, 3514494.8728 ], [ -10666114.0836, 3514498.803599998354912 ], [ -10665723.4367, 3514360.171499997377396 ], [ -10665478.9001, 3514523.075000002980232 ], [ -10665414.1787, 3514633.726700000464916 ], [ -10665473.2192, 3514838.879299998283386 ], [ -10665263.4931, 3514997.893700003623962 ], [ -10665064.146, 3515094.1908999979496 ], [ -10664792.5705, 3515115.808700002729893 ], [ -10664508.7233, 3515304.762900002300739 ], [ -10664256.9009, 3515132.0945999994874 ], [ -10663683.1803, 3515341.159299999475479 ], [ -10663448.443, 3515320.148299999535084 ], [ -10663260.1807, 3515398.310699999332428 ], [ -10663153.6106, 3515380.830600000917912 ], [ -10663126.7926, 3515479.924199998378754 ], [ -10663234.5192, 3515596.302299998700619 ], [ -10663168.1371, 3515696.244400002062321 ], [ -10663066.2031, 3515614.918700002133846 ], [ -10662955.4428, 3515644.815600000321865 ], [ -10662885.8089, 3515616.721500001847744 ], [ -10662672.0069, 3515323.910899996757507 ], [ -10662318.4503, 3515204.60809999704361 ], [ -10662271.6473, 3515152.9121999964118 ], [ -10661717.2706, 3515077.46679999679327 ], [ -10661605.0699, 3515124.757200002670288 ], [ -10661504.386, 3515068.657200001180172 ], [ -10661276.7872, 3514788.051899999380112 ], [ -10660752.4238, 3514814.197999998927116 ], [ -10660481.4489, 3514708.773900002241135 ], [ -10660314.0374, 3514589.750200003385544 ], [ -10660151.7491, 3514564.880599997937679 ], [ -10660073.0327, 3514621.8108000010252 ], [ -10660069.2984, 3514792.288900002837181 ], [ -10659936.2306, 3515071.59910000115633 ], [ -10659719.7681, 3515227.43299999833107 ], [ -10659307.4092, 3515317.706500001251698 ], [ -10659045.9637, 3515565.327799998223782 ], [ -10658913.7798, 3515602.346199996769428 ], [ -10658738.0124, 3515750.58330000191927 ], [ -10658239.495, 3515712.410300001502037 ], [ -10658042.9737, 3515843.580700002610683 ], [ -10657868.969, 3515892.988799996674061 ], [ -10657591.7681, 3515699.115099996328354 ], [ -10657326.0889, 3515681.002300001680851 ], [ -10657059.059, 3515572.702299997210503 ], [ -10656964.4412, 3515680.544600002467632 ], [ -10656498.4332, 3515783.004799999296665 ], [ -10656002.5689, 3516099.001400001347065 ], [ -10655751.908, 3516354.507299996912479 ], [ -10655409.5848, 3516358.208700001239777 ], [ -10655222.8314, 3516272.834899999201298 ], [ -10655080.6849, 3516560.638700000941753 ], [ -10654948.7604, 3516708.86429999768734 ], [ -10654638.8652, 3516638.439499996602535 ], [ -10654338.7179, 3516762.195299997925758 ], [ -10654138.9867, 3516778.796800002455711 ], [ -10653931.1628, 3516745.575000002980232 ], [ -10653772.0207, 3516645.70099999755621 ], [ -10653515.5368, 3516288.2162000015378 ], [ -10653491.6356, 3514750.576700001955032 ], [ -10653409.8302, 3514051.707999996840954 ], [ -10653290.8651, 3513948.686599999666214 ], [ -10653295.1818, 3512256.784699998795986 ], [ -10653243.8945, 3512171.398100003600121 ], [ -10653000.2933, 3512172.478500001132488 ], [ -10652968.0498, 3510490.040500000119209 ], [ -10653019.9785, 3510304.69200000166893 ], [ -10652987.5906, 3505622.079899996519089 ], [ -10652254.483, 3505402.508599996566772 ], [ -10651863.5764, 3505134.725900001823902 ], [ -10651536.2204, 3505149.356700003147125 ], [ -10651393.7863, 3505021.526399999856949 ], [ -10651253.7938, 3505020.682899996638298 ], [ -10651150.7851, 3504930.5493 ], [ -10651071.2298, 3504948.624600000679493 ], [ -10650979.5327, 3505097.873199999332428 ], [ -10650770.5281, 3504972.253600001335144 ], [ -10650478.9771, 3504638.398500002920628 ], [ -10649610.4146, 3503892.524099998176098 ], [ -10649585.5274, 3503707.99040000140667 ], [ -10649426.2001, 3503616.237300001084805 ], [ -10649464.66, 3503458.225299999117851 ], [ -10649130.3563, 3503427.327200002968311 ], [ -10649126.4462, 3503327.436599999666214 ], [ -10649040.2968, 3503198.974899999797344 ], [ -10648998.3445, 3502912.834200002253056 ], [ -10648829.0038, 3502892.338500000536442 ], [ -10648719.7432, 3502764.923699997365475 ], [ -10648535.1816, 3502662.606200002133846 ], [ -10648579.9124, 3502492.311499997973442 ], [ -10648550.2746, 3502342.331699997186661 ], [ -10648304.4799, 3502317.6283999979496 ], [ -10648278.8434, 3502139.30290000140667 ], [ -10648062.2978, 3502040.071999996900558 ], [ -10647688.6723, 3502302.313799999654293 ], [ -10647542.9033, 3502252.815700002014637 ], [ -10647257.5906, 3502313.143100000917912 ], [ -10647081.6586, 3502272.391099996864796 ], [ -10646957.2071, 3502314.501000002026558 ], [ -10646869.2701, 3502293.121799997985363 ], [ -10646712.7705, 3502074.936599999666214 ], [ -10646763.322, 3501883.176299996674061 ], [ -10646753.6573, 3501718.943300001323223 ], [ -10646829.5722, 3501700.290100000798702 ], [ -10646856.512, 3501622.899599999189377 ], [ -10646692.5593, 3501498.309799998998642 ], [ -10646255.0993, 3501356.595499999821186 ], [ -10646172.7864, 3501273.283399999141693 ], [ -10645935.5225, 3501179.396499998867512 ], [ -10645840.8986, 3500960.202500000596046 ], [ -10645586.2406, 3500897.914700001478195 ], [ -10645602.928, 3500677.537399999797344 ], [ -10645531.9128, 3500650.629100002348423 ], [ -10644241.3456, 3501935.484099999070168 ], [ -10643833.6048, 3501547.130900003015995 ], [ -10643620.2479, 3501731.032799996435642 ], [ -10641141.9867, 3499317.024899996817112 ], [ -10640508.6422, 3499279.434000000357628 ], [ -10640458.5775, 3494934.439000003039837 ], [ -10641926.1755, 3493909.757799997925758 ], [ -10644744.4938, 3492412.647799998521805 ], [ -10645164.819, 3492126.459100000560284 ], [ -10645348.9399, 3491945.82150000333786 ], [ -10645567.5782, 3491672.176899999380112 ], [ -10646930.25, 3489216.547700002789497 ], [ -10647152.2525, 3488632.47070000320673 ], [ -10647186.4427, 3488027.789200000464916 ], [ -10650950.7188, 3487996.301899999380112 ], [ -10651299.875, 3488128.935400001704693 ], [ -10655933.9718, 3488101.79389999806881 ], [ -10655915.8056, 3487759.712200000882149 ], [ -10655660.465, 3487315.6206 ], [ -10655562.9543, 3486974.369699999690056 ], [ -10655558.8193, 3485907.630800001323223 ], [ -10655380.6667, 3485256.244199998676777 ], [ -10655383.6606, 3484621.575199998915195 ], [ -10655196.305, 3484515.45549999922514 ], [ -10655060.148, 3484563.562899999320507 ], [ -10654623.7034, 3484232.096600003540516 ], [ -10654218.2408, 3484159.213100001215935 ], [ -10653993.3705, 3484210.844300001859665 ], [ -10653766.9313, 3484177.419100001454353 ], [ -10653644.3138, 3484090.305200003087521 ], [ -10653406.4758, 3484059.463799998164177 ], [ -10652532.229, 3483677.492200002074242 ], [ -10652330.884, 3483707.693499997258186 ], [ -10652261.5534, 3483660.51519999653101 ], [ -10652134.1721, 3483669.223300002515316 ], [ -10652140.4205, 3484100.427500002086163 ], [ -10650522.7118, 3484101.371399998664856 ], [ -10650166.7396, 3484160.056500002741814 ], [ -10649344.4644, 3484164.051700003445148 ], [ -10649394.9906, 3482383.659800000488758 ], [ -10649245.01, 3482373.948399998247623 ], [ -10649259.8575, 3481850.933399997651577 ], [ -10649006.2062, 3481857.147299997508526 ], [ -10648802.5897, 3481969.79169999808073 ], [ -10648344.1838, 3482335.794699996709824 ], [ -10647998.8568, 3482456.205700002610683 ], [ -10646601.2765, 3482489.796499997377396 ], [ -10646600.3176, 3482639.69200000166893 ], [ -10646355.9282, 3482639.017899997532368 ], [ -10646353.057, 3482745.298600003123283 ], [ -10646209.7612, 3482745.374099999666214 ], [ -10646209.6122, 3482806.977700002491474 ], [ -10645675.5691, 3482840.156199999153614 ], [ -10645676.2861, 3483074.453100003302097 ], [ -10645619.2361, 3483074.890799999237061 ], [ -10645621.1465, 3483548.412900000810623 ], [ -10645489.3494, 3483550.544600002467632 ], [ -10645503.5574, 3485029.8662 ], [ -10645072.0404, 3484739.735100001096725 ], [ -10645020.1272, 3484467.699400000274181 ], [ -10644836.2962, 3484449.6316 ], [ -10644755.6333, 3484570.151399999856949 ], [ -10644698.0133, 3484570.310599997639656 ], [ -10644616.4297, 3484414.16160000115633 ], [ -10644079.7267, 3484166.478000000119209 ], [ -10642716.0894, 3483309.199799999594688 ], [ -10642700.0523, 3483166.386399999260902 ], [ -10641880.9294, 3483169.767499998211861 ], [ -10641882.561, 3483401.518100000917912 ], [ -10641016.3624, 3483407.404500000178814 ], [ -10641028.6754, 3484185.221699997782707 ], [ -10640938.213, 3484270.988899998366833 ], [ -10639645.8455, 3482927.770300000905991 ], [ -10639469.8473, 3482487.193199999630451 ], [ -10639446.4871, 3481946.918399997055531 ], [ -10636057.492, 3482003.833800002932549 ], [ -10636036.9181, 3478519.238899998366833 ], [ -10635971.9877, 3476481.304099999368191 ], [ -10635907.0004, 3475841.549099996685982 ], [ -10633256.4202, 3475823.783900000154972 ], [ -10633238.5139, 3476325.54450000077486 ], [ -10633271.969, 3476430.682300001382828 ], [ -10632883.1354, 3476440.485100001096725 ], [ -10632749.7406, 3476519.953599996864796 ], [ -10632563.9575, 3476541.953500002622604 ], [ -10632561.5235, 3477137.626900002360344 ], [ -10632433.5034, 3477138.384400002658367 ], [ -10632425.8087, 3477500.362300001084805 ], [ -10632335.7786, 3477504.554999999701977 ], [ -10632337.2355, 3477660.81870000064373 ], [ -10632142.9592, 3477660.352200001478195 ], [ -10632140.9596, 3477727.682099997997284 ], [ -10631999.13, 3477603.197300001978874 ], [ -10631709.5435, 3477502.608999997377396 ], [ -10631628.5856, 3477355.445600003004074 ], [ -10631321.7146, 3477451.900399997830391 ], [ -10631059.55, 3477377.393500000238419 ], [ -10631108.5706, 3477880.46000000089407 ], [ -10631099.348, 3480021.987800002098083 ], [ -10630974.6112, 3480357.100699998438358 ], [ -10630658.2113, 3480745.108900003135204 ], [ -10630300.6183, 3480456.154700003564358 ], [ -10629944.6066, 3480422.575900003314018 ], [ -10629942.4493, 3480137.579300001263618 ], [ -10629668.9783, 3480057.3279 ], [ -10629377.1872, 3480054.642399996519089 ], [ -10629148.9277, 3480220.845600001513958 ], [ -10625515.8718, 3477169.123700000345707 ], [ -10625646.1897, 3476552.066100001335144 ], [ -10625681.2882, 3475671.050899997353554 ], [ -10625754.2778, 3475504.918799996376038 ], [ -10625997.1549, 3475179.272699996829033 ], [ -10626073.7394, 3474974.21679999679327 ], [ -10626123.3928, 3474052.2753000035882 ], [ -10626067.5715, 3471718.438400000333786 ], [ -10626364.7305, 3470273.771499998867512 ], [ -10626578.7467, 3469049.873000003397465 ], [ -10626593.9082, 3468747.93129999935627 ], [ -10626383.7426, 3468837.863499999046326 ], [ -10626049.4269, 3468900.842699997127056 ], [ -10625364.0083, 3468899.448600001633167 ], [ -10624761.3204, 3468770.075599998235703 ], [ -10624439.3518, 3468745.5962999984622 ], [ -10623462.6705, 3468798.98030000180006 ], [ -10622562.8473, 3468954.885799996554852 ], [ -10621061.1596, 3468984.113899998366833 ], [ -10621052.2509, 3468325.637999996542931 ], [ -10621948.6832, 3468313.6908999979496 ], [ -10621915.6969, 3465836.200400002300739 ], [ -10623561.3254, 3465819.586000002920628 ], [ -10623549.8672, 3465649.171300001442432 ], [ -10623795.0756, 3465634.522200003266335 ], [ -10624932.7224, 3465636.054300002753735 ], [ -10624935.6596, 3465806.8794 ], [ -10625154.038, 3465804.984300002455711 ], [ -10625091.8128, 3462398.849399998784065 ], [ -10626156.0653, 3462382.274899996817112 ], [ -10626346.2835, 3462301.634900003671646 ], [ -10626454.8965, 3462168.41330000013113 ], [ -10626760.9501, 3461298.719800002872944 ], [ -10627138.9507, 3461122.578000001609325 ], [ -10627580.669, 3460659.368600003421307 ], [ -10627798.2152, 3460765.6570999994874 ], [ -10630700.2001, 3460727.253200002014637 ], [ -10630809.5927, 3460729.061300002038479 ], [ -10630846.6243, 3460786.580799996852875 ], [ -10631019.9579, 3460788.087300002574921 ], [ -10631962.076, 3460761.412000000476837 ], [ -10631963.0863, 3460643.073899999260902 ], [ -10633718.5742, 3460620.931100003421307 ], [ -10634140.3973, 3460557.991899996995926 ], [ -10634150.9914, 3461553.473099999129772 ], [ -10634303.4295, 3461614.952600002288818 ], [ -10634381.1133, 3461696.873400002717972 ], [ -10634404.2181, 3462025.381300002336502 ], [ -10636984.547, 3461853.214000001549721 ], [ -10636962.5755, 3462161.71000000089407 ], [ -10637625.8777, 3462187.638400003314018 ], [ -10637408.7982, 3463690.242299996316433 ], [ -10637700.3234, 3463720.867399998009205 ], [ -10638362.8252, 3463655.967399999499321 ], [ -10639025.2696, 3463518.309500001370907 ], [ -10639322.1639, 3463515.026500001549721 ], [ -10639313.9878, 3462827.907399997115135 ], [ -10639394.3169, 3462824.196199998259544 ], [ -10639408.3625, 3462301.937299996614456 ], [ -10640003.6402, 3462303.162699997425079 ], [ -10640011.5485, 3462500.492700003087521 ], [ -10640281.0319, 3462490.753899998962879 ], [ -10640409.7228, 3462436.215899996459484 ], [ -10640408.3815, 3462266.721100002527237 ], [ -10640196.455, 3462252.315800003707409 ], [ -10640176.5524, 3462084.403099998831749 ], [ -10640406.1398, 3462089.287500001490116 ], [ -10640411.8075, 3461851.152500003576279 ], [ -10641512.1431, 3461935.928999997675419 ], [ -10642011.4303, 3462091.081500001251698 ], [ -10642292.2137, 3461274.959100000560284 ], [ -10642500.0363, 3461074.944600000977516 ], [ -10641998.356, 3460553.640100002288818 ], [ -10641910.6745, 3460307.117600001394749 ], [ -10641903.1911, 3460053.834499999880791 ], [ -10643248.7292, 3460809.163599997758865 ], [ -10644751.5426, 3461770.046300001442432 ], [ -10647948.7506, 3463886.162299998104572 ], [ -10648184.8595, 3463977.016199998557568 ], [ -10650212.9897, 3465281.336000002920628 ], [ -10656659.3919, 3469442.253799997270107 ], [ -10659095.1744, 3471073.815700002014637 ], [ -10667326.8078, 3476364.803999997675419 ], [ -10668120.1822, 3478919.642200000584126 ], [ -10668855.6703, 3481503.989699997007847 ], [ -10674350.8475, 3499059.964500002563 ], [ -10674230.1771, 3499117.273599997162819 ], [ -10674279.4918, 3499282.006700001657009 ], [ -10674924.9225, 3501090.226099997758865 ], [ -10677907.7294, 3510501.320100001990795 ], [ -10677929.8819, 3511778.875699996948242 ], [ -10678315.4928, 3511775.274099998176098 ], [ -10678347.6642, 3512375.961000002920628 ], [ -10678505.738, 3512375.060599997639656 ], [ -10682305.5188, 3524574.238200001418591 ] ] ] } },
{ "type": "Feature", "properties": { "PCT_NO": 1, "AREA_IN_MI": 375, "bbox_minx": -10642500.0363, "bbox_miny": 3439067.3809999973, "bbox_maxx": -10585802.170399999, "bbox_maxy": 3507027.6520999968, "label_x": -10612234.569438679, "label_y": 3473043.6041499972 }, "geometry": { "type": "Polygon", "coordinates": [ [ [ -10610027.8458, 3491049.179200001060963 ], [ -10609687.6979, 3492710.892800003290176 ], [ -10608960.6048, 3494030.583499997854233 ], [ -10608731.4378, 3494636.734099999070168 ], [ -10612704.271, 3494552.382399998605251 ], [ -10612728.955, 3494974.997000001370907 ], [ -10613459.2425, 3494963.90259999781847 ], [ -10613477.4232, 3495300.394199997186661 ], [ -10613806.6402, 3495296.607799999415874 ], [ -10613817.2919, 3495421.983999997377396 ], [ -10614224.7059, 3495415.923799999058247 ], [ -10614256.3341, 3495841.475400000810623 ], [ -10615133.1196, 3495804.873700000345707 ], [ -10615310.3695, 3495864.350900001823902 ], [ -10615485.0685, 3496045.302100002765656 ], [ -10615681.4355, 3496347.192500002682209 ], [ -10616339.5828, 3496562.423900000751019 ], [ -10616414.2793, 3496734.129299998283386 ], [ -10616633.4295, 3496771.896700002253056 ], [ -10616792.5074, 3497007.031599998474121 ], [ -10617897.3602, 3496964.320100001990795 ], [ -10618137.9921, 3497047.06870000064373 ], [ -10618288.5883, 3497036.409500002861023 ], [ -10618720.3292, 3496472.800700001418591 ], [ -10619424.2581, 3496473.473800003528595 ], [ -10619422.5682, 3496282.838600002229214 ], [ -10619569.8492, 3495701.4324000030756 ], [ -10619158.8654, 3495628.555799998342991 ], [ -10619115.2578, 3494799.109499998390675 ], [ -10620119.456, 3494783.063799999654293 ], [ -10620183.2214, 3494476.275499999523163 ], [ -10620151.5042, 3494161.917400002479553 ], [ -10620094.3757, 3494171.114799998700619 ], [ -10620059.28, 3493948.418700002133846 ], [ -10619763.5837, 3493556.273000001907349 ], [ -10619769.019, 3493094.686200000345707 ], [ -10619716.6233, 3492976.017099998891354 ], [ -10619550.4923, 3493057.268399998545647 ], [ -10619505.4524, 3492668.251199997961521 ], [ -10618880.427, 3492672.768799997866154 ], [ -10618872.6073, 3490500.665299996733665 ], [ -10619763.3966, 3490489.272799998521805 ], [ -10619583.9298, 3489897.1316 ], [ -10619310.2225, 3489344.618699997663498 ], [ -10616749.868, 3489357.612300001084805 ], [ -10616447.3623, 3489327.176399998366833 ], [ -10615929.8453, 3486944.906000003218651 ], [ -10616367.19, 3486882.412399999797344 ], [ -10618901.8382, 3486847.60980000346899 ], [ -10618894.5966, 3486130.700599998235703 ], [ -10619627.5783, 3486123.441100001335144 ], [ -10619629.7432, 3486247.426899999380112 ], [ -10619796.8334, 3486245.604900002479553 ], [ -10619796.715, 3486119.683799996972084 ], [ -10620383.2026, 3486111.676299996674061 ], [ -10620017.5759, 3485313.832500003278255 ], [ -10619400.2239, 3484304.426100000739098 ], [ -10619323.0793, 3484243.201899997889996 ], [ -10619326.4818, 3484112.975500002503395 ], [ -10619081.3327, 3483710.255300000309944 ], [ -10619034.832, 3483710.592799998819828 ], [ -10618142.5687, 3482207.885099999606609 ], [ -10618142.8536, 3482140.596400000154972 ], [ -10617828.1027, 3481667.429200001060963 ], [ -10617596.8106, 3480792.05120000243187 ], [ -10617156.3959, 3479679.1537000015378 ], [ -10617260.6115, 3479633.497900001704693 ], [ -10617481.9123, 3479677.604500003159046 ], [ -10618949.8775, 3479659.222499996423721 ], [ -10618536.7895, 3478358.560099996626377 ], [ -10618140.1569, 3477780.094800002872944 ], [ -10617663.2465, 3477362.912399999797344 ], [ -10617662.5159, 3477148.02080000191927 ], [ -10617588.9658, 3477149.425700001418591 ], [ -10617581.1022, 3476443.320699997246265 ], [ -10617095.1595, 3476444.952600002288818 ], [ -10617095.9419, 3476508.079700000584126 ], [ -10617004.9436, 3476508.292199999094009 ], [ -10617001.7015, 3476171.036799997091293 ], [ -10617092.6973, 3476170.824600003659725 ], [ -10617103.2473, 3475632.212200000882149 ], [ -10617181.6213, 3475608.439599998295307 ], [ -10617139.8691, 3475546.173900000751019 ], [ -10617578.2468, 3475374.495300002396107 ], [ -10617758.7972, 3475243.251199997961521 ], [ -10617818.4667, 3474674.505599997937679 ], [ -10617944.3502, 3474673.543999999761581 ], [ -10617967.252, 3474581.355700001120567 ], [ -10617959.4346, 3473903.347000002861023 ], [ -10618816.4371, 3473979.975299999117851 ], [ -10618914.3078, 3473676.608800001442432 ], [ -10618912.8169, 3473060.347499996423721 ], [ -10618510.6901, 3472938.224500000476837 ], [ -10618221.4395, 3472950.677000001072884 ], [ -10618158.6815, 3472979.965199999511242 ], [ -10618078.6034, 3473164.113099999725819 ], [ -10617992.6635, 3473233.720100000500679 ], [ -10617924.7981, 3473211.089800000190735 ], [ -10617837.1319, 3473079.425399996340275 ], [ -10617508.2194, 3473187.382200002670288 ], [ -10616976.6704, 3473218.831299997866154 ], [ -10616975.5699, 3473692.637299999594688 ], [ -10616780.6268, 3473670.178199999034405 ], [ -10616613.4623, 3473629.218400001525879 ], [ -10616316.0043, 3473471.30179999768734 ], [ -10615731.5175, 3473324.819899998605251 ], [ -10615680.952, 3473408.104900002479553 ], [ -10615537.0296, 3473419.042199999094009 ], [ -10615567.284, 3473352.9551 ], [ -10614246.4761, 3472439.048600003123283 ], [ -10614030.8938, 3471687.69650000333786 ], [ -10614086.28, 3471609.128200002014637 ], [ -10613989.627, 3471546.459600001573563 ], [ -10613864.0792, 3471066.947599999606609 ], [ -10613560.9488, 3470762.841099999845028 ], [ -10613436.4717, 3470407.885499998927116 ], [ -10613500.1334, 3470315.776900000870228 ], [ -10613473.6732, 3470305.977600000798702 ], [ -10613665.7664, 3469753.832900002598763 ], [ -10613256.2866, 3469627.973300002515316 ], [ -10613226.1521, 3469715.207599997520447 ], [ -10612936.0556, 3468701.20160000026226 ], [ -10611912.7034, 3467954.980800002813339 ], [ -10612381.4606, 3467409.219800002872944 ], [ -10612444.4268, 3467265.4846 ], [ -10612453.1573, 3467083.305699996650219 ], [ -10611133.0292, 3462194.9087999984622 ], [ -10609437.8857, 3462645.952600002288818 ], [ -10609409.7476, 3462583.245899997651577 ], [ -10609558.8071, 3462542.050899997353554 ], [ -10609454.1153, 3462172.58219999819994 ], [ -10609184.7287, 3462225.783399999141693 ], [ -10609160.0424, 3462103.687600001692772 ], [ -10608821.7273, 3462185.569600000977516 ], [ -10608830.1768, 3462292.253499999642372 ], [ -10608577.7239, 3462358.409000001847744 ], [ -10608601.8867, 3462557.610799998044968 ], [ -10608497.0864, 3462558.594899997115135 ], [ -10608473.6487, 3462382.27759999781847 ], [ -10608170.6638, 3462454.400100000202656 ], [ -10607998.57, 3462544.323700003325939 ], [ -10607547.5673, 3461773.34009999781847 ], [ -10607510.4867, 3459599.770300000905991 ], [ -10605234.7295, 3459668.332999996840954 ], [ -10604963.1268, 3459556.685999996960163 ], [ -10604426.3166, 3459063.3766999989748 ], [ -10604238.1457, 3458950.244999997317791 ], [ -10603961.1943, 3458910.435500003397465 ], [ -10603507.5935, 3458921.530599996447563 ], [ -10603335.6679, 3458967.390299998223782 ], [ -10602439.4604, 3457478.489600002765656 ], [ -10598035.1178, 3452864.643399998545647 ], [ -10596746.2856, 3451408.827799998223782 ], [ -10595537.3781, 3450188.944899998605251 ], [ -10593481.0561, 3447448.057099997997284 ], [ -10589654.4594, 3442812.193400003015995 ], [ -10589451.945, 3442517.898999996483326 ], [ -10588375.7243, 3440474.519000001251698 ], [ -10588518.8356, 3440347.612300001084805 ], [ -10588629.4647, 3440366.580200001597404 ], [ -10588876.9524, 3440751.863399997353554 ], [ -10589032.3378, 3440796.45830000191927 ], [ -10589198.8053, 3440772.36879999935627 ], [ -10589444.6855, 3440690.731299996376038 ], [ -10589613.8241, 3440576.287600003182888 ], [ -10589689.4065, 3440459.645900003612041 ], [ -10589700.4261, 3440171.289599999785423 ], [ -10589835.0779, 3440079.225000001490116 ], [ -10589955.7046, 3440089.959399998188019 ], [ -10590250.5527, 3440237.85980000346899 ], [ -10591148.6491, 3440251.487400002777576 ], [ -10591319.6332, 3440089.425899997353554 ], [ -10591469.7897, 3439748.70889999717474 ], [ -10591731.6131, 3439654.571699999272823 ], [ -10591801.0765, 3439370.118000000715256 ], [ -10591907.9434, 3439241.194899998605251 ], [ -10592057.5567, 3439241.194899998605251 ], [ -10592160.8615, 3439470.392399996519089 ], [ -10592233.8869, 3439507.228000000119209 ], [ -10592509.9593, 3439400.814000003039837 ], [ -10592812.7484, 3439185.942500002682209 ], [ -10593001.6576, 3439200.267200000584126 ], [ -10593290.1979, 3439067.380999997258186 ], [ -10593589.4248, 3439157.42119999974966 ], [ -10593642.858, 3439249.508299998939037 ], [ -10593475.4335, 3439456.195200003683567 ], [ -10593495.0257, 3439658.664499998092651 ], [ -10593614.3603, 3439726.3257 ], [ -10593927.836, 3439712.000399999320507 ], [ -10593926.0549, 3439920.741099998354912 ], [ -10594105.9471, 3439982.136100001633167 ], [ -10593945.6473, 3440076.275600001215935 ], [ -10593961.6772, 3440211.218900002539158 ], [ -10594358.8652, 3440362.791500002145767 ], [ -10594398.0497, 3440491.72580000013113 ], [ -10594390.9253, 3440729.003899998962879 ], [ -10594027.5784, 3440845.662000000476837 ], [ -10593979.4883, 3440931.620999999344349 ], [ -10593990.175, 3441038.047600001096725 ], [ -10594166.5051, 3441138.334799997508526 ], [ -10594260.9041, 3441365.519199997186661 ], [ -10594332.1486, 3441377.799400001764297 ], [ -10594569.0365, 3441259.089900001883507 ], [ -10594747.1477, 3441371.659199997782707 ], [ -10594675.9033, 3441615.221699997782707 ], [ -10594784.5511, 3441762.589500002563 ], [ -10594846.8901, 3441760.542700000107288 ], [ -10594968.0058, 3441615.221900001168251 ], [ -10595108.7135, 3441619.315200001001358 ], [ -10595249.4215, 3441729.840899996459484 ], [ -10595333.1338, 3441971.363200001418591 ], [ -10595406.1593, 3441971.363300003111362 ], [ -10595413.2837, 3441805.571999996900558 ], [ -10595530.8372, 3441799.431699998676777 ], [ -10595732.1029, 3441901.771700002253056 ], [ -10595723.1974, 3442059.3766999989748 ], [ -10595842.532, 3442028.674400001764297 ], [ -10595903.0897, 3442057.329899996519089 ], [ -10595967.2097, 3442245.639799997210503 ], [ -10595917.3386, 3442405.296099998056889 ], [ -10596104.3555, 3442442.14019999653101 ], [ -10596254.0802, 3442544.485200002789497 ], [ -10596159.5698, 3442667.300399996340275 ], [ -10596170.2567, 3442933.403800003230572 ], [ -10596485.6248, 3442925.215999998152256 ], [ -10596435.7537, 3443005.048100002110004 ], [ -10596282.578, 3443003.00110000371933 ], [ -10596225.5823, 3443056.222699999809265 ], [ -10596551.5259, 3443291.628700003027916 ], [ -10596380.5391, 3443641.675200000405312 ], [ -10596230.9257, 3443789.065999999642372 ], [ -10596405.4748, 3444022.438299998641014 ], [ -10596913.0918, 3444132.984499998390675 ], [ -10596952.2762, 3444190.304999999701977 ], [ -10596989.6796, 3444345.891000002622604 ], [ -10596783.0705, 3444382.740500003099442 ], [ -10596727.8561, 3444435.967799998819828 ], [ -10596832.9418, 3444497.384199999272823 ], [ -10596818.693, 3444579.273100003600121 ], [ -10596749.2295, 3444634.548500001430511 ], [ -10596795.5383, 3444738.958200000226498 ], [ -10596824.0362, 3444759.430699996650219 ], [ -10596854.3151, 3444695.965800002217293 ], [ -10597011.053, 3444712.343900002539158 ], [ -10596966.5252, 3444980.536700002849102 ], [ -10597025.3019, 3444966.205700002610683 ], [ -10597098.3274, 3445044.002999998629093 ], [ -10597130.3875, 3445029.671800002455711 ], [ -10597139.293, 3444906.834200002253056 ], [ -10597310.3911, 3444750.47410000115633 ], [ -10597391.9883, 3444774.913199998438358 ], [ -10597354.4737, 3444852.197700001299381 ], [ -10597582.456, 3445165.434299997985363 ], [ -10597534.7, 3445258.971699997782707 ], [ -10597597.039, 3445283.539899997413158 ], [ -10597582.79, 3445371.575800001621246 ], [ -10597497.2967, 3445392.049599997699261 ], [ -10597381.5243, 3445347.007700003683567 ], [ -10597322.7477, 3445549.697200000286102 ], [ -10597201.6322, 3445598.834499999880791 ], [ -10597249.722, 3445695.062299996614456 ], [ -10597372.6187, 3445676.635799996554852 ], [ -10597454.5498, 3445736.010600000619888 ], [ -10597447.4254, 3445783.101199999451637 ], [ -10597340.5588, 3445791.290799997746944 ], [ -10597420.7089, 3445946.895900003612041 ], [ -10597657.5967, 3446157.78490000218153 ], [ -10597575.6657, 3446254.016699999570847 ], [ -10597597.0389, 3446348.201899997889996 ], [ -10597442.0822, 3446395.294799998402596 ], [ -10597283.5632, 3446317.48929999768734 ], [ -10597208.7565, 3446225.351899996399879 ], [ -10597141.0742, 3446247.874300003051758 ], [ -10597141.0742, 3446454.673000000417233 ], [ -10597390.43, 3446653.284800000488758 ], [ -10597372.6189, 3446733.140000000596046 ], [ -10597340.5588, 3446784.329300001263618 ], [ -10597226.5675, 3446755.663199998438358 ], [ -10597149.9798, 3446812.995399996638298 ], [ -10597016.3964, 3446610.286100000143051 ], [ -10597009.272, 3446794.567199997603893 ], [ -10596936.2463, 3446810.947700001299381 ], [ -10596877.4695, 3446950.184399999678135 ], [ -10596914.873, 3447113.994000002741814 ], [ -10597044.8941, 3447073.041299998760223 ], [ -10597226.5677, 3447159.041900001466274 ], [ -10597272.8766, 3447109.898699998855591 ], [ -10597201.632, 3446980.898500002920628 ], [ -10597231.911, 3446952.23200000077486 ], [ -10597324.5288, 3446915.375200003385544 ], [ -10597524.0133, 3446968.612800002098083 ], [ -10597545.3867, 3447116.041599996387959 ], [ -10597604.1634, 3447189.7566 ], [ -10597547.1678, 3447249.138300001621246 ], [ -10597641.5668, 3447312.615800000727177 ], [ -10597643.3479, 3447470.286899998784065 ], [ -10597732.4035, 3447519.431500002741814 ], [ -10597796.5235, 3447298.2820999994874 ], [ -10597910.5148, 3447281.901000000536442 ], [ -10598076.1582, 3446896.946699999272823 ], [ -10598250.7071, 3447013.660300001502037 ], [ -10598293.4539, 3446999.326899997889996 ], [ -10598232.8961, 3446868.280500002205372 ], [ -10598264.9561, 3446839.614100001752377 ], [ -10598451.9729, 3446843.709399998188019 ], [ -10598384.2907, 3446978.850900001823902 ], [ -10598557.0585, 3447077.136600002646446 ], [ -10598769.011, 3446933.80349999666214 ], [ -10598911.4998, 3446993.184000000357628 ], [ -10599014.8045, 3446944.041400000452995 ], [ -10599130.5766, 3446966.565099999308586 ], [ -10599093.1734, 3446829.37610000371933 ], [ -10599137.7011, 3446749.520400002598763 ], [ -10599057.551, 3446726.997100003063679 ], [ -10599059.3321, 3446604.143399998545647 ], [ -10599077.1433, 3446577.525200001895428 ], [ -10599185.7912, 3446618.476300001144409 ], [ -10599196.4779, 3446524.289099998772144 ], [ -10599395.9624, 3446493.576200000941753 ], [ -10599460.0825, 3446591.858199998736382 ], [ -10599324.8293, 3446739.282499998807907 ], [ -10599387.5021, 3446839.614 ], [ -10599643.5371, 3447044.374600000679493 ], [ -10600021.3555, 3446706.137500002980232 ], [ -10600244.7737, 3447005.981600001454353 ], [ -10600790.2395, 3447121.160499997437 ], [ -10601324.5731, 3446737.234899997711182 ], [ -10601684.3578, 3447055.63629999756813 ], [ -10601857.5709, 3447287.019799999892712 ], [ -10602302.6264, 3447030.809000000357628 ], [ -10602315.3169, 3446596.593099996447563 ], [ -10602883.0463, 3446225.479800000786781 ], [ -10602949.8381, 3446494.215899996459484 ], [ -10603328.3245, 3446558.201300002634525 ], [ -10603595.6026, 3446340.651600003242493 ], [ -10603712.5995, 3446524.160999998450279 ], [ -10603762.5819, 3446775.754799999296665 ], [ -10603506.5469, 3446839.741999998688698 ], [ -10603473.1512, 3447198.075099997222424 ], [ -10603807.1097, 3448081.024400003254414 ], [ -10604107.6726, 3448528.985200002789497 ], [ -10604245.9313, 3448920.131899997591972 ], [ -10604283.3346, 3449078.846600003540516 ], [ -10604152.2003, 3449373.753799997270107 ], [ -10604376.7317, 3449753.149700000882149 ], [ -10604417.4745, 3449884.993600003421307 ], [ -10604319.1796, 3450180.175300002098083 ], [ -10604541.8188, 3450564.203400000929832 ], [ -10604385.9712, 3450935.441200003027916 ], [ -10604475.0269, 3451357.897299997508526 ], [ -10605020.4927, 3451537.125100001692772 ], [ -10605421.2429, 3451549.927100002765656 ], [ -10605732.9375, 3451613.937799997627735 ], [ -10606178.2157, 3451588.333400003612041 ], [ -10606233.8754, 3451716.355499997735023 ], [ -10606367.4589, 3451652.344400003552437 ], [ -10606567.8339, 3451690.750900000333786 ], [ -10606745.9452, 3451895.588500000536442 ], [ -10607091.0358, 3451972.403300002217293 ], [ -10607425.1057, 3451972.403200000524521 ], [ -10607747.9322, 3451908.390799999237061 ], [ -10607948.3074, 3451946.798299998044968 ], [ -10608059.6268, 3451793.169299997389317 ], [ -10608282.2658, 3451754.762199997901917 ], [ -10608627.3565, 3451857.181000001728535 ], [ -10608994.7108, 3451665.146499998867512 ], [ -10610074.5101, 3451716.35530000180006 ], [ -10610419.6006, 3451946.798100002110004 ], [ -10610909.5179, 3451972.403200000524521 ], [ -10611121.025, 3451831.576200000941753 ], [ -10611254.6083, 3451805.971400000154972 ], [ -10611532.9072, 3451946.798100002110004 ], [ -10611822.3379, 3451959.600599996745586 ], [ -10612245.3521, 3452087.626299999654293 ], [ -10612512.5189, 3451895.588299997150898 ], [ -10612634.9704, 3451741.959899999201298 ], [ -10612846.4775, 3451626.739600002765656 ], [ -10612935.533, 3451447.510499998927116 ], [ -10613247.2278, 3451409.104500003159046 ], [ -10613302.8876, 3451255.48200000077486 ], [ -10613659.11, 3450897.164399996399879 ], [ -10613692.5057, 3450615.535599999129772 ], [ -10613892.8808, 3450397.917300000786781 ], [ -10614237.9714, 3450461.922399997711182 ], [ -10614538.6455, 3450372.315499998629093 ], [ -10614894.868, 3450538.72860000282526 ], [ -10615340.146, 3450346.713799998164177 ], [ -10615896.7436, 3450436.320200003683567 ], [ -10616364.2856, 3450269.908299997448921 ], [ -10616876.3553, 3450628.336499996483326 ], [ -10617221.4458, 3450717.945299997925758 ], [ -10617321.6335, 3450641.137800000607967 ], [ -10617466.3488, 3450666.740199998021126 ], [ -10617611.0642, 3450602.734200000762939 ], [ -10618167.7732, 3450500.325300000607967 ], [ -10618312.4885, 3450385.1162 ], [ -10618601.9192, 3450372.31530000269413 ], [ -10619080.5932, 3449885.88910000026226 ], [ -10619392.2878, 3450013.894199997186661 ], [ -10619770.7741, 3449937.090999998152256 ], [ -10620293.9759, 3449898.689499996602535 ], [ -10621273.5875, 3450141.900600001215935 ], [ -10621785.7687, 3450077.897200003266335 ], [ -10622565.0055, 3449706.683899998664856 ], [ -10629689.6774, 3453585.748400002717972 ], [ -10630446.6502, 3453944.26860000193119 ], [ -10641903.1911, 3460053.834499999880791 ], [ -10641910.6745, 3460307.117600001394749 ], [ -10641998.356, 3460553.640100002288818 ], [ -10642500.0363, 3461074.944600000977516 ], [ -10642292.2137, 3461274.959100000560284 ], [ -10642011.4303, 3462091.081500001251698 ], [ -10641512.1431, 3461935.928999997675419 ], [ -10640411.8075, 3461851.152500003576279 ], [ -10640406.1398, 3462089.287500001490116 ], [ -10640176.5524, 3462084.403099998831749 ], [ -10640196.455, 3462252.315800003707409 ], [ -10640408.3815, 3462266.721100002527237 ], [ -10640409.7228, 3462436.215899996459484 ], [ -10640281.0319, 3462490.753899998962879 ], [ -10640011.5485, 3462500.492700003087521 ], [ -10640003.6402, 3462303.162699997425079 ], [ -10639408.3625, 3462301.937299996614456 ], [ -10639394.3169, 3462824.196199998259544 ], [ -10639313.9878, 3462827.907399997115135 ], [ -10639322.1639, 3463515.026500001549721 ], [ -10639025.2696, 3463518.309500001370907 ], [ -10638487.0908, 3463638.60639999806881 ], [ -10637638.8216, 3463721.58219999819994 ], [ -10637408.7982, 3463690.242299996316433 ], [ -10637625.8777, 3462187.638400003314018 ], [ -10636962.5755, 3462161.71000000089407 ], [ -10636984.547, 3461853.214000001549721 ], [ -10634404.2181, 3462025.381300002336502 ], [ -10634381.1133, 3461696.873400002717972 ], [ -10634303.4295, 3461614.952600002288818 ], [ -10634150.9914, 3461553.473099999129772 ], [ -10634140.3973, 3460557.991899996995926 ], [ -10633718.5742, 3460620.931100003421307 ], [ -10631963.0863, 3460643.073899999260902 ], [ -10631962.076, 3460761.412000000476837 ], [ -10631019.9579, 3460788.087300002574921 ], [ -10630846.6243, 3460786.580799996852875 ], [ -10630809.5927, 3460729.061300002038479 ], [ -10630700.2001, 3460727.253200002014637 ], [ -10627798.2152, 3460765.6570999994874 ], [ -10627580.669, 3460659.368600003421307 ], [ -10627138.9507, 3461122.578000001609325 ], [ -10626760.9501, 3461298.719800002872944 ], [ -10626454.8965, 3462168.41330000013113 ], [ -10626346.2835, 3462301.634900003671646 ], [ -10626156.0653, 3462382.274899996817112 ], [ -10625091.8128, 3462398.849399998784065 ], [ -10625154.038, 3465804.984300002455711 ], [ -10624935.6596, 3465806.8794 ], [ -10624932.7224, 3465636.054300002753735 ], [ -10623795.0756, 3465634.522200003266335 ], [ -10623549.8672, 3465649.171300001442432 ], [ -10623561.3254, 3465819.586000002920628 ], [ -10621915.6969, 3465836.200400002300739 ], [ -10621948.6832, 3468313.6908999979496 ], [ -10621052.2509, 3468325.637999996542931 ], [ -10621074.6364, 3472041.106200002133846 ], [ -10620863.9499, 3472190.291599996387959 ], [ -10620816.1683, 3472277.081299997866154 ], [ -10620935.503, 3473421.707599997520447 ], [ -10620954.0405, 3475201.656499996781349 ], [ -10620893.8037, 3475518.287799999117851 ], [ -10620948.7401, 3475746.042000003159046 ], [ -10620981.6979, 3476650.455600000917912 ], [ -10620497.5612, 3476659.163800001144409 ], [ -10620552.0757, 3479523.476700000464916 ], [ -10619813.5406, 3479535.25789999961853 ], [ -10619826.735, 3480328.445200003683567 ], [ -10621042.2825, 3480318.680500000715256 ], [ -10621093.7595, 3483148.172399997711182 ], [ -10622995.2026, 3483119.622599996626377 ], [ -10623090.679, 3483134.239900000393391 ], [ -10623093.8916, 3483315.468599997460842 ], [ -10627487.4518, 3483295.238399997353554 ], [ -10630392.5786, 3489222.236000001430511 ], [ -10630401.9575, 3489498.651799999177456 ], [ -10630520.3223, 3489875.267300002276897 ], [ -10630517.265, 3490221.141000002622604 ], [ -10630098.2557, 3490190.795900002121925 ], [ -10629602.8197, 3489942.421400003135204 ], [ -10629127.2537, 3489896.790600001811981 ], [ -10629134.1521, 3490289.860500000417233 ], [ -10628869.9046, 3490284.995099999010563 ], [ -10628868.5051, 3490193.249300003051758 ], [ -10628731.5492, 3490196.399800002574921 ], [ -10628729.1771, 3490102.54110000282526 ], [ -10627776.5147, 3490096.600199997425079 ], [ -10627774.0477, 3489937.088699996471405 ], [ -10627442.706, 3489965.882399998605251 ], [ -10627536.5141, 3490080.741599999368191 ], [ -10627567.8835, 3490367.712399996817112 ], [ -10627517.5903, 3490578.461499996483326 ], [ -10627411.925, 3490542.033100001513958 ], [ -10627090.7414, 3490546.222999997437 ], [ -10626950.0209, 3490378.427400000393391 ], [ -10623131.1147, 3490438.317299999296665 ], [ -10624565.5857, 3492571.312700003385544 ], [ -10621277.7096, 3492643.5574000030756 ], [ -10621205.99, 3495078.307700000703335 ], [ -10621338.6476, 3495641.678599998354912 ], [ -10621879.3213, 3497380.564000003039837 ], [ -10621908.3521, 3497982.107199996709824 ], [ -10622061.8326, 3497969.890799999237061 ], [ -10622319.8161, 3497790.259800001978874 ], [ -10622454.8926, 3497780.739 ], [ -10622452.4684, 3497860.38289999961853 ], [ -10622608.5249, 3497839.634700000286102 ], [ -10622606.6218, 3498184.837600000202656 ], [ -10623301.531, 3498184.520900003612041 ], [ -10623305.5504, 3498363.814099997282028 ], [ -10623937.9124, 3498361.171899996697903 ], [ -10623953.4843, 3499102.082299999892712 ], [ -10628845.2523, 3498966.586300000548363 ], [ -10629509.7362, 3499975.98369999974966 ], [ -10629274.2299, 3500095.512800000607967 ], [ -10629196.501, 3499983.41499999910593 ], [ -10629036.4993, 3500102.205600000917912 ], [ -10629084.9034, 3500215.310199998319149 ], [ -10628981.2766, 3500309.72919999808073 ], [ -10628776.0596, 3500249.691799998283386 ], [ -10628800.0222, 3500200.00110000371933 ], [ -10628631.7905, 3500127.073899999260902 ], [ -10628567.2982, 3500161.886 ], [ -10628663.4333, 3500309.921999998390675 ], [ -10628210.0723, 3500604.187200002372265 ], [ -10628101.0895, 3500722.921800002455711 ], [ -10628225.033, 3500824.85700000077486 ], [ -10628605.6484, 3501410.112099997699261 ], [ -10628664.6791, 3501776.570600003004074 ], [ -10628745.6335, 3501993.3108000010252 ], [ -10628865.5983, 3501917.976899996399879 ], [ -10629033.8414, 3501921.179799996316433 ], [ -10629421.9094, 3502331.711000002920628 ], [ -10629560.1583, 3502399.881399996578693 ], [ -10629342.2549, 3502930.142399996519089 ], [ -10625291.1765, 3505524.64469999819994 ], [ -10622504.2967, 3506492.707699999213219 ], [ -10620254.7768, 3507015.784599997103214 ], [ -10619772.0614, 3507002.934000000357628 ], [ -10618363.9808, 3506318.966600000858307 ], [ -10612102.686, 3505015.647399999201298 ], [ -10609739.4077, 3503987.362199999392033 ], [ -10609743.2882, 3504106.946999996900558 ], [ -10608211.1438, 3504183.080700002610683 ], [ -10607028.5714, 3504190.80120000243187 ], [ -10607038.0151, 3503744.328000001609325 ], [ -10605540.1625, 3503762.38289999961853 ], [ -10605361.0165, 3503717.037000000476837 ], [ -10606033.566, 3501770.642499998211861 ], [ -10606130.8736, 3501282.718900002539158 ], [ -10606187.42, 3501292.574199996888638 ], [ -10607021.1641, 3499139.123700000345707 ], [ -10606699.4372, 3499023.933799996972084 ], [ -10605549.6942, 3499069.10080000013113 ], [ -10605582.7797, 3498686.98200000077486 ], [ -10605526.2313, 3498529.3108000010252 ], [ -10605532.2905, 3498316.201999999582767 ], [ -10605216.5059, 3498018.207299999892712 ], [ -10605171.9851, 3497739.563299998641014 ], [ -10605240.3311, 3497666.400799997150898 ], [ -10605184.0604, 3497681.048299998044968 ], [ -10605129.294, 3497601.011699996888638 ], [ -10605004.5505, 3497549.745300002396107 ], [ -10604470.8102, 3497560.002400003373623 ], [ -10604486.1339, 3497050.20889999717474 ], [ -10604579.3799, 3497102.120099999010563 ], [ -10604611.2763, 3497348.066200003027916 ], [ -10604996.8422, 3497279.244800001382828 ], [ -10605000.8357, 3497397.490500003099442 ], [ -10605241.0795, 3497419.540299996733665 ], [ -10605340.0876, 3497291.47240000218153 ], [ -10605518.3894, 3497368.739200003445148 ], [ -10607592.757, 3495158.261100001633167 ], [ -10607706.2268, 3494636.755900003015995 ], [ -10607996.9065, 3494641.246500000357628 ], [ -10607995.9167, 3494490.954300001263618 ], [ -10608074.0274, 3494459.643899999558926 ], [ -10608203.8229, 3494299.262900002300739 ], [ -10608213.5881, 3493244.4358000010252 ], [ -10608169.3588, 3493241.027099996805191 ], [ -10608233.7862, 3493056.562600001692772 ], [ -10608179.9041, 3492900.889899998903275 ], [ -10607956.4202, 3492633.326499998569489 ], [ -10607312.1081, 3492424.756700001657009 ], [ -10607124.3063, 3492550.160499997437 ], [ -10606777.0211, 3492657.952500000596046 ], [ -10606614.6406, 3492778.274499997496605 ], [ -10605933.7613, 3492792.19030000269413 ], [ -10605680.4277, 3492847.015799999237061 ], [ -10604892.3513, 3492681.714199997484684 ], [ -10604592.6913, 3492845.821900002658367 ], [ -10604196.8037, 3492960.820000000298023 ], [ -10603275.582, 3493654.462099999189377 ], [ -10603059.1622, 3493641.963299997150898 ], [ -10602730.9878, 3493550.762199997901917 ], [ -10602570.0445, 3493395.383199997246265 ], [ -10602531.2965, 3493289.961499996483326 ], [ -10602478.4106, 3492630.120399996638298 ], [ -10602385.1154, 3492386.756999999284744 ], [ -10602044.4947, 3492079.091499999165535 ], [ -10601876.4005, 3491747.559900000691414 ], [ -10601714.8051, 3491590.697200000286102 ], [ -10601728.6868, 3491488.829800002276897 ], [ -10602123.3185, 3491080.555500000715256 ], [ -10602184.9332, 3490699.799500003457069 ], [ -10602145.4458, 3490526.290700003504753 ], [ -10592757.7668, 3501016.710500001907349 ], [ -10592478.6489, 3501225.529899999499321 ], [ -10592205.0297, 3501355.706500001251698 ], [ -10591820.5302, 3501447.2162000015378 ], [ -10590780.0736, 3501570.733000002801418 ], [ -10589932.2884, 3501992.526699997484684 ], [ -10590291.1231, 3500840.824199996888638 ], [ -10590622.2478, 3500054.361400000751019 ], [ -10590888.3603, 3499561.865000002086163 ], [ -10590977.961, 3499508.70549999922514 ], [ -10591787.6158, 3498146.336900003254414 ], [ -10592001.1075, 3495170.842299997806549 ], [ -10591812.8506, 3494699.7212999984622 ], [ -10591831.2262, 3494637.89130000025034 ], [ -10591225.4535, 3493886.067100003361702 ], [ -10590447.276, 3493027.501400001347065 ], [ -10590163.8618, 3493188.912100002169609 ], [ -10589358.366, 3492720.7566 ], [ -10589216.957, 3492574.932700000703335 ], [ -10589138.5618, 3492256.699699997901917 ], [ -10589215.8238, 3491700.294399999082088 ], [ -10589208.3989, 3491370.268700003623962 ], [ -10589033.4558, 3491100.916299998760223 ], [ -10588458.724, 3490629.796400003135204 ], [ -10588369.0899, 3490461.191299997270107 ], [ -10588234.8941, 3489934.85869999974966 ], [ -10587966.4, 3489572.602700002491474 ], [ -10587706.2828, 3489555.076399996876717 ], [ -10587146.534, 3489850.627499997615814 ], [ -10586953.6374, 3489859.624799996614456 ], [ -10586567.4808, 3489711.994199998676777 ], [ -10586389.8073, 3489527.18639999628067 ], [ -10586268.3402, 3489347.9441 ], [ -10586128.1141, 3488939.919699996709824 ], [ -10586136.3346, 3488405.889600001275539 ], [ -10585871.8478, 3488146.0574000030756 ], [ -10585815.2989, 3487974.895700000226498 ], [ -10585814.2972, 3487691.195799998939037 ], [ -10586805.6988, 3487422.446199998259544 ], [ -10587619.1779, 3487423.357699997723103 ], [ -10587570.8855, 3487561.2516999989748 ], [ -10587216.4117, 3487822.1831 ], [ -10589626.4039, 3486616.943099997937679 ], [ -10589507.285, 3480512.23650000244379 ], [ -10591243.8734, 3479852.360799998044968 ], [ -10591159.8924, 3477492.584100000560284 ], [ -10591010.9523, 3477000.777500003576279 ], [ -10591413.3126, 3476884.965400002896786 ], [ -10591392.3336, 3476449.087499998509884 ], [ -10592471.8943, 3476428.792999997735023 ], [ -10593002.2813, 3476645.959399998188019 ], [ -10593293.6422, 3476660.39469999819994 ], [ -10593479.5822, 3477249.424500003457069 ], [ -10593521.3009, 3477569.652699999511242 ], [ -10593539.9574, 3478998.452399998903275 ], [ -10594625.6606, 3478677.751000002026558 ], [ -10595769.083, 3478662.085799999535084 ], [ -10596213.2788, 3478587.9199 ], [ -10596543.6209, 3478654.125 ], [ -10597754.9084, 3478629.030699998140335 ], [ -10598222.8679, 3478720.387299999594688 ], [ -10598668.2536, 3478745.67960000038147 ], [ -10598819.6793, 3478701.26630000025034 ], [ -10599039.1247, 3478539.060999996960163 ], [ -10599146.6534, 3478678.4485 ], [ -10599014.6757, 3478927.526399999856949 ], [ -10599034.661, 3479152.26410000026226 ], [ -10599104.0919, 3479249.014700002968311 ], [ -10599241.6722, 3479072.449500001966953 ], [ -10599382.4392, 3479158.563799999654293 ], [ -10599707.6372, 3478957.527699999511242 ], [ -10600143.863, 3479132.526500001549721 ], [ -10600273.4602, 3479340.960500001907349 ], [ -10600362.3835, 3479354.278499998152256 ], [ -10600402.734, 3479652.413999997079372 ], [ -10600573.2215, 3479546.664300002157688 ], [ -10600942.3802, 3479543.247299998998642 ], [ -10601003.5513, 3479666.194899998605251 ], [ -10600991.578, 3479769.446599997580051 ], [ -10600776.7009, 3479933.940999999642372 ], [ -10600966.8403, 3479975.961999997496605 ], [ -10600985.2783, 3480217.527900002896786 ], [ -10600902.9447, 3480578.263099998235703 ], [ -10600790.06, 3480623.867200002074242 ], [ -10600780.1689, 3480672.679799996316433 ], [ -10600923.3667, 3481021.308899998664856 ], [ -10604079.0968, 3479456.489699997007847 ], [ -10604669.2537, 3478684.337499998509884 ], [ -10604656.1617, 3477823.42059999704361 ], [ -10604925.0513, 3477530.478000000119209 ], [ -10604804.6204, 3477331.757100000977516 ], [ -10604789.269, 3476833.458800002932549 ], [ -10605173.2843, 3476813.176600001752377 ], [ -10604676.9773, 3475351.266199998557568 ], [ -10604682.6605, 3475080.536499999463558 ], [ -10604884.1167, 3473966.289800003170967 ], [ -10603856.384, 3473786.598600000143051 ], [ -10603835.4502, 3472726.113300003111362 ], [ -10603323.6263, 3472716.277699999511242 ], [ -10603338.9584, 3472425.665700003504753 ], [ -10603653.9901, 3472419.276199996471405 ], [ -10603583.2959, 3468930.68469999730587 ], [ -10602482.2969, 3468920.753600001335144 ], [ -10602486.0176, 3468115.44820000231266 ], [ -10602647.2434, 3467897.070699997246265 ], [ -10602900.8866, 3467678.160099998116493 ], [ -10603693.216, 3468410.217000000178814 ], [ -10603866.2654, 3468497.350900001823902 ], [ -10604232.1774, 3468508.755599997937679 ], [ -10605015.3461, 3468261.674599997699261 ], [ -10605042.1747, 3468703.772100001573563 ], [ -10604889.5297, 3469941.131899997591972 ], [ -10606659.0598, 3471281.363899998366833 ], [ -10606667.2075, 3472005.9408999979496 ], [ -10606630.5527, 3472077.638800002634525 ], [ -10606468.8663, 3472168.7478 ], [ -10606464.5264, 3472625.1184 ], [ -10606330.2179, 3472791.257799997925758 ], [ -10606316.5033, 3472892.346500001847744 ], [ -10606257.6984, 3472892.149300001561642 ], [ -10606268.3631, 3473517.445600003004074 ], [ -10606327.9414, 3473517.361100003123283 ], [ -10606353.3516, 3473657.992799997329712 ], [ -10606453.3328, 3473753.383699998259544 ], [ -10606945.4194, 3473760.384800001978874 ], [ -10606972.7608, 3475543.27080000191927 ], [ -10607345.8994, 3475526.084200002253056 ], [ -10607420.2252, 3475459.838899999856949 ], [ -10607438.6943, 3475372.053099997341633 ], [ -10607452.9577, 3476355.540200002491474 ], [ -10607825.9554, 3476280.74040000140667 ], [ -10610021.3858, 3476254.995700001716614 ], [ -10610076.0334, 3476217.669699996709824 ], [ -10610136.9824, 3476011.290799997746944 ], [ -10610151.6564, 3473419.1621999964118 ], [ -10610256.5996, 3473299.462700001895428 ], [ -10610471.4508, 3473338.748599998652935 ], [ -10610471.4661, 3473202.92960000038147 ], [ -10610985.5596, 3472251.134700000286102 ], [ -10611284.8633, 3472394.431699998676777 ], [ -10611548.6652, 3472679.317800000309944 ], [ -10611639.8398, 3472716.192699998617172 ], [ -10612013.1557, 3472714.809199996292591 ], [ -10612299.7728, 3472542.852399997413158 ], [ -10612390.8588, 3472533.7804000005126 ], [ -10612455.2009, 3472639.629699997603893 ], [ -10612473.3155, 3472879.390100002288818 ], [ -10612527.6768, 3472934.087200000882149 ], [ -10612967.3943, 3473011.947400003671646 ], [ -10613241.1788, 3472899.589400000870228 ], [ -10613557.475, 3473017.035400003194809 ], [ -10613894.3164, 3473012.91950000077486 ], [ -10613939.6848, 3473141.445200003683567 ], [ -10613938.011, 3473518.720499999821186 ], [ -10614061.4111, 3473558.429999999701977 ], [ -10613561.7155, 3473801.232100002467632 ], [ -10613586.1756, 3473858.751199997961521 ], [ -10614178.5273, 3473843.987999998033047 ], [ -10614196.6366, 3475114.768200002610683 ], [ -10614374.6813, 3475093.872000001370907 ], [ -10614374.3652, 3475240.5647 ], [ -10614197.0763, 3475241.932099997997284 ], [ -10614200.0671, 3475742.378300003707409 ], [ -10614290.1904, 3475737.487199999392033 ], [ -10614288.446, 3475613.931999996304512 ], [ -10614379.1382, 3475613.183799996972084 ], [ -10614397.8925, 3475910.104699999094009 ], [ -10614316.4425, 3475927.15429999679327 ], [ -10614327.3586, 3476456.390699997544289 ], [ -10614544.5149, 3476451.868000000715256 ], [ -10614550.8271, 3476779.646899998188019 ], [ -10614654.8261, 3476777.700000002980232 ], [ -10614723.2626, 3479513.339299999177456 ], [ -10614600.2155, 3479509.481600001454353 ], [ -10614610.4323, 3479406.233999997377396 ], [ -10614501.8059, 3479409.26240000128746 ], [ -10614496.7252, 3479186.409500002861023 ], [ -10614357.6466, 3479189.578900001943111 ], [ -10614342.0927, 3479411.960799999535084 ], [ -10614802.3756, 3481566.251500003039837 ], [ -10614410.9563, 3481550.233599998056889 ], [ -10614417.1289, 3481865.235500000417233 ], [ -10613801.9724, 3481875.105099998414516 ], [ -10613811.4895, 3482337.809600003063679 ], [ -10614104.0622, 3482338.156199999153614 ], [ -10614114.7123, 3482696.636699996888638 ], [ -10613740.3562, 3482712.48200000077486 ], [ -10613746.3117, 3483598.890799999237061 ], [ -10613518.6203, 3483370.306599996984005 ], [ -10613513.4222, 3483057.204499997198582 ], [ -10612472.5283, 3483099.222900003194809 ], [ -10612499.3022, 3484743.316100001335144 ], [ -10612468.4962, 3485605.869400002062321 ], [ -10612237.3068, 3485654.473200000822544 ], [ -10612071.4454, 3485823.729699999094009 ], [ -10611899.1006, 3485770.192800000309944 ], [ -10611480.2237, 3486111.355200000107288 ], [ -10610764.8036, 3485922.8733000010252 ], [ -10609882.5016, 3488356.314800001680851 ], [ -10608818.1109, 3488365.1206 ], [ -10608843.1109, 3489055.543799996376038 ], [ -10609055.5437, 3489055.510200001299381 ], [ -10609071.1288, 3490080.719400003552437 ], [ -10608842.9122, 3490089.699199996888638 ], [ -10608855.1486, 3490613.244199998676777 ], [ -10609114.205, 3490608.568400003015995 ], [ -10609493.0605, 3489560.985299997031689 ], [ -10609556.7425, 3489591.049999997019768 ], [ -10609412.6051, 3490008.587399996817112 ], [ -10609832.6093, 3490007.487800002098083 ], [ -10609825.186, 3489558.080200001597404 ], [ -10610767.1091, 3489544.924699999392033 ], [ -10610027.8458, 3491049.179200001060963 ] ] ] } },
{ "type": "Feature", "properties": { "PCT_NO": 2, "AREA_IN_MI": 559, "bbox_minx": -10620383.2026, "bbox_miny": 3440474.5190000013, "bbox_maxx": -10565078.382200001, "bbox_maxy": 3525062.4838000014, "label_x": -10579196.184721224, "label_y": 3482781.9253000021 }, "geometry": { "type": "Polygon", "coordinates": [ [ [ -10580352.6459, 3507225.641699999570847 ], [ -10578811.8722, 3502658.220600001513958 ], [ -10578760.8878, 3502778.784000001847744 ], [ -10578533.3509, 3502874.412799999117851 ], [ -10578443.2933, 3503040.094099998474121 ], [ -10578183.3623, 3503142.151699997484684 ], [ -10578047.5524, 3503251.022699996829033 ], [ -10577887.8088, 3503151.92059999704361 ], [ -10577695.8941, 3503228.914399996399879 ], [ -10577531.1412, 3503057.832099996507168 ], [ -10577452.9949, 3503087.652300000190735 ], [ -10577351.1375, 3503053.33330000191927 ], [ -10577106.4572, 3503126.984499998390675 ], [ -10576970.6474, 3502783.668399997055531 ], [ -10576698.8051, 3502965.543799996376038 ], [ -10576642.8114, 3502880.325499996542931 ], [ -10576710.7162, 3502761.17509999871254 ], [ -10576608.859, 3502696.9087999984622 ], [ -10576506.8902, 3502732.255199998617172 ], [ -10576489.8584, 3502659.120399996638298 ], [ -10575363.6388, 3502498.328299999237061 ], [ -10575312.6545, 3502406.172600001096725 ], [ -10575390.8007, 3502274.816500000655651 ], [ -10575346.6068, 3502189.474200002849102 ], [ -10575169.9428, 3502114.928800001740456 ], [ -10575254.8797, 3501883.069499999284744 ], [ -10575181.854, 3501811.995999999344349 ], [ -10574978.028, 3501305.496100001037121 ], [ -10575045.9328, 3501180.962899997830391 ], [ -10574954.2055, 3500986.775200001895428 ], [ -10574847.2275, 3500935.369400002062321 ], [ -10574842.1068, 3500748.253799997270107 ], [ -10574706.2969, 3500593.782700002193451 ], [ -10574451.4867, 3500600.20830000191927 ], [ -10574191.5556, 3500537.366599999368191 ], [ -10574157.6031, 3500457.047899998724461 ], [ -10574191.5555, 3500395.235100001096725 ], [ -10573856.929, 3500229.587999999523163 ], [ -10573721.1354, 3499976.535199999809265 ], [ -10573714.8684, 3499732.748199999332428 ], [ -10573591.9885, 3499429.012900002300739 ], [ -10573636.1822, 3499380.954199999570847 ], [ -10573580.0772, 3499305.525700002908707 ], [ -10573658.2236, 3499133.982100002467632 ], [ -10573512.1723, 3499105.969999998807907 ], [ -10573439.1468, 3499141.306599996984005 ], [ -10573337.1781, 3498958.457400001585484 ], [ -10573155.3933, 3498855.019900001585484 ], [ -10573257.3619, 3498753.124899998307228 ], [ -10573342.2987, 3498490.874899998307228 ], [ -10573450.9467, 3498491.90259999781847 ], [ -10573416.9941, 3498341.827399998903275 ], [ -10573518.9629, 3498336.4309 ], [ -10573535.8833, 3498290.946099996566772 ], [ -10573416.9942, 3498223.233300000429153 ], [ -10573189.4571, 3498285.549699999392033 ], [ -10573145.2633, 3498057.614500001072884 ], [ -10573043.2945, 3497980.138099998235703 ], [ -10573021.2533, 3497894.310599997639656 ], [ -10573201.257, 3497873.239200003445148 ], [ -10573303.2255, 3497803.729900002479553 ], [ -10573286.1938, 3497730.623400002717972 ], [ -10573338.8478, 3497680.130000002682209 ], [ -10573304.8956, 3497616.017899997532368 ], [ -10573525.7534, 3497625.782399997115135 ], [ -10573598.779, 3497743.471600003540516 ], [ -10573904.5737, 3497566.938199996948242 ], [ -10573882.4211, 3497492.933700002729893 ], [ -10574052.2947, 3497500.770900003612041 ], [ -10574001.3104, 3497358.159100003540516 ], [ -10574126.99, 3497036.710199996829033 ], [ -10574103.279, 3496985.834200002253056 ], [ -10574035.2627, 3496985.705700002610683 ], [ -10574023.4629, 3496872.134700000286102 ], [ -10574195.0063, 3496755.995300002396107 ], [ -10574358.0894, 3496721.693099997937679 ], [ -10574347.8479, 3496621.228500001132488 ], [ -10574398.8323, 3496562.902800001204014 ], [ -10574319.0162, 3496541.833599999547005 ], [ -10574324.0256, 3496472.71679999679327 ], [ -10574420.8736, 3496461.925399996340275 ], [ -10574403.9529, 3496416.318800002336502 ], [ -10574239.2, 3496417.346600003540516 ], [ -10574177.9744, 3496299.669600002467632 ], [ -10574195.0063, 3496248.796599999070168 ], [ -10574364.8798, 3496128.680200003087521 ], [ -10574364.88, 3495977.733599998056889 ], [ -10574437.9054, 3495933.156400002539158 ], [ -10574454.826, 3495840.020400002598763 ], [ -10574687.595, 3495707.704000003635883 ], [ -10574631.4901, 3495645.014799997210503 ], [ -10574760.6206, 3495559.203000001609325 ], [ -10574874.5006, 3495368.184000000357628 ], [ -10574903.4435, 3495221.613899998366833 ], [ -10574840.5481, 3495159.826300002634525 ], [ -10574835.4274, 3494972.153099998831749 ], [ -10574784.5544, 3494878.638700000941753 ], [ -10574835.4273, 3494810.943800002336502 ], [ -10574891.5324, 3494818.779500000178814 ], [ -10574881.291, 3494723.724799998104572 ], [ -10574959.4373, 3494669.389600001275539 ], [ -10574942.5168, 3494623.275700002908707 ], [ -10574796.3542, 3494444.987199999392033 ], [ -10574767.5224, 3494393.992899999022484 ], [ -10574801.475, 3494320.520599998533726 ], [ -10574750.4906, 3494292.519100002944469 ], [ -10574522.8422, 3494484.67790000140667 ], [ -10574432.7847, 3494340.558499999344349 ], [ -10574471.8578, 3494262.719200000166893 ], [ -10574444.6959, 3494200.936300002038479 ], [ -10574529.6326, 3494149.557700000703335 ], [ -10574546.5533, 3494067.609300002455711 ], [ -10574728.4493, 3493975.514499999582767 ], [ -10574711.4174, 3493901.01690000295639 ], [ -10574573.9377, 3493885.346699997782707 ], [ -10574597.6488, 3493829.987700000405312 ], [ -10574711.4174, 3493788.886 ], [ -10574806.5957, 3493811.36370000243187 ], [ -10574976.4691, 3493739.821199998259544 ], [ -10574988.3803, 3493571.434799998998642 ], [ -10575090.2377, 3493524.939499996602535 ], [ -10575198.9969, 3493298.501999996602535 ], [ -10575124.1902, 3493221.182700000703335 ], [ -10575017.212, 3493259.842399999499321 ], [ -10574915.3548, 3493216.302199997007847 ], [ -10575000.1802, 3492989.870300002396107 ], [ -10574881.291, 3492916.919699996709824 ], [ -10574779.4337, 3492725.811800003051758 ], [ -10574835.4273, 3492560.649499997496605 ], [ -10574704.627, 3492520.57940000295639 ], [ -10574648.6333, 3492352.979599997401237 ], [ -10574512.712, 3492234.440999999642372 ], [ -10574568.8169, 3492094.328000001609325 ], [ -10574466.8483, 3492054.644599996507168 ], [ -10574427.7752, 3491958.069399997591972 ], [ -10574291.9655, 3491934.567800000309944 ], [ -10574291.9654, 3491835.168200001120567 ], [ -10574240.8697, 3491784.698100000619888 ], [ -10574283.3937, 3491714.194300003349781 ], [ -10574110.0692, 3491672.07209999859333 ], [ -10574053.9643, 3491766.076899997889996 ], [ -10574008.1004, 3491771.470499999821186 ], [ -10573962.2369, 3491705.333200000226498 ], [ -10573970.8085, 3491620.575300000607967 ], [ -10573817.8555, 3491517.710699997842312 ], [ -10573923.1638, 3491293.363499999046326 ], [ -10574060.7549, 3491265.368500001728535 ], [ -10573974.1481, 3491134.6404 ], [ -10573833.2175, 3491156.728000000119209 ], [ -10573753.4015, 3490971.55349999666214 ], [ -10573867.1701, 3490785.35419999808073 ], [ -10573894.332, 3490559.992499999701977 ], [ -10573792.3634, 3490396.912699997425079 ], [ -10573629.3915, 3490414.504799999296665 ], [ -10573583.5279, 3490344.522299997508526 ], [ -10573641.1913, 3490189.278099998831749 ], [ -10573578.4072, 3490062.79839999973774 ], [ -10573612.3597, 3489906.530299998819828 ], [ -10573707.5378, 3489855.682599999010563 ], [ -10573685.3852, 3489685.678199999034405 ], [ -10573792.3633, 3489620.065499998629093 ], [ -10573707.5378, 3489483.062600001692772 ], [ -10573561.3754, 3489450.577500000596046 ], [ -10573573.2865, 3489370.842100001871586 ], [ -10573714.3283, 3489309.5962999984622 ], [ -10573707.5377, 3489139.214000001549721 ], [ -10573578.4072, 3489012.359499998390675 ], [ -10573481.5592, 3489067.697700001299381 ], [ -10573391.5016, 3488993.742299996316433 ], [ -10573260.7012, 3489011.332299999892712 ], [ -10573172.4249, 3488814.89019999653101 ], [ -10573094.2786, 3488744.916500002145767 ], [ -10573138.4724, 3488677.382500000298023 ], [ -10573291.3141, 3488660.691799998283386 ], [ -10573388.1621, 3488706.270700000226498 ], [ -10573478.2197, 3488648.366099998354912 ], [ -10573501.9306, 3488563.243199996650219 ], [ -10573422.1146, 3488476.580300003290176 ], [ -10573376.251, 3488306.080600000917912 ], [ -10573150.3836, 3488323.669699996709824 ], [ -10573082.3673, 3488473.113799996674061 ], [ -10572810.6364, 3488477.479000002145767 ], [ -10572997.4305, 3488112.602200001478195 ], [ -10572941.4368, 3488084.229000002145767 ], [ -10572776.6839, 3488130.704499997198582 ], [ -10572725.6997, 3488107.21000000089407 ], [ -10572725.6995, 3488057.268100000917912 ], [ -10572861.6208, 3487970.608499996364117 ], [ -10573014.4624, 3487948.526500001549721 ], [ -10572890.4523, 3487782.527199998497963 ], [ -10572737.6106, 3487801.142700001597404 ], [ -10572725.6996, 3487765.452500000596046 ], [ -10572766.4425, 3487537.191200003027916 ], [ -10572686.6264, 3487384.933600001037121 ], [ -10572669.5945, 3487117.524700000882149 ], [ -10572776.6839, 3487018.034199997782707 ], [ -10572810.6364, 3486921.625100001692772 ], [ -10572725.6995, 3486750.761 ], [ -10572788.595, 3486618.538599997758865 ], [ -10572686.6264, 3486568.474200002849102 ], [ -10572642.4326, 3486414.30290000140667 ], [ -10572370.7016, 3486272.712999999523163 ], [ -10572239.9012, 3486090.561499997973442 ], [ -10572098.8593, 3486005.455600000917912 ], [ -10572064.9068, 3485735.636399999260902 ], [ -10571686.1978, 3485378.667599998414516 ], [ -10571453.4286, 3485251.337099999189377 ], [ -10571023.7353, 3485133.762599997222424 ], [ -10570921.7665, 3485166.621799997985363 ], [ -10570734.9726, 3485121.055500000715256 ], [ -10570690.7786, 3485054.054099999368191 ], [ -10570453.0001, 3485088.32490000128746 ], [ -10570176.1485, 3484797.475299999117851 ], [ -10569877.1442, 3484943.797700002789497 ], [ -10569860.1125, 3484846.377599999308586 ], [ -10569787.0868, 3484869.8662 ], [ -10569695.3595, 3484592.241700001060963 ], [ -10569622.3338, 3484513.434799998998642 ], [ -10569627.4546, 3484409.600500002503395 ], [ -10569554.429, 3484417.044799998402596 ], [ -10569391.2345, 3484308.334100000560284 ], [ -10569406.4853, 3484126.723800003528595 ], [ -10569345.3709, 3484071.406999997794628 ], [ -10569287.5961, 3483684.195799998939037 ], [ -10569056.6079, 3483640.174900002777576 ], [ -10569192.5291, 3483573.05290000140667 ], [ -10569248.5229, 3483428.157799996435642 ], [ -10569209.4498, 3483389.014499999582767 ], [ -10568886.7345, 3483413.527300000190735 ], [ -10568791.6676, 3483335.112700000405312 ], [ -10568575.9303, 3483317.017099998891354 ], [ -10568519.8253, 3483241.683300003409386 ], [ -10568592.8509, 3483158.392899997532368 ], [ -10568604.7621, 3483062.013099998235703 ], [ -10568638.7146, 3483038.912799999117851 ], [ -10568723.6514, 3483081.006700001657009 ], [ -10568813.7088, 3483016.45440000295639 ], [ -10568825.6201, 3482798.031000003218651 ], [ -10568915.5662, 3482678.6824000030756 ], [ -10568908.7758, 3482627.734999999403954 ], [ -10568716.8607, 3482545.475400000810623 ], [ -10568485.8729, 3482547.400499999523163 ], [ -10568417.9679, 3482646.343000002205372 ], [ -10568395.8154, 3482906.728799998760223 ], [ -10568214.1419, 3482890.173799999058247 ], [ -10568180.0781, 3482849.492399998009205 ], [ -10568124.0845, 3482575.376400001347065 ], [ -10568242.9737, 3482404.4419 ], [ -10568178.4083, 3482282.6587999984622 ], [ -10568368.6533, 3482228.248199999332428 ], [ -10568310.8786, 3482103.900600001215935 ], [ -10568169.948, 3482012.404799997806549 ], [ -10568088.3508, 3482017.794399999082088 ], [ -10567938.9601, 3482233.637999996542931 ], [ -10567779.2165, 3482349.132500000298023 ], [ -10567808.1596, 3482478.872599996626377 ], [ -10567684.1496, 3482524.429499998688698 ], [ -10567502.3649, 3482434.342399999499321 ], [ -10567446.3711, 3482115.193199999630451 ], [ -10567395.3868, 3482040.764600001275539 ], [ -10567303.6595, 3482143.039800003170967 ], [ -10567159.278, 3482166.138400003314018 ], [ -10567203.472, 3482040.764600001275539 ], [ -10567067.5508, 3481973.266000002622604 ], [ -10566974.1538, 3482186.157200001180172 ], [ -10566855.2645, 3482152.920900002121925 ], [ -10566799.1595, 3482282.659000001847744 ], [ -10566749.9563, 3482285.097099997103214 ], [ -10566574.962, 3482073.102399997413158 ], [ -10566678.6004, 3481824.9243 ], [ -10566654.7779, 3481795.025200001895428 ], [ -10566564.7206, 3481830.313799999654293 ], [ -10566576.6318, 3481761.789800003170967 ], [ -10566530.7682, 3481734.842299997806549 ], [ -10566440.7106, 3481847.894000001251698 ], [ -10566384.7169, 3481761.789800003170967 ], [ -10566389.8375, 3481654.128100000321865 ], [ -10566151.9478, 3481608.574400000274181 ], [ -10566163.8588, 3481705.969800002872944 ], [ -10566101.0747, 3481745.107900001108646 ], [ -10566236.8845, 3481886.647799998521805 ], [ -10566214.8433, 3481916.931999996304512 ], [ -10565982.1856, 3481886.647600002586842 ], [ -10565914.1692, 3481830.313900001347065 ], [ -10565897.2488, 3481698.142300002276897 ], [ -10565858.1756, 3481681.973800003528595 ], [ -10565712.013, 3481688.389899998903275 ], [ -10565632.1969, 3481786.684199996292591 ], [ -10565599.9142, 3481660.929200001060963 ], [ -10565491.1551, 3481516.568899996578693 ], [ -10565112.3346, 3481259.547799997031689 ], [ -10565085.1728, 3481051.034500002861023 ], [ -10565304.2496, 3481096.586300000548363 ], [ -10565207.5128, 3480879.222099997103214 ], [ -10565377.2752, 3480845.86089999973774 ], [ -10565389.1864, 3480806.725400000810623 ], [ -10565253.3766, 3480701.509700000286102 ], [ -10565350.1133, 3480503.270400002598763 ], [ -10565316.1607, 3480388.8191 ], [ -10565413.0088, 3480366.75 ], [ -10565377.2752, 3480264.87389999628067 ], [ -10565457.2026, 3480219.453199997544289 ], [ -10565416.3484, 3480060.867499999701977 ], [ -10565348.4434, 3479990.813199996948242 ], [ -10565406.2181, 3479945.265299998223782 ], [ -10565395.9767, 3479860.200300000607967 ], [ -10565343.3228, 3479807.724399998784065 ], [ -10565180.2396, 3479797.075499996542931 ], [ -10565214.3033, 3479631.566600002348423 ], [ -10565287.329, 3479597.3103 ], [ -10565413.0087, 3479655.045500002801418 ], [ -10565446.961, 3479628.102399997413158 ], [ -10565384.0656, 3479399.087999999523163 ], [ -10565424.9199, 3479364.3191 ], [ -10565532.0092, 3479443.222699999809265 ], [ -10565547.2601, 3479661.460500001907349 ], [ -10565659.3588, 3479569.469200000166893 ], [ -10565722.2543, 3479414.227300003170967 ], [ -10565559.1713, 3479297.861100003123283 ], [ -10565598.2445, 3479224.860100001096725 ], [ -10565761.3275, 3479185.216600000858307 ], [ -10565615.2762, 3479013.429099999368191 ], [ -10565620.2857, 3478967.499799996614456 ], [ -10565829.2325, 3478831.380699999630451 ], [ -10565914.1692, 3478707.065800003707409 ], [ -10566026.268, 3478672.812100000679493 ], [ -10566009.3473, 3478548.498599998652935 ], [ -10566143.4874, 3478469.729000002145767 ], [ -10566087.4936, 3478363.506099998950958 ], [ -10566111.2047, 3478266.264300003647804 ], [ -10566301.4498, 3478249.586900003254414 ], [ -10566374.4754, 3478192.884499996900558 ], [ -10566673.4796, 3478250.613200001418591 ], [ -10566756.7466, 3478216.36089999973774 ], [ -10566790.699, 3478056.901699997484684 ], [ -10566690.4001, 3477898.342600002884865 ], [ -10566841.6833, 3477620.868900001049042 ], [ -10566700.6415, 3477496.950599998235703 ], [ -10566717.6734, 3477446.152000002563 ], [ -10566919.7183, 3477356.998700000345707 ], [ -10566943.5407, 3477271.9507 ], [ -10566880.6452, 3477191.136399999260902 ], [ -10566576.6316, 3477094.8015 ], [ -10566459.4121, 3477173.562600001692772 ], [ -10566396.6279, 3477129.948899999260902 ], [ -10566481.5647, 3476947.542300000786781 ], [ -10566632.7366, 3476859.931599996984005 ], [ -10566447.501, 3476780.146200001239777 ], [ -10566352.4339, 3476585.943800002336502 ], [ -10566223.3034, 3476452.799900002777576 ], [ -10566216.5128, 3476361.729400001466274 ], [ -10566318.4815, 3476264.374399997293949 ], [ -10566296.3289, 3476197.804200001060963 ], [ -10566138.3665, 3476179.333800002932549 ], [ -10566121.4461, 3476132.773199997842312 ], [ -10566272.6179, 3476005.021300002932549 ], [ -10566255.5861, 3475788.769500002264977 ], [ -10566296.329, 3475733.488600000739098 ], [ -10566532.4376, 3475663.586199998855591 ], [ -10566610.5839, 3475584.321199998259544 ], [ -10566588.5427, 3475489.9221 ], [ -10566432.2501, 3475392.44539999961853 ], [ -10566464.5327, 3475202.624700002372265 ], [ -10566435.701, 3474956.631399996578693 ], [ -10566508.7266, 3474798.110600002110004 ], [ -10566435.7008, 3474691.918200001120567 ], [ -10566189.3509, 3474669.859099999070168 ], [ -10566126.5667, 3474613.17230000346899 ], [ -10566036.5092, 3474454.655599996447563 ], [ -10566021.9263, 3474317.430200003087521 ], [ -10566093.0594, 3474199.0581 ], [ -10566219.5183, 3474232.915200002491474 ], [ -10566256.5879, 3474183.412100002169609 ], [ -10566099.2934, 3474036.955899998545647 ], [ -10565744.0728, 3473851.130599997937679 ], [ -10565694.9809, 3473687.109300002455711 ], [ -10565716.0202, 3473597.85360000282526 ], [ -10565796.3929, 3473533.220600001513958 ], [ -10566074.6917, 3473630.29839999973774 ], [ -10566337.2945, 3473428.962300002574921 ], [ -10566353.5471, 3473324.832800000905991 ], [ -10566219.9637, 3473030.531000003218651 ], [ -10566200.0374, 3472871.008000001311302 ], [ -10566311.6909, 3472638.908299997448921 ], [ -10566260.7065, 3472356.547399997711182 ], [ -10566294.659, 3472192.288500003516674 ], [ -10566435.7007, 3472112.531900003552437 ], [ -10566800.8289, 3472125.73929999768734 ], [ -10567070.89, 3471831.208400003612041 ], [ -10567399.9505, 3471651.313199996948242 ], [ -10567538.098, 3471524.118699997663498 ], [ -10567582.1804, 3471073.178300000727177 ], [ -10567480.3232, 3470773.414800003170967 ], [ -10567381.8052, 3470024.164899997413158 ], [ -10567415.7578, 3469899.037900000810623 ], [ -10567721.5525, 3469613.403899997472763 ], [ -10567896.4355, 3469372.260799996554852 ], [ -10568290.5065, 3469055.358999997377396 ], [ -10568392.4752, 3468809.355099998414516 ], [ -10568606.4314, 3468537.076899997889996 ], [ -10568657.4157, 3468397.222699999809265 ], [ -10568893.5244, 3468193.789200000464916 ], [ -10568932.5975, 3467728.224600002169609 ], [ -10569248.6336, 3467355.221100002527237 ], [ -10569294.4972, 3467228.581799998879433 ], [ -10569221.4717, 3467076.949600003659725 ], [ -10569012.4136, 3466840.340199999511242 ], [ -10568898.6449, 3466771.383400000631809 ], [ -10568149.576, 3466992.866800002753735 ], [ -10568008.534, 3466986.458200000226498 ], [ -10567855.6924, 3466917.500600002706051 ], [ -10567838.6605, 3466754.721000000834465 ], [ -10568006.8643, 3466583.0996999964118 ], [ -10568081.5597, 3466421.221600003540516 ], [ -10567906.6767, 3465757.837399996817112 ], [ -10567814.9494, 3465655.179999999701977 ], [ -10567731.6823, 3465633.13629999756813 ], [ -10567155.8266, 3465598.917300000786781 ], [ -10567065.8804, 3465549.062899999320507 ], [ -10567026.8072, 3465446.919699996709824 ], [ -10567093.0423, 3465264.038000002503395 ], [ -10567194.8995, 3465184.324600003659725 ], [ -10567308.7796, 3465112.557199999690056 ], [ -10567532.9771, 3465063.601700000464916 ], [ -10567578.8408, 3464892.515600003302097 ], [ -10567510.8246, 3464755.135799996554852 ], [ -10567341.0621, 3464675.425300002098083 ], [ -10567087.9216, 3464671.965300001204014 ], [ -10566975.8228, 3464739.501299999654293 ], [ -10566884.0957, 3464955.567299999296665 ], [ -10566541.0088, 3465040.661899998784065 ], [ -10566298.1097, 3464892.515600003302097 ], [ -10566016.1374, 3464948.7753000035882 ], [ -10565959.9211, 3464893.540899999439716 ], [ -10565954.8003, 3464765.900600001215935 ], [ -10566032.9466, 3464553.297700002789497 ], [ -10566135.0266, 3464449.112099997699261 ], [ -10566541.0088, 3464287.773299999535084 ], [ -10566625.9457, 3464179.232900001108646 ], [ -10566647.9869, 3463992.012299999594688 ], [ -10566410.2084, 3463566.707599997520447 ], [ -10566432.2494, 3463361.9408999979496 ], [ -10566495.1451, 3463227.012000001966953 ], [ -10566715.8917, 3462983.169699996709824 ], [ -10567244.214, 3462639.133000001311302 ], [ -10567346.0715, 3462526.25 ], [ -10567398.7256, 3462415.802500002086163 ], [ -10567402.1766, 3462240.267099998891354 ], [ -10567499.0245, 3462032.574699997901917 ], [ -10567526.1865, 3461715.853399999439716 ], [ -10567588.9706, 3461676.263800002634525 ], [ -10567712.9806, 3461714.956600002944469 ], [ -10567848.9018, 3461857.557099997997284 ], [ -10571988.5408, 3462844.016099996864796 ], [ -10572032.6233, 3462668.987499997019768 ], [ -10573784.0133, 3461622.068300001323223 ], [ -10574278.2718, 3461419.2544 ], [ -10574696.1654, 3461121.63740000128746 ], [ -10574864.3691, 3460957.393700003623962 ], [ -10574894.8707, 3460833.76410000026226 ], [ -10575611.7684, 3460290.447700001299381 ], [ -10575728.9879, 3460075.356499999761581 ], [ -10575959.9759, 3459832.982900001108646 ], [ -10576010.9601, 3459674.648199997842312 ], [ -10576151.8906, 3459537.324000000953674 ], [ -10576297.9419, 3459181.08219999819994 ], [ -10576652.9398, 3458614.778999999165535 ], [ -10576879.0297, 3458012.380599997937679 ], [ -10576935.0234, 3457650.801399998366833 ], [ -10577092.9859, 3457289.744699999690056 ], [ -10577127.0495, 3457017.581900000572205 ], [ -10577007.9377, 3456259.270900003612041 ], [ -10576844.9659, 3455957.418799996376038 ], [ -10576754.9083, 3455849.972999997437 ], [ -10576681.8827, 3455844.594300001859665 ], [ -10576231.7065, 3455171.893799997866154 ], [ -10575679.6731, 3454701.421400003135204 ], [ -10575521.7108, 3454622.797600001096725 ], [ -10575458.8152, 3454519.332400001585484 ], [ -10575285.602, 3454470.417300000786781 ], [ -10575195.5445, 3454342.880199998617172 ], [ -10575083.4457, 3454304.337499998509884 ], [ -10574767.521, 3453993.696099996566772 ], [ -10574113.5187, 3453529.668700002133846 ], [ -10573967.4675, 3453246.829999998211861 ], [ -10573527.4214, 3452696.919399999082088 ], [ -10573415.3227, 3452460.957800000905991 ], [ -10574037.1535, 3451280.063000001013279 ], [ -10574116.9694, 3451247.930500000715256 ], [ -10574127.0996, 3451104.807099997997284 ], [ -10574246.1002, 3451008.538900002837181 ], [ -10574353.0782, 3450833.286700002849102 ], [ -10574465.177, 3450740.989100001752377 ], [ -10574522.9518, 3450766.335699997842312 ], [ -10574522.9518, 3450692.600299999117851 ], [ -10574696.1649, 3450548.587099999189377 ], [ -10574736.9079, 3450561.772200003266335 ], [ -10574730.1174, 3450520.296700000762939 ], [ -10575277.1415, 3450061.258100003004074 ], [ -10575401.1514, 3449829.82490000128746 ], [ -10575676.3333, 3449615.036100000143051 ], [ -10575676.3333, 3449552.571400001645088 ], [ -10576206.2143, 3448941.76410000026226 ], [ -10576539.1709, 3448401.251900002360344 ], [ -10576634.2378, 3448146.938799999654293 ], [ -10576753.2382, 3448062.851300001144409 ], [ -10576763.3682, 3447904.277199998497963 ], [ -10576921.3308, 3447660.084299996495247 ], [ -10577113.2456, 3447226.615099996328354 ], [ -10577203.3031, 3446944.426299996674061 ], [ -10577186.3825, 3446794.056199997663498 ], [ -10577249.1668, 3446748.625299997627735 ], [ -10577384.3086, 3446462.479999996721745 ], [ -10577676.4108, 3446222.921300001442432 ], [ -10577683.5356, 3446141.021899998188019 ], [ -10577633.6643, 3446089.83500000089407 ], [ -10577268.5362, 3445825.714100003242493 ], [ -10577291.6907, 3445641.446800000965595 ], [ -10577544.6086, 3445655.778499998152256 ], [ -10577947.3626, 3445800.377099998295307 ], [ -10578089.295, 3445782.078199997544289 ], [ -10578512.7545, 3445522.058200001716614 ], [ -10578552.8295, 3445568.380300000309944 ], [ -10578518.4318, 3445933.460299998521805 ], [ -10578555.8352, 3446127.201300002634525 ], [ -10578684.9658, 3446157.017899997532368 ], [ -10579019.3697, 3446122.594499997794628 ], [ -10579614.3725, 3446347.81870000064373 ], [ -10580015.1227, 3446425.624499998986721 ], [ -10580382.0319, 3446597.617499999701977 ], [ -10580558.362, 3446779.85080000013113 ], [ -10580932.3955, 3446931.372699998319149 ], [ -10581340.2703, 3446986.785999998450279 ], [ -10582113.3845, 3447003.166799999773502 ], [ -10582571.1302, 3446958.119400002062321 ], [ -10582797.3315, 3446884.405799999833107 ], [ -10583091.2151, 3446687.837999999523163 ], [ -10583429.6264, 3445905.691699996590614 ], [ -10583711.0421, 3445569.915600001811981 ], [ -10583988.8956, 3445348.799599997699261 ], [ -10584114.1299, 3445167.738099999725819 ], [ -10584182.8142, 3444991.029500000178814 ], [ -10584164.7805, 3444798.45719999819994 ], [ -10584279.2167, 3444601.537299998104572 ], [ -10584122.479, 3444243.276199996471405 ], [ -10584154.539, 3444003.758599996566772 ], [ -10584224.0022, 3443862.506700001657009 ], [ -10584304.375, 3443805.187399998307228 ], [ -10584599.0379, 3443804.035999998450279 ], [ -10584914.9625, 3443910.358000002801418 ], [ -10585107.2115, 3443614.807499997317791 ], [ -10585364.5821, 3443459.230599999427795 ], [ -10585454.417, 3443553.395400002598763 ], [ -10585523.3237, 3443757.080300003290176 ], [ -10585654.6808, 3443881.69820000231266 ], [ -10585836.3542, 3443955.394799999892712 ], [ -10586101.4061, 3443889.24719999730587 ], [ -10586122.7794, 3443676.348099999129772 ], [ -10585955.3549, 3443168.679999999701977 ], [ -10585791.4925, 3442830.928199999034405 ], [ -10585795.0547, 3442699.923699997365475 ], [ -10585912.6081, 3442308.965199999511242 ], [ -10586099.6249, 3442126.794799998402596 ], [ -10586183.3372, 3441782.929700002074242 ], [ -10586300.8906, 3441739.947200000286102 ], [ -10586365.0105, 3441778.836099997162819 ], [ -10586562.7141, 3442151.35700000077486 ], [ -10586664.2373, 3442188.200199998915195 ], [ -10586787.1343, 3442151.356899999082088 ], [ -10586842.3487, 3442057.202500000596046 ], [ -10586820.9754, 3441844.333499997854233 ], [ -10586853.0354, 3441754.274700000882149 ], [ -10587109.5155, 3441641.701999999582767 ], [ -10587166.511, 3441551.64469999819994 ], [ -10586963.4643, 3441183.234399996697903 ], [ -10586910.0309, 3440960.146700002253056 ], [ -10586945.6532, 3440818.928000003099442 ], [ -10587440.8024, 3440677.710699997842312 ], [ -10587761.4027, 3440825.068000003695488 ], [ -10587948.4194, 3440804.601499997079372 ], [ -10588208.4618, 3440565.147399999201298 ], [ -10588375.7243, 3440474.519000001251698 ], [ -10589559.133, 3442688.009099997580051 ], [ -10593481.0561, 3447448.057099997997284 ], [ -10595493.7085, 3450137.979599997401237 ], [ -10596746.2856, 3451408.827799998223782 ], [ -10598035.1178, 3452864.643399998545647 ], [ -10602439.4604, 3457478.489600002765656 ], [ -10603335.6679, 3458967.390299998223782 ], [ -10603507.5935, 3458921.530599996447563 ], [ -10603961.1943, 3458910.435500003397465 ], [ -10604238.1457, 3458950.244999997317791 ], [ -10604426.3166, 3459063.3766999989748 ], [ -10604963.1268, 3459556.685999996960163 ], [ -10605234.7295, 3459668.332999996840954 ], [ -10607510.4867, 3459599.770300000905991 ], [ -10607547.5673, 3461773.34009999781847 ], [ -10607998.57, 3462544.323700003325939 ], [ -10608170.6638, 3462454.400100000202656 ], [ -10608473.6487, 3462382.27759999781847 ], [ -10608497.0864, 3462558.594899997115135 ], [ -10608601.8867, 3462557.610799998044968 ], [ -10608577.7239, 3462358.409000001847744 ], [ -10608830.1768, 3462292.253499999642372 ], [ -10608821.7273, 3462185.569600000977516 ], [ -10609160.0424, 3462103.687600001692772 ], [ -10609184.7287, 3462225.783399999141693 ], [ -10609454.1153, 3462172.58219999819994 ], [ -10609558.8071, 3462542.050899997353554 ], [ -10609409.7476, 3462583.245899997651577 ], [ -10609437.8857, 3462645.952600002288818 ], [ -10611133.0292, 3462194.9087999984622 ], [ -10612453.1573, 3467083.305699996650219 ], [ -10612444.4268, 3467265.4846 ], [ -10612381.4606, 3467409.219800002872944 ], [ -10611912.7034, 3467954.980800002813339 ], [ -10612936.0556, 3468701.20160000026226 ], [ -10613226.1521, 3469715.207599997520447 ], [ -10613256.2866, 3469627.973300002515316 ], [ -10613665.7664, 3469753.832900002598763 ], [ -10613473.6732, 3470305.977600000798702 ], [ -10613500.1334, 3470315.776900000870228 ], [ -10613436.4717, 3470407.885499998927116 ], [ -10613560.9488, 3470762.841099999845028 ], [ -10613864.0792, 3471066.947599999606609 ], [ -10613989.627, 3471546.459600001573563 ], [ -10614086.28, 3471609.128200002014637 ], [ -10614030.8938, 3471687.69650000333786 ], [ -10614246.4761, 3472439.048600003123283 ], [ -10615567.284, 3473352.9551 ], [ -10615537.0296, 3473419.042199999094009 ], [ -10615680.952, 3473408.104900002479553 ], [ -10615731.5175, 3473324.819899998605251 ], [ -10616316.0043, 3473471.30179999768734 ], [ -10616613.4623, 3473629.218400001525879 ], [ -10616780.6268, 3473670.178199999034405 ], [ -10616975.5699, 3473692.637299999594688 ], [ -10616976.6704, 3473218.831299997866154 ], [ -10617508.2194, 3473187.382200002670288 ], [ -10617837.1319, 3473079.425399996340275 ], [ -10617924.7981, 3473211.089800000190735 ], [ -10617992.6635, 3473233.720100000500679 ], [ -10618078.6034, 3473164.113099999725819 ], [ -10618158.6815, 3472979.965199999511242 ], [ -10618221.4395, 3472950.677000001072884 ], [ -10618510.6901, 3472938.224500000476837 ], [ -10618912.8169, 3473060.347499996423721 ], [ -10618914.3078, 3473676.608800001442432 ], [ -10618816.4371, 3473979.975299999117851 ], [ -10617959.4346, 3473903.347000002861023 ], [ -10617967.252, 3474581.355700001120567 ], [ -10617944.3502, 3474673.543999999761581 ], [ -10617818.4667, 3474674.505599997937679 ], [ -10617758.7972, 3475243.251199997961521 ], [ -10617578.2468, 3475374.495300002396107 ], [ -10617139.8691, 3475546.173900000751019 ], [ -10617181.6213, 3475608.439599998295307 ], [ -10617103.2473, 3475632.212200000882149 ], [ -10617092.6973, 3476170.824600003659725 ], [ -10617001.7015, 3476171.036799997091293 ], [ -10617004.9436, 3476508.292199999094009 ], [ -10617095.9419, 3476508.079700000584126 ], [ -10617095.1595, 3476444.952600002288818 ], [ -10617581.1022, 3476443.320699997246265 ], [ -10617588.9658, 3477149.425700001418591 ], [ -10617662.5159, 3477148.02080000191927 ], [ -10617663.2465, 3477362.912399999797344 ], [ -10618140.1569, 3477780.094800002872944 ], [ -10618536.7895, 3478358.560099996626377 ], [ -10618949.8775, 3479659.222499996423721 ], [ -10617481.9123, 3479677.604500003159046 ], [ -10617260.6115, 3479633.497900001704693 ], [ -10617156.3959, 3479679.1537000015378 ], [ -10617596.8106, 3480792.05120000243187 ], [ -10617828.1027, 3481667.429200001060963 ], [ -10618142.8536, 3482140.596400000154972 ], [ -10618142.5687, 3482207.885099999606609 ], [ -10619034.832, 3483710.592799998819828 ], [ -10619081.3327, 3483710.255300000309944 ], [ -10619326.4818, 3484112.975500002503395 ], [ -10619323.0793, 3484243.201899997889996 ], [ -10619400.2239, 3484304.426100000739098 ], [ -10620017.5759, 3485313.832500003278255 ], [ -10620383.2026, 3486111.676299996674061 ], [ -10619796.715, 3486119.683799996972084 ], [ -10619796.8334, 3486245.604900002479553 ], [ -10619629.7432, 3486247.426899999380112 ], [ -10619627.5783, 3486123.441100001335144 ], [ -10618894.5966, 3486130.700599998235703 ], [ -10618901.8382, 3486847.60980000346899 ], [ -10616367.19, 3486882.412399999797344 ], [ -10615929.8453, 3486944.906000003218651 ], [ -10616447.3623, 3489327.176399998366833 ], [ -10616749.868, 3489357.612300001084805 ], [ -10619310.2225, 3489344.618699997663498 ], [ -10619583.9298, 3489897.1316 ], [ -10619763.3966, 3490489.272799998521805 ], [ -10618872.6073, 3490500.665299996733665 ], [ -10618880.427, 3492672.768799997866154 ], [ -10619505.4524, 3492668.251199997961521 ], [ -10619550.4923, 3493057.268399998545647 ], [ -10619716.6233, 3492976.017099998891354 ], [ -10619769.019, 3493094.686200000345707 ], [ -10619763.5837, 3493556.273000001907349 ], [ -10620059.28, 3493948.418700002133846 ], [ -10620094.3757, 3494171.114799998700619 ], [ -10620151.5042, 3494161.917400002479553 ], [ -10620179.6616, 3494529.30799999833107 ], [ -10620119.456, 3494783.063799999654293 ], [ -10619115.2578, 3494799.109499998390675 ], [ -10619158.8654, 3495628.555799998342991 ], [ -10619569.8492, 3495701.4324000030756 ], [ -10619422.5682, 3496282.838600002229214 ], [ -10619424.2581, 3496473.473800003528595 ], [ -10618720.3292, 3496472.800700001418591 ], [ -10618288.5883, 3497036.409500002861023 ], [ -10618137.9921, 3497047.06870000064373 ], [ -10617897.3602, 3496964.320100001990795 ], [ -10616792.5074, 3497007.031599998474121 ], [ -10616633.4295, 3496771.896700002253056 ], [ -10616414.2793, 3496734.129299998283386 ], [ -10616339.5828, 3496562.423900000751019 ], [ -10615681.4355, 3496347.192500002682209 ], [ -10615485.0685, 3496045.302100002765656 ], [ -10615310.3695, 3495864.350900001823902 ], [ -10615133.1196, 3495804.873700000345707 ], [ -10614256.3341, 3495841.475400000810623 ], [ -10614224.7059, 3495415.923799999058247 ], [ -10613817.2919, 3495421.983999997377396 ], [ -10613806.6402, 3495296.607799999415874 ], [ -10613477.4232, 3495300.394199997186661 ], [ -10613459.2425, 3494963.90259999781847 ], [ -10612728.955, 3494974.997000001370907 ], [ -10612704.271, 3494552.382399998605251 ], [ -10608731.4378, 3494636.734099999070168 ], [ -10608960.6048, 3494030.583499997854233 ], [ -10609687.6979, 3492710.892800003290176 ], [ -10610027.8458, 3491049.179200001060963 ], [ -10610767.1091, 3489544.924699999392033 ], [ -10609825.186, 3489558.080200001597404 ], [ -10609832.6093, 3490007.487800002098083 ], [ -10609412.6051, 3490008.587399996817112 ], [ -10609556.7425, 3489591.049999997019768 ], [ -10609493.0605, 3489560.985299997031689 ], [ -10609114.205, 3490608.568400003015995 ], [ -10608855.1486, 3490613.244199998676777 ], [ -10608842.9122, 3490089.699199996888638 ], [ -10609071.1288, 3490080.719400003552437 ], [ -10609055.5437, 3489055.510200001299381 ], [ -10608843.1109, 3489055.543799996376038 ], [ -10608818.1109, 3488365.1206 ], [ -10609882.5016, 3488356.314800001680851 ], [ -10610764.8036, 3485922.8733000010252 ], [ -10611480.2237, 3486111.355200000107288 ], [ -10611899.1006, 3485770.192800000309944 ], [ -10612071.4454, 3485823.729699999094009 ], [ -10612237.3068, 3485654.473200000822544 ], [ -10612468.4962, 3485605.869400002062321 ], [ -10612499.3022, 3484743.316100001335144 ], [ -10612472.5283, 3483099.222900003194809 ], [ -10613513.4222, 3483057.204499997198582 ], [ -10613518.6203, 3483370.306599996984005 ], [ -10613746.3117, 3483598.890799999237061 ], [ -10613740.3562, 3482712.48200000077486 ], [ -10614114.7123, 3482696.636699996888638 ], [ -10614104.0622, 3482338.156199999153614 ], [ -10613811.4895, 3482337.809600003063679 ], [ -10613801.9724, 3481875.105099998414516 ], [ -10614417.1289, 3481865.235500000417233 ], [ -10614410.9563, 3481550.233599998056889 ], [ -10614802.3756, 3481566.251500003039837 ], [ -10614342.0927, 3479411.960799999535084 ], [ -10614357.6466, 3479189.578900001943111 ], [ -10614496.7252, 3479186.409500002861023 ], [ -10614501.8059, 3479409.26240000128746 ], [ -10614610.4323, 3479406.233999997377396 ], [ -10614600.2155, 3479509.481600001454353 ], [ -10614723.2626, 3479513.339299999177456 ], [ -10614654.8261, 3476777.700000002980232 ], [ -10614550.8271, 3476779.646899998188019 ], [ -10614544.5149, 3476451.868000000715256 ], [ -10614327.3586, 3476456.390699997544289 ], [ -10614316.4425, 3475927.15429999679327 ], [ -10614397.8925, 3475910.104699999094009 ], [ -10614379.1382, 3475613.183799996972084 ], [ -10614288.446, 3475613.931999996304512 ], [ -10614290.1904, 3475737.487199999392033 ], [ -10614200.0671, 3475742.378300003707409 ], [ -10614197.0763, 3475241.932099997997284 ], [ -10614374.3652, 3475240.5647 ], [ -10614374.6813, 3475093.872000001370907 ], [ -10614196.6366, 3475114.768200002610683 ], [ -10614178.5273, 3473843.987999998033047 ], [ -10613586.1756, 3473858.751199997961521 ], [ -10613561.7155, 3473801.232100002467632 ], [ -10614061.4111, 3473558.429999999701977 ], [ -10613938.011, 3473518.720499999821186 ], [ -10613939.6848, 3473141.445200003683567 ], [ -10613894.3164, 3473012.91950000077486 ], [ -10613557.475, 3473017.035400003194809 ], [ -10613241.1788, 3472899.589400000870228 ], [ -10612967.3943, 3473011.947400003671646 ], [ -10612527.6768, 3472934.087200000882149 ], [ -10612473.3155, 3472879.390100002288818 ], [ -10612455.2009, 3472639.629699997603893 ], [ -10612390.8588, 3472533.7804000005126 ], [ -10612299.7728, 3472542.852399997413158 ], [ -10612013.1557, 3472714.809199996292591 ], [ -10611639.8398, 3472716.192699998617172 ], [ -10611548.6652, 3472679.317800000309944 ], [ -10611284.8633, 3472394.431699998676777 ], [ -10610985.5596, 3472251.134700000286102 ], [ -10610471.4661, 3473202.92960000038147 ], [ -10610471.4508, 3473338.748599998652935 ], [ -10610256.5996, 3473299.462700001895428 ], [ -10610151.6564, 3473419.1621999964118 ], [ -10610136.9824, 3476011.290799997746944 ], [ -10610076.0334, 3476217.669699996709824 ], [ -10610021.3858, 3476254.995700001716614 ], [ -10607825.9554, 3476280.74040000140667 ], [ -10607452.9577, 3476355.540200002491474 ], [ -10607438.6943, 3475372.053099997341633 ], [ -10607420.2252, 3475459.838899999856949 ], [ -10607345.8994, 3475526.084200002253056 ], [ -10606972.7608, 3475543.27080000191927 ], [ -10606945.4194, 3473760.384800001978874 ], [ -10606453.3328, 3473753.383699998259544 ], [ -10606353.3516, 3473657.992799997329712 ], [ -10606327.9414, 3473517.361100003123283 ], [ -10606268.3631, 3473517.445600003004074 ], [ -10606257.6984, 3472892.149300001561642 ], [ -10606316.5033, 3472892.346500001847744 ], [ -10606330.2179, 3472791.257799997925758 ], [ -10606464.5264, 3472625.1184 ], [ -10606468.8663, 3472168.7478 ], [ -10606630.5527, 3472077.638800002634525 ], [ -10606667.2075, 3472005.9408999979496 ], [ -10606659.0598, 3471281.363899998366833 ], [ -10604889.5297, 3469941.131899997591972 ], [ -10605042.1747, 3468703.772100001573563 ], [ -10605015.3461, 3468261.674599997699261 ], [ -10604232.1774, 3468508.755599997937679 ], [ -10603866.2654, 3468497.350900001823902 ], [ -10603693.216, 3468410.217000000178814 ], [ -10602900.8866, 3467678.160099998116493 ], [ -10602647.2434, 3467897.070699997246265 ], [ -10602486.0176, 3468115.44820000231266 ], [ -10602482.2969, 3468920.753600001335144 ], [ -10603583.2959, 3468930.68469999730587 ], [ -10603653.9901, 3472419.276199996471405 ], [ -10603338.9584, 3472425.665700003504753 ], [ -10603323.6263, 3472716.277699999511242 ], [ -10603835.4502, 3472726.113300003111362 ], [ -10603856.384, 3473786.598600000143051 ], [ -10604884.1167, 3473966.289800003170967 ], [ -10604682.6605, 3475080.536499999463558 ], [ -10604676.9773, 3475351.266199998557568 ], [ -10605173.2843, 3476813.176600001752377 ], [ -10604789.269, 3476833.458800002932549 ], [ -10604804.6204, 3477331.757100000977516 ], [ -10604925.0513, 3477530.478000000119209 ], [ -10604656.1617, 3477823.42059999704361 ], [ -10604669.2537, 3478684.337499998509884 ], [ -10604079.0968, 3479456.489699997007847 ], [ -10600923.3667, 3481021.308899998664856 ], [ -10600780.1689, 3480672.679799996316433 ], [ -10600790.06, 3480623.867200002074242 ], [ -10600902.9447, 3480578.263099998235703 ], [ -10600985.2783, 3480217.527900002896786 ], [ -10600966.8403, 3479975.961999997496605 ], [ -10600776.7009, 3479933.940999999642372 ], [ -10600991.578, 3479769.446599997580051 ], [ -10601003.5513, 3479666.194899998605251 ], [ -10600942.3802, 3479543.247299998998642 ], [ -10600573.2215, 3479546.664300002157688 ], [ -10600402.734, 3479652.413999997079372 ], [ -10600362.3835, 3479354.278499998152256 ], [ -10600273.4602, 3479340.960500001907349 ], [ -10600143.863, 3479132.526500001549721 ], [ -10599707.6372, 3478957.527699999511242 ], [ -10599382.4392, 3479158.563799999654293 ], [ -10599241.6722, 3479072.449500001966953 ], [ -10599104.0919, 3479249.014700002968311 ], [ -10599034.661, 3479152.26410000026226 ], [ -10599014.6757, 3478927.526399999856949 ], [ -10599146.6534, 3478678.4485 ], [ -10599039.1247, 3478539.060999996960163 ], [ -10598819.6793, 3478701.26630000025034 ], [ -10598668.2536, 3478745.67960000038147 ], [ -10598222.8679, 3478720.387299999594688 ], [ -10597754.9084, 3478629.030699998140335 ], [ -10596543.6209, 3478654.125 ], [ -10596213.2788, 3478587.9199 ], [ -10595769.083, 3478662.085799999535084 ], [ -10594625.6606, 3478677.751000002026558 ], [ -10593539.9574, 3478998.452399998903275 ], [ -10593521.3009, 3477569.652699999511242 ], [ -10593479.5822, 3477249.424500003457069 ], [ -10593293.6422, 3476660.39469999819994 ], [ -10593002.2813, 3476645.959399998188019 ], [ -10592471.8943, 3476428.792999997735023 ], [ -10591392.3336, 3476449.087499998509884 ], [ -10591413.3126, 3476884.965400002896786 ], [ -10591010.9523, 3477000.777500003576279 ], [ -10591159.8924, 3477492.584100000560284 ], [ -10591243.8734, 3479852.360799998044968 ], [ -10589507.285, 3480512.23650000244379 ], [ -10589626.4039, 3486616.943099997937679 ], [ -10587216.4117, 3487822.1831 ], [ -10587570.8855, 3487561.2516999989748 ], [ -10587619.1779, 3487423.357699997723103 ], [ -10586805.6988, 3487422.446199998259544 ], [ -10585818.8669, 3487672.500600002706051 ], [ -10585815.2989, 3487974.895700000226498 ], [ -10585903.0506, 3488198.620200000703335 ], [ -10586136.3346, 3488405.889600001275539 ], [ -10586128.1141, 3488939.919699996709824 ], [ -10586268.3402, 3489347.9441 ], [ -10586389.8073, 3489527.18639999628067 ], [ -10586567.4808, 3489711.994199998676777 ], [ -10586953.6374, 3489859.624799996614456 ], [ -10587146.534, 3489850.627499997615814 ], [ -10587706.2828, 3489555.076399996876717 ], [ -10587966.4, 3489572.602700002491474 ], [ -10588234.8941, 3489934.85869999974966 ], [ -10588369.0899, 3490461.191299997270107 ], [ -10588458.724, 3490629.796400003135204 ], [ -10589033.4558, 3491100.916299998760223 ], [ -10589208.3989, 3491370.268700003623962 ], [ -10589215.8238, 3491700.294399999082088 ], [ -10589138.5618, 3492256.699699997901917 ], [ -10589216.957, 3492574.932700000703335 ], [ -10589358.366, 3492720.7566 ], [ -10590163.8618, 3493188.912100002169609 ], [ -10590447.276, 3493027.501400001347065 ], [ -10591225.4535, 3493886.067100003361702 ], [ -10591831.2262, 3494637.89130000025034 ], [ -10591812.8506, 3494699.7212999984622 ], [ -10592001.1075, 3495170.842299997806549 ], [ -10591787.6158, 3498146.336900003254414 ], [ -10590977.961, 3499508.70549999922514 ], [ -10590888.3603, 3499561.865000002086163 ], [ -10590622.2478, 3500054.361400000751019 ], [ -10590291.1231, 3500840.824199996888638 ], [ -10589932.2884, 3501992.526699997484684 ], [ -10590707.109, 3501594.094099998474121 ], [ -10590970.5672, 3501528.4353 ], [ -10592012.596, 3501412.690499998629093 ], [ -10592387.2022, 3501276.281000003218651 ], [ -10592684.9129, 3501081.7051 ], [ -10598318.4556, 3494811.369999997317791 ], [ -10598533.758, 3494966.473999999463558 ], [ -10598785.6, 3495061.960199996829033 ], [ -10599032.4645, 3495102.274599999189377 ], [ -10599720.3158, 3495102.642399996519089 ], [ -10599752.8457, 3497205.659800000488758 ], [ -10599555.1784, 3497312.072599999606609 ], [ -10599377.4564, 3497512.290600001811981 ], [ -10599364.9628, 3497602.645099997520447 ], [ -10599191.2453, 3497883.042499996721745 ], [ -10598965.0363, 3497863.106499999761581 ], [ -10598766.8289, 3498425.366899996995926 ], [ -10598670.909, 3498564.00450000166893 ], [ -10598510.8488, 3498646.506399996578693 ], [ -10598319.3243, 3498660.368199996650219 ], [ -10598174.7926, 3498837.582299999892712 ], [ -10598756.4708, 3498828.587499998509884 ], [ -10598984.6252, 3500294.206299997866154 ], [ -10598983.8054, 3500708.037799999117851 ], [ -10599326.0519, 3500749.938299998641014 ], [ -10599564.9205, 3500891.9358000010252 ], [ -10598993.5956, 3501224.298900000751019 ], [ -10593600.6647, 3503295.648699998855591 ], [ -10597917.6687, 3503438.314400002360344 ], [ -10597918.9823, 3503594.188699997961521 ], [ -10597786.4815, 3503673.857100002467632 ], [ -10597714.1919, 3503678.724200002849102 ], [ -10597589.2054, 3503555.899400003254414 ], [ -10597483.2271, 3503628.694700002670288 ], [ -10597424.2438, 3503752.47240000218153 ], [ -10597366.2409, 3504166.71509999781847 ], [ -10597284.5906, 3504311.220600001513958 ], [ -10597320.8666, 3504497.80290000140667 ], [ -10597712.5897, 3504917.32660000026226 ], [ -10597810.0407, 3505127.666599996387959 ], [ -10597806.9306, 3505240.219700001180172 ], [ -10597672.6135, 3505427.233000002801418 ], [ -10597178.9765, 3505636.237499997019768 ], [ -10596686.4877, 3506389.642899997532368 ], [ -10596180.3438, 3506272.185000002384186 ], [ -10595585.2816, 3506473.209299996495247 ], [ -10595249.1509, 3506815.049500003457069 ], [ -10594761.8149, 3507213.674400001764297 ], [ -10593982.8032, 3507326.477099999785423 ], [ -10593247.9573, 3508125.45830000191927 ], [ -10592445.0347, 3508197.883000001311302 ], [ -10591877.9012, 3507615.938100002706051 ], [ -10591845.8767, 3507088.774999998509884 ], [ -10592005.126, 3506653.635099999606609 ], [ -10591563.619, 3506299.593099996447563 ], [ -10590402.367, 3505494.301700003445148 ], [ -10589800.498, 3506753.449100002646446 ], [ -10589282.2304, 3508369.321999996900558 ], [ -10589140.7028, 3508543.261 ], [ -10589123.0136, 3509167.990500003099442 ], [ -10589399.1106, 3509593.432499997317791 ], [ -10590497.3313, 3510857.95719999819994 ], [ -10590886.6651, 3511210.1963 ], [ -10591210.0437, 3511750.367200002074242 ], [ -10591397.5289, 3511943.450900003314018 ], [ -10591466.1322, 3512451.836000002920628 ], [ -10591703.7649, 3512771.172899998724461 ], [ -10592155.2187, 3513191.032499998807907 ], [ -10592486.0743, 3513830.967100001871586 ], [ -10592591.4428, 3514171.745300002396107 ], [ -10592152.8061, 3514537.147100001573563 ], [ -10593467.3164, 3516496.960500001907349 ], [ -10593923.1457, 3517765.197599999606609 ], [ -10590003.0469, 3521380.66160000115633 ], [ -10586117.8845, 3525062.483800001442432 ], [ -10584769.137, 3520979.574000000953674 ], [ -10583510.4471, 3516888.325000002980232 ], [ -10583442.5422, 3516828.362400002777576 ], [ -10582353.6144, 3513527.381800003349781 ], [ -10580885.9776, 3508919.894900001585484 ], [ -10580497.0274, 3507816.213100001215935 ], [ -10580352.6459, 3507225.641699999570847 ] ], [ [ -10607545.8257, 3461708.907399997115135 ], [ -10607545.7734, 3461704.529100000858307 ], [ -10607545.8177, 3461708.909699998795986 ], [ -10607545.8257, 3461708.907399997115135 ] ] ] } },
{ "type": "Feature", "properties": { "PCT_NO": 4, "AREA_IN_MI": 390, "bbox_minx": -10655933.971799999, "bbox_miny": 3468745.4588999972, "bbox_maxx": -10589123.013599999, "bbox_maxy": 3525537.0935000032, "label_x": -10631132.88080097, "label_y": 3497128.082249999 }, "geometry": { "type": "Polygon", "coordinates": [ [ [ -10639446.4871, 3481946.918399997055531 ], [ -10639469.8473, 3482487.193199999630451 ], [ -10639645.8455, 3482927.770300000905991 ], [ -10640938.213, 3484270.988899998366833 ], [ -10641028.6754, 3484185.221699997782707 ], [ -10641016.3624, 3483407.404500000178814 ], [ -10641882.561, 3483401.518100000917912 ], [ -10641880.9294, 3483169.767499998211861 ], [ -10642700.0523, 3483166.386399999260902 ], [ -10642716.0894, 3483309.199799999594688 ], [ -10644079.7267, 3484166.478000000119209 ], [ -10644616.4297, 3484414.16160000115633 ], [ -10644698.0133, 3484570.310599997639656 ], [ -10644755.6333, 3484570.151399999856949 ], [ -10644836.2962, 3484449.6316 ], [ -10645020.1272, 3484467.699400000274181 ], [ -10645072.0404, 3484739.735100001096725 ], [ -10645503.5574, 3485029.8662 ], [ -10645489.3494, 3483550.544600002467632 ], [ -10645621.1465, 3483548.412900000810623 ], [ -10645619.2361, 3483074.890799999237061 ], [ -10645676.2861, 3483074.453100003302097 ], [ -10645675.5691, 3482840.156199999153614 ], [ -10646209.6122, 3482806.977700002491474 ], [ -10646209.7612, 3482745.374099999666214 ], [ -10646353.057, 3482745.298600003123283 ], [ -10646355.9282, 3482639.017899997532368 ], [ -10646600.3176, 3482639.69200000166893 ], [ -10646601.2765, 3482489.796499997377396 ], [ -10647998.8568, 3482456.205700002610683 ], [ -10648344.1838, 3482335.794699996709824 ], [ -10648802.5897, 3481969.79169999808073 ], [ -10649006.2062, 3481857.147299997508526 ], [ -10649259.8575, 3481850.933399997651577 ], [ -10649245.01, 3482373.948399998247623 ], [ -10649394.9906, 3482383.659800000488758 ], [ -10649344.4644, 3484164.051700003445148 ], [ -10650166.7396, 3484160.056500002741814 ], [ -10650522.7118, 3484101.371399998664856 ], [ -10652140.4205, 3484100.427500002086163 ], [ -10652134.1721, 3483669.223300002515316 ], [ -10652261.5534, 3483660.51519999653101 ], [ -10652330.884, 3483707.693499997258186 ], [ -10652532.229, 3483677.492200002074242 ], [ -10653406.4758, 3484059.463799998164177 ], [ -10653644.3138, 3484090.305200003087521 ], [ -10653766.9313, 3484177.419100001454353 ], [ -10653993.3705, 3484210.844300001859665 ], [ -10654218.2408, 3484159.213100001215935 ], [ -10654623.7034, 3484232.096600003540516 ], [ -10655060.148, 3484563.562899999320507 ], [ -10655196.305, 3484515.45549999922514 ], [ -10655383.6606, 3484621.575199998915195 ], [ -10655380.6667, 3485256.244199998676777 ], [ -10655558.8193, 3485907.630800001323223 ], [ -10655562.9543, 3486974.369699999690056 ], [ -10655660.465, 3487315.6206 ], [ -10655915.8056, 3487759.712200000882149 ], [ -10655933.9718, 3488101.79389999806881 ], [ -10651299.875, 3488128.935400001704693 ], [ -10650950.7188, 3487996.301899999380112 ], [ -10647186.4427, 3488027.789200000464916 ], [ -10647152.2525, 3488632.47070000320673 ], [ -10646930.25, 3489216.547700002789497 ], [ -10645567.5782, 3491672.176899999380112 ], [ -10645348.9399, 3491945.82150000333786 ], [ -10645164.819, 3492126.459100000560284 ], [ -10644744.4938, 3492412.647799998521805 ], [ -10641926.1755, 3493909.757799997925758 ], [ -10640458.5775, 3494934.439000003039837 ], [ -10640508.6422, 3499279.434000000357628 ], [ -10641141.9867, 3499317.024899996817112 ], [ -10643620.2479, 3501731.032799996435642 ], [ -10643833.6048, 3501547.130900003015995 ], [ -10644241.3456, 3501935.484099999070168 ], [ -10645531.9128, 3500650.629100002348423 ], [ -10645602.928, 3500677.537399999797344 ], [ -10645586.2406, 3500897.914700001478195 ], [ -10645840.8986, 3500960.202500000596046 ], [ -10645935.5225, 3501179.396499998867512 ], [ -10646172.7864, 3501273.283399999141693 ], [ -10646255.0993, 3501356.595499999821186 ], [ -10646692.5593, 3501498.309799998998642 ], [ -10646856.512, 3501622.899599999189377 ], [ -10646829.5722, 3501700.290100000798702 ], [ -10646753.6573, 3501718.943300001323223 ], [ -10646763.322, 3501883.176299996674061 ], [ -10646712.7705, 3502074.936599999666214 ], [ -10646869.2701, 3502293.121799997985363 ], [ -10646957.2071, 3502314.501000002026558 ], [ -10647081.6586, 3502272.391099996864796 ], [ -10647257.5906, 3502313.143100000917912 ], [ -10647542.9033, 3502252.815700002014637 ], [ -10647688.6723, 3502302.313799999654293 ], [ -10648062.2978, 3502040.071999996900558 ], [ -10648278.8434, 3502139.30290000140667 ], [ -10648304.4799, 3502317.6283999979496 ], [ -10648550.2746, 3502342.331699997186661 ], [ -10648579.9124, 3502492.311499997973442 ], [ -10648535.1816, 3502662.606200002133846 ], [ -10648719.7432, 3502764.923699997365475 ], [ -10648829.0038, 3502892.338500000536442 ], [ -10648998.3445, 3502912.834200002253056 ], [ -10649040.2968, 3503198.974899999797344 ], [ -10649126.4462, 3503327.436599999666214 ], [ -10649130.3563, 3503427.327200002968311 ], [ -10649464.66, 3503458.225299999117851 ], [ -10649426.2001, 3503616.237300001084805 ], [ -10649585.5274, 3503707.99040000140667 ], [ -10649610.4146, 3503892.524099998176098 ], [ -10650478.9771, 3504638.398500002920628 ], [ -10650770.5281, 3504972.253600001335144 ], [ -10650979.5327, 3505097.873199999332428 ], [ -10651071.2298, 3504948.624600000679493 ], [ -10651150.7851, 3504930.5493 ], [ -10651253.7938, 3505020.682899996638298 ], [ -10651393.7863, 3505021.526399999856949 ], [ -10651536.2204, 3505149.356700003147125 ], [ -10651863.5764, 3505134.725900001823902 ], [ -10652254.483, 3505402.508599996566772 ], [ -10652987.5906, 3505622.079899996519089 ], [ -10653019.9785, 3510304.69200000166893 ], [ -10652968.0498, 3510490.040500000119209 ], [ -10653000.2933, 3512172.478500001132488 ], [ -10653243.8945, 3512171.398100003600121 ], [ -10653295.1818, 3512256.784699998795986 ], [ -10653290.8651, 3513948.686599999666214 ], [ -10653409.8302, 3514051.707999996840954 ], [ -10653491.6356, 3514750.576700001955032 ], [ -10653515.5368, 3516288.2162000015378 ], [ -10653438.9213, 3516219.788999997079372 ], [ -10653261.6422, 3516189.749499998986721 ], [ -10653133.6791, 3516201.621399998664856 ], [ -10652890.2646, 3516314.024400003254414 ], [ -10652569.4595, 3516260.29839999973774 ], [ -10652278.3165, 3516291.3462999984622 ], [ -10652152.6502, 3516409.514499999582767 ], [ -10651890.1078, 3516514.885799996554852 ], [ -10651862.6985, 3516573.54280000180006 ], [ -10651924.3897, 3516660.330799996852875 ], [ -10651938.3603, 3516829.548900000751019 ], [ -10651782.2791, 3517194.636900000274181 ], [ -10651711.6162, 3517277.936200000345707 ], [ -10651617.6817, 3517275.259900003671646 ], [ -10651474.1637, 3517361.782600000500679 ], [ -10651239.3093, 3517224.128799997270107 ], [ -10651003.2981, 3517178.433499999344349 ], [ -10650863.4998, 3516985.092399999499321 ], [ -10650390.077, 3516689.454499997198582 ], [ -10650013.513, 3516570.376900002360344 ], [ -10649756.7343, 3516620.711900003254414 ], [ -10649662.0372, 3516727.012999996542931 ], [ -10649677.062, 3517025.843599997460842 ], [ -10649574.8864, 3517086.276199996471405 ], [ -10649378.2908, 3517343.303000003099442 ], [ -10648979.3943, 3517502.46509999781847 ], [ -10648966.033, 3517634.820299997925758 ], [ -10648849.2668, 3517715.716899998486042 ], [ -10648813.8848, 3517801.783100001513958 ], [ -10648757.1791, 3517789.534000001847744 ], [ -10648699.2132, 3517675.64299999922514 ], [ -10648435.7079, 3517659.253300003707409 ], [ -10648304.1795, 3517570.141999997198582 ], [ -10648132.1526, 3517611.215899996459484 ], [ -10648132.7897, 3517662.905100002884865 ], [ -10648260.5978, 3517751.193300001323223 ], [ -10648094.8792, 3517828.206200003623962 ], [ -10647999.2065, 3518000.320799998939037 ], [ -10647996.6889, 3518159.519400000572205 ], [ -10647718.532, 3518362.88289999961853 ], [ -10647389.706, 3518812.551100000739098 ], [ -10647027.9177, 3519029.14639999717474 ], [ -10646976.9335, 3518978.053900003433228 ], [ -10646834.2218, 3519030.047399997711182 ], [ -10646839.3424, 3519113.571999996900558 ], [ -10646737.485, 3519087.060199998319149 ], [ -10646635.5165, 3519223.480400003492832 ], [ -10646523.4178, 3519275.088899999856949 ], [ -10646486.0144, 3519420.906300000846386 ], [ -10646430.0207, 3519386.028499998152256 ], [ -10646458.8523, 3519478.307199999690056 ], [ -10646380.7061, 3519515.115900002419949 ], [ -10646436.811, 3519601.990000002086163 ], [ -10646300.89, 3519704.180600002408028 ], [ -10646295.7693, 3519784.2346 ], [ -10646176.88, 3519801.86710000038147 ], [ -10646029.1591, 3519703.150799997150898 ], [ -10645927.1904, 3519812.163599997758865 ], [ -10645701.3229, 3519855.408500000834465 ], [ -10645502.6178, 3519994.282399997115135 ], [ -10645213.7436, 3519943.185900002717972 ], [ -10645082.9432, 3519821.945100001990795 ], [ -10644828.1327, 3519862.229900002479553 ], [ -10644782.2691, 3519908.821400001645088 ], [ -10644833.2535, 3520068.932599999010563 ], [ -10644998.0064, 3520259.936200000345707 ], [ -10644906.279, 3520383.626599997282028 ], [ -10644901.1583, 3520563.822999998927116 ], [ -10644828.1328, 3520674.773699998855591 ], [ -10644845.0532, 3520885.479900002479553 ], [ -10644753.3261, 3520954.214299999177456 ], [ -10644726.1641, 3521040.58330000191927 ], [ -10644486.7157, 3520988.581500001251698 ], [ -10644289.6802, 3520998.36429999768734 ], [ -10644255.7278, 3520920.876800000667572 ], [ -10644192.8323, 3520896.292099997401237 ], [ -10644050.1208, 3521006.215899996459484 ], [ -10643914.3109, 3520885.479800000786781 ], [ -10643591.4842, 3520966.442500002682209 ], [ -10643506.5475, 3520908.520000003278255 ], [ -10643331.6645, 3520961.036300003528595 ], [ -10643297.7121, 3520874.152900002896786 ], [ -10643075.1842, 3520818.161700002849102 ], [ -10643007.1681, 3520853.043499998748302 ], [ -10642854.3264, 3520782.893799997866154 ], [ -10642798.3327, 3520830.518399998545647 ], [ -10642769.3896, 3520782.893700003623962 ], [ -10642621.6686, 3520759.725199997425079 ], [ -10642565.5636, 3520708.23929999768734 ], [ -10642480.6267, 3520744.021899998188019 ], [ -10642468.7156, 3520660.615199998021126 ], [ -10642412.722, 3520615.951800003647804 ], [ -10642378.7694, 3520744.021999999880791 ], [ -10642264.8896, 3520621.74379999935627 ], [ -10642225.8164, 3520693.051299996674061 ], [ -10641947.295, 3520685.071000002324581 ], [ -10641840.317, 3520858.449699997901917 ], [ -10641782.5419, 3520847.122599996626377 ], [ -10641760.3896, 3520784.824600003659725 ], [ -10641670.4432, 3520910.450900003314018 ], [ -10641544.6522, 3520857.4199 ], [ -10641539.5317, 3520961.036300003528595 ], [ -10641437.5629, 3520949.838100001215935 ], [ -10641289.8419, 3521017.543099999427795 ], [ -10641210.0259, 3521107.902900002896786 ], [ -10641125.089, 3521067.614200003445148 ], [ -10640824.4151, 3521329.814900003373623 ], [ -10640712.3162, 3521684.830600000917912 ], [ -10640557.6933, 3521868.521099999547005 ], [ -10640523.7411, 3522180.685000002384186 ], [ -10640416.763, 3522277.489600002765656 ], [ -10640421.7724, 3522408.537299998104572 ], [ -10640195.9051, 3522574.473099999129772 ], [ -10640026.0315, 3522808.2544 ], [ -10639696.5256, 3522865.7993 ], [ -10639587.7665, 3522941.882500000298023 ], [ -10639475.6676, 3522906.994800001382828 ], [ -10639485.9091, 3522973.809199996292591 ], [ -10639428.1343, 3523054.784999996423721 ], [ -10639316.0356, 3523095.079999998211861 ], [ -10639168.2033, 3523059.676899999380112 ], [ -10639044.3047, 3523106.409000001847744 ], [ -10638998.4409, 3523248.279399998486042 ], [ -10638896.4722, 3523191.891599997878075 ], [ -10638816.6561, 3523323.463799998164177 ], [ -10638891.3516, 3523533.183899998664856 ], [ -10638862.5197, 3523642.229299999773502 ], [ -10638765.6719, 3523688.834700003266335 ], [ -10638731.7195, 3523740.461199998855591 ], [ -10638789.4943, 3523797.881700001657009 ], [ -10638765.6719, 3523864.7007 ], [ -10638646.7827, 3523906.929399996995926 ], [ -10638583.8871, 3524043.916400000452995 ], [ -10638476.909, 3524070.953500002622604 ], [ -10638312.1563, 3524219.787299998104572 ], [ -10638103.2095, 3524156.442699998617172 ], [ -10638040.4253, 3524191.719899997115135 ], [ -10637950.3677, 3524103.784400001168251 ], [ -10637994.5616, 3524036.062899999320507 ], [ -10637967.3996, 3524001.687100000679493 ], [ -10637773.5923, 3524047.3926 ], [ -10637751.5512, 3523946.197300001978874 ], [ -10637710.6969, 3523943.751000002026558 ], [ -10637438.9658, 3524262.918600000441074 ], [ -10637342.1178, 3524265.364799998700619 ], [ -10637393.1023, 3524377.37780000269413 ], [ -10637552.7344, 3524373.515299998223782 ], [ -10637511.9915, 3524509.992399998009205 ], [ -10637613.9602, 3524555.699600003659725 ], [ -10637540.9345, 3524641.706900000572205 ], [ -10637545.9439, 3524812.564499996602535 ], [ -10637506.8708, 3524840.504600003361702 ], [ -10637467.7977, 3524750.247000001370907 ], [ -10637427.0548, 3524760.547399997711182 ], [ -10637421.9341, 3524897.028499998152256 ], [ -10637347.2387, 3524894.067199997603893 ], [ -10637245.3812, 3525086.688400000333786 ], [ -10637116.2505, 3525109.736199997365475 ], [ -10636927.6754, 3525253.174199998378754 ], [ -10636859.7705, 3525480.051600001752377 ], [ -10636644.0333, 3525467.819200001657009 ], [ -10636576.1284, 3525537.093500003218651 ], [ -10636491.1915, 3525390.175800003111362 ], [ -10636355.2704, 3525422.108599998056889 ], [ -10636316.1973, 3525321.417199999094009 ], [ -10636083.5394, 3525355.796400003135204 ], [ -10636146.3237, 3525267.853000000119209 ], [ -10635923.7961, 3525428.93299999833107 ], [ -10635674.1063, 3525497.820900000631809 ], [ -10635482.1914, 3525389.145700000226498 ], [ -10635368.4229, 3525245.319799996912479 ], [ -10635334.3592, 3525233.473899997770786 ], [ -10635283.4861, 3525320.902199998497963 ], [ -10635128.8633, 3525287.553300000727177 ], [ -10635150.9046, 3525206.434500001370907 ], [ -10634885.964, 3525195.618600003421307 ], [ -10634880.8433, 3525105.358400002121925 ], [ -10634790.8972, 3525059.649300001561642 ], [ -10634761.9542, 3524955.999300003051758 ], [ -10634564.9186, 3524803.680500000715256 ], [ -10634513.9342, 3524699.131499998271465 ], [ -10634366.2131, 3524855.826700001955032 ], [ -10634315.1176, 3524837.156999997794628 ], [ -10634276.0444, 3524729.131399996578693 ], [ -10634123.2028, 3524712.393100000917912 ], [ -10633972.0308, 3524563.553800001740456 ], [ -10633914.256, 3524556.729800000786781 ], [ -10633965.2403, 3524432.354900002479553 ], [ -10633892.2147, 3524432.354900002479553 ], [ -10633819.1891, 3524536.515500001609325 ], [ -10633773.3255, 3524512.438799999654293 ], [ -10633734.2523, 3524363.215400002896786 ], [ -10633671.3568, 3524318.92509999871254 ], [ -10633661.2268, 3524192.75 ], [ -10633705.3093, 3524108.805799998342991 ], [ -10633610.2422, 3524076.361100003123283 ], [ -10633705.3093, 3524016.364500001072884 ], [ -10633705.3093, 3523955.081000000238419 ], [ -10633564.3787, 3523978.1266999989748 ], [ -10633615.3631, 3523910.277099996805191 ], [ -10633620.3724, 3523789.513300001621246 ], [ -10633486.2324, 3523663.729900002479553 ], [ -10633486.2324, 3523521.339900001883507 ], [ -10633377.4731, 3523466.366800002753735 ], [ -10633316.3588, 3523370.068099997937679 ], [ -10633180.4376, 3523312.134900003671646 ], [ -10633192.3488, 3523180.562700003385544 ], [ -10633107.412, 3523130.483400002121925 ], [ -10633056.4275, 3523152.11150000244379 ], [ -10633090.4915, 3523249.824600003659725 ], [ -10633000.434, 3523369.553099997341633 ], [ -10632944.3289, 3523374.574100002646446 ], [ -10632711.6712, 3523023.8882 ], [ -10632492.4831, 3522924.631999999284744 ], [ -10632317.6, 3522724.834499999880791 ], [ -10632067.9103, 3522620.302500002086163 ], [ -10631921.8591, 3522421.410899996757507 ], [ -10631826.6808, 3522393.476199999451637 ], [ -10631792.7285, 3522281.9956 ], [ -10631634.7661, 3522210.80799999833107 ], [ -10631476.8037, 3522219.561599999666214 ], [ -10631447.8606, 3522114.003899998962879 ], [ -10631385.0763, 3522148.374499998986721 ], [ -10631340.8825, 3522065.473399996757507 ], [ -10631277.9871, 3522131.768500000238419 ], [ -10631143.847, 3522025.181800000369549 ], [ -10631013.0466, 3521990.811599999666214 ], [ -10631001.1353, 3521734.003700003027916 ], [ -10630860.2049, 3521449.139600001275539 ], [ -10630883.9158, 3521312.180600002408028 ], [ -10630725.8421, 3521098.506899997591972 ], [ -10630725.8421, 3521039.6831 ], [ -10630798.8677, 3520969.918300002813339 ], [ -10630668.1787, 3520765.1316 ], [ -10630697.0103, 3520608.100699998438358 ], [ -10630555.9686, 3520485.823899999260902 ], [ -10630623.9848, 3520356.597900003194809 ], [ -10630617.1943, 3520223.640600003302097 ], [ -10630697.0104, 3520118.099600002169609 ], [ -10630629.1055, 3520026.717200003564358 ], [ -10630651.1467, 3519924.652800001204014 ], [ -10630595.0417, 3519807.78830000013113 ], [ -10630758.1248, 3519779.730700001120567 ], [ -10630674.9691, 3519517.561899997293949 ], [ -10630764.9153, 3519443.944499999284744 ], [ -10630730.9628, 3519273.545199997723103 ], [ -10630657.9371, 3519222.580300003290176 ], [ -10630707.1405, 3519169.556400001049042 ], [ -10630606.9528, 3519181.782700002193451 ], [ -10630555.9685, 3519011.515500001609325 ], [ -10630583.2418, 3518986.934500001370907 ], [ -10630640.9054, 3519035.067199997603893 ], [ -10630612.0736, 3518936.871699996292591 ], [ -10630471.0315, 3518827.995200000703335 ], [ -10630454.1111, 3518743.442699998617172 ], [ -10630398.0061, 3518755.797399997711182 ], [ -10630364.0536, 3518686.560199998319149 ], [ -10630301.2695, 3518675.75 ], [ -10630296.1487, 3518607.027800001204014 ], [ -10630223.1232, 3518590.297700002789497 ], [ -10630148.3164, 3518361.999200001358986 ], [ -10630240.0436, 3518299.713100001215935 ], [ -10630131.3958, 3518243.218599997460842 ], [ -10630126.275, 3518193.158600002527237 ], [ -10630165.3483, 3518192.129000000655651 ], [ -10630114.364, 3518089.564599998295307 ], [ -10630165.3482, 3518078.240099996328354 ], [ -10630070.1701, 3517872.599399998784065 ], [ -10629987.0144, 3517844.15990000218153 ], [ -10630019.297, 3517673.781900003552437 ], [ -10629710.1627, 3517417.061200000345707 ], [ -10629263.3262, 3517405.737400002777576 ], [ -10629139.4275, 3517342.426700003445148 ], [ -10629049.37, 3517354.780000001192093 ], [ -10628828.5121, 3517143.617799997329712 ], [ -10628745.3564, 3517229.060199998319149 ], [ -10628721.534, 3517024.333800002932549 ], [ -10628592.4034, 3517070.01410000026226 ], [ -10628529.6192, 3516979.6831 ], [ -10628262.8977, 3516857.955799996852875 ], [ -10628106.605, 3516875.584499999880791 ], [ -10628028.4587, 3516967.973499998450279 ], [ -10627950.3125, 3516880.988600000739098 ], [ -10627875.617, 3516865.290299996733665 ], [ -10627712.534, 3516927.697899997234344 ], [ -10627651.4194, 3516996.410999998450279 ], [ -10627401.7298, 3516859.886 ], [ -10627270.9294, 3516904.1503000035882 ], [ -10627250.558, 3517063.194399997591972 ], [ -10627126.548, 3517080.308399997651577 ], [ -10627029.7, 3516966.944200001657009 ], [ -10626937.9728, 3517058.690499998629093 ], [ -10626769.8803, 3517104.371200002729893 ], [ -10626713.6639, 3517008.635399997234344 ], [ -10626550.5808, 3517132.422799997031689 ], [ -10626382.4883, 3516995.381700001657009 ], [ -10626183.6716, 3517092.146700002253056 ], [ -10626093.7255, 3516979.6831 ], [ -10625923.8519, 3516983.157499998807907 ], [ -10625867.7468, 3517024.333999998867512 ], [ -10625867.7468, 3517211.431400001049042 ], [ -10625789.6007, 3517206.026799999177456 ], [ -10625702.994, 3517297.775200001895428 ], [ -10625726.8164, 3517410.241499997675419 ], [ -10625473.6758, 3517558.482500001788139 ], [ -10625162.8715, 3517502.505800001323223 ], [ -10625076.265, 3517627.198899999260902 ], [ -10624901.2708, 3517621.794200003147125 ], [ -10624818.0038, 3517678.157399997115135 ], [ -10624705.9051, 3517513.829700000584126 ], [ -10624434.1741, 3517613.944600000977516 ], [ -10624315.2849, 3517548.187899999320507 ], [ -10624265.9703, 3517723.840000003576279 ], [ -10624186.1541, 3517737.094700001180172 ], [ -10624033.3125, 3517665.932599999010563 ], [ -10623928.0042, 3517774.927699998021126 ], [ -10623865.1087, 3518008.620700001716614 ], [ -10623802.2132, 3518077.339699998497963 ], [ -10623386.1008, 3518196.118600003421307 ], [ -10623231.5893, 3518145.029399998486042 ], [ -10622849.318, 3518377.699600003659725 ], [ -10622623.4508, 3518401.764799997210503 ], [ -10622516.4728, 3518280.023999996483326 ], [ -10622431.4246, 3517785.222499996423721 ], [ -10622234.3891, 3517574.69650000333786 ], [ -10622023.7726, 3517507.910499997437 ], [ -10622003.2896, 3517273.712099999189377 ], [ -10621918.3529, 3517280.145999997854233 ], [ -10621855.5687, 3517189.298799999058247 ], [ -10621719.6476, 3517138.728200003504753 ], [ -10621775.7525, 3517097.03660000115633 ], [ -10621957.4261, 3517109.260899998247623 ], [ -10621923.4737, 3516948.800999999046326 ], [ -10621505.6915, 3516619.909400001168251 ], [ -10621252.551, 3516555.573299996554852 ], [ -10621286.5033, 3516380.837899997830391 ], [ -10621104.8298, 3516284.206799998879433 ], [ -10621053.8455, 3516211.50900000333786 ], [ -10621111.6203, 3516039.73759999871254 ], [ -10621274.5921, 3515922.908699996769428 ], [ -10621150.6934, 3515690.283399999141693 ], [ -10621048.7248, 3515631.355700001120567 ], [ -10621065.7566, 3515495.874600000679493 ], [ -10620992.6197, 3515455.732299998402596 ], [ -10620810.9464, 3515495.874700002372265 ], [ -10620664.8949, 3515381.623999997973442 ], [ -10620613.9106, 3515404.65429999679327 ], [ -10620433.7958, 3515342.254000000655651 ], [ -10620178.9854, 3515355.505999997258186 ], [ -10620134.9028, 3515270.204700000584126 ], [ -10619914.0451, 3515165.734200000762939 ], [ -10619739.0507, 3514680.831299997866154 ], [ -10619530.2152, 3514429.059799998998642 ], [ -10619141.1535, 3514271.078199997544289 ], [ -10619034.1754, 3514128.793099999427795 ], [ -10618922.0766, 3514215.630500003695488 ], [ -10618898.2543, 3514339.776699997484684 ], [ -10618543.1451, 3514395.739500001072884 ], [ -10618419.135, 3514367.693899996578693 ], [ -10618334.1983, 3514413.364600002765656 ], [ -10618166.1058, 3514759.824699997901917 ], [ -10617838.2698, 3514714.667199999094009 ], [ -10617753.3331, 3514794.175399996340275 ], [ -10617595.3707, 3514764.713600002229214 ], [ -10617488.3926, 3514668.609499998390675 ], [ -10617488.3926, 3514537.512999996542931 ], [ -10617442.529, 3514509.080799996852875 ], [ -10617342.2301, 3514594.505699999630451 ], [ -10617194.5091, 3514622.423199996352196 ], [ -10617077.2896, 3514589.102200001478195 ], [ -10616992.3529, 3514430.089199997484684 ], [ -10616951.6098, 3513931.964199997484684 ], [ -10616851.4223, 3513771.930100001394749 ], [ -10616579.58, 3513574.20610000193119 ], [ -10616270.4457, 3513590.929499998688698 ], [ -10616134.5245, 3513448.137599997222424 ], [ -10616010.5147, 3513410.317400000989437 ], [ -10615869.5841, 3513609.582800000905991 ], [ -10615745.5741, 3513498.693499997258186 ], [ -10615497.5542, 3513472.579499997198582 ], [ -10615366.7537, 3513359.247400000691414 ], [ -10614926.819, 3513477.467799998819828 ], [ -10614700.8404, 3513313.580300003290176 ], [ -10614350.9632, 3513394.108800001442432 ], [ -10614323.6899, 3513075.085500001907349 ], [ -10614175.9689, 3512960.341899998486042 ], [ -10613820.9709, 3512892.55120000243187 ], [ -10613550.9097, 3512524.531700000166893 ], [ -10613432.0206, 3512183.53490000218153 ], [ -10612975.0539, 3512070.214299999177456 ], [ -10612924.0695, 3511665.94709999859333 ], [ -10612834.0121, 3511633.534299999475479 ], [ -10612304.1312, 3511660.930799998342991 ], [ -10611915.0694, 3511506.45610000193119 ], [ -10611944.0125, 3511307.738200001418591 ], [ -10611762.2278, 3511121.24210000038147 ], [ -10611689.2021, 3510923.5591000020504 ], [ -10611373.2773, 3510803.304700002074242 ], [ -10611273.0896, 3510481.002400003373623 ], [ -10611165.889, 3510332.329300001263618 ], [ -10610967.1837, 3510314.19539999961853 ], [ -10610641.0174, 3510456.437700003385544 ], [ -10610510.2171, 3510457.981100000441074 ], [ -10610449.1027, 3510395.605200000107288 ], [ -10610206.2034, 3510038.589599996805191 ], [ -10610106.0158, 3509651.105099998414516 ], [ -10609975.2154, 3509528.933600001037121 ], [ -10609810.4625, 3509452.416299998760223 ], [ -10609722.0748, 3509305.169699996709824 ], [ -10609756.1386, 3509174.257100000977516 ], [ -10609975.2153, 3509015.825800001621246 ], [ -10610134.8475, 3508371.191299997270107 ], [ -10610077.0727, 3507944.410499997437 ], [ -10610004.0471, 3507774.293600000441074 ], [ -10609773.059, 3507780.079899996519089 ], [ -10609643.9284, 3507728.646600000560284 ], [ -10609261.7685, 3507335.703599996864796 ], [ -10609153.1206, 3507578.977200001478195 ], [ -10608451.585, 3507597.621399998664856 ], [ -10608047.7178, 3507342.003899998962879 ], [ -10607959.2189, 3507117.764300003647804 ], [ -10607213.378, 3507283.886399999260902 ], [ -10607081.4644, 3507371.191500000655651 ], [ -10606400.4116, 3507507.614900000393391 ], [ -10605743.849, 3507705.501999996602535 ], [ -10605320.8348, 3507641.210799999535084 ], [ -10604741.9733, 3507692.643799997866154 ], [ -10602028.894, 3510177.356700003147125 ], [ -10599732.4839, 3512360.914399996399879 ], [ -10598061.0214, 3513866.999099999666214 ], [ -10597417.038, 3514521.946800000965595 ], [ -10593923.1457, 3517765.197599999606609 ], [ -10593467.3164, 3516496.960500001907349 ], [ -10592152.8061, 3514537.147100001573563 ], [ -10592591.4428, 3514171.745300002396107 ], [ -10592486.0743, 3513830.967100001871586 ], [ -10592155.2187, 3513191.032499998807907 ], [ -10591703.7649, 3512771.172899998724461 ], [ -10591466.1322, 3512451.836000002920628 ], [ -10591397.5289, 3511943.450900003314018 ], [ -10591210.0437, 3511750.367200002074242 ], [ -10590886.6651, 3511210.1963 ], [ -10590497.3313, 3510857.95719999819994 ], [ -10589399.1106, 3509593.432499997317791 ], [ -10589123.0136, 3509167.990500003099442 ], [ -10589140.7028, 3508543.261 ], [ -10589282.2304, 3508369.321999996900558 ], [ -10589800.498, 3506753.449100002646446 ], [ -10590402.367, 3505494.301700003445148 ], [ -10591563.619, 3506299.593099996447563 ], [ -10592005.126, 3506653.635099999606609 ], [ -10591845.8767, 3507088.774999998509884 ], [ -10591877.9012, 3507615.938100002706051 ], [ -10592445.0347, 3508197.883000001311302 ], [ -10593247.9573, 3508125.45830000191927 ], [ -10593982.8032, 3507326.477099999785423 ], [ -10594761.8149, 3507213.674400001764297 ], [ -10595249.1509, 3506815.049500003457069 ], [ -10595585.2816, 3506473.209299996495247 ], [ -10596180.3438, 3506272.185000002384186 ], [ -10596686.4877, 3506389.642899997532368 ], [ -10597178.9765, 3505636.237499997019768 ], [ -10597672.6135, 3505427.233000002801418 ], [ -10597783.6948, 3505286.79110000282526 ], [ -10597810.0407, 3505127.666599996387959 ], [ -10597712.5897, 3504917.32660000026226 ], [ -10597320.8666, 3504497.80290000140667 ], [ -10597284.5906, 3504311.220600001513958 ], [ -10597366.2409, 3504166.71509999781847 ], [ -10597424.2438, 3503752.47240000218153 ], [ -10597483.2271, 3503628.694700002670288 ], [ -10597589.2054, 3503555.899400003254414 ], [ -10597714.1919, 3503678.724200002849102 ], [ -10597786.4815, 3503673.857100002467632 ], [ -10597918.9823, 3503594.188699997961521 ], [ -10597917.6687, 3503438.314400002360344 ], [ -10593600.6647, 3503295.648699998855591 ], [ -10598993.5956, 3501224.298900000751019 ], [ -10599564.9205, 3500891.9358000010252 ], [ -10599326.0519, 3500749.938299998641014 ], [ -10598983.8054, 3500708.037799999117851 ], [ -10598984.6252, 3500294.206299997866154 ], [ -10598756.4708, 3498828.587499998509884 ], [ -10598174.7926, 3498837.582299999892712 ], [ -10598319.3243, 3498660.368199996650219 ], [ -10598510.8488, 3498646.506399996578693 ], [ -10598670.909, 3498564.00450000166893 ], [ -10598766.8289, 3498425.366899996995926 ], [ -10598965.0363, 3497863.106499999761581 ], [ -10599191.2453, 3497883.042499996721745 ], [ -10599364.9628, 3497602.645099997520447 ], [ -10599377.4564, 3497512.290600001811981 ], [ -10599555.1784, 3497312.072599999606609 ], [ -10599752.8457, 3497205.659800000488758 ], [ -10599720.3158, 3495102.642399996519089 ], [ -10599032.4645, 3495102.274599999189377 ], [ -10598785.6, 3495061.960199996829033 ], [ -10598533.758, 3494966.473999999463558 ], [ -10598318.4556, 3494811.369999997317791 ], [ -10602145.4458, 3490526.290700003504753 ], [ -10602184.9332, 3490699.799500003457069 ], [ -10602123.3185, 3491080.555500000715256 ], [ -10601728.6868, 3491488.829800002276897 ], [ -10601714.8051, 3491590.697200000286102 ], [ -10601876.4005, 3491747.559900000691414 ], [ -10602044.4947, 3492079.091499999165535 ], [ -10602385.1154, 3492386.756999999284744 ], [ -10602478.4106, 3492630.120399996638298 ], [ -10602531.2965, 3493289.961499996483326 ], [ -10602570.0445, 3493395.383199997246265 ], [ -10602730.9878, 3493550.762199997901917 ], [ -10603059.1622, 3493641.963299997150898 ], [ -10603275.582, 3493654.462099999189377 ], [ -10604196.8037, 3492960.820000000298023 ], [ -10604592.6913, 3492845.821900002658367 ], [ -10604892.3513, 3492681.714199997484684 ], [ -10605680.4277, 3492847.015799999237061 ], [ -10605933.7613, 3492792.19030000269413 ], [ -10606614.6406, 3492778.274499997496605 ], [ -10606777.0211, 3492657.952500000596046 ], [ -10607124.3063, 3492550.160499997437 ], [ -10607312.1081, 3492424.756700001657009 ], [ -10607956.4202, 3492633.326499998569489 ], [ -10608179.9041, 3492900.889899998903275 ], [ -10608233.7862, 3493056.562600001692772 ], [ -10608169.3588, 3493241.027099996805191 ], [ -10608213.5881, 3493244.4358000010252 ], [ -10608203.8229, 3494299.262900002300739 ], [ -10608074.0274, 3494459.643899999558926 ], [ -10607995.9167, 3494490.954300001263618 ], [ -10607996.9065, 3494641.246500000357628 ], [ -10607706.2268, 3494636.755900003015995 ], [ -10607592.757, 3495158.261100001633167 ], [ -10605518.3894, 3497368.739200003445148 ], [ -10605340.0876, 3497291.47240000218153 ], [ -10605241.0795, 3497419.540299996733665 ], [ -10605000.8357, 3497397.490500003099442 ], [ -10604996.8422, 3497279.244800001382828 ], [ -10604611.2763, 3497348.066200003027916 ], [ -10604579.3799, 3497102.120099999010563 ], [ -10604486.1339, 3497050.20889999717474 ], [ -10604470.8102, 3497560.002400003373623 ], [ -10605004.5505, 3497549.745300002396107 ], [ -10605129.294, 3497601.011699996888638 ], [ -10605184.0604, 3497681.048299998044968 ], [ -10605240.3311, 3497666.400799997150898 ], [ -10605171.9851, 3497739.563299998641014 ], [ -10605216.5059, 3498018.207299999892712 ], [ -10605532.2905, 3498316.201999999582767 ], [ -10605526.2313, 3498529.3108000010252 ], [ -10605582.7797, 3498686.98200000077486 ], [ -10605549.6942, 3499069.10080000013113 ], [ -10606699.4372, 3499023.933799996972084 ], [ -10607021.1641, 3499139.123700000345707 ], [ -10606187.42, 3501292.574199996888638 ], [ -10606130.8736, 3501282.718900002539158 ], [ -10606033.566, 3501770.642499998211861 ], [ -10605361.0165, 3503717.037000000476837 ], [ -10605540.1625, 3503762.38289999961853 ], [ -10607038.0151, 3503744.328000001609325 ], [ -10607028.5714, 3504190.80120000243187 ], [ -10608211.1438, 3504183.080700002610683 ], [ -10609743.2882, 3504106.946999996900558 ], [ -10609739.4077, 3503987.362199999392033 ], [ -10612102.686, 3505015.647399999201298 ], [ -10618363.9808, 3506318.966600000858307 ], [ -10619772.0614, 3507002.934000000357628 ], [ -10620065.7313, 3507027.652099996805191 ], [ -10620254.7768, 3507015.784599997103214 ], [ -10622504.2967, 3506492.707699999213219 ], [ -10625291.1765, 3505524.64469999819994 ], [ -10629342.2549, 3502930.142399996519089 ], [ -10629560.1583, 3502399.881399996578693 ], [ -10629421.9094, 3502331.711000002920628 ], [ -10629033.8414, 3501921.179799996316433 ], [ -10628865.5983, 3501917.976899996399879 ], [ -10628745.6335, 3501993.3108000010252 ], [ -10628664.6791, 3501776.570600003004074 ], [ -10628605.6484, 3501410.112099997699261 ], [ -10628225.033, 3500824.85700000077486 ], [ -10628101.0895, 3500722.921800002455711 ], [ -10628210.0723, 3500604.187200002372265 ], [ -10628663.4333, 3500309.921999998390675 ], [ -10628567.2982, 3500161.886 ], [ -10628631.7905, 3500127.073899999260902 ], [ -10628800.0222, 3500200.00110000371933 ], [ -10628776.0596, 3500249.691799998283386 ], [ -10628981.2766, 3500309.72919999808073 ], [ -10629084.9034, 3500215.310199998319149 ], [ -10629036.4993, 3500102.205600000917912 ], [ -10629196.501, 3499983.41499999910593 ], [ -10629274.2299, 3500095.512800000607967 ], [ -10629509.7362, 3499975.98369999974966 ], [ -10628845.2523, 3498966.586300000548363 ], [ -10623953.4843, 3499102.082299999892712 ], [ -10623937.9124, 3498361.171899996697903 ], [ -10623305.5504, 3498363.814099997282028 ], [ -10623301.531, 3498184.520900003612041 ], [ -10622606.6218, 3498184.837600000202656 ], [ -10622608.5249, 3497839.634700000286102 ], [ -10622452.4684, 3497860.38289999961853 ], [ -10622454.8926, 3497780.739 ], [ -10622319.8161, 3497790.259800001978874 ], [ -10622061.8326, 3497969.890799999237061 ], [ -10621908.3521, 3497982.107199996709824 ], [ -10621879.3213, 3497380.564000003039837 ], [ -10621252.5922, 3495336.736900001764297 ], [ -10621193.7548, 3494638.21169999986887 ], [ -10621277.7096, 3492643.5574000030756 ], [ -10624565.5857, 3492571.312700003385544 ], [ -10623131.1147, 3490438.317299999296665 ], [ -10626950.0209, 3490378.427400000393391 ], [ -10627090.7414, 3490546.222999997437 ], [ -10627411.925, 3490542.033100001513958 ], [ -10627517.5903, 3490578.461499996483326 ], [ -10627567.8835, 3490367.712399996817112 ], [ -10627536.5141, 3490080.741599999368191 ], [ -10627442.706, 3489965.882399998605251 ], [ -10627774.0477, 3489937.088699996471405 ], [ -10627776.5147, 3490096.600199997425079 ], [ -10628729.1771, 3490102.54110000282526 ], [ -10628731.5492, 3490196.399800002574921 ], [ -10628868.5051, 3490193.249300003051758 ], [ -10628869.9046, 3490284.995099999010563 ], [ -10629134.1521, 3490289.860500000417233 ], [ -10629127.2537, 3489896.790600001811981 ], [ -10629602.8197, 3489942.421400003135204 ], [ -10630098.2557, 3490190.795900002121925 ], [ -10630527.7482, 3490217.288400001823902 ], [ -10630520.3223, 3489875.267300002276897 ], [ -10630401.9575, 3489498.651799999177456 ], [ -10630392.5786, 3489222.236000001430511 ], [ -10627487.4518, 3483295.238399997353554 ], [ -10623093.8916, 3483315.468599997460842 ], [ -10623090.679, 3483134.239900000393391 ], [ -10622995.2026, 3483119.622599996626377 ], [ -10621093.7595, 3483148.172399997711182 ], [ -10621042.2825, 3480318.680500000715256 ], [ -10619826.735, 3480328.445200003683567 ], [ -10619813.5406, 3479535.25789999961853 ], [ -10620552.0757, 3479523.476700000464916 ], [ -10620497.5612, 3476659.163800001144409 ], [ -10620981.6979, 3476650.455600000917912 ], [ -10620948.7401, 3475746.042000003159046 ], [ -10620893.8037, 3475518.287799999117851 ], [ -10620954.0405, 3475201.656499996781349 ], [ -10620935.503, 3473421.707599997520447 ], [ -10620816.1683, 3472277.081299997866154 ], [ -10620863.9499, 3472190.291599996387959 ], [ -10621074.6364, 3472041.106200002133846 ], [ -10621061.1596, 3468984.113899998366833 ], [ -10622562.8473, 3468954.885799996554852 ], [ -10623462.6705, 3468798.98030000180006 ], [ -10624439.3518, 3468745.5962999984622 ], [ -10624761.3204, 3468770.075599998235703 ], [ -10625364.0083, 3468899.448600001633167 ], [ -10626049.4269, 3468900.842699997127056 ], [ -10626383.7426, 3468837.863499999046326 ], [ -10626593.9082, 3468747.93129999935627 ], [ -10626578.7467, 3469049.873000003397465 ], [ -10626364.7305, 3470273.771499998867512 ], [ -10626067.5715, 3471718.438400000333786 ], [ -10626123.3928, 3474052.2753000035882 ], [ -10626073.7394, 3474974.21679999679327 ], [ -10625997.1549, 3475179.272699996829033 ], [ -10625754.2778, 3475504.918799996376038 ], [ -10625681.2882, 3475671.050899997353554 ], [ -10625646.1897, 3476552.066100001335144 ], [ -10625515.8718, 3477169.123700000345707 ], [ -10629148.9277, 3480220.845600001513958 ], [ -10629377.1872, 3480054.642399996519089 ], [ -10629668.9783, 3480057.3279 ], [ -10629942.4493, 3480137.579300001263618 ], [ -10629944.6066, 3480422.575900003314018 ], [ -10630300.6183, 3480456.154700003564358 ], [ -10630658.2113, 3480745.108900003135204 ], [ -10630974.6112, 3480357.100699998438358 ], [ -10631099.348, 3480021.987800002098083 ], [ -10631108.5706, 3477880.46000000089407 ], [ -10631059.55, 3477377.393500000238419 ], [ -10631321.7146, 3477451.900399997830391 ], [ -10631628.5856, 3477355.445600003004074 ], [ -10631709.5435, 3477502.608999997377396 ], [ -10631999.13, 3477603.197300001978874 ], [ -10632140.9596, 3477727.682099997997284 ], [ -10632142.9592, 3477660.352200001478195 ], [ -10632337.2355, 3477660.81870000064373 ], [ -10632335.7786, 3477504.554999999701977 ], [ -10632425.8087, 3477500.362300001084805 ], [ -10632433.5034, 3477138.384400002658367 ], [ -10632561.5235, 3477137.626900002360344 ], [ -10632563.9575, 3476541.953500002622604 ], [ -10632749.7406, 3476519.953599996864796 ], [ -10632883.1354, 3476440.485100001096725 ], [ -10633271.969, 3476430.682300001382828 ], [ -10633238.5139, 3476325.54450000077486 ], [ -10633256.4202, 3475823.783900000154972 ], [ -10635907.0004, 3475841.549099996685982 ], [ -10635971.9877, 3476481.304099999368191 ], [ -10636036.9181, 3478519.238899998366833 ], [ -10636057.492, 3482003.833800002932549 ], [ -10639446.4871, 3481946.918399997055531 ] ] ] } }
]
}
