x,y
-10615726.7731,3474782.1383000016
-10617420.5979,3494637.690200001
-10617693.6406,3494568.414300002
-10617730.6859,3494477.9924999997
-10617834.4283,3494626.065200001
-10617828.8955,3494600.376000002
-10617823.4232,3494573.8396999985
-10617819.7606,3494556.1872000024
-10617995.1459,3494508.8374999985
-10618002.6174,3494544.285099998
-10618009.9707,3494578.7190999985
-10618017.4103,3494612.731700003
-10617478.3476,3495184.824500002
-10618136.7232,3494517.5973000005
-10618176.8498,3494517.436999999
-10618108.4491,3494427.667199999
-10618133.8719,3494351.980700001
-10618154.8383,3494427.0046999976
-10618150.2565,3494087.391999997
-10618109.772,3494088.5640999973
-10618030.5443,3494090.1809
-10618149.2645,3494012.471199997
-10618003.9862,3493999.352300003
-10617065.2179,3495383.276100002
-10616197.866,3490923.9804999977
-10616024.6615,3491175.7925999984
-10615942.8831,3491773.6093999967
-10616212.0044,3491120.5754999965
-10616149.916,3490848.545900002
-10616663.7364,3493697.9751999974
-10616426.8257,3492884.4014
-10616874.5499,3492478.5161999986
-10616650.5645,3491657.4108999968
-10617807.1144,3492640.526900001
-10618138.4589,3493113.078400001
-10618138.3482,3492997.3867999986
-10618050.8393,3493055.0386999995
-10618094.6556,3493055.0392000005
-10618094.4964,3493112.8748999983
-10616699.3684,3491785.4209999964
-10617708.5995,3492700.140900001
-10617742.3656,3491042.289300002
-10617319.8313,3490775.8169
-10617713.5655,3490636.194600001
-10617830.7693,3491405.615199998
-10617830.6535,3491266.8707000017
-10617367.9802,3491733.1194999963
-10617433.9896,3491168.880099997
-10617829.9728,3491181.237800002
-10617608.0235,3491476.052699998
-10617687.8333,3491531.4356999993
-10617639.6292,3491532.524899997
-10617611.334,3491533.2981999964
-10617587.2579,3491536.8040999994
-10617535.1749,3491542.102600001
-10617532.67,3491506.5825000033
-10618764.3209,3492174.4575999975
-10618607.509,3492281.6125999987
-10618613.3162,3492217.1027999967
-10616685.5756,3490570.2591999993
-10616634.5344,3490561.2493999973
-10616582.3501,3490617.6796000004
-10616564.0717,3490617.7993
-10621966.5806,3452856.3062999994
-10621879.6937,3452924.3896000013
-10576177.1787,3461004.451399997
-10576160.0039,3460973.3812000006
-10610007.2187,3466048.1190000027
-10609536.6337,3466054.8571000025
-10582371.7533,3492122.649700001
-10582393.9583,3492174.0209000036
-10582097.2631,3492055.9782999977
-10582217.3027,3492053.069799997
-10582429.3086,3492054.3879999965
-10582116.0993,3491929.649599999
-10582022.8741,3491894.8200000003
-10612989.205,3475860.0112000033
-10612998.4342,3475841.4946999997
-10619430.3721,3501320.8049999997
-10583533.5646,3491985.5864999965
-10583372.0938,3491766.7322999984
-10583406.4843,3491950.1174999997
-10583352.4282,3491997.965800002
-10583304.1096,3491876.0339
-10583306.3902,3491853.5634000003
-10583364.7576,3491822.3510000035
-10583431.2142,3491928.1774000004
-10583220.2808,3491930.4460000023
-10583154.3625,3491963.207199998
-10583142.9496,3491977.270800002
-10583134.4419,3491987.3704999983
-10583148.6192,3491970.2518000007
-10583070.8455,3491963.292199999
-10582890.0095,3491941.6467999965
-10582568.2248,3492103.9988999963
-10582488.0958,3492037.471699998
-10582785.5098,3491462.0474999994
-10641254.5087,3466685.6340000033
-10641535.0848,3466701.2349999994
-10641371.7569,3463021.4716000035
-10605696.0931,3479287.0198
-10607820.3134,3454073.385300003
-10607884.0081,3454662.1181000024
-10616325.0259,3494540.645199999
-10616326.1372,3494646.782300003
-10616358.4107,3494702.3713999987
-10616357.238,3494596.0793000013
-10616356.9532,3494568.882799998
-10616356.6628,3494541.156499997
-10635027.4457,3486747.1899000034
-10634944.5128,3486670.2751
-10603629.9157,3470185.1411999986
-10603656.9477,3470801.3312000036
-10603648.2209,3470888.907399997
-10603883.9721,3472435.1753999963
-10603436.9245,3472535.4990999997
-10603807.5404,3472703.5493
-10603673.1622,3472704.6961999983
-10603624.9765,3472705.1357999966
-10606459.3481,3480895.376699999
-10624246.2671,3487553.010499999
-10624147.2966,3487695.850299999
-10622889.7639,3486225.800999999
-10624936.861,3485638.1903000027
-10622528.6803,3484384.7783999965
-10622310.2666,3484485.856899999
-10670127.5776,3507238.6938999966
-10670104.7764,3507228.8171999976
-10670398.8639,3506951.976300001
-10669730.8955,3506821.2223000005
-10669472.5803,3506568.6213999987
-10669569.0148,3506611.696800001
-10669615.8457,3506460.662100002
-10670124.3253,3506659.605899997
-10670552.9196,3506665.0341000035
-10670552.9196,3506665.0341000035
-10650776.9179,3497528.6270999983
-10650739.1963,3497527.911899999
-10650659.9391,3497529.9272999987
-10650817.3068,3497522.0151000023
-10651121.8442,3497530.148599997
-10650996.0243,3497512.2695000023
-10651079.4525,3497519.3794
-10651037.2718,3497511.7613999993
-10651619.62,3497367.9368999973
-10651539.02,3497344.9158999994
-10651618.5443,3497288.716499999
-10651245.2261,3497391.3125
-10651032.7784,3497399.0556000024
-10651091.6283,3497327.934100002
-10651167.1225,3497043.079400003
-10607452.707,3489874.0942
-10607279.5575,3489742.5727000013
-10605835.7628,3488683.231200002
-10606463.1397,3488953.4235000014
-10604286.6331,3489379.2238000035
-10604231.0964,3489078.9353
-10604227.0564,3489018.902999997
-10604112.6447,3488894.0502000004
-10605230.889,3488719.5662999973
-10605453.5805,3488687.4202999994
-10604660.4188,3488988.9092999995
-10604610.3653,3488889.2744000033
-10604162.4943,3488893.1669000015
-10605566.5049,3489034.8225999996
-10603268.4386,3490362.8786000013
-10604089.8592,3488788.1162
-10604089.1804,3488736.253399998
-10604088.9102,3488715.592
-10604277.1334,3488818.0669
-10604298.2107,3488818.0878000036
-10604340.3648,3488818.1291000023
-10604319.342,3488773.9751999974
-10604277.1874,3488773.9337000027
-10604192.8779,3488773.8496999964
-10604171.8002,3488773.828599997
-10604150.7222,3488773.8074999973
-10604149.2776,3488720.5249999985
-10604199.9858,3488721.2047000006
-10604240.5452,3488678.9267000034
-10604240.3584,3488651.2564999983
-10604240.5295,3488623.451200001
-10604305.9226,3488622.0890000015
-10604293.9784,3488711.0854
-10604359.9715,3488662.4170999974
-10604390.3789,3488577.4179999977
-10604418.166,3488683.7449999973
-10604418.816,3488735.8806999996
-10604419.154,3488787.2600999996
-10604171.747,3488817.9619000033
-10604256.1103,3488773.912799999
-10604235.0332,3488773.8918000013
-10605308.9338,3488623.3008999974
-10605382.9536,3488623.463399999
-10605384.772,3488707.4437000006
-10605377.3721,3488752.175800003
-10607233.1677,3488921.3818999976
-10607232.7575,3488884.3259999976
-10607220.0994,3488851.9848999977
-10607185.8894,3488934.2892000005
-10607185.3364,3488884.862300001
-10607172.6785,3488852.520999998
-10607124.6855,3488923.731200002
-10607124.3109,3488887.1445000023
-10606978.2391,3488912.7951000035
-10607048.2225,3488912.095700003
-10641804.6179,3519276.0797000006
-10604226.854,3503267.7514000013
-10608242.4133,3474582.6538999975
-10608379.3944,3474317.2299999967
-10608268.8263,3473788.6477999985
-10636557.2545,3484184.4860000014
-10666794.9318,3478018.786399998
-10666950.2929,3478020.184799999
-10666542.4072,3478003.7036999986
-10581686.5775,3461955.1719999984
-10581007.1807,3462467.1608999968
-10580953.146,3462597.8649000004
-10583060.6957,3463082.1733999997
-10582999.6508,3462414.9069000036
-10584387.8893,3461702.2995999977
-10583452.88,3462395.2393999994
-10577322.8137,3456504.8665999994
-10614810.5759,3493210.5489000008
-10614836.1328,3492246.5864999965
-10615518.9844,3492958.1840000004
-10614896.586,3492879.208800003
-10614991.1861,3493419.773699999
-10614557.0939,3491348.4305000007
-10615387.53,3490839.626199998
-10615747.6353,3490610.1753999963
-10614657.9506,3491666.3703000024
-10614594.1295,3491667.0737000033
-10614532.2399,3491667.0270000026
-10614657.7549,3491510.840499997
-10614679.3679,3491577.766099997
-10614239.0735,3491513.8044999987
-10614492.0455,3491511.887500003
-10607176.2336,3468177.6163000017
-10610596.3069,3455956.699699998
-10611385.9419,3454683.3571999967
-10616685.6362,3454428.2660000026
-10613897.7585,3454317.0407999977
-10615557.1145,3454219.3883000016
-10613731.7664,3454046.6757000014
-10613206.7491,3453686.469899997
-10615267.1459,3453651.6589
-10614044.116,3453373.332199998
-10614102.0013,3453719.7687000036
-10609209.1581,3489917.853699997
-10609294.4645,3489733.850299999
-10609276.7819,3489787.8051000014
-10609242.0897,3489734.196800001
-10609090.2419,3489736.175300002
-10609206.9093,3489734.5062000006
-10609028.6412,3489989.4252000004
-10582690.272,3492265.6098000035
-10582578.6359,3492363.7918
-10582525.9386,3492410.521899998
-10582652.0866,3492424.3121000007
-10633072.2398,3493922.196999997
-10633312.9257,3493921.4231999964
-10633549.4385,3493869.980700001
-10633656.3354,3493742.7584000006
-10633566.108,3493743.7503999993
-10633620.5149,3493743.1492
-10633064.4082,3493804.338100001
-10632990.8746,3493804.152400002
-10632955.2909,3493749.2864999995
-10632665.0049,3493679.6684999987
-10632644.8474,3493675.1636999995
-10632661.164,3493623.601499997
-10632849.8024,3493620.423799999
-10632801.4841,3493620.7961999997
-10632775.1287,3493620.999300003
-10632832.232,3493620.5591999963
-10632757.5309,3493679.0129000023
-10632967.6229,3493678.4460999966
-10632950.0532,3493678.6609999985
-10632923.6989,3493678.9833000004
-10633094.1241,3493676.8988000005
-10633111.6937,3493676.6834999993
-10633129.2633,3493676.468500003
-10633138.0481,3493676.3608999997
-10633076.5546,3493677.1137999967
-10633045.8077,3493677.4900999963
-10633263.7681,3493618.6331999972
-10633263.6848,3493675.1445999965
-10633272.4703,3493675.1577999964
-10633307.6122,3493675.2097999975
-10633290.1245,3493618.672200002
-10633325.2657,3493618.724100001
-10633373.8646,3493674.5754999965
-10633417.7911,3493674.2978999987
-10633620.6859,3493671.4297999963
-10633603.1161,3493671.628399998
-10633284.8567,3493491.5
-10633063.6422,3493546.6603000015
-10633125.0103,3493546.3659000024
-10633150.3784,3493489.5188999996
-10633049.618,3493490.2474000007
-10633164.3638,3493545.962700002
-10632933.6129,3493490.8210000023
-10632885.478,3493547.6988999993
-10632740.93,3493549.7635999992
-10632718.9668,3493549.8778000027
-10632612.0748,3493549.576399997
-10632664.7893,3493549.1301999986
-10632647.2193,3493549.280199997
-10632600.7294,3493493.401799999
-10632909.9978,3493415.4714
-10632957.5631,3493358.4301000014
-10632931.9599,3493415.2277999967
-10632945.1372,3493415.081600003
-10632926.8164,3493358.7712000012
-10632997.8465,3493414.496600002
-10633100.5463,3493357.040600002
-10633136.456,3493412.2289000005
-10633039.8202,3493412.910400003
-10633302.6463,3493412.5288999975
-10633205.6088,3493357.3822000027
-10633276.2133,3493412.2907999977
-10633232.0418,3493412.4924999997
-10633218.8229,3493357.1840000004
-10633158.5239,3492771.8258000016
-10633140.2576,3492719.089299999
-10633087.5513,3492719.6128999963
-10634565.5265,3492434.8247999996
-10636228.6961,3493593.0046000034
-10636261.2009,3493592.746600002
-10611218.4596,3490560.0308
-10611909.9076,3490557.030199997
-10612108.4847,3490424.8949000016
-10612326.7914,3489855.0956000015
-10623073.7977,3451526.9931999967
-10622886.4642,3451056.394299999
-10621615.1324,3450555.2185999975
-10599621.6224,3466778.869599998
-10599354.9301,3465224.5517000034
-10599232.6513,3465174.2057000026
-10600722.1739,3464941.755599998
-10598994.9671,3466836.663999997
-10599008.1663,3466863.4870999977
-10598529.529,3466749.1794999987
-10598420.5359,3466769.150799997
-10598420.5852,3466786.8171000034
-10598385.3325,3466699.1265999973
-10598247.9342,3466324.1400000006
-10598248.3685,3466377.008299999
-10598297.3789,3466323.729500003
-10598297.234,3466306.106700003
-10598409.493,3466054.9164000005
-10598637.0131,3465864.4485
-10598636.2137,3465767.527099997
-10598522.2993,3465944.708899997
-10598408.5937,3465945.658
-10598408.4486,3465928.0358000025
-10598407.7236,3465839.924999997
-10598635.8914,3465675.1037999988
-10598055.0392,3465298.725299999
-10598004.8977,3465299.228500001
-10598006.1993,3465431.3861000016
-10606637.4499,3462695.465999998
-10606672.4151,3473180.9758
-10606676.2697,3472562.5392000005
-10606993.2771,3471975.3280000016
-10607207.8718,3471939.2302
-10606338.1191,3479873.1930000037
-10607135.4653,3479796.5160000026
-10606834.946,3481121.6185000017
-10594923.1246,3464756.913400002
-10594708.8672,3463815.533399999
-10608152.6734,3469058.4684000015
-10612583.5603,3480058.753899999
-10594937.4643,3445973.5798000023
-10602885.0152,3459528.621600002
-10602911.9894,3459506.4976999983
-10602938.7275,3459485.2366999984
-10602925.8938,3459495.8709999993
-10602898.4,3459517.515299998
-10602998.6917,3459528.0046000034
-10602985.2045,3459539.0538000017
-10603063.6077,3459635.7628000006
-10603066.1465,3460035.0429000035
-10603073.7625,3460017.3241000026
-10603068.8597,3459956.7446999997
-10603058.7538,3459971.6718999967
-10602986.511,3459936.8005999997
-10603000.02,3459925.578900002
-10602734.596,3459488.1050999984
-10602873.7449,3460028.2458000034
-10602955.5032,3459961.413400002
-10602907.4374,3459929.988499999
-10602914.6483,3459994.8774999976
-10603001.3606,3460018.3249000013
-10602973.814,3460041.044200003
-10602960.0261,3460052.0666999966
-10602987.294,3460029.5786999986
-10603062.2046,3460203.6111999974
-10602998.9621,3460182.738499999
-10602922.9859,3460315.3633999974
-10602703.0064,3460003.3206999972
-10602702.8325,3459933.854500003
-10602675.8453,3459955.970200002
-10602648.4374,3459978.485299997
-10602609.7017,3460173.5600999966
-10602773.2323,3460275.300999999
-10602838.3776,3460384.1867000014
-10602804.2823,3460342.0559
-10602784.3587,3460428.8368000016
-10602897.3726,3460429.2484000027
-10602856.4114,3460463.016599998
-10602929.9814,3460636.775700003
-10603011.3559,3460569.7788999975
-10602935.6405,3460560.8703000024
-10602921.8768,3460572.361100003
-10603070.0842,3460615.1926999986
-10603056.2893,3460626.831299998
-10603094.9411,3460806.227499999
-10603078.7363,3460935.6938000023
-10603019.606,3460891.7380999997
-10602904.7134,3460750.1898000017
-10602784.2723,3460685.4042000026
-10602766.0995,3460607.4870999977
-10602771.9495,3460531.4211999997
-10602758.2843,3460542.0666000023
-10602744.8353,3460553.409500003
-10602652.6019,3460536.1371000037
-10602398.8266,3460181.4971999973
-10602412.5297,3460170.464400001
-10602381.3086,3460104.255400002
-10602198.9764,3460091.8510999978
-10602202.3179,3460180.7206000015
-10602276.1241,3460355.029600002
-10602301.3235,3460261.3310000002
-10602267.3563,3460289.191399999
-10602400.3619,3460508.2377000004
-10602543.5638,3460626.8352999985
-10602676.5185,3460681.7426000014
-10602600.6071,3460671.4624999985
-10602828.4682,3460868.774599999
-10602746.9791,3460880.1230000034
-10602777.4693,3461089.4337000027
-10602791.0519,3461078.2996999994
-10602689.7243,3460926.1433999985
-10602564.3946,3460938.206600003
-10602618.3121,3460893.914300002
-10602610.4785,3460827.4223000035
-10602570.0903,3460860.4310000017
-10602556.4129,3460871.4926000014
-10602485.8929,3460674.595399998
-10602413.4229,3460662.3574
-10602226.323,3460395.464900002
-10602091.557,3460180.1143999994
-10602085.0732,3460185.4970000014
-10602051.0879,3460213.5062000006
-10602023.827,3460235.924900003
-10601932.9756,3460311.6071999967
-10601946.1252,3460299.9870999977
-10601953.0323,3460294.6625000015
-10601833.2251,3460321.2507999986
-10601939.2916,3460305.3532999977
-10601990.9616,3460425.6477999985
-10602018.143,3460403.3752999976
-10602107.0818,3460658.2026999965
-10602149.9753,3460622.040100001
-10602142.0848,3460556.248499997
-10602148.7974,3460550.6164000034
-10602189.878,3460754.743900001
-10602203.3724,3460743.502899997
-10602195.0198,3460678.1614999995
-10602154.5364,3460711.884300001
-10602292.8733,3460833.0791999996
-10602346.6212,3460788.465099998
-10602364.4217,3460866.7883
-10602520.2384,3460973.849600002
-10601410.6319,3459975.025600001
-10599936.1902,3461232.744099997
-10599799.3256,3461290.4981999993
-10596523.1755,3459650.289300002
-10596515.98,3459235.8772
-10595031.9638,3460933.6977000013
-10595015.9091,3461043.1787
-10594877.0923,3461032.610299997
-10594777.9529,3460966.0309000015
-10622400.7933,3514372.729500003
-10618981.5567,3493896.2814000025
-10618527.5264,3494373.072300002
-10618526.754,3494430.9684000015
-10618979.5527,3494462.842299998
-10618313.8642,3491447.8636000007
-10618314.2072,3491565.8747000024
-10618610.6966,3491609.405000001
-10618760.9569,3491651.642499998
-10618730.3651,3493088.9733999968
-10618271.8066,3493247.6994000003
-10619054.1396,3493143.3840999976
-10632248.7274,3494121.848099999
-10632281.5809,3494077.4483999982
-10632633.1972,3494101.2858000025
-10632868.8711,3494099.596000001
-10632903.2387,3493996.1961999983
-10632903.781,3494068.424800001
-10632885.9119,3494028.8232999966
-10632868.5398,3494055.4463
-10633167.4445,3494079.6684999987
-10633220.2239,3494088.0974999964
-10633255.4988,3494105.4900999963
-10633343.287,3494095.9913000017
-10633342.9541,3494051.841499999
-10633571.2423,3494032.4399999976
-10633659.6979,3494111.238300003
-10633658.165,3494042.617200002
-10633574.4121,3494200.2239999995
-10633574.281,3494182.5639000013
-10633574.0844,3494156.0738999993
-10633486.6875,3494218.5424000025
-10633433.7123,3494183.6169999987
-10633345.6608,3494157.7842999995
-10633310.7147,3494184.537100002
-10633310.5839,3494166.8770999983
-10633310.4533,3494149.217100002
-10633255.8314,3494149.6400000006
-10633080.5195,3494203.9558999985
-10632957.787,3494240.209899999
-10632957.5549,3494209.304700002
-10632992.3323,3494160.473099999
-10632957.1901,3494160.739699997
-10632902.798,3494236.7874
-10632904.4105,3494152.3093999997
-10632701.4196,3494160.690899998
-10632722.0441,3494233.0713
-10632370.2923,3494191.5759000033
-10632370.8197,3494262.2163999975
-10632370.5561,3494226.8960999995
-10632247.3608,3494201.332999997
-10632282.1737,3494156.918200001
-10617786.2865,3483884.457699999
-10617591.6774,3483853.4133
-10617494.2227,3483844.8043000028
-10644376.7341,3516073.3813000023
-10644506.9574,3516143.034199998
-10643295.6633,3516825.088200003
-10641428.3732,3513358.351499997
-10640768.2379,3517437.1890999973
-10641431.8688,3515427.1274000034
-10587909.6914,3505389.1827000007
-10602040.8572,3470022.7032999992
-10602189.359,3470208.4179999977
-10602045.1652,3470544.3005999997
-10606404.8556,3479219.3297000006
-10622317.4981,3514668.6341999993
-10622323.5725,3514905.3012000024
-10616795.7077,3480968.5451000035
-10571551.6076,3469337.320299998
-10571552.2139,3469298.9587000012
-10571406.7209,3469471.9574000016
-10571362.1663,3469416.5103999972
-10571538.0909,3469617.037100002
-10571522.2356,3469610.7695999965
-10571505.9037,3469604.4614000022
-10571457.3733,3469585.486299999
-10571408.0109,3469566.2348999977
-10571338.5295,3469501.9064000025
-10632636.8798,3499075.373999998
-10588958.2623,3489012.4284999967
-10592683.4765,3489435.3816
-10592327.4427,3490332.7475000024
-10591856.7523,3489379.4557000026
-10591834.4664,3490162.619099997
-10592054.2975,3489678.059100002
-10591810.917,3490376.6243999973
-10592260.2122,3490230.597900003
-10592091.8934,3491334.336599998
-10568146.0051,3478868.8594999984
-10585938.9469,3508945.407499999
-10586037.2942,3508984.9509999976
-10582302.2192,3509021.9870999977
-10582305.0317,3509131.699699998
-10582364.3604,3509646.8720000014
-10657209.6906,3514777.590499997
-10657349.0658,3514153.234700002
-10656820.302,3515001.4021999985
-10654434.1176,3514374.6356000006
-10654626.3959,3513917.031300001
-10657151.647,3515105.7400999963
-10656964.6778,3514810.5527999997
-10656907.0753,3515266.4283000007
-10657199.3729,3514858.3122999966
-10656541.9821,3513503.0569999963
-10657399.0906,3513163.116700001
-10656827.7471,3514881.503700003
-10656768.6023,3514882.097599998
-10656887.8964,3514838.2707
-10656759.6821,3514832.746600002
-10656792.3984,3515245.3880999982
-10656801.7729,3514723.4345000014
-10644041.1241,3499528.223899998
-10644551.5798,3501024.963399999
-10669514.5652,3514512.535400003
-10672897.0659,3518640.0779
-10672856.555,3516434.4935000017
-10591881.2682,3439857.1450999975
-10577582.5933,3495556.8024000004
-10576933.8162,3495988.018600002
-10574751.9817,3496991.527999997
-10575837.3526,3496377.485100001
-10575258.3853,3496961.288999997
-10574537.9358,3496958.460000001
-10575326.565,3496118.262699999
-10576984.9085,3495978.8332
-10576229.6092,3496727.4601000026
-10576189.5103,3496511.972099997
-10576176.1442,3496440.143600002
-10577703.1615,3496054.0085999966
-10576622.5643,3496043.617200002
-10574891.8121,3497022.2633000016
-10575271.4973,3497020.0084000006
-10577738.5122,3496047.7104
-10575142.2388,3497053.6679999977
-10575117.3942,3496837.685800001
-10574739.6481,3497050.295000002
-10574998.7037,3497067.5349999964
-10575198.7069,3496335.6437000036
-10575173.6515,3496555.4267999977
-10576162.5966,3496123.3110999987
-10575060.7237,3497159.5516000018
-10575717.8784,3498771.063000001
-10573934.5907,3498923.3198999986
-10575968.0553,3496370.508100003
-10576728.0457,3498438.0003999993
-10576849.2557,3498416.6871000007
-10577387.9681,3498321.9491000026
-10577603.4655,3498283.9844999984
-10577657.3104,3498274.5503999963
-10577263.6433,3498225.3093999997
-10578041.5305,3498090.2016000003
-10577001.7875,3498267.579099998
-10576583.2814,3498338.3077000007
-10577904.1337,3497981.347599998
-10577937.1977,3497786.230899997
-10652982.7833,3514633.0776000023
-10651391.4815,3515635.0320999995
-10650295.23,3514381.1305000037
-10651344.4487,3515352.3889999986
-10650960.4144,3516422.9814999998
-10571435.8414,3480018.354199998
-10570412.7962,3481526.471900001
-10570886.5797,3481605.8457999974
-10572771.8596,3483453.3263000026
-10574003.7547,3483342.545500003
-10573927.1388,3483134.6812999994
-10573943.8962,3483052.5846000016
-10573813.7636,3483331.7316000015
-10570070.0977,3481692.5741000026
-10570797.9828,3483796.5779
-10591011.4578,3503631.653300002
-10599404.7765,3474989.8993000016
-10599249.5842,3474930.1445000023
-10610092.2008,3477215.8614000008
-10648005.862,3515111.788999997
-10648174.5488,3515349.9505999982
-10647957.5826,3515275.1437000036
-10646968.1319,3515700.544399999
-10648103.8044,3515145.3149999976
-10648179.8233,3515514.753200002
-10648251.06,3515728.6127000004
-10574314.2611,3461971.2892000005
-10582978.1564,3492328.6072999984
-10582761.1064,3489516.776799999
-10582521.7742,3489329.3039999977
-10582620.918,3492190.000500001
-10582611.7093,3491044.5874999985
-10582717.1339,3491045.028099999
-10582743.4846,3491045.1466000006
-10582769.8354,3491045.2651000023
-10582665.6924,3490986.6190000027
-10582834.7796,3490988.389200002
-10582889.7605,3491004.034900002
-10582915.897,3491004.8588000014
-10582942.2479,3491004.9197999984
-10582664.3325,3491044.8258000016
-10582638.0052,3491044.7397999987
-10582514.8897,3488341.3029000014
-10582579.0095,3488226.1909999996
-10582633.4829,3488167.6677
-10582615.0432,3488167.9363999963
-10574462.3482,3499679.5656000003
-10575094.8025,3500362.7650000006
-10574960.6905,3500130.5195999965
-10575458.4643,3500701.167000003
-10574751.4624,3499418.054899998
-10575905.5964,3499363.5474999994
-10575944.8155,3499601.6767999977
-10576071.2895,3500320.161600001
-10576134.4072,3500671.8928999975
-10575776.0232,3500122.7776999995
-10575677.4246,3499559.5190000013
-10575354.3434,3500051.315399997
-10575306.5419,3500060.0940999985
-10575209.5728,3500076.7490999997
-10575549.5668,3500206.3228999972
-10575241.6331,3499543.407700002
-10576335.7943,3501430.1291000023
-10575403.8201,3499116.1328999996
-10575784.5682,3500171.6604999974
-10575337.4039,3500791.4192999974
-10575959.5064,3500864.829599999
-10575840.6646,3501427.764399998
-10575227.7751,3500188.0358999968
-10576025.8278,3500602.764899999
-10580646.6574,3475918.101599999
-10580053.3876,3476065.2117
-10575524.9957,3494966.848899998
-10575769.6703,3493658.561999999
-10576544.085,3495024.1625000015
-10577601.0689,3492489.9701000005
-10576705.8773,3493591.379900001
-10576445.2087,3493643.8882
-10576290.1572,3493675.2005999982
-10576184.7469,3493696.5593999997
-10576514.125,3493630.0205999985
-10586103.4844,3506971.2986999974
-10585946.6535,3507566.074199997
-10586413.4333,3507610.043399997
-10585865.075,3507462.3136000037
-10585991.8358,3507375.6983999982
-10586748.2165,3507563.3351000026
-10586079.7769,3507374.728699997
-10586035.8064,3507375.2139
-10585947.8652,3507376.1828999966
-10585376.2468,3507382.4679000005
-10585340.5265,3507467.5358999968
-10585736.2662,3507463.3816
-10585778.7286,3507462.9648
-10585821.1946,3507462.445799999
-10586041.0299,3507460.476599999
-10586128.97,3507459.358400002
-10586003.0416,3507071.4422999993
-10584363.3166,3507359.2603999972
-10584364.2933,3507525.2440000027
-10582656.8591,3508684.7590999976
-10584061.5464,3508253.2580000013
-10584002.2772,3508254.8483999968
-10584061.5464,3508253.2580000013
-10581592.4098,3508342.5227999985
-10583490.5788,3508261.389899999
-10584323.5053,3507499.934100002
-10582676.5206,3508278.2629999965
-10582532.9637,3508280.652599998
-10585961.3292,3507705.174999997
-10585905.9936,3507760.0556999967
-10585553.6989,3508032.1231999993
-10585519.1664,3508122.333899997
-10585556.1843,3508125.2378999963
-10585589.132,3508127.7459999993
-10586145.9608,3507821.3395000026
-10643309.3749,3518750.9795999974
-10643233.8681,3518618.4988999963
-10643315.2334,3518934.0834000036
-10643317.5337,3518959.9244000018
-10643233.0319,3518522.8275000006
-10643235.0376,3518735.2444999963
-10641600.5365,3519027.5974999964
-10641665.0682,3519566.375699997
-10641982.7272,3519560.9826000035
-10641728.2289,3519581.6988999993
-10641900.8975,3519693.662600003
-10640844.823,3519688.3879000023
-10640690.9376,3520720.4848000035
-10640257.1912,3520114.658500001
-10640441.4567,3518726.8341000006
-10640812.716,3519335.384499997
-10640884.3039,3519431.5781000033
-10640093.3799,3520254.462099999
-10640098.576,3520196.978500001
-10640721.4418,3519213.494599998
-10640723.1305,3519359.1454000026
-10641638.421,3519573.6344000027
-10641637.1723,3519433.4849999994
-10641578.8206,3519414.162600003
-10641543.8428,3519588.830600001
-10641544.9915,3519327.4931000024
-10641483.8771,3519442.012500003
-10641482.4688,3519303.4592999965
-10641443.7076,3519261.2787000015
-10641485.4818,3519579.904799998
-10641484.7026,3519491.4310000017
-10641372.516,3519230.166199997
-10641377.5054,3519555.6532000005
-10584684.7513,3504325.1488000005
-10586076.3453,3504033.9323000014
-10585883.6828,3504037.3972999975
-10586041.9196,3504034.538999997
-10585023.6564,3501163.8478000015
-10584867.2737,3503783.5964
-10584577.927,3503787.7448000014
-10601570.1938,3477270.8379999995
-10584392.9281,3498678.824699998
-10585127.277,3497121.1876000017
-10584058.8644,3497957.121799998
-10586615.552,3496453.271399997
-10586727.1325,3496460.9263999984
-10586714.1087,3496910.095899999
-10585473.117,3511695.1177999973
-10585715.8203,3514165.6846999973
-10585725.3834,3514354.155699998
-10585632.6021,3514448.854500003
-10585459.8745,3514954.6428000033
-10585484.5976,3515228.338600002
-10585821.3596,3515245.637599997
-10586294.1193,3514907.3456000015
-10585826.0189,3515006.0578000024
-10585803.9168,3514890.5539999977
-10585991.3198,3514177.2233999968
-10585997.7583,3514057.439000003
-10586283.0776,3514042.0583999977
-10585901.4342,3511390.512500003
-10586151.2239,3511415.1476000026
-10586230.4747,3512009.4618000016
-10586069.0437,3511769.1050999984
-10585989.6029,3511606.3642999977
-10586236.6839,3511468.6555999964
-10585821.3554,3515145.068599999
-10586229.0508,3511406.1630999967
-10660351.8136,3513620.961599998
-10570590.334,3469779.828400001
-10570516.439,3470024.7343000025
-10569009.6419,3468984.677699998
-10569018.6138,3468959.5154
-10568132.3965,3463051.052699998
-10574591.6835,3468213.434100002
-10574677.1311,3468245.583499998
-10575184.9915,3468526.742700003
-10575313.6551,3469125.7058999985
-10574720.2349,3467920.4092999995
-10573888.0538,3468087.3131000027
-10567891.4949,3470129.764399998
-10567919.815,3470285.432099998
-10568176.0791,3471425.5590000004
-10568157.216,3470262.7430000007
-10567936.5658,3469900.661600001
-10567758.0657,3471695.9705
-10566844.3843,3472848.8149999976
-10567083.6584,3473568.0786999986
-10567416.4924,3472693.449000001
-10567465.0709,3472861.592500001
-10567410.5612,3472948.3753999993
-10568206.159,3473454.181599997
-10568799.6339,3473336.2969999984
-10568955.8775,3474269.216300003
-10639603.8836,3513185.153099999
-10639617.5168,3515392.1899999976
-10636330.7327,3516541.2163999975
-10638264.1287,3515409.0084000006
-10637795.5383,3515340.4587000012
-10583931.198,3479854.353
-10583315.7823,3479713.8347000033
-10583053.5095,3487289.2555000037
-10582701.5629,3487355.0066
-10582490.7673,3487363.2827999964
-10581193.5186,3483910.3828999996
-10580974.617,3483786.4956
-10581573.1728,3483905.8017999977
-10581030.2694,3483785.9287
-10581081.7529,3483784.6499999985
-10581270.5152,3483365.651900001
-10581420.2488,3483562.905299999
-10581153.593,3487364.1203999966
-10581798.8114,3484579.910599999
-10581284.8876,3487262.0544999987
-10582091.3486,3487446.033
-10582025.8399,3487499.2380999997
-10581731.3048,3487374.834399998
-10581618.4502,3487290.397399999
-10582157.2075,3487369.163400002
-10593788.9694,3513249.6158000007
-10646651.3887,3498080.831699997
-10645987.7662,3497296.399099998
-10645800.9929,3497307.045500003
-10650651.1102,3506639.6064999998
-10650650.5585,3506658.8642999977
-10569750.4623,3470401.070600003
-10570757.6221,3471202.1052
-10569703.5712,3471312.050800003
-10569670.9564,3471342.1240999997
-10569188.0515,3476628.3015
-10568970.609,3475587.955600001
-10569203.8597,3476716.496799998
-10569894.3359,3476282.7408000007
-10569587.4726,3475901.6262999997
-10569799.8829,3476666.9239000008
-10566342.3124,3476103.334899999
-10621575.9836,3510798.251500003
-10621531.2577,3510772.1247000024
-10652155.2182,3511395.531999998
-10610001.5755,3506611.468999997
-10603264.7484,3491504.7912999988
-10654933.5094,3506792.2788999975
-10676800.6155,3516146.208800003
-10588297.0426,3517241.7388999984
-10588435.4829,3517403.700099997
-10589214.1888,3517230.9386000037
-10590739.6435,3517731.8106999993
-10591171.5709,3517422.5716999993
-10590735.3075,3517921.0900000036
-10590812.9429,3517998.178199999
-10589186.489,3521028.4381000027
-10588186.543,3521018.6115000024
-10588664.7748,3520612.217600003
-10587829.724,3521927.4478999972
-10587322.6313,3521555.0075000003
-10588189.5167,3522156.684100002
-10588188.0088,3522074.9334999993
-10587436.2179,3521478.4887999967
-10586306.3412,3521498.8762999997
-10587598.1537,3520997.8374999985
-10586318.4179,3522029.678000003
-10586314.8615,3521952.1943999976
-10586438.2589,3521882.838100001
-10586401.3174,3521918.564000003
-10586552.6061,3521918.6322000027
-10586422.5866,3521790.0876
-10588109.7803,3521573.0157999992
-10588766.2449,3521051.6127000004
-10588131.7423,3520871.972400002
-10588082.1771,3520734.6809
-10588250.5663,3520828.7880000025
-10589289.8745,3520982.4714
-10588207.7557,3520926.6832000017
-10587406.268,3521896.714299999
-10589072.0141,3521509.2523000017
-10588510.7013,3521891.7408000007
-10588586.1919,3522028.5156999975
-10588900.459,3521723.5544999987
-10588455.5532,3521884.242700003
-10587702.4686,3520945.212399997
-10587734.7422,3521110.181900002
-10636356.9749,3509432.6648999974
-10636298.2587,3509462.026100002
-10636260.5404,3509482.969300002
-10636439.2611,3509667.0715000033
-10636666.8172,3509373.234700002
-10636443.1886,3509384.0430999994
-10636461.8104,3509448.552500002
-10636488.1683,3509481.788900003
-10636503.387,3509410.038400002
-10636530.4175,3509444.5771000013
-10636541.0281,3509541.463799998
-10636559.3831,3509471.9597000033
-10636638.3472,3509540.528300002
-10636679.1192,3509519.578900002
-10636726.2555,3509583.8778000027
-10636713.0252,3509501.7666999996
-10636782.8828,3509548.343699999
-10636691.7536,3509694.9936999977
-10636783.2801,3509623.6877000034
-10636749.3801,3509761.201200001
-10636816.272,3509698.7091000006
-10636747.2159,3509641.7688999996
-10633265.7071,3490318.1076000035
-10631371.469,3514477.0260000005
-10582686.9352,3496126.0573000014
-10580528.0871,3497881.1631999984
-10647083.2783,3506018.9011999965
-10647362.2473,3506264.4452000037
-10648141.3694,3506343.249499999
-10635994.8126,3491847.3345
-10636498.9251,3491993.806900002
-10636498.6433,3491912.1816999987
-10636498.5269,3491869.595700003
-10636498.4676,3491828.5591999963
-10636548.2426,3491900.757299997
-10636574.5247,3491900.284400001
-10636498.3389,3491788.6586000025
-10636548.3585,3491859.6074
-10636574.4654,3491859.1631999984
-10636598.2466,3491853.813699998
-10636548.992,3491797.221000001
-10636498.3259,3491709.285599999
-10636548.8221,3491756.4412999973
-10636498.1083,3491669.4724999964
-10636497.7951,3491629.4914000034
-10636548.5115,3491694.1743
-10636597.8749,3491697.677500002
-10636497.5025,3491589.5490999967
-10636548.0594,3491654.061300002
-10636597.7809,3491646.953400001
-10636497.2151,3491549.362499997
-10636496.9446,3491509.139399998
-10636547.0891,3491591.9900999963
-10636574.1307,3491591.0581
-10636496.6513,3491468.1701000035
-10636573.9354,3491550.3533999994
-10636597.6136,3491544.6093000025
-10636496.3667,3491427.668300003
-10636547.127,3491489.4756999984
-10636573.6293,3491488.9359000027
-10636496.0374,3491387.4897999987
-10636573.3411,3491448.5254999995
-10636596.9694,3491442.8369999975
-10636572.6,3491386.9143999964
-10636596.4015,3491392.123999998
-10636559.7723,3491995.987800002
-10619797.3277,3512161.9745000005
-10617876.1111,3513521.1450000033
-10617981.281,3513572.666100003
-10617970.8487,3513659.9562000036
-10618020.4121,3513635.6226999983
-10618060.1595,3513702.0568000004
-10617823.3087,3513554.7075000033
-10617822.2966,3513671.1165999994
-10617772.1486,3513587.5108999982
-10617799.2538,3513627.9518000036
-10617908.0468,3513560.2707
-10619516.3235,3512742.8100999966
-10621515.1707,3514140.2575000003
-10630157.4691,3490970.6309999973
-10630378.8189,3490970.8728
-10630164.3187,3490853.317900002
-10629802.5093,3490861.498800002
-10630185.5768,3490970.6620000005
-10602518.4022,3506571.1625000015
-10590002.008,3488429.887000002
-10592218.5532,3488468.680399999
-10636633.6536,3518916.3082000017
-10636778.9179,3518892.405199997
-10636659.3213,3518698.4337000027
-10636613.9525,3518893.309100002
-10636187.4456,3518801.1115000024
-10636951.1562,3518978.220899999
-10636849.5549,3518701.438199997
-10636751.1667,3518940.2326000035
-10636078.3033,3518950.443099998
-10636719.7573,3518940.960699998
-10636622.7141,3518715.5414000005
-10636092.5231,3518631.6028999984
-10635893.4376,3518939.7880000025
-10636126.5991,3518950.144199997
-10635893.9359,3518960.4684000015
-10636007.0915,3518696.4393000007
-10636715.2363,3518894.0847999975
-10636746.4539,3518748.8544000015
-10608757.1778,3490662.893299997
-10669643.1474,3502980.7788999975
-10660683.6504,3509255.458899997
-10660533.2206,3509256.397699997
-10660426.1123,3509257.2386000007
-10660296.4782,3509131.239500001
-10660553.8988,3509129.1455999985
-10660211.6136,3509258.8486
-10660769.4985,3509254.8417000026
-10660941.2417,3509253.547700003
-10660898.2627,3509253.873999998
-10660597.6031,3509256.253899999
-10660082.7355,3509259.768600002
-10660809.4893,3509155.222400002
-10660253.5558,3509131.5689999983
-10660812.6076,3509254.7048999965
-10660254.7734,3509258.766099997
-10660297.691,3509258.0015999973
-10660340.3758,3509257.933600001
-10660768.5076,3509127.4684000015
-10660168.6329,3509259.1120000035
-10660038.8273,3509133.2568000033
-10660813.3768,3509098.9843999967
-10648342.4599,3497493.2568999976
-10631679.0016,3514911.746100001
-10631560.7516,3514911.717
-10631848.9236,3515293.470399998
-10631646.5477,3514911.7299000025
-10632002.787,3515293.7289000005
-10611701.7069,3509119.783
-10611681.1422,3509661.0891000032
-10611524.4121,3509096.532700002
-10611709.552,3508993.287299998
-10612162.3899,3510177.596900001
-10613106.8632,3509654.481399998
-10612171.1383,3510020.4739999995
-10611738.2426,3509369.784900002
-10676633.3909,3506960.6169999987
-10579410.6789,3502308.956100002
-10579774.942,3502311.3128999993
-10580328.4856,3502435.1718000025
-10580220.6617,3502427.3959000036
-10580767.9839,3502192.212700002
-10580816.8358,3502001.052000001
-10580731.6291,3502001.139399998
-10580595.8133,3502004.6106999964
-10580650.6795,3505595.026100002
-10644639.3554,3509123.3024000004
-10644635.1557,3508960.290600002
-10644554.5982,3509335.447300002
-10644551.6214,3509201.2287999988
-10644550.7443,3509170.7058999985
-10644546.6637,3509002.4331
-10644545.942,3508973.667000003
-10644545.0932,3508944.811999999
-10644543.3401,3508888.0583999977
-10644543.3469,3508861.1128999963
-10644541.6619,3508804.1886000037
-10644541.102,3508776.322499998
-10644540.3676,3508748.5266000032
-10644539.6049,3508719.3672999963
-10644539.305,3508690.5524000004
-10644538.324,3508662.5913999975
-10644536.4832,3508578.5485000014
-10644444.1172,3508580.531300001
-10644444.7202,3508608.021300003
-10644445.9504,3508664.5808999985
-10644447.5836,3508749.4869000018
-10644448.6157,3508804.954099998
-10644451.835,3508946.6730000004
-10644452.3004,3508975.357000001
-10644452.4746,3509003.8200000003
-10644453.8073,3509059.9353
-10644455.1983,3509087.6785999984
-10644459.3764,3509301.206699997
-10644460.1689,3509337.362400003
-10644461.0013,3509373.3473000005
-10621201.7342,3509560.709399998
-10670475.0246,3506269.4503000006
-10648638.0573,3513481.154799998
-10648187.5417,3513889.8716999963
-10648556.2865,3513462.4915999994
-10625371.1596,3510917.9685999975
-10626668.5386,3507817.488300003
-10625564.0789,3511288.9799999967
-10626559.2024,3509994.0102000013
-10626679.8872,3510645.7905
-10624980.9769,3510562.3885999992
-10673642.2926,3517440.6785999984
-10673237.1688,3516535.960699998
-10673457.0603,3516533.102300003
-10673704.1796,3516520.278099999
-10673853.3679,3516409.469999999
-10673514.3365,3516304.3927000016
-10673596.749,3516535.3632000014
-10673254.2467,3516068.608000003
-10673406.1773,3516327.134999998
-10673252.3023,3516015.1382
-10673789.8126,3516133.030299999
-10673696.8538,3516411.730700001
-10673564.6115,3516415.1577999964
-10673310.2632,3516419.2836000025
-10673256.1984,3516335.6204999983
-10673785.8288,3515962.737400003
-10673256.2696,3516281.8307000026
-10673258.3803,3516228.003899999
-10673408.2262,3516533.977499999
-10673255.7912,3516122.2870000005
-10675990.1076,3515540.701899998
-10675775.9738,3514960.4602999985
-10674693.0912,3514055.5095999986
-10675634.5391,3514957.514899999
-10675703.9529,3514959.1876000017
-10676102.151,3514606.9261000007
-10675715.55,3514137.0675000027
-10675474.0241,3514140.346500002
-10674780.9398,3515368.716499999
-10675266.7152,3514455.6269999966
-10674942.2046,3514513.150200002
-10674828.0472,3514515.2431000024
-10674857.6882,3514446.329400003
-10675857.0904,3514610.0854
-10675858.6826,3514655.211599998
-10675854.2866,3514911.8900000006
-10675891.0703,3514969.648000002
-10675975.9459,3514967.826399997
-10675998.7192,3514720.5107999966
-10675995.273,3514607.155000001
-10675984.6268,3514452.0868000016
-10675856.0038,3514436.860200003
-10675607.2852,3514440.8109000027
-10675774.7701,3514438.5898
-10675193.4881,3514810.6977000013
-10675258.8777,3514975.233599998
-10675440.3221,3514960.6570999995
-10675498.5752,3514958.9486000016
-10675566.6009,3514955.8795000017
-10675347.988,3514769.507100001
-10675353.5045,3514851.7462000027
-10675496.1175,3514788.5627000034
-10673220.902,3515887.298100002
-10674289.7378,3514045.1941
-10670712.0622,3513205.958499998
-10669614.1591,3512858.664300002
-10670304.4691,3512329.867399998
-10670304.5166,3512415.831600003
-10670182.6372,3512328.8166000023
-10670181.9417,3512160.1209999993
-10669421.8591,3512448.3011000007
-10669581.8711,3512858.960199997
-10674335.6186,3513649.9838000014
-10673228.5431,3513672.909400001
-10673253.4762,3512874.039099999
-10674515.6094,3512972.141400002
-10670927.7872,3510635.592799999
-10670936.3488,3511500.854000002
-10670932.2556,3510996.204400003
-10670338.6767,3508947.9891000018
-10670554.9216,3510008.341600001
-10675522.1232,3509521.974100001
-10675531.6379,3509399.6054999977
-10675494.9477,3509565.3214000016
-10676362.9155,3509631.1939999983
-10674155.278,3507769.179899998
-10674038.4775,3507769.313199997
-10670810.197,3507707.3005999997
-10670830.2947,3507047.110799998
-10671912.1599,3507036.786799997
-10671916.5555,3507334.770199999
-10672103.0434,3506496.4789000005
-10671861.1145,3506572.0693000033
-10671911.2348,3506960.778999999
-10671913.0887,3507112.7951999977
-10672038.0771,3507259.453900002
-10671920.8487,3507626.2880000025
-10672078.7559,3507708.7871999964
-10672519.2896,3507978.5392000005
-10672437.1572,3507350.200099997
-10672011.3968,3507928.349600002
-10671797.1476,3507762.6635999978
-10664283.0651,3508249.283399999
-10664305.7633,3508060.7299000025
-10664699.4272,3507971.9241999984
-10662144.6282,3507465.297700003
-10662142.6473,3507411.1982000023
-10663083.1892,3509094.2748000026
-10663085.067,3509218.218699999
-10662932.4359,3509292.2501000017
-10663069.7113,3509423.6849000007
-10663214.8875,3509578.1120000035
-10663213.5759,3509519.8012999967
-10663147.1373,3509347.5036000013
-10663164.3776,3509217.5540999994
-10663115.7671,3508896.137500003
-10663030.4209,3508824.9817999974
-10663025.8652,3508640.8055000007
-10663024.1498,3508522.4869000018
-10663021.1874,3508348.248499997
-10662910.9871,3508467.826700002
-10662911.1393,3508524.7236
-10662910.9036,3508581.283500001
-10663256.1871,3509154.108400002
-10663258.2463,3509215.6986000016
-10663254.6722,3509091.8691999987
-10663253.3053,3509030.134800002
-10663252.0035,3508968.7396000028
-10663275.4709,3508895.2914000005
-10662912.4241,3508703.079599999
-10662916.7333,3508825.0143000036
-10663091.0992,3509291.5473999977
-10662957.4115,3509379.7989000008
-10663030.4525,3508896.1565999985
-10662925.1877,3509095.333300002
-10663166.7464,3509407.3999999985
-10663081.1416,3509032.1445999965
-10662762.4633,3509294.8025999963
-10662677.2975,3509295.8598000035
-10662536.7873,3509297.5815000013
-10664633.0343,3509144.3411
-10665691.8964,3510313.9315000027
-10664824.0914,3510334.7673000023
-10665085.9078,3510229.4831999987
-10664743.7491,3512434.8561000004
-10664774.1652,3510426.3872999996
-10664375.869,3510710.248999998
-10665842.1008,3512358.5028000027
-10666057.9964,3512309.1881000027
-10666042.9621,3512253.2836000025
-10666043.4804,3512226.8125
-10666040.9501,3512066.9936000034
-10666038.2192,3511907.2004000023
-10666036.8537,3511827.3044999987
-10666036.3985,3511800.672700003
-10666035.9434,3511774.0408999994
-10665903.0987,3512201.738499999
-10665896.3694,3511922.063500002
-10665891.1769,3511709.9866999984
-10665782.3643,3512147.2547999993
-10665779.42,3512019.7683999985
-10665729.5177,3511739.5177000016
-10665766.8525,3511667.3308999985
-10665749.7736,3511576.957999997
-10665670.4479,3511580.9245999977
-10665593.1572,3511582.9356999993
-10665636.8935,3512219.1400000006
-10665636.1848,3512177.601499997
-10665625.4681,3511818.5286
-10665622.9908,3511661.1675999984
-10666047.8241,3512279.7729
-10665890.3479,3511661.4514999986
-10665817.1074,3511575.2852
-10665624.1177,3511739.363499999
-10666042.3155,3512146.890900001
-10665983.0131,3511654.7400999963
-10665635.4762,3512136.0628999993
-10665623.546,3511705.851999998
-10665745.7942,3512184.088799998
-10665743.9273,3512074.7634999976
-10665734.5927,3511893.4849999994
-10665899.3168,3512007.6096
-10665898.1237,3511972.979699999
-10665893.5415,3511839.442900002
-10665820.1787,3512183.298799999
-10665809.7854,3511892.6221999973
-10665811.8582,3511928.6978999972
-10665626.3678,3511851.9739999995
-10666037.7638,3511880.5684999973
-10665804.9654,3511738.797200002
-10665557.2069,3512405.237999998
-10663238.5678,3512036.6275999993
-10663989.3851,3510519.463399999
-10662561.4155,3512042.951899998
-10662560.5109,3511971.675499998
-10662559.6064,3511900.399599999
-10662479.9838,3511901.498499997
-10662480.9495,3511972.7739000022
-10662399.8532,3511849.1291999966
-10599971.4056,3482632.7380999997
-10600412.703,3482626.8508
-10600296.6028,3482628.3544000015
-10657694.9214,3508433.3625999987
-10657734.8521,3508252.892099999
-10657570.0785,3508062.4048999995
-10656656.975,3508008.1204999983
-10622082.6597,3514741.8016000018
-10622077.3857,3514717.9772000015
-10621916.3949,3515675.7705999985
-10621934.1644,3515636.2360000014
-10621925.6594,3515588.262000002
-10621924.6624,3515576.550300002
-10621823.7659,3515629.2546999976
-10621927.2034,3515608.809299998
-10679250.0108,3515733.086000003
-10679428.1992,3515730.889200002
-10604837.9777,3454238.541500002
-10604837.7086,3454202.2751
-10653319.4778,3503872.279299997
-10649158.781,3511917.5078999996
-10649087.6655,3511918.8967999965
-10649052.1733,3511919.1997999996
-10649016.8481,3511919.936300002
-10648981.6475,3511920.438000001
-10648946.508,3511920.9014
-10648875.9793,3511922.034599997
-10648840.7267,3511922.815200001
-10648735.1854,3511924.5068999976
-10648699.8598,3511924.9152000025
-10648664.5396,3511925.637199998
-10648558.9386,3511927.275200002
-10648488.4807,3511928.5825999975
-10648363.527,3511907.3537999988
-10648558.8207,3511811.0183999985
-10648593.9623,3511810.3356000036
-10648664.3671,3511809.3137999997
-10648734.7694,3511808.3096999973
-10648805.1688,3511807.066399999
-10648840.4329,3511806.5031000003
-10648910.9605,3511805.4856999964
-10648946.2855,3511804.7457000017
-10649052.0113,3511803.109099999
-10649087.1535,3511802.4311000034
-10649122.4214,3511802.0781999975
-10649192.8121,3511801.075000003
-10649078.262,3511388.6199999973
-10649043.2463,3511389.2497000024
-10648973.2037,3511390.4913000017
-10648938.0623,3511391.029299997
-10648902.8625,3511391.803000003
-10648867.6541,3511392.4992000014
-10648832.5163,3511393.014799997
-10648797.5004,3511393.636
-10648692.0712,3511395.5185000002
-10648622.0319,3511396.7685000002
-10648586.9454,3511397.4487000033
-10648551.6221,3511398.030199997
-10648481.2245,3511399.3988000005
-10648392.5736,3511414.588299997
-10648356.6994,3511378.3668000028
-10648390.3558,3511269.139899999
-10648515.4099,3511281.9461999983
-10648550.8079,3511281.4450000003
-10648585.765,3511281.0080000013
-10648620.9214,3511280.4155
-10648654.9463,3511279.0692000017
-10648730.7833,3511277.9646999985
-10648868.6379,3511276.112499997
-10648938.0584,3511274.686800003
-10648973.0111,3511274.0207
-10649007.851,3511273.475100003
-10649042.6934,3511273.0305999964
-10649077.4627,3511272.204999998
-10646572.9662,3514222.7839
-10647030.3554,3513534.2520999983
-10647265.9203,3513607.9152000025
-10646467.7119,3513197.3707000017
-10646794.2649,3514219.9623000026
-10647132.1037,3513204.1504999995
-10646998.0856,3513244.088299997
-10645949.103,3513258.0599000007
-10646102.2907,3513266.032499999
-10646078.3909,3513441.2819000036
-10646076.8019,3513367.2346
-10646074.432,3513325.1226999983
-10645990.0399,3513368.9403000027
-10645917.6663,3513440.104000002
-10645916.1622,3513375.034400001
-10645830.5735,3513312.452799998
-10645829.2801,3513441.968000002
-10646906.5023,3513772.9284000024
-10646688.441,3513926.6472999975
-10647071.1336,3513988.8806999996
-10646967.2045,3513989.528099999
-10646916.6083,3513992.5190000013
-10646815.0135,3513997.9809999987
-10646763.0977,3514000.179899998
-10646812.738,3513888.8720000014
-10646902.5368,3513884.1926999986
-10646948.8004,3513881.8276000023
-10651183.8276,3513347.785400003
-10650555.8388,3513504.107500002
-10650520.3051,3513279.224600002
-10650462.1163,3513150.7326999977
-10651223.1049,3513488.7260999978
-10651224.0168,3513562.5468000025
-10618472.3716,3505271.4168
-10579643.9853,3498417.5117999986
-10578394.3325,3498585.601400003
-10579347.485,3498455.346699998
-10579455.8743,3498461.7985000014
-10579200.6196,3488004.4345000014
-10579183.8189,3486414.128200002
-10578991.7646,3487269.9959999993
-10578741.4866,3486856.6040999964
-10578310.6244,3488417.501500003
-10579289.8377,3487541.328599997
-10579055.1861,3487540.882299997
-10578654.4008,3487653.1401999965
-10578532.2185,3487654.6846999973
-10578552.4922,3487479.858900003
-10578982.2392,3487543.5705000013
-10578299.6148,3487604.1920000017
-10578245.0137,3487678.3857000023
-10578188.3109,3487603.137199998
-10579199.4603,3487959.3122000024
-10579240.059,3488066.7321000025
-10579118.68,3488113.0429999977
-10578980.0159,3488115.465800002
-10578910.6824,3488116.6711999997
-10578244.6275,3487629.1898000017
-10578474.5801,3488414.337899998
-10624883.885,3513440.5885000005
-10658682.7717,3496219.367899999
-10656278.1622,3479912.1926999986
-10656333.1566,3480085.709399998
-10656242.9382,3479835.9821000025
-10656243.6529,3480119.956799999
-10656244.4316,3480454.1384999976
-10663693.7465,3489565.5760999992
-10660117.7468,3483641.8106999993
-10664403.389,3482553.2705999985
-10664421.8399,3482530.0511000007
-10665016.7491,3482740.8869000003
-10663869.5615,3479716.277099997
-10669442.57,3489227.5754999965
-10669636.3274,3487711.5187000036
-10669288.9576,3487852.0720999986
-10665141.8516,3493180.5414000005
-10665149.3977,3493336.0121000037
-10665158.4136,3494196.3611999974
-10668021.3551,3481982.9908000007
-10668425.6419,3482110.337899998
-10646935.3352,3505744.9802
-10646969.7995,3505744.4475999996
-10647006.7731,3505744.2092000023
-10647084.5952,3505743.5270000026
-10647123.643,3505743.1347000003
-10647162.363,3505742.7084000036
-10647278.9446,3505741.6149000004
-10647317.7861,3505741.200000003
-10647356.566,3505740.811499998
-10647472.8115,3505739.8867999986
-10647550.6707,3505690.4442000017
-10647394.6452,3505692.030100003
-10647278.3877,3505693.1269999966
-10647239.6233,3505693.392999999
-10647200.5765,3505693.735299997
-10647161.7273,3505694.106200002
-10647123.0762,3505694.530500002
-10647084.1755,3505694.8910000026
-10647045.1307,3505695.1992999986
-10647006.2533,3505695.594300002
-10646969.0121,3505695.784599997
-10646934.7591,3505696.3671000004
-10587578.7932,3515232.971000001
-10587579.7128,3515100.996100001
-10587579.7907,3514969.9905999973
-10586844.6166,3512078.284400001
-10587133.9572,3512372.578400001
-10587115.3114,3512190.9125000015
-10591205.1347,3515885.3030999973
-10589886.5048,3515708.8769000024
-10589660.9469,3515712.6582999974
-10590026.8206,3515904.271399997
-10590289.9672,3515901.076899998
-10590139.5794,3515902.903099999
-10590444.1899,3515899.318099998
-10590644.9375,3515892.4750000015
-10591344.7474,3515883.480300002
-10591164.6111,3515686.755599998
-10589773.7322,3515710.768100001
-10591370.7911,3515683.1357000023
-10591633.4528,3516056.3703999966
-10586146.2872,3460088.825099997
-10589704.257,3487259.596900001
-10588743.0132,3485336.463100001
-10588738.5012,3485245.708499998
-10588739.8893,3485272.9553000033
-10588825.5565,3485282.6099999994
-10588741.9994,3485315.254900001
-10588740.9445,3485294.1050999984
-10590123.6417,3487254.9716000035
-10589522.2286,3486484.5560000017
-10586442.3919,3485514.840599999
-10603804.6846,3504678.494599998
-10604003.4043,3504653.839299999
-10603938.7865,3502302.2290999964
-10603904.7653,3502302.3197000027
-10603879.0931,3502249.7969999984
-10603914.3507,3502249.626500003
-10603534.2111,3502666.606700003
-10611006.4146,3492358.5656000003
-10681180.9008,3521817.7502000034
-10638783.6753,3504812.1115999967
-10638871.3089,3504940.514700003
-10615314.042,3490488.367399998
-10615344.5702,3489439.1587999985
-10615348.7498,3489400.8862999976
-10614932.5434,3489807.8713999987
-10615519.8293,3489366.346500002
-10615129.2312,3488880.167800002
-10615146.7955,3488880.0649999976
-10615164.3601,3488879.9619999975
-10615199.4886,3488879.7569999993
-10615218.641,3488879.9482999966
-10615296.0773,3488878.8242999986
-10615334.1572,3488878.5420999974
-10615372.1934,3488878.0146000013
-10615390.7425,3488877.9516000003
-10615409.2441,3488877.6934999973
-10615427.6217,3488877.6873999983
-10615445.4626,3488877.6225000024
-10615463.4011,3488877.2817
-10615420.3991,3488822.349799998
-10615402.9281,3488822.4433000013
-10615350.1749,3488822.6353999972
-10615315.1567,3488822.7515999973
-10615297.5897,3488822.8143000007
-10615280.0485,3488822.9897999987
-10615259.0301,3488822.3203999996
-10615258.3346,3488787.3715000004
-10615279.598,3488786.594899997
-10615297.3356,3488786.742700003
-10615367.5391,3488786.0670000017
-10615385.0607,3488785.9915999994
-10615402.5109,3488785.844899997
-10615438.7677,3488786.1388000026
-10615048.7505,3488880.6335999966
-10615014.4449,3488820.162100002
-10615234.8783,3488480.5042999983
-10615147.1986,3488804.8231000006
-10630064.2464,3486563.0986
-10621697.3788,3510505.6218999997
-10621773.8153,3510391.8488000035
-10621879.0281,3510633.7810999975
-10621762.7179,3510550.8039999977
-10646550.7909,3509270.1413000003
-10593204.4196,3488533.0018000007
-10592950.3619,3488451.1040999964
-10592949.9203,3488419.3813000023
-10592949.756,3488197.1369000003
-10592949.5429,3488117.7628000006
-10592949.9434,3488069.702299997
-10592949.4473,3488037.4582
-10592954.5912,3487874.754900001
-10593037.0626,3487867.5524000004
-10593108.0652,3487864.9136999995
-10593219.95,3487865.657700002
-10593220.5578,3488071.2302
-10593220.9184,3488134.985299997
-10593221.1546,3488166.7650000006
-10593221.9329,3488292.781000003
-10593222.0895,3488449.5002999976
-10593221.9589,3488481.134300001
-10593121.8027,3488481.642499998
-10593121.4593,3488355.8916999996
-10593121.3039,3488323.5658000037
-10593120.8849,3488197.740500003
-10593120.8202,3488165.5705000013
-10593120.8693,3488133.0878000036
-10593120.3957,3488101.546599999
-10593121.6729,3487942.3994000033
-10593046.7789,3487942.3783000037
-10593045.8283,3488038.0852999985
-10593045.5912,3488101.1599999964
-10593046.5549,3488291.675300002
-10593046.5504,3488323.4864000008
-10593046.4749,3488386.9993999973
-10593046.5172,3488418.822800003
-10593046.052,3487975.0124000013
-10681419.4865,3523078.5474999994
-10597742.7488,3488362.1833000034
-10615221.8407,3508629.5012999997
-10617083.9203,3507118.3664999977
-10616514.5848,3507024.8866000026
-10615467.3506,3506943.163900003
-10617349.9252,3509264.7501000017
-10615119.6337,3507377.092600003
-10615080.6539,3507318.202200003
-10600686.4287,3482258.8857000023
-10600783.482,3482172.7892000005
-10600493.1136,3481464.9331
-10600490.0288,3481339.751699999
-10600503.9979,3481824.3038000017
-10600510.376,3482233.773599997
-10598620.7453,3482422.1071000025
-10598645.1636,3482525.0565000027
-10600452.4034,3482465.719800003
-10600543.2672,3481995.279100001
-10600565.5122,3482372.0621000007
-10600892.7815,3481630.1088000014
-10598053.3685,3482624.0310999975
-10656952.2932,3504926.3176999986
-10638208.8936,3511793.780199997
-10638245.7347,3511755.910599999
-10638135.4389,3511721.642999999
-10638134.1095,3511648.2343999967
-10638098.6694,3511685.528499998
-10638097.0574,3511612.3214000016
-10638161.9792,3511939.6933000013
-10638143.9492,3511989.027800001
-10638082.215,3511937.942900002
-10638105.9658,3511911.2302
-10638129.7194,3511886.4425000027
-10638179.1702,3511833.686300002
-10638138.4829,3511793.601300001
-10638112.0982,3511821.5964
-10638088.4463,3511845.8056999967
-10638065.4298,3511871.089400001
-10638051.3362,3511809.8647999987
-10638074.9464,3511785.553000003
-10638101.8092,3511757.462899998
-10637965.6988,3511821.402900003
-10638204.4664,3511989.6072999984
-10637959.2614,3511716.1159999967
-10638229.2009,3511962.369900003
-10638261.9885,3511921.6744000018
-10634443.5274,3517371.899700001
-10634431.7005,3517285.3642000034
-10634647.8966,3517179.4252000004
-10634897.4324,3517834.9918000028
-10587299.9859,3514325.475299999
-10586926.8892,3515090.0089000016
-10646202.898,3508124.490199998
-10646191.5111,3508666.2410999984
-10645989.0588,3508752.8143000007
-10646007.3873,3508978.8718999997
-10645803.3729,3508858.7490999997
-10645558.636,3508738.057400003
-10645675.0176,3509270.0354999974
-10645718.9924,3508859.9393000007
-10645850.4394,3508858.035700001
-10645498.8666,3509042.454099998
-10645454.3636,3508676.6382
-10645384.0186,3508678.2859999985
-10645348.4985,3508679.115000002
-10645470.6959,3508630.3254999965
-10645417.9373,3508631.5613999963
-10645836.5933,3509001.6426
-10645766.2406,3509003.0094000027
-10646103.1938,3508668.4438999966
-10645853.3672,3509396.8783000037
-10645587.8828,3508786.8391000032
-10645617.0062,3508737.106200002
-10645773.0819,3508859.1766000018
-10645959.2094,3509275.5341000035
-10645475.6625,3509322.0600000024
-10646110.4623,3508875.2540000007
-10646197.7367,3508873.3913000003
-10645686.5945,3508979.5058000013
-10645627.4685,3509055.819799997
-10629052.6384,3511124.632299997
-10629141.7469,3510618.3889999986
-10629210.5934,3510573.9606000036
-10629242.8086,3510552.405199997
-10629187.6139,3510400.7700999975
-10629168.4358,3510370.064199999
-10629068.6588,3510301.6011999995
-10629088.5718,3510333.641900003
-10629127.1311,3510396.4706000015
-10629146.1585,3510427.3489999995
-10629204.554,3510523.7114999965
-10629163.8588,3510549.9749
-10629123.735,3510483.572999999
-10629104.8899,3510453.0376999974
-10629047.014,3510359.047799997
-10629027.4898,3510327.8056000024
-10628987.1693,3510355.8445999995
-10629007.4051,3510388.079099998
-10629046.2677,3510450.7189000025
-10629065.3549,3510481.2446999997
-10629084.7063,3510512.268600002
-10629124.2152,3510577.0508999974
-10629077.7164,3510578.3166000023
-10629044.1507,3510537.5521000028
-10628946.5774,3510382.212899998
-10628906.3851,3510410.424999997
-10628927.9131,3510443.8342000023
-10628936.5098,3510547.802199997
-10628906.508,3510501.0650999993
-10628865.2114,3510436.9575999975
-10628845.4297,3510496.8888000026
-10628885.1554,3510558.1405000016
-10628917.2537,3510599.024599999
-10628784.4192,3510631.7397999987
-10628784.5671,3510564.351800002
-10628823.9528,3510568.5747999996
-10628812.7466,3510529.091499999
-10628788.3424,3510491.5402999967
-10629060.2104,3510256.2234999985
-10628935.5275,3510336.6810000017
-10628873.3775,3510377.274599999
-10628789.5074,3510433.270800002
-10628752.8452,3510458.255599998
-10628723.4168,3510478.1647000015
-10628634.4334,3510536.8131000027
-10628595.4521,3510560.6169999987
-10628724.5599,3510636.8944000006
-10628732.2216,3510664.3154999986
-10628765.2346,3510692.8756000027
-10628816.5775,3510684.6733999997
-10628851.1724,3510663.810999997
-10628880.4464,3510636.882799998
-10628919.2466,3510670.7327999994
-10628960.855,3510699.2192
-10629020.0434,3510636.8628999963
-10629046.2618,3510604.828599997
-10629075.8591,3510657.2654
-10610598.0765,3484526.7091000006
-10666144.3816,3505481.779100001
-10569119.089,3474928.3618
-10569017.7899,3474979.2497000024
-10611702.8256,3457585.1067999974
-10631948.9869,3503323.0977
-10640911.0578,3507261.8039000034
-10640980.9276,3506979.1982000023
-10641137.0419,3507373.065700002
-10640764.2352,3507408.9184999987
-10641214.9809,3507503.6881000027
-10644912.8613,3511534.6163000017
-10643204.4542,3512103.4235000014
-10642099.8097,3512089.4111
-10671690.6443,3500701.252700001
-10671693.7817,3501988.061999999
-10672440.1178,3502266.0025999993
-10671955.6933,3501730.032499999
-10671759.0693,3501168.2062000036
-10672307.508,3500410.533
-10672311.5601,3500990.2157000005
-10671952.9025,3501436.9952000007
-10671597.7546,3501813.597400002
-10671920.4938,3501995.5341000035
-10672057.3115,3502287.974100001
-10672535.5652,3501389.4724999964
-10649420.3145,3480430.2629000023
-10649628.8721,3480452.355700001
-10649562.2505,3480468.1819999963
-10580376.7546,3495858.404600002
-10581447.1761,3496124.214299999
-10582188.7215,3496399.6735000014
-10580408.4354,3495549.759800002
-10582323.2318,3497891.125
-10582250.4895,3498053.097599998
-10582076.7062,3498012.591600001
-10582377.4518,3497986.931400001
-10582322.0953,3497989.339900002
-10582248.5257,3498002.723200001
-10582379.5615,3498051.075000003
-10581857.639,3491674.0293999985
-10581763.8444,3491671.4646999985
-10582425.0685,3492481.424800001
-10581615.7216,3491524.3835000023
-10581535.0782,3492163.5260000005
-10628820.5598,3516123.4175999984
-10628632.435,3514305.5825999975
-10628773.8177,3514314.830600001
-10655347.6093,3510180.1247000024
-10649982.1176,3502183.1925000027
-10676124.5891,3506124.3259999976
-10570142.1983,3476919.0025999993
-10570305.8418,3477316.861100003
-10642034.4233,3503343.1291000023
-10642035.6065,3503517.147699997
-10590459.9699,3516947.532200001
-10590589.5054,3517030.4037000015
-10607770.5511,3503760.270199999
-10607780.0226,3503635.701399997
-10607879.6907,3503574.1428000033
-10607961.471,3503699.5222999975
-10601667.052,3504349.507299997
-10601448.7281,3503905.0361
-10601550.0794,3503922.941200003
-10601382.6009,3503787.309100002
-10601565.9616,3504874.2974999994
-10602896.5553,3496959.207999997
-10603311.3129,3498093.124499999
-10656154.4006,3508320.041699998
-10656141.1147,3508729.3271000013
-10622656.3536,3514608.382799998
-10622051.4148,3514614.0747999996
-10621981.4922,3514145.6182999983
-10622191.6026,3514086.494900003
-10622514.1945,3514505.0221000016
-10622552.1454,3514468.8100000024
-10622284.6684,3514608.7481999993
-10622302.3183,3514608.5163000003
-10621657.272,3513829.0596999973
-10570148.0629,3471624.045400001
-10570230.8624,3471491.049900003
-10570420.1164,3471350.1856999993
-10570720.2957,3471373.179200001
-10570649.6497,3471398.1938999966
-10570645.1477,3471364.150799997
-10571151.2925,3472515.207800001
-10569188.7991,3472225.450199999
-10569834.9268,3471956.530500002
-10570010.9284,3471710.0979999974
-10569827.7431,3471600.115500003
-10570182.3825,3473142.2375999987
-10570574.3726,3474214.2009000033
-10599167.9393,3485441.0738999993
-10599438.5135,3485424.9240999967
-10646972.4345,3507296.1479
-10645204.2021,3510728.4641000032
-10678781.7553,3515593.188500002
-10678814.5103,3515742.8599999994
-10679069.8516,3515737.2343999967
-10678889.611,3515677.6655
-10627761.515,3502979.747100003
-10627842.2867,3503371.378700003
-10649148.5799,3510907.1477999985
-10649170.4877,3510640.1793000028
-10650960.329,3510196.152099997
-10581309.0255,3493203.8614000008
-10581312.7639,3492892.282399997
-10581359.5281,3492714.2973000035
-10581369.9363,3492578.9861999974
-10582169.5359,3492850.4108999968
-10582389.9027,3492542.2228000015
-10582289.3961,3492683.854699999
-10582332.5826,3492961.9060999975
-10582440.6851,3493538.592600003
-10582364.0845,3492685.6837000027
-10582251.4134,3492682.8118999973
-10581671.9391,3492835.431400001
-10581632.8448,3492940.547600001
-10581928.4655,3498939.641900003
-10581380.0225,3499528.4321999997
-10612920.0439,3455159.7572000027
-10575023.0407,3486007.9935000017
-10575038.5726,3486648.6132000014
-10574441.8852,3485556.212700002
-10575753.4013,3485727.798600003
-10575804.7184,3485357.2881999984
-10575702.9413,3486649.7118000016
-10575465.8684,3485528.9914999977
-10575472.1551,3485697.002899997
-10576005.4865,3485783.2633000016
-10575954.4793,3485834.3904
-10576053.996,3485854.2287999988
-10576010.7817,3485920.5913999975
-10575887.8972,3485807.100299999
-10575903.5432,3485757.095200002
-10575662.2985,3485633.4280999973
-10575639.3132,3485794.782399997
-10576738.4182,3485314.1184
-10576994.9476,3485430.9941999987
-10576543.1273,3485348.075099997
-10575959.0669,3486329.9437000006
-10581255.3251,3489374.407899998
-10581590.535,3489349.7695000023
-10641634.4949,3498020.6154000014
-10642467.3233,3497470.4557000026
-10642518.5003,3497468.7471999973
-10642570.6036,3497526.4309
-10642570.8363,3497586.3664000034
-10642571.2325,3497646.0260000005
-10642570.5962,3497706.1155999973
-10642548.3746,3497793.8805000037
-10642503.5083,3497873.1741999984
-10642480.7079,3497909.6966999993
-10642451.9411,3497940.4266000018
-10642422.3204,3497971.3927000016
-10642392.106,3498002.2683999985
-10642363.8212,3498033.7682000026
-10642334.383,3498069.219899997
-10642349.9996,3497894.381099999
-10642350.1914,3497855.2102999985
-10642350.319,3497815.6308000013
-10642350.8521,3497737.3423999995
-10642338.5442,3497679.725400001
-10642419.7819,3497688.414800003
-10642419.6635,3497635.1988999993
-10642419.0891,3497580.910400003
-10642418.4907,3497526.0645999983
-10642418.0461,3497470.826399997
-10642468.3724,3497525.627899997
-10642519.7628,3497524.4196999967
-10642521.1624,3497632.7534999996
-10642524.03,3497741.4855000004
-10642514.39,3497785.567400001
-10642484.0376,3497813.240699999
-10642454.5023,3497844.484099999
-10642424.755,3497875.2205
-10642405.6464,3497822.2435000017
-10642431.6292,3497748.781999998
-10642471.0691,3497739.5106000006
-10642472.3948,3497687.4351999983
-10642470.7371,3497634.1011999995
-10641190.3384,3497261.736299999
-10641152.8253,3497261.2978999987
-10641121.1893,3497261.4043999985
-10641089.5982,3497261.4263999984
-10641091.6317,3497205.3796999976
-10641128.7742,3497205.3237000033
-10641165.6828,3497205.1996000037
-10641211.4141,3497200.9729999974
-10641237.8552,3497148.583999999
-10641202.2659,3497148.902999997
-10641165.3576,3497149.0273
-10641128.4491,3497149.1514
-10641091.0288,3497149.2258
-10641090.9046,3497093.271399997
-10641165.0324,3497092.8552
-10641201.9405,3497092.730899997
-10641237.7684,3497092.6657999977
-10641237.4275,3497036.4861999974
-10641201.6153,3497036.5590000004
-10641090.8909,3497036.9311000034
-10641127.4742,3496980.6353999972
-10641201.29,3496980.3872999996
-10641237.1021,3496980.3144999966
-10641236.7953,3496924.2282000035
-10641164.0571,3496924.3396999985
-10641126.7374,3496868.2852
-10641163.6186,3496868.0599000007
-10641236.4349,3496868.056400001
-10641279.2861,3496859.9826999977
-10641279.8703,3496897.4663999975
-10641280.3363,3497013.3478000015
-10641280.5711,3497052.902999997
-10641280.7697,3497091.351999998
-10641283.4155,3497171.8033000007
-10577555.0712,3487678.8275000006
-10577532.0728,3488513.1352000013
-10577411.9538,3488513.8628999963
-10576553.252,3487100.653499998
-10577173.7358,3488515.2036999986
-10582042.4728,3490740.2996999994
-10581654.8078,3490718.992399998
-10581722.3436,3489782.593000002
-10585457.5625,3498991.2967000008
-10586380.0509,3500673.353
-10583225.99,3499973.9552000016
-10582598.9477,3499776.324199997
-10582678.417,3499741.0535999984
-10583461.5191,3499947.9113000035
-10585018.5461,3499250.107000001
-10578542.4563,3489776.8967999965
-10578545.0942,3489903.043700002
-10578746.7995,3489493.9636999965
-10578552.3521,3489361.0571999997
-10579407.8075,3489175.5863000005
-10579006.6854,3489401.3674999997
-10578645.9538,3489774.9042000026
-10579587.0784,3489151.107000001
-10579537.589,3489150.074500002
-10607595.2756,3493361.4548000023
-10607807.9263,3494122.873300001
-10607390.1904,3493416.8259999976
-10607421.3022,3493416.668399997
-10607456.3298,3493416.215499997
-10607478.1122,3493415.785099998
-10607523.6289,3493414.9360999987
-10607567.8055,3493414.3916999996
-10607619.8931,3493413.8176999986
-10607637.7566,3493413.6172999963
-10607673.5346,3493413.1926999986
-10607690.4915,3493412.8417000026
-10607708.1389,3493413.1203000024
-10607693.1799,3493477.652800001
-10607675.7118,3493477.617200002
-10607640.8883,3493478.4777999967
-10607623.6099,3493478.6361000016
-10607606.3982,3493479.0842999965
-10607514.1045,3493480.900200002
-10607452.6581,3493481.919200003
-10607399.3093,3493482.719300002
-10607372.4581,3493417.0089000016
-10607655.6039,3493413.402099997
-10607753.6904,3493476.865000002
-10607404.1768,3494031.547600001
-10607404.5331,3494088.083899997
-10607490.9369,3493973.5473000035
-10607556.9949,3493972.4191000015
-10607644.2286,3493985.0578999966
-10607710.1907,3493969.8008999974
-10607710.5709,3494026.3122000024
-10607710.7611,3494054.5680000037
-10607798.3556,3494053.070600003
-10607798.5206,3494081.002899997
-10607419.8148,3493910.119599998
-10607481.8004,3493910.1679999977
-10607577.7599,3493909.192400001
-10607611.337,3493908.6950000003
-10607643.9067,3493908.5469999984
-10607676.8219,3493908.184600003
-10607384.9641,3493839.9514999986
-10607500.3413,3493839.7393999994
-10607542.378,3493839.6171000004
-10607585.5873,3493838.932400003
-10607613.7583,3493838.468800001
-10607670.54,3493838.0923999995
-10607757.0593,3493836.9896000028
-10607784.5297,3493836.0045000017
-10648960.1928,3509786.3455
-10648982.1995,3509415.0847000033
-10634783.2142,3487630.0672999993
-10634453.8239,3488498.6275999993
-10634409.2654,3488500.543399997
-10634508.5231,3488462.564000003
-10633994.1423,3487565.657700002
-10634444.6833,3487570.2080999985
-10572651.4831,3468634.729000002
-10677828.0955,3510524.6965000033
-10677612.1687,3510854.414099999
-10580998.8254,3492963.790100001
-10580024.4113,3492801.945600003
-10580428.573,3492834.2013000026
-10580093.5237,3493459.1806999967
-10580028.9834,3492764.3841999993
-10580032.5168,3492736.1790999994
-10578447.0086,3497410.2058999985
-10578253.0712,3495358.613300003
-10578294.3439,3495571.4345000014
-10578506.3349,3494987.8081
-10578284.5041,3495518.639899999
-10578621.3605,3498141.331799999
-10578635.9771,3498221.6150999963
-10578256.1998,3495474.928199999
-10628485.3483,3510406.7299000025
-10628006.4918,3510052.8993000016
-10620902.1363,3450348.3056999967
-10620902.1363,3450348.3056999967
-10620157.5217,3490639.713200003
-10620068.3997,3490532.6061000004
-10620388.5887,3490528.0769999996
-10619554.7359,3491750.579099998
-10619139.1251,3491861.9640000015
-10619623.3847,3492051.351400003
-10625394.3554,3496231.7300999984
-10659351.0927,3511328.792199999
-10659349.7999,3511251.7632
-10659348.6952,3511174.5248000026
-10659453.2473,3511133.0847000033
-10659561.8043,3511283.906300001
-10659414.3197,3511288.310999997
-10659170.4766,3511877.9482000023
-10659165.9642,3511709.7859999985
-10659161.5358,3511528.849799998
-10659458.2494,3511432.278300002
-10659159.4109,3511319.5869000033
-10659477.0973,3510846.472099997
-10659253.079,3510928.3068000004
-10659054.198,3510996.847599998
-10658980.6656,3511186.2550000027
-10658654.3925,3511187.440200001
-10658523.312,3511101.8400000036
-10658372.5064,3511103.0354999974
-10657780.8616,3511107.7223000005
-10657414.8558,3511010.2397999987
-10657178.9732,3510995.898699999
-10657698.723,3511108.275200002
-10657274.6258,3511112.7348000035
-10659459.4133,3511477.915100001
-10659162.4708,3511437.348200001
-10659159.3604,3510997.7157000005
-10658693.5329,3510999.679200001
-10657880.727,3511106.8131000027
-10658483.7476,3511001.8099000007
-10659080.6119,3511796.5173000023
-10659457.6768,3511386.776100002
-10659111.9188,3511994.7568000033
-10659211.1953,3511996.880599998
-10659276.9606,3511959.8539000005
-10659361.5548,3511958.9557000026
-10659361.9622,3512035.611100003
-10659426.0637,3511997.2742
-10659471.3607,3511996.214599997
-10659448.588,3512152.2453000024
-10659151.1507,3512119.549800001
-10659063.847,3512120.1445000023
-10633228.4419,3509300.035400003
-10646561.7858,3509578.1503000036
-10646579.9437,3509928.248800002
-10646580.1159,3509961.3866000026
-10646579.428,3509993.962399997
-10646644.4655,3510057.6865999997
-10646391.378,3510018.1481000036
-10646392.1021,3509919.624499999
-10646394.0544,3509766.6643999964
-10646458.6588,3509523.2075999975
-10646568.872,3510057.217100002
-10646585.0287,3509699.564000003
-10646582.5932,3509754.810999997
-10646463.9022,3510136.6379000023
-10569368.147,3477471.1479
-10677819.9326,3511384.020800002
-10622584.7532,3515048.9557000026
-10622786.7144,3514911.0604000017
-10650003.2936,3508762.013700001
-10649795.2545,3508642.670400001
-10650305.5844,3508535.2562000006
-10650313.2628,3509082.7608999982
-10650176.5563,3509283.0590000004
-10650170.1982,3509155.2918
-10650195.2322,3508908.9800999984
-10650191.9813,3508698.044399999
-10650161.0902,3508607.362999998
-10650159.6858,3508537.4975000024
-10650194.0959,3508868.6743
-10650147.4602,3508690.1806999967
-10650190.5648,3508656.135300003
-10650128.826,3508659.539999999
-10650192.3398,3508727.3030999973
-10650335.3588,3508465.275399998
-10650169.8587,3509114.071999997
-10650312.4921,3509029.0295
-10650170.1274,3509190.6783000007
-10623344.2234,3503054.780299999
-10654983.0841,3504545.4626
-10655276.0831,3503715.811300002
-10655247.6618,3504341.668700002
-10613947.8288,3484818.469899997
-10649285.9411,3508718.2687000036
-10649403.4145,3509317.4337000027
-10649187.7405,3509506.6926999986
-10649181.071,3509317.2487000003
-10649213.1543,3508871.4108000025
-10649147.7394,3508887.0930999964
-10649432.8668,3508758.127899997
-10649365.3412,3508794.848099999
-10649219.677,3508718.4485
-10649164.2142,3508720.2885999978
-10649403.0057,3509263.586099997
-10649222.1911,3509056.3830000013
-10648973.0769,3508890.4604
-10649359.2581,3508662.4174999967
-10649185.1767,3509399.2563999966
-10631004.5713,3497091.4937999994
-10631054.0403,3497129.223200001
-10631125.9716,3497160.158200003
-10631180.2199,3496835.0810000002
-10631136.765,3496856.8583000004
-10631098.2304,3496872.0561000034
-10631010.749,3496938.197499998
-10630878.1191,3496802.4425000027
-10630908.2131,3496783.8708000034
-10630939.401,3496762.660099998
-10630973.4624,3496746.0790000036
-10631054.8676,3496704.7051
-10631053.0435,3496604.4618000016
-10630970.0903,3496625.019199997
-10630936.4252,3496632.044500001
-10631116.5089,3496588.7687000036
-10631097.1474,3496685.964400001
-10635227.3469,3491280.422700003
-10609451.2777,3455188.7353999987
-10609464.6618,3455261.3796999976
-10609509.3514,3455188.465499997
-10609532.6284,3455188.2892000005
-10609534.2355,3455260.662299998
-10609555.8398,3455188.0135999992
-10609557.3767,3455260.493900001
-10604834.749,3496707.7014999986
-10663631.8969,3474753.6665999964
-10663630.7396,3474598.461099997
-10576704.7955,3498946.716499999
-10576649.3516,3498908.7190999985
-10577022.307,3498932.213100001
-10576302.5041,3499069.0068999976
-10577723.4243,3499694.8170000017
-10577725.7911,3499633.4529
-10577647.8913,3499662.5163000003
-10577393.6279,3499554.7333000004
-10577714.9448,3499839.6181999967
-10577709.1899,3499945.8746000007
-10577624.3268,3499928.864500001
-10577533.9197,3499934.173299998
-10576553.216,3499990.608000003
-10576351.9596,3500004.6182999983
-10576288.2098,3500008.800300002
-10576322.8144,3499803.338600002
-10576310.4435,3499668.667800002
-10576293.7467,3499475.3630999997
-10576288.355,3499412.894699998
-10576513.9582,3499293.174800001
-10576680.6074,3499389.281800002
-10576682.8264,3499499.6076999977
-10576451.4729,3499641.4245000035
-10576447.9775,3499584.1448
-10576846.795,3499624.239500001
-10576797.6455,3499584.9111
-10576884.5324,3499663.7339999974
-10576949.5976,3499748.6059999987
-10577267.6646,3499553.2327999994
-10577255.0153,3499727.150700003
-10577349.4719,3499805.912299998
-10577482.3544,3499792.236100003
-10576111.3718,3499613.5283999965
-10576199.0799,3499543.076700002
-10576086.6611,3499458.022399999
-10576177.6609,3499386.7427999973
-10576152.0639,3499852.7321999967
-10576165.8128,3499294.731399998
-10576591.5064,3499396.1811000034
-10576554.6761,3499399.005400002
-10576634.0065,3499503.395499997
-10576525.4754,3499511.723200001
-10576432.6291,3499518.6243999973
-10576235.7766,3499809.4658999965
-10576372.6505,3499523.648199998
-10577114.597,3499557.291199997
-10577157.0332,3499938.3147
-10576226.4134,3499742.1630000025
-10576316.7478,3499735.8702000007
-10651921.2675,3484884.9444999993
-10668743.8932,3485061.9437000006
-10660912.9718,3484769.179899998
-10576599.5499,3501916.5988000035
-10577614.4845,3502229.344499998
-10576506.3534,3502059.6040999964
-10577629.0757,3502288.1887999997
-10576896.4104,3502061.4354000017
-10576784.7519,3502062.5539999977
-10577193.7165,3501903.717299998
-10577044.8439,3501905.5063000023
-10576895.9664,3501907.054200001
-10577417.4973,3501905.738499999
-10576595.2326,3501060.652999997
-10577611.4437,3501538.197300002
-10576401.1303,3501352.4239000008
-10576465.9159,3501360.1986000016
-10576632.9824,3501359.9296000004
-10576960.4073,3501360.2004999965
-10577064.6888,3501360.1788000017
-10577222.6504,3501354.564199999
-10577627.6058,3501345.283500001
-10576742.7153,3501360.2537999973
-10669826.8088,3490412.6903000027
-10576389.3784,3489769.086099997
-10669778.7263,3487192.3706
-10669475.9749,3487134.2048999965
-10669113.5829,3487137.7694000006
-10588976.8467,3516854.8685000017
-10589311.3305,3516444.0451000035
-10589217.0465,3516226.935999997
-10589097.399,3516230.1350999996
-10589001.602,3516351.3401999995
-10589206.8634,3516924.8268000036
-10589135.6412,3516912.139200002
-10589128.2726,3516517.8831999972
-10589345.7945,3516594.215300001
-10589313.8192,3517069.1925000027
-10589436.5585,3517072.1094999984
-10589886.3646,3517072.003399998
-10589948.3137,3516786.9538000003
-10589513.3026,3516736.9503000006
-10589435.9638,3516738.4310000017
-10589454.6647,3516934.0427
-10661385.6072,3483850.0612000003
-10661308.7468,3483974.860799998
-10651889.4713,3508736.8281999975
-10653048.6523,3509548.0468000025
-10651653.9704,3508577.6859000027
-10651664.5978,3509181.4155
-10651893.7069,3508997.8235
-10651884.3391,3508446.2739000022
-10651662.4228,3509061.458899997
-10651897.927,3509244.961099997
-10651658.4554,3508822.2251999974
-10627846.7947,3499667.9477000013
-10628066.9885,3499770.9092999995
-10627967.9839,3499477.331100002
-10670331.9061,3489803.382100001
-10577268.3447,3491578.9055999964
-10577298.5005,3491767.3087000027
-10669419.5318,3489433.020800002
-10669393.373,3489479.7427999973
-10576139.3867,3492065.9265
-10665303.3945,3486487.025899999
-10665247.4441,3486177.7343999967
-10666363.8491,3485729.7814000025
-10666568.8949,3486423.027599998
-10587636.2909,3517842.8096999973
-10586917.2431,3517844.2097999975
-10586450.9821,3517848.181400001
-10586069.5472,3517855.6767999977
-10585672.6637,3517863.0336000025
-10587633.4975,3517637.6821999997
-10587033.6555,3517356.4284000024
-10586607.4952,3517513.329999998
-10586683.7638,3517644.579599999
-10585694.9922,3517608.481399998
-10587594.5643,3517361.150899999
-10587547.8443,3517639.967500001
-10586317.4919,3517658.6733999997
-10579420.7949,3488117.1193000004
-10579421.4371,3488170.6076999977
-10579967.5908,3488681.0403999984
-10579377.6323,3488009.500500001
-10579431.0895,3487964.0446000025
-10579435.445,3488625.7057000026
-10656169.4968,3506028.2074000016
-10578996.8477,3485298.825000003
-10578586.8826,3485352.610200003
-10575923.9413,3491917.5735
-10576684.1822,3491157.7465000004
-10576657.7036,3491018.0468999967
-10649382.7875,3509806.340800002
-10570605.0906,3476995.159599997
-10570857.7468,3477262.0540999994
-10570892.3315,3477256.0449
-10570926.9162,3477250.0358000025
-10570961.501,3477244.0265000015
-10570883.9891,3477211.3178000003
-10570918.5736,3477205.3083000034
-10570953.158,3477199.2986999974
-10571019.4316,3477187.7688999996
-10570573.4999,3476796.8171000034
-10570798.1622,3476941.8275000006
-10570959.3706,3476872.9192999974
-10570966.6189,3476912.644100003
-10568367.0816,3477333.042000003
-10572228.0836,3469105.9962000027
-10572310.5476,3469099.756099999
-10572304.4206,3468907.755900003
-10572489.2885,3469016.304200001
-10571287.4441,3469293.981399998
-10571227.9539,3469402.5719000027
-10571181.8153,3469535.6894000024
-10571276.5844,3469666.9360999987
-10571292.8799,3469673.1873999983
-10571263.9448,3469700.1938000023
-10571262.7061,3469756.6719999984
-10571167.0206,3469756.9481000006
-10571314.1116,3469814.2568999976
-10571297.6283,3469808.074199997
-10571118.7325,3469889.0037999973
-10571367.9197,3470109.396899998
-10571314.8692,3470095.0713
-10604428.9888,3503810.6221999973
-10591114.3371,3488667.982500002
-10591662.4577,3488722.9329999983
-10591620.5688,3488787.974100001
-10591668.9008,3488839.1909999996
-10591622.2828,3488885.020199999
-10591431.6034,3488917.8390000015
-10591734.1492,3488646.840099998
-10591712.6941,3488703.2250000015
-10591753.3801,3488749.048299998
-10591752.9238,3488796.1234000027
-10591712.4671,3488795.6071999967
-10591752.3441,3488839.498999998
-10591712.2721,3488839.221699998
-10591751.8737,3488884.475299999
-10591712.1004,3488884.6017000005
-10591819.6207,3488988.416100003
-10591970.9592,3489092.9701000005
-10591980.4646,3488836.970700003
-10592083.19,3488907.3137999997
-10591924.3558,3489060.0503999963
-10592082.666,3488773.9262999967
-10591944.8465,3488763.8136000037
-10591980.7558,3488698.653099999
-10591788.9758,3488734.893100001
-10591935.7163,3488889.5662999973
-10592095.9313,3489122.6137000024
-10591692.8995,3488945.997100003
-10591630.0234,3488946.3588000014
-10591572.9575,3488883.014399998
-10591515.6638,3488927.907700002
-10591460.1959,3489166.552699998
-10591505.5686,3489166.451200001
-10591552.4636,3489166.329999998
-10591642.7483,3489166.7163999975
-10591689.8784,3489163.123499997
-10591734.3538,3489015.888899997
-10591692.4058,3489019.633299999
-10591651.042,3489020.6696999967
-10591610.4476,3489020.4723000005
-10591526.1685,3489028.4799000025
-10591475.4084,3489100.0112000033
-10591570.8691,3489093.460699998
-10591615.4057,3489093.8797999993
-10591659.5098,3489093.4606000036
-10591705.1612,3489090.1119000018
-10598197.0846,3489057.284900002
-10598230.3602,3488938.7588
-10598213.1708,3488669.4206999987
-10600337.1768,3488822.8096999973
-10590495.2482,3485787.4504999965
-10590927.6673,3482510.8720000014
-10593448.288,3483835.7986999974
-10593406.6084,3484142.8773000017
-10595650.0505,3485301.0802000016
-10595528.3207,3485302.354699999
-10595447.3348,3485303.5204000026
-10595690.8504,3485233.8967000023
-10572850.5426,3467752.778999999
-10572552.0245,3467864.913400002
-10572650.7501,3467929.8662
-10572731.3099,3467899.6074
-10572621.4336,3468038.7267000005
-10572856.314,3468047.957999997
-10572887.3528,3468081.5273
-10572780.1185,3468175.036799997
-10572876.8351,3468315.7795
-10572760.5115,3468322.362499997
-10572702.9548,3468278.0755999982
-10616530.4733,3481619.9102
-10572933.0759,3467519.652099997
-10572907.0424,3467572.2688999996
-10572692.6305,3467514.4865999967
-10572944.7177,3467419.253899999
-10572917.0488,3467429.854199998
-10572929.8328,3467425.033399999
-10572402.6791,3467720.2444999963
-10572332.1102,3467745.478500001
-10572266.5432,3467717.9733999968
-10616972.2394,3461478.597000003
-10622671.884,3453013.219700001
-10575794.8503,3469237.4891000018
-10575785.693,3469251.5569999963
-10575707.4104,3469192.958899997
-10575661.4474,3469267.1657000035
-10575856.7765,3469059.598899998
-10575800.486,3468967.7616000026
-10575810.903,3468844.0286
-10575817.3717,3468833.2908999994
-10575637.4343,3469055.5930999964
-10575559.5028,3469249.469999999
-10575585.3594,3469207.860799998
-10575600.8884,3469182.4569000006
-10575446.646,3469193.0099000037
-10572573.9915,3468545.2848000005
-10573418.8953,3468192.0077000037
-10573363.8734,3468224.7540000007
-10573364.7059,3468012.2314999998
-10573269.4776,3468007.876699999
-10573264.619,3467756.7738000005
-10573413.2233,3467744.4882000014
-10573223.9372,3467715.160700001
-10573137.1577,3467983.470200002
-10573134.7258,3467910.911799997
-10573083.0064,3467822.6240999997
-10604547.9676,3467123.780000001
-10595595.4715,3485554.9288000017
-10595400.9487,3485404.1426
-10595488.7661,3485367.9639
-10595155.7605,3485761.9604
-10595153.8738,3485678.0485000014
-10595174.7861,3485597.7721000016
-10595017.9609,3485515.0669
-10595057.6641,3485397.093699999
-10595080.9547,3485321.273500003
-10595134.6493,3485355.417300001
-10595298.8812,3485510.340499997
-10594915.2432,3485516.7934999987
-10594883.6485,3485454.6692999974
-10595152.8357,3485449.936800003
-10595221.2487,3485447.9978
-10595256.2323,3485447.0725999996
-10595295.6446,3485391.7415999994
-10595260.5339,3485392.531499997
-10595217.7653,3485354.1274999976
-10595262.8045,3485353.3016000018
-10595298.6255,3485352.6313999966
-10569819.8294,3471360.0226000026
-10600279.0526,3466465.4496000037
-10600279.2898,3466483.0715000033
-10600280.6076,3466554.3286999986
-10600280.5962,3466571.9271000028
-10600280.7675,3466589.5031000003
-10608764.2665,3476124.3566000015
-10608532.4236,3474097.1312000006
-10571097.9747,3471070.8681000024
-10570997.0507,3471001.777900003
-10571066.2948,3470897.625
-10606000.7264,3466238.7249
-10605758.4926,3466169.3817000017
-10598601.9817,3464865.540100001
-10623518.3852,3485089.7613999993
-10623803.5598,3484762.1510000005
-10573535.7777,3468311.7484000027
-10573505.6054,3468310.3747000024
-10573487.2127,3468309.8391000032
-10573378.3695,3468303.7162000015
-10573419.1537,3468475.2760000005
-10572571.3917,3468813.985100001
-10602267.5433,3473015.149899997
-10601962.3646,3472932.9466999993
-10601783.2859,3473563.9716000035
-10601882.1061,3473182.223700002
-10603223.8856,3472763.6882999986
-10602838.8628,3472773.934100002
-10602811.2742,3472770.855899997
-10619468.741,3490438.0264
-10618934.4866,3490199.412600003
-10618560.8479,3490377.8809999973
-10618040.4625,3489902.902099997
-10618366.2745,3489838.884499997
-10618596.6297,3489873.3805000037
-10618732.1843,3489776.2129999995
-10618659.412,3489737.2322999984
-10618734.0289,3489979.233000003
-10618657.7845,3489845.4531000033
-10618657.6636,3489818.971500002
-10619022.0687,3489794.3193000033
-10619036.0841,3490099.8324000016
-10619011.8436,3490100.0025999993
-10619442.1388,3490075.734099999
-10619251.649,3489806.865699999
-10619089.5824,3489739.1511999965
-10619576.419,3489546.996600002
-10618717.8889,3489462.3803000003
-10618519.0296,3489505.024599999
-10618519.3335,3489523.6120999977
-10618442.5908,3489659.188199997
-10618446.9636,3489629.5003999993
-10618446.4354,3489611.5599000007
-10618444.2971,3489559.097599998
-10618442.8504,3489488.119900003
-10618442.6434,3489470.2641000003
-10618519.9741,3489541.2502999976
-10618388.4389,3489499.2233000025
-10618391.5735,3489521.7414999977
-10618393.3018,3489559.531300001
-10618393.8209,3489577.291699998
-10618395.1629,3489612.4394000024
-10618396.0846,3489630.4165999964
-10618396.721,3489648.3729000017
-10618399.221,3489719.2458000034
-10618324.7864,3489630.9340000004
-10618324.0907,3489539.453599997
-10617654.2951,3490384.214599997
-10617653.4174,3490317.6242000014
-10617212.2642,3490330.3988000005
-10616910.5079,3490335.4516000003
-10617164.4903,3489932.1445000023
-10617875.1287,3489413.2342000008
-10617682.5282,3489600.4787999988
-10617626.9529,3489606.1209999993
-10617736.695,3490316.076700002
-10616868.0665,3489024.5995000005
-10617581.0326,3490360.675800003
-10617722.6336,3490184.522
-10617655.4162,3490469.6163000017
-10617412.3298,3489930.4421000034
-10617339.9147,3489996.3496999964
-10617381.3397,3489847.6941
-10617384.3948,3490071.682099998
-10617624.3477,3489289.195799999
-10617624.3211,3489225.760499999
-10617623.9142,3489133.457199998
-10617624.184,3489040.5693999976
-10571001.176,3469598.4120000005
-10599174.8341,3467024.4433000013
-10579108.0307,3471977.3703000024
-10579038.6796,3472158.3527999967
-10611030.2938,3466090.856899999
-10574315.7937,3452364.3967999965
-10574257.9285,3452389.0868000016
-10574238.1596,3452418.354000002
-10574203.6598,3452469.205799997
-10574485.9016,3452532.3571999967
-10574792.294,3452321.3214000016
-10574792.8853,3452347.721699998
-10574796.9152,3452554.4351999983
-10574795.8992,3452512.012500003
-10574869.7778,3452253.3772
-10574848.8947,3452280.1226999983
-10574849.2039,3452298.125
-10574849.7131,3452333.7967000008
-10574850.128,3452351.321800001
-10574850.642,3452377.8954000026
-10574880.0504,3452082.8801999986
-10594648.261,3461393.8772
-10594803.1787,3461393.485200003
-10594806.3542,3461535.563699998
-10594858.3951,3461535.653800003
-10593691.6072,3462847.1827000007
-10581842.0315,3481007.4705
-10581844.9295,3481130.9373999983
-10581848.8629,3481298.501000002
-10581797.8434,3481307.315399997
-10581846.5853,3481201.490199998
-10581848.4488,3481280.862499997
-10581795.8007,3481282.1108999997
-10581794.5584,3481229.1959000006
-10581851.2149,3481320.2964999974
-10581930.5018,3481298.2167000026
-10581958.6626,3481261.9333000034
-10581941.8205,3481137.6336999983
-10581913.5381,3480992.419500001
-10581983.959,3480800.1922999993
-10581854.8501,3480538.764799997
-10580745.6011,3480695.9985999987
-10581006.0228,3480417.142499998
-10581003.3593,3480326.2722999975
-10580808.52,3480660.5468000025
-10581543.1513,3480927.1076000035
-10580757.7601,3480978.2051
-10580874.7344,3481289.655100003
-10570929.631,3470833.225400001
-10570967.8438,3470698.9487000033
-10571051.9052,3470720.920400001
-10607877.2596,3457377.309600003
-10599895.4253,3465755.274700001
-10599930.4696,3465754.751500003
-10600000.5962,3465753.764700003
-10600018.1279,3465753.5178000033
-10577083.3141,3456050.7299999967
-10577065.7962,3456051.034900002
-10577228.0721,3455967.0168000013
-10627183.103,3491968.9541999996
-10627178.1017,3491783.4387999997
-10627177.8939,3491728.934600003
-10627178.2054,3491810.6909999996
-10627190.1388,3491939.0044
-10627381.0838,3491792.2907999977
-10627387.6058,3491848.286399998
-10627562.1895,3491909.0527999997
-10627561.9392,3491879.477600001
-10628016.2742,3492121.9648
-10627956.548,3492122.669500001
-10627926.6656,3492122.9400999993
-10627840.4155,3492306.4597999975
-10627928.7147,3492303.9217000008
-10628180.6272,3493279.709899999
-10628159.7837,3493011.104699999
-10628155.2819,3492746.2588
-10628154.9083,3492719.773699999
-10628148.2719,3492349.007600002
-10627960.1188,3493174.4782000035
-10627989.2051,3493103.2207999974
-10627931.7963,3492885.7556999996
-10627713.394,3492784.839400001
-10627714.535,3492823.0829000026
-10572564.1271,3468299.1806000024
-10572501.1894,3468180.317599997
-10614849.8183,3465315.9497999996
-10615018.0953,3464627.0584999993
-10581821.4702,3480137.8214000016
-10581790.0079,3479824.341300003
-10581855.6,3479778.592
-10581838.922,3479814.300499998
-10581856.0346,3479796.2278999984
-10581848.3483,3479476.003700003
-10581923.5408,3479539.968000002
-10581922.8873,3479513.514700003
-10581974.2196,3479459.2946999967
-10581997.6756,3479691.9750000015
-10581976.7318,3479872.9931999967
-10581935.2872,3480024.8922000006
-10582004.5469,3479991.094499998
-10582103.0845,3479868.9164000005
-10582104.7152,3479618.5939000025
-10582153.7898,3479455.4133
-10582270.4931,3479719.796400003
-10582493.1735,3480147.7168999985
-10582419.1999,3479956.3641000018
-10582491.0316,3480010.7172000036
-10582399.1091,3479843.8884999976
-10582415.9714,3479799.5139999986
-10582495.0693,3479481.595700003
-10582389.7848,3479483.9646999985
-10582660.3808,3479451.2941000015
-10582573.8976,3479677.036899999
-10582587.242,3480187.927199997
-10582567.9528,3480117.8193999976
-10582831.9467,3480054.6966999993
-10582792.076,3479852.6514
-10582745.7902,3479842.5573000014
-10582904.9229,3479991.281300001
-10582924.8157,3480108.8537999988
-10582996.7636,3480201.5988000035
-10583069.0177,3480163.930399999
-10583135.2534,3479975.840800002
-10583223.7847,3479776.3276999965
-10583294.7687,3479794.5486999974
-10583226.9575,3479931.3835999966
-10583393.2076,3480190.188000001
-10583487.8749,3480099.9521000013
-10583479.8411,3480135.413800001
-10583455.3277,3480148.389399998
-10583389.2018,3479969.393799998
-10583367.4349,3479852.397500001
-10583624.0571,3480108.408699997
-10581874.2197,3479389.4425000027
-10581856.6687,3479389.6027000025
-10581926.3814,3479355.1433999985
-10571496.3835,3468790.668899998
-10571660.4708,3468852.8310000002
-10571717.8267,3468874.8056000024
-10571746.016,3468829.4365999997
-10571581.4066,3468765.616899997
-10571497.4271,3468635.7826000005
-10575383.0104,3468288.4734999985
-10575239.8849,3468199.623800002
-10575689.9764,3467893.0103999972
-10575465.443,3467946.4135999978
-10575734.2244,3467821.3281000033
-10610440.3226,3464348.5342999995
-10576170.2733,3468859.7458999977
-10581660.3038,3482913.476300001
-10581038.5557,3482786.1775999963
-10580969.6563,3482787.2228000015
-10579554.9981,3480442.5112999976
-10580725.0325,3481676.0420999974
-10580787.3089,3481681.9519999996
-10579186.4914,3480396.2883
-10581217.9104,3482986.5414000005
-10579259.9833,3480460.6406000033
-10576637.7033,3480503.486299999
-10575696.8182,3481760.767499998
-10578191.9317,3480864.556900002
-10575495.1297,3481767.286600001
-10576544.4293,3480524.718699999
-10578399.5448,3480750.413400002
-10581917.0206,3481411.6669000015
-10581959.0206,3481415.9443999976
-10580374.0343,3480383.3125
-10580339.0222,3480359.9255999997
-10580357.7075,3480447.6816999987
-10580371.3714,3480343.734700002
-10580541.9385,3480393.167199999
-10576576.9626,3483882.5024999976
-10574959.7548,3484300.3709999993
-10575748.8478,3484052.205499999
-10575589.8359,3484056.2717999965
-10575628.9795,3484055.1860999987
-10575709.0779,3484052.3628999963
-10575787.5687,3484731.442599997
-10575934.1916,3484744.3748999983
-10576370.013,3484104.962200001
-10575208.3927,3484693.369099997
-10575033.8309,3484497.478600003
-10577497.1187,3486875.548100002
-10576706.2379,3483551.748499997
-10575334.7296,3483430.7754999995
-10575334.9546,3483482.4602999985
-10575336.5669,3483587.7150000036
-10575336.5003,3483622.797200002
-10575337.1238,3483657.6899999976
-10575337.0703,3483692.7369000018
-10575337.0053,3483728.2452000007
-10575337.0685,3483763.8979
-10575347.8968,3483799.8830000013
-10575348.2957,3483835.503200002
-10575338.2506,3484010.0812000036
-10575339.059,3484117.422799997
-10575250.9804,3484204.897699997
-10575249.3196,3484084.2029
-10575248.5911,3484031.266900003
-10575247.8627,3483978.3312000036
-10575243.4926,3483660.7212999985
-10575243.0072,3483625.4316999987
-10575242.0362,3483554.853
-10575338.6718,3484045.979699999
-10575249.8052,3484119.4936000034
-10575170.9645,3483494.072499998
-10575171.6924,3483547.0062000006
-10575173.7546,3483696.9865999967
-10575174.24,3483732.276299998
-10575177.1523,3483944.0166999996
-10575184.9254,3484074.0513999984
-10575180.7542,3484205.8737000003
-10575087.9551,3484204.657899998
-10575086.4466,3484083.2424999997
-10575086.1724,3483979.4294999987
-10575085.26,3483944.719700001
-10575084.6456,3483909.755599998
-10575082.3974,3483664.2206000015
-10575082.4242,3483628.3423999995
-10575081.3857,3483522.2151999995
-10575162.6148,3484050.1103999987
-10575211.9494,3484738.596900001
-10575596.7614,3484732.988300003
-10575352.1854,3484736.5823
-10575276.7165,3484738.534500003
-10575616.8767,3484784.177699998
-10575488.8709,3484757.122100003
-10575341.8936,3484787.233099997
-10575252.296,3484787.4372999966
-10575213.6166,3484783.8181999996
-10575388.3689,3484848.2837999985
-10575343.437,3484848.3200000003
-10575351.2854,3484913.8743999973
-10576122.9433,3484760.1093000025
-10575833.413,3484731.297799997
-10575689.8583,3484754.5876
-10575952.1216,3484898.0890000015
-10575993.0802,3485093.7985000014
-10575889.4358,3485096.0549999997
-10575786.553,3485098.226400003
-10575679.5634,3485099.951899998
-10575650.2128,3484782.975299999
-10575568.8072,3484785.978600003
-10575946.0075,3484966.365199998
-10576099.3219,3484961.8971000016
-10575565.236,3485101.7700000033
-10581476.767,3478678.2682000026
-10581382.2127,3479470.652099997
-10581382.1225,3479434.5834000036
-10581454.0995,3479398.1164999977
-10581454.4971,3479434.277999997
-10581678.6872,3479519.4287
-10580889.5488,3479351.280500002
-10580698.0209,3479351.427000001
-10580651.3779,3479345.149099998
-10580441.9795,3480259.4390999973
-10580231.9927,3480074.808600001
-10580369.8192,3479432.4768999964
-10579795.7936,3480223.8730000034
-10580054.5439,3479494.538400002
-10580095.3336,3479447.7575000003
-10580091.2737,3479719.5627000034
-10580084.8067,3479539.0582000017
-10580068.1677,3479818.2233999968
-10579986.1744,3479792.537600003
-10579787.5198,3479696.4211999997
-10579785.4865,3479453.619400002
-10579447.427,3480217.768799998
-10579458.2755,3479432.6313999966
-10579313.2015,3479744.2673999965
-10579663.474,3479630.8145999983
-10578266.4169,3479898.574699998
-10577279.6083,3479496.9617
-10578284.4303,3480130.403099999
-10578268.1527,3479841.097900003
-10578218.389,3480018.6423999965
-10578426.295,3480254.8137999997
-10578134.3396,3480295.293899998
-10578261.1999,3480252.502899997
-10577597.6622,3479503.020499997
-10578143.8889,3479522.9733999968
-10576410.9299,3479710.3288000003
-10577158.0732,3479852.364500001
-10577071.7429,3479999.3694999963
-10577062.2415,3479929.956299998
-10577016.0247,3480276.0414000005
-10577065.4062,3480274.6177999973
-10576966.4701,3480277.278300002
-10577114.264,3480216.690700002
-10577043.3646,3479854.3783000037
-10577164.4089,3479623.578599997
-10577091.677,3479642.2471999973
-10580868.3297,3479767.647399999
-10580805.83,3479499.903300002
-10580822.6651,3480202.412600003
-10580661.3679,3480026.2607999966
-10580652.3205,3479748.8260999992
-10580703.6236,3479537.6499999985
-10580652.0564,3479801.8809999973
-10580704.8065,3479564.186300002
-10578768.3818,3474381.4157000035
-10579542.04,3476296.9909999967
-10578825.0416,3476491.7522
-10578488.7582,3476018.181599997
-10579116.9694,3476336.5326000005
-10576393.538,3476387.7973000035
-10577019.384,3475877.048600003
-10576060.7933,3475341.525200002
-10576114.2181,3475142.215800002
-10576818.6062,3476225.477300003
-10576601.4857,3476382.882100001
-10576918.6221,3476374.2201000005
-10576724.9746,3476493.8466000035
-10577062.6443,3476233.904299997
-10577021.5138,3476372.9425000027
-10577116.0178,3476488.9179999977
-10576988.6869,3476373.700099997
-10576788.2708,3476276.7097000033
-10575101.433,3477481.943400003
-10576519.3507,3476299.2440000027
-10577112.054,3476321.3483000025
-10577092.4602,3476217.972400002
-10577111.5903,3476247.4548999965
-10576091.5177,3477641.107500002
-10575765.3218,3477662.957999997
-10575765.2614,3477625.021300003
-10581119.7067,3477243.353500001
-10581119.6687,3477127.172600001
-10581556.4724,3477089.3165000007
-10581189.8572,3477126.2273999974
-10577145.8023,3479402.2863000035
-10577092.2505,3478964.498300001
-10578882.2153,3478891.0023000017
-10578899.5435,3479303.6159999967
-10578977.9345,3479357.947800003
-10579270.6582,3479311.7663000003
-10579264.2427,3479116.6191999987
-10579332.268,3479317.5314000025
-10579328.1733,3479122.358099997
-10579331.3505,3479273.7321999967
-10579331.0169,3479196.501000002
-10579017.0785,3478956.5055000037
-10579329.0542,3479164.1133999974
-10579378.3995,3479218.8791999966
-10579026.9478,3479030.9518000036
-10580178.2522,3479111.755900003
-10579327.0333,3479221.0064999983
-10578982.655,3478915.955499999
-10580417.0325,3479197.5156999975
-10580896.2822,3479110.639200002
-10580258.6836,3479286.3159999996
-10580248.5902,3478855.5397000015
-10581159.385,3478927.456699997
-10580993.6814,3478931.518600002
-10580901.6419,3479218.0747999996
-10580255.8486,3479165.3354
-10580945.5786,3478932.660099998
-10580907.5839,3478464.7150000036
-10580931.0725,3478569.480700001
-10580934.1064,3478701.743900001
-10580813.4186,3478399.5647
-10580584.389,3478721.4870999977
-10580781.2026,3478640.9661
-10580929.8347,3478515.5176
-10580327.8359,3478553.1794999987
-10578358.9032,3478392.6118
-10578458.1617,3478391.5386999995
-10578452.0079,3478228.0151999965
-10578283.53,3478229.1092000008
-10578120.409,3478427.514899999
-10578190.6034,3478426.4804999977
-10578173.0548,3478426.7391000018
-10578199.0598,3478341.9756999984
-10577957.9056,3478361.2126
-10577917.4684,3478351.0102000013
-10578135.2912,3478236.7529999986
-10578480.7589,3479395.3433
-10578497.4219,3479277.7925999984
-10578428.1929,3479344.0596999973
-10578428.0393,3479296.6565999985
-10578380.2507,3478277.674900003
-10578419.8057,3478277.4481000006
-10577179.6017,3478626.656800002
-10577112.9525,3478586.639200002
-10574939.8159,3476187.6147999987
-10576920.9418,3477407.213399999
-10577072.1839,3477236.8378000036
-10577069.3391,3476891.6999000013
-10577061.9092,3476960.3976000026
-10576874.0102,3477136.8712000027
-10576857.6871,3477493.5304000005
-10576920.3843,3477207.335199997
-10576919.5052,3477132.9711000025
-10576837.1063,3477270.2641000003
-10576874.4888,3477270.6564000025
-10576857.0167,3477203.4870999977
-10576923.8728,3476745.975100003
-10576202.3478,3477003.8979
-10575880.0716,3476881.528099999
-10576410.1467,3477319.632600002
-10575815.355,3476882.0111000016
-10576655.9547,3477441.403499998
-10575751.3895,3476877.2004999965
-10576331.5768,3477318.659199998
-10576138.6513,3477025.4055999964
-10576590.8675,3477133.549900003
-10575969.3687,3477431.5662999973
-10576924.8224,3476885.5678000003
-10576924.6475,3476859.853100002
-10576850.4558,3476776.962899998
-10576850.1508,3476732.704999998
-10577171.8136,3477199.949199997
-10577063.2209,3477156.351400003
-10578625.2346,3476384.954499997
-10577485.8466,3476215.3044999987
-10577561.2662,3475501.7978999987
-10578539.4272,3475602.1706999987
-10578519.413,3474892.953400001
-10577895.659,3475483.409500003
-10577566.2339,3475327.2409000024
-10577055.4372,3475721.6350999996
-10576930.4401,3475799.3125
-10576409.4807,3475361.0128000006
-10576700.7448,3475419.7511000037
-10577123.2157,3475476.979800001
-10577091.2737,3475398.3850999996
-10577147.9792,3475428.2150000036
-10576196.5562,3475301.261699997
-10576705.9791,3475118.4438999966
-10576668.3685,3475114.545400001
-10576335.9637,3475180.8693000004
-10576437.3366,3475082.9472000003
-10577656.6517,3476328.840499997
-10577639.3291,3475997.4386000037
-10577655.0032,3476043.1220000014
-10577658.5442,3476124.647699997
-10577658.6133,3476064.0011000037
-10577599.6173,3476091.587899998
-10576536.369,3477005.700000003
-10576535.2462,3476839.911399998
-10578567.8748,3476308.9381000027
-10578568.5007,3476425.3389
-10576927.749,3476139.972400002
-10576700.3348,3475926.824000001
-10576492.2096,3476095.0244999975
-10576323.1115,3476047.789800003
-10576322.5595,3476120.3759000003
-10576342.1294,3476091.284599997
-10576408.7564,3476135.461599998
-10576407.7643,3476183.081699997
-10579806.001,3479209.798100002
-10626535.1971,3484958.809799999
-10610364.7288,3455412.141999997
-10622171.8712,3484916.054700002
-10622171.5354,3484754.767999999
-10621839.8437,3483997.1670999974
-10616128.243,3488466.4513000026
-10615991.3599,3488433.7651000023
-10615885.7769,3488434.617899999
-10615815.3456,3488470.1027999967
-10615868.0217,3488469.463299997
-10615617.9273,3488474.8015
-10615749.5202,3488437.5886999965
-10615574.022,3488475.4368999973
-10616145.5411,3488518.026299998
-10616022.5473,3488519.2930999994
-10615990.9516,3488520.027999997
-10615797.4865,3488556.864699997
-10615850.1924,3488556.325000003
-10615964.5957,3488554.3915000036
-10615885.3982,3488555.4184999987
-10615661.7346,3488526.416000001
-10615678.7777,3488561.4629999995
-10615740.2252,3488560.576200001
-10615644.1724,3488526.6702999994
-10615617.829,3488527.052000001
-10615937.5456,3488603.5753000006
-10615797.4063,3488604.085699998
-10615832.4616,3488603.9054000005
-10615919.9642,3488603.630099997
-10615592.1744,3488608.906999998
-10581405.2441,3479771.4343999997
-10581484.2057,3479769.5022
-10581510.5264,3479768.858599998
-10581587.3504,3480125.019199997
-10581433.0736,3480207.459899999
-10571539.192,3469946.411600001
-10571533.024,3469962.797799997
-10571526.8675,3469979.2717999965
-10584478.2148,3507207.8527000025
-10584529.589,3507195.716300003
-10598069.7519,3461670.7065000013
-10597728.363,3461248.0962999985
-10597652.6097,3461693.024099998
-10596828.5083,3459884.6768999994
-10597007.1695,3460303.837899998
-10597412.4011,3459824.648199998
-10597025.8542,3459112.657200001
-10598190.4885,3459271.7388999984
-10596776.1883,3459226.6985
-10596845.5381,3459614.733099997
-10614309.1226,3457754.031300001
-10614698.9289,3457686.779600002
-10614287.923,3457563.0812000036
-10593938.5733,3462099.2405999973
-10593755.5912,3462085.704599999
-10594193.2372,3462077.6865999997
-10594344.9515,3462165.469899997
-10594414.6806,3461986.5205999985
-10594343.5307,3461883.7820999995
-10594236.7914,3461900.4442000017
-10594343.2102,3461864.9055999964
-10594344.4172,3461927.196800001
-10594343.8804,3461902.8057999983
-10593347.1629,3461905.242700003
-10593345.5396,3461800.4909999967
-10593108.5898,3461805.050800003
-10593069.8612,3461770.4887999967
-10593072.3831,3461624.512699999
-10594060.3076,3461225.5173999965
-10594415.8047,3461423.478500001
-10593939.7738,3461932.6963
-10593909.4955,3461933.1643999964
-10593888.464,3461933.4893999994
-10593867.4324,3461933.8144999966
-10593846.4009,3461934.1394999996
-10593923.5661,3461159.900200002
-10593922.9363,3461134.711000003
-10593922.5937,3461092.9880999997
-10593711.0248,3461097.2014999986
-10593423.8008,3461208.0056999996
-10593126.7305,3461090.7695999965
-10593929.778,3461462.597000003
-10593928.864,3461409.7544
-10593833.2802,3461432.567599997
-10593889.2851,3461325.8729000017
-10594265.6211,3461691.947300002
-10593336.1546,3461495.5869000033
-10593441.0338,3461514.8281000033
-10593533.5544,3461358.5134000033
-10593927.1733,3461311.9963999987
-10593365.7461,3461500.977499999
-10593395.9163,3461506.4843000025
-10594321.6319,3461551.891099997
-10594310.4929,3461517.3205000013
-10593928.4984,3461388.6174999997
-10593128.7114,3461308.6054000035
-10593071.1446,3461482.3537999988
-10593070.6215,3461418.9353
-10593208.6596,3461655.5555000007
-10593128.6841,3461561.748300001
-10593129.3607,3461606.6251000017
-10593130.3656,3461656.809600003
-10593130.4493,3461677.8483999968
-10593073.2362,3461678.660599999
-10593073.0568,3461656.101599999
-10593228.7257,3461569.6899999976
-10592911.0226,3461019.838200003
-10592919.1616,3461510.906499997
-10592918.4144,3461447.6900999993
-10592917.7279,3461419.2009999976
-10592916.844,3461360.0165000036
-10592999.8052,3461891.3840000033
-10592986.5084,3461417.5063999966
-10592930.0382,3461304.509999998
-10592989.0574,3461656.2695000023
-10592540.3084,3462118.1177999973
-10592540.1433,3462088.170500003
-10592536.5855,3461839.0292000026
-10592533.3162,3461624.6569000036
-10592529.7407,3461414.5662999973
-10592525.8319,3461272.0595000014
-10592524.4215,3461194.2324
-10592591.6056,3461327.7031000033
-10594294.3232,3460979.576200001
-10593664.7147,3460983.184100002
-10593918.1179,3460709.123999998
-10593533.0726,3460887.684600003
-10593534.3667,3460978.0139999986
-10593533.4631,3460942.414300002
-10593049.678,3460972.705799997
-10593456.9858,3460863.4896000028
-10593426.409,3460992.955499999
-10593160.1917,3459950.569799997
-10593139.3888,3459933.7585000023
-10593291.9095,3460514.0935999975
-10593354.7199,3459949.6115999967
-10593333.6904,3459949.6309999973
-10593422.1018,3460331.5287000015
-10593419.8893,3460133.898699999
-10593419.1085,3460064.1476000026
-10593420.6702,3460203.6501
-10593313.5126,3460018.8495000005
-10593291.5037,3459930.8817000017
-10593652.6353,3460361.9716000035
-10593647.2718,3460012.660099998
-10593646.0649,3459947.338100001
-10593625.0368,3459947.666199997
-10593582.9806,3459948.3222000003
-10593540.7505,3459939.2738000005
-10593651.9835,3460268.387199998
-10593651.1268,3460221.8910000026
-10593647.7002,3460035.9077999964
-10593682.7202,3460485.4371000007
-10593649.4135,3460128.899099998
-10593650.6985,3460198.642999999
-10593776.3387,3460220.043700002
-10593775.1824,3460103.7896
-10593774.7198,3460057.2883
-10593541.7074,3459991.369400002
-10596889.6637,3455763.6251000017
-10574308.503,3470629.4604
-10574071.6645,3470429.9575000033
-10574085.802,3470407.5326000005
-10572281.7334,3468448.986299999
-10572157.3866,3468397.7360000014
-10570825.2883,3470942.1730000004
-10601012.435,3469273.8233999982
-10601020.6919,3469517.6696000025
-10600960.1121,3469740.3574
-10601396.1574,3469690.421599999
-10601100.7997,3469888.849799998
-10601483.3859,3469931.160099998
-10601573.3648,3469891.858900003
-10601452.6899,3470115.578900002
-10601037.6038,3470170.956799999
-10601341.5392,3470933.1909999996
-10602028.118,3478264.8532000035
-10626478.2774,3490745.6793000028
-10626275.3305,3490745.3078000024
-10625995.4027,3490766.438500002
-10626349.5306,3490541.4180999994
-10570874.3542,3469737.9152000025
-10571179.3752,3469381.3685000017
-10568105.984,3471066.2717999965
-10598356.2051,3465625.292800002
-10598291.7648,3465665.650700003
-10573404.6622,3468626.7630999982
-10573439.7368,3468626.7551999986
-10573422.1995,3468626.7590999976
-10577263.8799,3455497.0691
-10577322.7464,3455412.3791000023
-10577242.4163,3455365.155100003
-10577201.9936,3455429.5354999974
-10577174.0208,3455446.3625999987
-10577064.3858,3455444.6624
-10577147.6248,3455412.998300001
-10576921.2756,3455502.2501000017
-10602814.7207,3457078.2608999982
-10593370.337,3474249.863499999
-10593718.3543,3474335.6455999985
-10593682.0878,3474336.6494000033
-10593521.2243,3474321.7739999965
-10593410.243,3474303.778300002
-10593374.694,3474304.9892999977
-10593375.4997,3474344.1670999974
-10593318.0395,3474334.9707999974
-10593290.4557,3474307.847400002
-10593683.4159,3474433.328900002
-10593592.7431,3474397.0590000004
-10593593.1697,3474434.858000003
-10593692.2545,3474394.7663000003
-10593462.8472,3474399.3038000017
-10593454.6141,3474438.2585000023
-10593400.0584,3474439.2722000033
-10593275.1295,3474441.5623999983
-10593666.4973,3474527.092500001
-10593639.4607,3474527.9033999965
-10593603.5356,3474528.6054000035
-10593548.6856,3474491.3867999986
-10593621.38,3474528.1279999986
-10593433.7922,3474495.2600999996
-10593322.5741,3474535.3325999975
-10593286.8871,3474535.7289000005
-10593732.6212,3474583.7934999987
-10593724.9718,3474622.6890999973
-10593626.5516,3474624.030199997
-10593598.4121,3474585.622100003
-10593571.5703,3474585.9875999987
-10593553.6757,3474586.2312999964
-10593608.6569,3474624.2739999965
-10593288.929,3474633.855800003
-10593725.3098,3474677.8800000027
-10593663.2108,3474718.456799999
-10593635.6971,3474680.429899998
-10593645.2217,3474718.968500003
-10593599.8521,3474681.450099997
-10593555.046,3474682.7249
-10593527.466,3474722.3113999963
-10593555.2761,3474721.5266999975
-10593572.9685,3474682.214900002
-10593334.7181,3474688.537600003
-10593335.4362,3474727.326700002
-10593317.543,3474727.661399998
-10593299.6497,3474727.9962000027
-10593380.1693,3474726.4899000004
-10593316.8249,3474688.872299999
-10593564.3591,3474778.067900002
-10593699.4597,3474811.868900001
-10593654.8195,3474812.9277999997
-10593461.804,3474780.9604
-10593355.4381,3474822.479800001
-10593301.7918,3474823.856899999
-10593318.6783,3474784.607500002
-10593319.6566,3474823.3913000003
-10593283.9525,3474824.311300002
-10593372.3504,3474783.240000002
-10593684.5842,3474868.875500001
-10593666.5125,3474869.411899999
-10593648.4392,3474869.8576999977
-10593612.9675,3474909.4444999993
-10593559.1361,3474910.802500002
-10593702.7551,3474868.5461999997
-10593402.3869,3474916.407399997
-10593375.5488,3474917.0116000026
-10593338.9001,3474879.030199997
-10593285.224,3474880.2383999974
-10593303.1161,3474879.8357999995
-10593725.5843,3475002.347900003
-10593644.1245,3474965.5507000014
-10593636.1276,3475004.559799999
-10593546.6712,3475006.763700001
-10593724.6366,3474963.5681999996
-10593437.7265,3474971.3084999993
-10593323.4126,3474974.880599998
-10593304.8858,3474975.6635999978
-10593305.5834,3475013.9386000037
-10593287.3686,3474994.4787999988
-10593390.3636,3475011.2060000002
-10593664.2131,3475100.738499999
-10593538.0971,3475103.9153999984
-10593690.0828,3475061.2775000036
-10593734.8105,3475060.1504999995
-10593479.7152,3475067.2905
-10593460.9139,3475104.061800003
-10593439.5244,3475068.343000002
-10593366.3865,3475070.6811999977
-10593361.1261,3475106.6503000036
-10593298.7058,3475072.4526999965
-10593576.6698,3475195.1191999987
-10593684.0031,3475153.805399999
-10593684.8999,3475192.592600003
-10593443.9305,3475199.2883
-10593368.914,3475164.9705
-10593748.0279,3475248.8175000027
-10593739.8444,3475286.0298999995
-10593713.0045,3475286.588600002
-10593542.1407,3475290.144100003
-10593605.7137,3475293.824199997
-10593695.1111,3475286.961099997
-10593483.8124,3475294.180200003
-10593669.7639,3475382.2476999983
-10593552.5799,3475384.7013000026
-10593705.5506,3475381.4981999993
-10593485.4148,3475389.3726999983
-10593447.8836,3475351.413900003
-10593314.5565,3475393.237400003
-10593707.6324,3475478.969800003
-10593636.0584,3475480.4689000025
-10593572.6271,3475442.990500003
-10593387.3909,3475448.037900001
-10593325.6341,3475488.242700003
-10593306.8732,3475449.858900003
-10593496.4937,3475484.377700001
-10593609.8436,3475541.032899998
-10593629.169,3475576.166199997
-10593647.185,3475575.723099999
-10593489.0281,3475550.6969000027
-10593498.6262,3475579.586000003
-10593426.177,3475581.225100003
-10593408.284,3475581.6296999976
-10593371.6295,3475543.6504999995
-10593345.6584,3475583.0461999997
-10593309.8723,3475583.8555999994
-10593444.07,3475580.820299998
-10593695.6622,3475667.5068999976
-10593667.9,3475629.3650999963
-10593650.9311,3475668.5834000036
-10593550.7216,3475632.1837000027
-10593446.4016,3475677.810800001
-10593392.8564,3475680.036600001
-10593373.8364,3475642.503200002
-10593339.2398,3475682.2290999964
-10593312.4061,3475681.6243999973
-10593705.1299,3475728.082999997
-10593625.7132,3475768.8059
-10593552.3408,3475731.762599997
-10593597.9495,3475730.6643999964
-10593474.4436,3475734.432099998
-10593448.9975,3475773.8614000008
-10593422.1843,3475774.6992999986
-10593385.0127,3475737.6653999984
-10593358.1834,3475738.6353999972
-10593340.2971,3475739.2819000036
-10593341.6617,3475777.215999998
-10593305.6132,3475778.5239999965
-10593386.406,3475775.8178000003
-10593502.1497,3475733.430200003
-10593725.7483,3475823.447300002
-10593726.5505,3475862.2382000014
-10593707.8543,3475823.8210999966
-10593582.5964,3475826.436999999
-10593554.8783,3475827.0156000033
-10593636.2784,3475825.3161000013
-10593654.1724,3475824.9422999993
-10593497.2271,3475827.766400002
-10593497.849,3475867.206299998
-10593469.7206,3475868.0424999967
-10593360.0999,3475871.1832000017
-10593342.0139,3475832.6186000034
-10593754.7691,3475918.092100002
-10593755.4122,3475956.8862999976
-10593692.7778,3475957.9355000034
-10593665.9343,3475958.3852000013
-10593647.3959,3475919.8906999975
-10593567.5087,3475960.033200003
-10593639.091,3475958.8347999975
-10593710.0303,3475918.841600001
-10593692.1348,3475919.1413000003
-10593469.4807,3475923.820600003
-10593451.5915,3475924.387599997
-10593309.4121,3475967.7786
-10593434.9191,3475963.7348999977
-10593765.9769,3476051.5116000026
-10593667.5483,3476053.038999997
-10593622.8081,3476053.733099997
-10593471.5424,3476020.6537000015
-10593435.5989,3476021.3288000003
-10593399.8112,3476022.108900003
-10593382.7543,3476061.2896
-10593364.8603,3476061.6794999987
-10593319.2886,3476023.8636000007
-10593677.3791,3476110.588399999
-10593632.6395,3476111.3508
-10593642.2416,3476149.9931000024
-10593624.3457,3476150.2980000004
-10593596.8479,3476111.960500002
-10593475.9311,3476152.6602
-10593456.92,3476153.237999998
-10593383.8145,3476117.5942
-10593384.8649,3476155.9372999966
-10593366.6901,3476156.6393000036
-10593348.857,3476157.5587000027
-10593332.398,3476157.962200001
-10593745.7899,3476242.1761000007
-10593700.4743,3476243.138700001
-10593663.3961,3476205.8496999964
-10593645.0568,3476206.1361000016
-10593610.0708,3476206.5507000014
-10593592.3792,3476206.861299999
-10593573.7016,3476245.444799997
-10593513.9921,3476208.568599999
-10593495.2227,3476209.056900002
-10593353.0819,3476251.5666999966
-10593315.4997,3476214.0757
-10593496.2214,3476247.8442
-10593775.1288,3476297.4614999965
-10593702.9321,3476298.9280999973
-10593685.0688,3476299.1988999993
-10593647.9799,3476338.6471000016
-10593756.7872,3476297.6767000034
-10593388.3579,3476306.651299998
-10593648.9089,3476412.7815999985
-10593620.3917,3476413.477300003
-10629300.9893,3491534.773500003
-10628882.2353,3491511.604500003
-10629343.4503,3491719.964599997
-10629254.4669,3491736.077399999
-10629853.4364,3491348.8193999976
-10629729.0435,3491253.4485
-10629880.8792,3491301.0744000003
-10629324.309,3491344.228
-10629282.9238,3491357.0662999973
-10629282.9839,3491298.0046000034
-10628881.8748,3491238.3728
-10628892.0514,3491354.1000000015
-10628333.0357,3491652.9430000037
-10627946.4066,3491438.4592999965
-10628589.5169,3491481.7651000023
-10628129.3894,3491347.520199999
-10628391.9143,3491345.3280000016
-10628120.6408,3491251.8127000034
-10614085.6293,3487343.1917999983
-10613769.6683,3487380.5560000017
-10614470.1243,3487184.137699999
-10614399.9524,3487185.192900002
-10613683.4797,3487191.658699997
-10613660.8715,3487097.985600002
-10613731.1191,3487097.688000001
-10614356.981,3487093.5662999973
-10613704.6405,3487191.258100003
-10611522.2132,3489473.146399997
-10611539.7485,3489472.8840999976
-10611574.9937,3489472.484099999
-10611504.6449,3489473.2995999977
-10611448.6348,3489507.8069999963
-10611254.4477,3489473.920500003
-10611058.7917,3489476.0003999993
-10610945.7139,3489476.5392000005
-10610963.6633,3489476.6462000012
-10610949.2724,3489430.9789000005
-10610904.6484,3489432.2863000035
-10611112.1539,3489430.5785000026
-10611024.0686,3489394.797200002
-10611111.8936,3489395.2712000012
-10611059.4591,3489430.294200003
-10611174.7588,3489428.9318000004
-10611174.6573,3489393.609099999
-10611253.7289,3489428.7617999986
-10611323.7527,3489392.772500001
-10611566.078,3489426.274899997
-10611522.1652,3489426.338100001
-10611565.9541,3489390.967
-10611487.0349,3489426.3884999976
-10611459.5011,3489331.7444999963
-10611387.6106,3489345.4591000006
-10611306.6084,3489348.2082
-10611222.5388,3489348.951899998
-10611133.8852,3489309.9934
-10611058.0521,3489349.2004999965
-10611022.9226,3489349.4236999974
-10611038.0531,3489311.3706
-10611051.2266,3489311.286899999
-10610972.5737,3489329.673100002
-10610999.2297,3489312.0222999975
-10611040.8968,3489252.7471999973
-10611089.1711,3489252.4936000034
-10611133.2537,3489252.9187999964
-10611137.5072,3489214.946999997
-10611190.2015,3489214.7537999973
-10611216.5487,3489214.6570999995
-10611288.5644,3489214.3955999985
-10611368.2752,3489212.8368000016
-10611520.6534,3489212.1850999966
-10611573.3366,3489212.210199997
-10611520.6873,3489167.5172000006
-10611456.1126,3489167.5732000023
-10611249.2135,3489166.9601000026
-10611249.1296,3489131.8315000013
-10611154.3638,3489132.804200001
-10611171.9283,3489132.7113000005
-10611224.622,3489132.432400003
-10611207.0574,3489132.5253000036
-10611268.8535,3489084.354000002
-10611444.9177,3489048.770300001
-10611573.6579,3489083.656300001
-10611538.416,3489083.951399997
-10611555.7106,3489049.098700002
-10611274.4541,3489241.982900001
-10611204.516,3489242.2377000004
-10624176.4214,3488756.3729000017
-10570647.7572,3470179.4981999993
-10570664.4342,3470185.8672999963
-10570906.623,3469999.1996000037
-10570960.9413,3469960.2580000013
-10570803.7141,3469900.341600001
-10572094.2086,3471254.3100000024
-10572717.8732,3471279.8506999984
-10572854.1323,3471234.7436000034
-10572699.5762,3471177.4822999984
-10572214.4294,3471192.0562999994
-10571478.1113,3471214.0697000027
-10571388.4555,3471107.7509000003
-10621738.2066,3513825.909599997
-10581770.3421,3479188.4821999967
-10582027.5728,3479257.964400001
-10581838.4816,3479260.408
-10581923.4012,3479259.5725999996
-10581968.6522,3479259.181599997
-10582060.1746,3479257.6887999997
-10582183.8064,3479181.5260000005
-10582519.4717,3479185.2316000015
-10581802.0872,3479123.5427
-10581873.7648,3479123.030100003
-10582112.6117,3479256.3691999987
-10582558.3481,3479093.9996000007
-10581864.7606,3479260.399700001
-10600097.4244,3466752.2761999965
-10600097.989,3467006.4844999984
-10600283.695,3466964.5727000013
-10641348.3826,3489479.783699997
-10594768.9215,3461109.7732999995
-10594980.788,3461202.0813999996
-10598194.4369,3457969.980899997
-10597937.667,3458062.406199999
-10598080.2144,3458011.5562999994
-10597961.8954,3458061.7641000003
-10597954.6484,3458295.1384999976
-10598188.7666,3458629.7654
-10598199.3711,3458523.5319000036
-10598233.5311,3458522.6499999985
-10598256.3111,3458522.3263000026
-10596736.0625,3457252.517999999
-10597086.0456,3457732.4437000006
-10596873.6205,3457221.817599997
-10573754.0643,3468770.6611
-10573701.2832,3468770.9987000003
-10573559.9331,3468356.1169999987
-10574068.4696,3468663.5737999976
-10573784.4621,3468524.188000001
-10573609.3375,3468570.9541999996
-10573624.2008,3468426.744900003
-10573782.9888,3468464.188500002
-10573608.8431,3468368.7968000025
-10581647.8806,3479276.686300002
-10581632.7883,3479276.9790999964
-10581571.3697,3479278.1988999993
-10581470.3271,3479280.2051
-10581443.6086,3479245.4482000023
-10581533.6127,3479243.6613000035
-10581589.5361,3479186.0119000003
-10577171.9209,3477063.5314000025
-10577122.8498,3476993.4727
-10577123.359,3477037.5636000037
-10577123.1552,3477019.927199997
-10577019.3121,3477056.2511000037
-10576925.8013,3477029.4866999984
-10576869.1633,3476947.250699997
-10576789.2107,3477056.8818999976
-10576762.6488,3477021.7880000025
-10576762.529,3477004.150700003
-10576762.4094,3476986.5134999976
-10576762.0502,3476933.6022000015
-10576691.951,3477004.6362999976
-10576754.1143,3477057.1225999966
-10576719.0179,3477057.3632000014
-10581536.5336,3479922.799800001
-10581597.949,3479921.2973000035
-10581580.4019,3479921.7267000005
-10581518.9864,3479923.229199998
-10581615.4963,3479920.867899999
-10581558.4677,3479922.2632
-10579172.1643,3473078.996600002
-10579265.9695,3472979.6018999964
-10579047.4121,3472838.1558
-10579054.6943,3472822.114699997
-10579104.0863,3472694.728699997
-10579300.2462,3472513.811999999
-10579251.1375,3472514.8169
-10579255.2753,3472421.2820999995
-10579183.9528,3472480.903099999
-10579210.6691,3472415.696999997
-10579367.6371,3472177.4217000008
-10579356.5614,3472259.528499998
-10579312.8003,3472156.855800003
-10588715.121,3474321.2603999972
-10588678.2774,3474350.9430000037
-10588146.5852,3474645.2673999965
-10588248.9518,3474604.508299999
-10588370.0679,3474505.4953000024
-10588486.5833,3474459.6125999987
-10588521.1697,3474438.523199998
-10588272.2674,3474590.2919000015
-10588225.6152,3474618.737499997
-10588182.8104,3474644.8369000033
-10588317.9152,3474456.766900003
-10588360.8701,3474325.7172000036
-10588392.458,3474392.3562999964
-10588316.0005,3474419.572999999
-10588085.3943,3474355.246799998
-10588062.2564,3474595.9814999998
-10588237.3993,3474188.1721
-10588065.2767,3474013.9277999997
-10615791.535,3488149.1423000023
-10577967.9547,3478778.4509000033
-10578176.6336,3478727.2444999963
-10578070.6892,3478688.6558
-10578105.7862,3478688.0812000036
-10578212.1712,3478686.3376
-10578014.4391,3478527.0352
-10577901.5653,3478752.432099998
-10577874.4713,3478635.819600001
-10577849.8657,3478555.5725999996
-10577782.6484,3478539.5459999964
-10577844.0841,3478326.4705
-10578083.5461,3478125.677199997
-10577842.4646,3478256.3259999976
-10578119.5202,3478125.4875999987
-10577987.3335,3478057.4419
-10577941.3333,3477970.9864000008
-10577923.7836,3477971.071999997
-10577888.5107,3477935.260300003
-10577497.8195,3478359.577299997
-10577571.3264,3478287.4244000018
-10577694.6206,3478285.1665999964
-10577371.5012,3478118.5832
-10577368.6007,3477977.5015999973
-10577368.2383,3477959.8664000034
-10577285.9214,3478190.9321999997
-10577285.5588,3478173.2968000025
-10577281.5716,3477979.3088999987
-10577690.9708,3478190.4481000006
-10577555.1936,3478141.230800003
-10577551.7473,3477973.6961999983
-10578403.5368,3479016.351499997
-10578322.5505,3478727.261699997
-10578539.6385,3479081.765299998
-10578455.4968,3478980.0469999984
-10578451.3308,3478825.314000003
-10618892.8636,3489276.3910000026
-10610607.8003,3488597.000500001
-10609963.8557,3488631.9243
-10610468.8778,3488627.521899998
-10610421.3408,3488628.1921999976
-10610311.9315,3488714.2699000016
-10609985.1164,3488632.1335000023
-10610150.9018,3488937.3827000037
-10610545.5342,3488924.226300001
-10609886.6183,3488636.0249999985
-10590618.1251,3474299.459399998
-10590569.0141,3474300.6630999967
-10606381.7386,3482216.4108000025
-10606404.5609,3482216.4727
-10604398.6143,3477832.0063000023
-10604986.3267,3478087.678000003
-10610934.9847,3489864.5009000003
-10589012.6601,3474577.860200003
-10589078.8904,3474534.2792000026
-10588574.3371,3474658.476999998
-10586680.2016,3497564.5688000023
-10586678.8529,3497518.815700002
-10586678.1113,3497474.6357000023
-10586678.3661,3497431.0891999975
-10586720.6739,3497242.5424999967
-10586377.7257,3497632.637599997
-10585677.9237,3498691.0088
-10585419.8793,3497983.3751000017
-10585323.1311,3497842.7509000003
-10585547.4314,3498515.0529000014
-10585439.8073,3498473.316200003
-10585432.2762,3498106.1384000033
-10585329.0796,3498279.284599997
-10585330.7649,3498361.5671000034
-10585345.9935,3498574.274899997
-10602328.3535,3491529.181599997
-10602664.4377,3491951.231899999
-10602369.3994,3491018.1558
-10602308.231,3491179.0634000003
-10602072.1965,3491459.7550000027
-10602177.6388,3491813.3923000023
-10602377.8206,3492149.0544999987
-10602680.1331,3491106.3906999975
-10602891.4139,3490768.2744999975
-10602593.6251,3491599.2961999997
-10602725.5644,3492021.6165999994
-10603368.1137,3490747.221500002
-10602028.7082,3491594.9340000004
-10602576.1128,3492014.146399997
-10602623.7731,3492014.3544000015
-10602640.2429,3491525.8214000016
-10589967.6888,3459750.042000003
-10628576.8659,3497249.2207999974
-10628555.0759,3497989.145300001
-10629443.0777,3490484.3474999964
-10628554.7854,3490859.485100001
-10628553.3707,3490736.8193999976
-10628574.7847,3490736.8743999973
-10628102.4905,3490857.717299998
-10628059.7149,3490857.2831000015
-10628292.8229,3490784.9968999997
-10627882.1946,3490518.1925000027
-10628642.2838,3491123.1974000037
-10628503.7793,3491122.3935000002
-10628406.4027,3491062.909599997
-10628491.1397,3491047.156999998
-10628609.8823,3491123.214299999
-10628491.0911,3490986.1279999986
-10629066.2645,3491125.981399998
-10629020.5786,3490737.845899999
-10629052.376,3490860.6807999983
-10627791.3405,3490999.6313999966
-10627703.3766,3491157.1358999982
-10622392.2902,3491300.032899998
-10622383.5588,3491394.481399998
-10622450.856,3491238.091600001
-10622217.2906,3491069.4984000027
-10614556.3269,3484571.6652000025
-10614360.8585,3484663.5349999964
-10615376.3143,3484646.5491999984
-10627547.5406,3493307.450099997
-10627418.2671,3492858.4443999976
-10627466.9331,3492858.0420999974
-10586872.7585,3474697.453900002
-10586990.6432,3474527.500699997
-10586868.632,3474614.968699999
-10586881.355,3474590.7590999976
-10587907.5091,3474703.3000999987
-10587557.2568,3474706.6433999985
-10587286.1877,3474710.9345000014
-10587223.0239,3474711.422799997
-10587265.5388,3474763.9993999973
-10587536.9544,3474727.395499997
-10587393.0348,3474720.8231000006
-10587348.9835,3474601.528099999
-10587217.2996,3474456.3976000026
-10587439.705,3474452.327200003
-10587112.886,3474457.9651999995
-10587159.2035,3474457.581600003
-10587315.727,3473982.729199998
-10587357.9347,3474167.789099999
-10587077.7701,3474388.650899999
-10587141.0264,3473953.0901999995
-10587200.816,3474378.7980000004
-10587170.9925,3474379.220399998
-10587142.9234,3474379.617899999
-10587114.8543,3474380.0154
-10587412.8017,3474362.6121999994
-10587241.2169,3474378.320299998
-10587645.9684,3473978.806599997
-10587628.1698,3474311.5221000016
-10587508.8152,3474147.104699999
-10587525.1278,3474006.320100002
-10587631.1242,3474452.8369999975
-10587630.3766,3474425.518100001
-10587628.6542,3474343.406000003
-10587625.9225,3474186.451899998
-10587557.9353,3474146.411399998
-10587598.4964,3474576.3281999975
-10587521.2031,3474505.237400003
-10587612.4115,3473965.7212999985
-10587844.2478,3474461.0710999966
-10587834.0385,3474598.1602
-10587783.8191,3474591.4025000036
-10587722.1584,3474559.7228000015
-10587831.5842,3474199.092100002
-10587722.9332,3474595.1904999986
-10587723.8814,3474634.2635999992
-10587844.0376,3474406.6037999988
-10587984.828,3474139.8357999995
-10587936.9674,3474233.150600001
-10587962.4469,3474260.063199997
-10587939.4212,3474286.8007000014
-10587939.9822,3474327.2005999982
-10587935.49,3474140.028800003
-10587986.5786,3474232.2205
-10586940.8031,3474011.411799997
-10587004.7994,3474378.2361999974
-10586999.2963,3474398.4509000033
-10586924.8839,3474253.5467000008
-10587024.004,3474309.7630999982
-10587943.7363,3474533.993900001
-10587992.172,3474505.4425000027
-10614132.6616,3482236.2597000003
-10617902.9112,3488774.6740000024
-10617878.0878,3488637.0556000024
-10615467.3102,3480639.4121999964
-10574515.3402,3468064.0073999986
-10623484.6495,3450634.2092000023
-10623528.4348,3450633.8664000034
-10594178.0135,3474287.3751000017
-10594133.8333,3474288.800800003
-10594156.774,3474326.6120999977
-10593889.4011,3474293.8764000013
-10593774.4103,3474345.0786999986
-10594010.7175,3474385.772399999
-10593875.1004,3474388.809299998
-10593856.9495,3474389.0176
-10594166.3664,3474516.300499998
-10594148.2506,3474516.5151000023
-10594058.062,3474480.4978
-10594059.3849,3474518.2722999975
-10593812.6087,3474487.178000003
-10593777.003,3474488.0650999993
-10594059.7008,3474576.394199997
-10593868.9592,3474581.334399998
-10593878.7336,3474619.928000003
-10593842.121,3474581.9136999995
-10593824.229,3474582.2995000035
-10594152.2501,3474707.7192
-10594025.8249,3474672.838799998
-10594206.7106,3474706.032899998
-10594188.9966,3474706.5260000005
-10593863.9332,3474714.0566999987
-10593818.2527,3474677.3197000027
-10593845.753,3474714.590099998
-10594200.0733,3474763.8813000023
-10594137.1618,3474804.343699999
-10594119.3043,3474766.264200002
-10594069.7511,3474767.717500001
-10594101.6513,3474805.3022999987
-10594083.6318,3474805.808600001
-10594173.361,3474803.279600002
-10593920.1096,3474808.8269999996
-10593893.6344,3474771.100100003
-10593831.7905,3474809.885300003
-10593848.3383,3474772.0085000023
-10594203.3151,3474896.255900003
-10594131.949,3474898.249300003
-10594069.2321,3474861.2021000013
-10594087.2245,3474899.498300001
-10593966.014,3474907.522399999
-10593965.0681,3474857.974299997
-10593775.0714,3474866.2431000024
-10594159.1684,3474994.9482999966
-10594141.2734,3474995.202799998
-10594113.8848,3474956.7918
-10594051.2527,3474957.6824999973
-10594087.5886,3474995.966499999
-10593971.011,3474997.7748000026
-10593944.173,3474998.398699999
-10593889.6049,3474960.8598999977
-10593835.929,3474962.1071999967
-10593872.6052,3475000.061999999
-10593800.1452,3474962.938699998
-10593899.4432,3474999.4384000003
-10593862.7669,3474961.483599998
-10593907.4967,3474960.4441
-10594161.6633,3475047.768799998
-10594125.5935,3475048.3632000014
-10594098.3193,3475048.9466999993
-10594206.6359,3475046.732900001
-10593818.0921,3475058.0513999984
-10593853.8745,3475057.1494000033
-10594217.7051,3475182.2814000025
-10594181.3826,3475144.165600002
-10594164.2166,3475183.2951000035
-10594146.3228,3475183.6341999993
-10594119.482,3475184.1428000033
-10594100.8607,3475145.6915000007
-10594065.8005,3475185.1598000005
-10594029.831,3475176.1401000023
-10593935.9922,3475150.784500003
-10593829.8478,3475152.8716999963
-10593794.4967,3475153.524899997
-10593856.3231,3475152.3577999994
-10593909.2739,3475151.3298999965
-10593891.6236,3475151.672600001
-10593820.8684,3475191.8386999965
-10593785.3146,3475192.4935000017
-10594164.1337,3475275.6599999964
-10594123.3011,3475276.212700002
-10593902.1812,3475246.0781000033
-10593885.2536,3475285.3127000034
-10593866.3982,3475246.976300001
-10593830.6153,3475247.8743999973
-10593840.5247,3475286.4354000017
-10593818.1602,3475286.9966999963
-10593791.5159,3475287.6652999967
-10593929.9823,3475284.1898000017
-10594185.5701,3475370.6207000017
-10594149.3122,3475334.3499
-10594149.532,3475371.175999999
-10594113.366,3475352.780699998
-10594077.2737,3475336.6805000007
-10593948.0237,3475340.1415000036
-10593930.6711,3475377.4114999995
-10593912.9574,3475377.4420000017
-10593877.461,3475377.3400000036
-10593841.6666,3475340.3795000017
-10593930.2587,3475340.166100003
-10594124.3104,3475466.513899997
-10594096.971,3475448.3237999976
-10594076.7328,3475430.4025000036
-10593933.9651,3475474.4103000015
-10593916.0696,3475474.6701000035
-10593808.6963,3475476.228100002
-10593790.9937,3475476.4849999994
-10593915.5121,3475435.876000002
-10594033.1319,3475528.0609000027
-10594198.842,3475560.5869999975
-10593974.3627,3475572.1657999977
-10593960.6437,3475533.394100003
-10593800.254,3475533.933799997
-10593871.0293,3475573.9244000018
-10593916.2293,3475577.422700003
-10593791.1583,3475572.638899997
-10593808.8805,3475572.8100000024
-10594218.8926,3475620.663900003
-10594157.1866,3475660.6418000013
-10594130.3449,3475661.151900001
-10594093.8264,3475623.040100001
-10594066.9847,3475623.5500999987
-10594067.7142,3475662.342
-10594049.0903,3475623.889899999
-10594049.8198,3475662.6818000004
-10594031.196,3475624.2299999967
-10594175.0811,3475660.3016000018
-10594103.5032,3475661.661899999
-10594085.6087,3475662.0019999966
-10594031.9254,3475663.0217999965
-10593806.3715,3475626.6440000013
-10594222.311,3475715.3408999965
-10594079.3424,3475717.7607999966
-10594106.1852,3475717.3065000027
-10594231.9089,3475753.9827999994
-10594034.6044,3475718.5176
-10594052.4996,3475718.214900002
-10593958.6672,3475721.594999999
-10593941.0555,3475721.835199997
-10593887.1235,3475722.4826000035
-10593976.0075,3475721.536200002
-10594177.8226,3475850.966600001
-10594114.4719,3475813.347000003
-10594087.6298,3475813.8495000005
-10594052.5592,3475853.311999999
-10594034.6644,3475853.646899998
-10593924.4649,3475856.201200001
-10593897.3891,3475818.832800001
-10593888.8875,3475856.789300002
-10593824.6744,3475819.9817999974
-10593871.1114,3475857.1077999994
-10593942.3143,3475855.887500003
-10594206.5854,3475920.9875999987
-10594077.4492,3475947.150799997
-10594180.9605,3475906.726800002
-10593956.565,3475911.6357999966
-10593920.7808,3475912.5615999997
-10593894.9359,3475952.0424999967
-10593877.0437,3475952.505400002
-10593841.2596,3475953.4311000034
-10593814.6144,3475954.1202000007
-10593862.6315,3475914.0658000037
-10594156.5108,3476001.2260000035
-10594201.2482,3476000.3769999966
-10593951.0507,3476045.857900001
-10593932.1651,3476007.5339
-10593896.3807,3476008.4597000033
-10593842.704,3476009.8479999974
-10593816.0587,3476010.537100002
-10593817.0517,3476049.3238999993
-10593985.8417,3476006.1450000033
-10593950.0574,3476007.0710000023
-10594159.6312,3476136.3025999963
-10594149.3039,3476097.8039999977
-10594097.0169,3476138.2422999963
-10594079.1271,3476138.796599999
-10593816.3231,3476132.545400001
-10594003.0699,3476138.262000002
-10594169.7433,3476231.2239999995
-10594151.8502,3476231.664800003
-10593969.5284,3476196.249499999
-10593933.9881,3476197.0288999975
-10593934.9896,3476236.9455000013
-10593898.9713,3476198.039099999
-10593844.5056,3476238.7742
-10593817.1048,3476199.827299997
-10593817.2828,3476239.405500002
-10594003.3664,3476194.985100001
-10594234.4067,3476284.9328999966
-10594078.4443,3476301.6919
-10593998.0222,3476291.3103
-10593892.1493,3476293.9443000033
-10593864.0074,3476294.881099999
-10593844.3245,3476294.9470999986
-10594102.3826,3476401.145800002
-10594621.1865,3474314.775700003
-10594603.2951,3474315.1739000008
-10594474.9673,3474280.9887999967
-10594531.7296,3474316.766400002
-10594420.7434,3474319.429200001
-10594383.7048,3474320.5305999964
-10594254.6503,3474323.411399998
-10594236.7624,3474323.943599999
-10594352.4008,3474321.4614000022
-10594617.1818,3474369.9680999964
-10594622.7135,3474406.9597999975
-10594604.7866,3474407.4954999983
-10594560.1258,3474408.9328999966
-10594246.8503,3474381.8857999966
-10594668.8415,3474467.7864999995
-10594633.0534,3474468.3236000016
-10594597.2654,3474468.8605000004
-10594489.1354,3474503.9909999967
-10594285.3998,3474513.8537999988
-10594249.6121,3474514.421400003
-10594348.0284,3474512.8603999987
-10594643.3855,3474563.8091999963
-10594625.4923,3474564.137500003
-10594590.9919,3474601.8035999984
-10594369.0036,3474604.3888000026
-10594350.8591,3474604.6472999975
-10594314.5831,3474605.4037000015
-10594268.6846,3474606.2487000003
-10594405.3737,3474603.6204999983
-10594681.4106,3474657.0706999972
-10594636.6796,3474658.010300003
-10594556.7762,3474696.728500001
-10594505.0737,3474670.845200002
-10594579.1417,3474696.2590000033
-10594605.9804,3474695.695299998
-10594605.3679,3474658.6679999977
-10594578.5294,3474659.2316000015
-10594663.5182,3474657.4465999976
-10594646.2384,3474694.8496999964
-10594405.4603,3474700.464900002
-10594262.3178,3474703.333499998
-10594252.6374,3474666.4880999997
-10594280.2107,3474702.9751999974
-10594244.4247,3474703.6921000034
-10594531.954,3474754.7217999995
-10594559.1696,3474754.026100002
-10594686.7159,3474749.980800003
-10594416.7224,3474758.842699997
-10594561.5186,3474849.534400001
-10594543.2751,3474850.0502000004
-10594579.8937,3474849.0599000007
-10594357.055,3474892.386699997
-10594303.374,3474893.373999998
-10594267.5869,3474894.0319000036
-10594285.4804,3474893.702799998
-10594447.8114,3474890.7048000023
-10594428.6552,3474891.083499998
-10594608.2385,3474944.1010999978
-10594438.268,3474986.149700001
-10594609.8585,3475039.915100001
-10594547.3434,3475078.864500001
-10594529.3745,3475079.674999997
-10594500.801,3475044.438699998
-10594601.2875,3475076.8238999993
-10594511.6729,3475080.3765999973
-10594492.7239,3475081.1269999966
-10594362.5646,3475043.8950999975
-10594334.178,3475044.4196000025
-10594380.46,3475043.632600002
-10594408.0765,3475080.152099997
-10594407.301,3475043.1273000017
-10594620.2703,3475135.910099998
-10594359.2723,3475140.6504999995
-10594265.3257,3475142.180399999
-10594607.2208,3475267.0337999985
-10594506.2198,3475233.1589
-10594625.1092,3475266.4711000025
-10594517.7793,3475269.847099997
-10594571.4443,3475268.159199998
-10594509.5806,3475336.6988999993
-10594451.9651,3475346.3992
-10594299.022,3475368.335500002
-10594405.5607,3475328.9135000035
-10594369.7752,3475329.7124999985
-10594583.7793,3475422.1460999995
-10594511.5195,3475459.626500003
-10594539.0368,3475422.4228999987
-10594557.5254,3475459.342
-10594352.7333,3475464.813199997
-10594334.837,3475465.015299998
-10594298.6303,3475428.387500003
-10594271.7862,3475428.6906000003
-10594272.2,3475465.7227
-10594548.4436,3475554.1010000035
-10594381.2797,3475559.023199998
-10594335.7954,3475522.9108999968
-10594345.492,3475559.7551999986
-10594317.9017,3475523.2766999975
-10594282.8635,3475561.0354999974
-10594462.3149,3475520.3232000023
-10594371.5016,3475522.194600001
-10594586.6973,3475611.629900001
-10594550.9144,3475612.571800001
-10594408.8161,3475653.9497999996
-10594380.8192,3475616.583999999
-10594706.1008,3475741.523000002
-10594615.436,3475705.8211999983
-10594533.4114,3475744.4804000035
-10594321.1869,3475712.420900002
-10594556.4233,3475840.936800003
-10594546.7952,3475804.0736000016
-10594414.1048,3475844.076399997
-10594431.8651,3475843.658
-10594712.6333,3475930.0557999983
-10594694.4789,3475930.7436000034
-10594676.0082,3475894.387500003
-10594630.8151,3475895.768100001
-10594604.0073,3475933.739699997
-10594585.8975,3475934.261500001
-10594549.5834,3475935.3878000006
-10594443.7957,3475937.049900003
-10594415.4004,3475900.0143000036
-10594379.5928,3475900.8149000034
-10594352.4669,3475901.524700001
-10594289.669,3475902.757299997
-10594433.4223,3475899.6873999983
-10594379.9165,3475938.683799997
-10594523.5514,3475992.0232999995
-10594703.5653,3475980.461599998
-10594676.9014,3475988.1855999976
-10594659.0089,3475988.6335000023
-10594641.1165,3475989.0813999996
-10594623.224,3475989.5292000026
-10594321.1246,3476036.2287999988
-10594285.3322,3476036.763899997
-10594347.4207,3475998.7952999994
-10594634.0124,3476122.5825999975
-10594553.2641,3476088.3814999983
-10594714.4874,3476119.5820999965
-10594696.6045,3476120.2468999997
-10594349.1155,3476131.4077999964
-10594387.1897,3476224.718500003
-10594440.8836,3476224.339299999
-10594333.2372,3476188.0617000014
-10594422.9856,3476224.465800002
-10594279.5435,3476188.4404999986
-10594291.6478,3476213.0468000025
-10594720.24,3476313.0857999995
-10594668.7272,3476277.1815000027
-10594603.1155,3476278.6357999966
-10594647.8507,3476277.644199997
-10594452.3803,3476282.0023000017
-10594559.709,3476392.866899997
-10594667.0795,3476390.708999999
-10594649.1844,3476391.0688000023
-10594613.3942,3476391.787900001
-10594586.5516,3476392.3275000006
-10594541.8139,3476393.226499997
-10594522.6557,3476393.6111999974
-10594481.1812,3476394.4444999993
-10594336.7573,3476397.344899997
-10595053.8801,3474285.012500003
-10594992.0433,3474268.002899997
-10594823.4178,3474273.0605000034
-10594744.4684,3474273.7448000014
-10594753.5582,3474310.6986000016
-10594762.0127,3474273.592500001
-10594968.7994,3474382.1218999997
-10594817.8604,3474404.1603000015
-10594861.7239,3474403.8945999965
-10595014.2237,3474456.864500001
-10594979.3112,3474457.375500001
-10594952.3704,3474457.7356999964
-10594819.6705,3474462.893600002
-10594998.682,3474553.284900002
-10594955.0426,3474591.846199997
-10594981.6061,3474591.408699997
-10594829.4453,3474595.425499998
-10594750.5092,3474597.106700003
-10594873.2988,3474594.4914000034
-10595029.214,3474685.770800002
-10594874.8477,3474651.449699998
-10594762.7848,3474691.686999999
-10594728.5285,3474654.3668000028
-10594892.9075,3474689.331799999
-10595056.508,3474780.8285000026
-10595021.2241,3474781.622299999
-10595069.3941,3474850.108900003
-10595097.9124,3474969.0502000004
-10594972.9791,3474972.2663000003
-10594955.4385,3474972.697999999
-10594838.3141,3474939.3150999993
-10594803.2273,3474939.901900001
-10594768.7536,3474977.5168000013
-10594734.9488,3474941.0436000004
-10594803.8403,3474976.929899998
-10595055.4275,3475028.2551999986
-10594874.6541,3475033.0490999967
-10594875.6548,3475070.0688999966
-10594736.2329,3475036.8285000026
-10594795.7267,3475035.2041999996
-10595027.4506,3475131.5364999995
-10594911.821,3475126.469300002
-10594885.9802,3475163.2515999973
-10594807.2743,3475129.6115999967
-10594781.4864,3475166.784400001
-10594798.6693,3475166.2106000036
-10595068.303,3475218.5451000035
-10594996.9703,3475257.6646
-10594961.6034,3475258.6394999996
-10595032.6434,3475256.6805000007
-10594907.8388,3475222.9919999987
-10594802.5905,3475225.4508000016
-10594812.2173,3475262.2700000033
-10594777.1344,3475263.089400001
-10594820.1319,3475225.041000001
-10594890.2975,3475223.401900001
-10595016.1136,3475315.5418
-10595042.425,3475314.8857000023
-10594998.5728,3475315.9793
-10594981.0319,3475316.4165999964
-10594981.9459,3475353.4395999983
-10594964.405,3475353.8769000024
-10594904.857,3475317.4350999966
-10594905.4809,3475354.096900001
-10594853.5206,3475355.6960000023
-10594835.5946,3475319.3104000017
-10594818.5988,3475356.655199997
-10594805.6644,3475357.1086999997
-10594755.3544,3475321.4896000028
-10594755.9246,3475358.6155999973
-10594887.6453,3475317.9481000006
-10594852.997,3475318.8784999996
-10594875.0259,3475450.6203000024
-10594840.1849,3475451.9362000003
-10594892.3372,3475450.2738000005
-10594857.7226,3475451.3801999986
-10595074.0854,3475542.2929999977
-10595002.9878,3475507.0578999966
-10595090.6923,3475504.822999999
-10595073.1514,3475505.2700000033
-10595091.6264,3475541.845899999
-10595020.5287,3475506.6110000014
-10595022.9828,3475635.6806000024
-10594923.7174,3475637.402099997
-10594826.1724,3475603.2260000035
-10594888.6391,3475638.4359000027
-10595055.259,3475698.2947999984
-10595015.732,3475695.887599997
-10594855.2501,3475736.273699999
-10594854.377,3475699.2487000003
-10594820.1663,3475737.1093999967
-10594785.0825,3475737.9452000037
-10594828.0643,3475699.8756000027
-10594810.5224,3475700.2934999987
-10595089.2258,3475828.2282999977
-10594866.9716,3475832.3756000027
-10594822.3245,3475796.293700002
-10594782.8531,3475797.144299999
-10594849.4287,3475832.7537999973
-10595091.264,3475884.9843000025
-10594930.1156,3475888.6926999986
-10594842.8465,3475927.229199998
-10594756.6274,3475891.6872999966
-10594820.1187,3475985.9905999973
-10594758.856,3475987.2585000023
-10594759.2005,3476023.8718999997
-10594800.5789,3476022.949199997
-10594783.1706,3476023.534500003
-10595018.0279,3476115.8989999965
-10595043.2439,3476078.2651000023
-10594999.3873,3476079.2881999984
-10595044.3418,3476115.285099998
-10594925.4053,3476080.5617000014
-10594942.9476,3476080.144199997
-10594908.2989,3476099.4919999987
-10594890.7565,3476099.909199998
-10594872.7782,3476081.8134000003
-10594873.6499,3476118.839400001
-10594820.151,3476083.0649999976
-10594785.0663,3476083.8994000033
-10594847.3363,3476119.465300001
-10594837.6934,3476082.6477999985
-10595001.2097,3476209.8583000004
-10595064.0491,3476305.1066000015
-10595098.8159,3476266.1445999965
-10595054.7603,3476266.841300003
-10594914.6398,3476387.650200002
-10594785.2912,3476390.468800001
-10594897.2102,3476387.7465000004
-10594835.8993,3476388.9865000024
-10595461.3365,3474295.092
-10595414.2134,3474258.7902000025
-10595606.1602,3474255.3841999993
-10595570.9735,3474293.0688000023
-10595518.1,3474257.0095999986
-10595570.7256,3474256.0381999984
-10595588.2675,3474255.714400001
-10595553.1837,3474256.3620000035
-10595598.2941,3474349.022399999
-10595457.6248,3474352.4481000006
-10595458.5171,3474389.468800001
-10595554.9864,3474387.119599998
-10595502.3668,3474388.401100002
-10595364.6268,3474354.328900002
-10595495.0584,3474482.5842999965
-10595424.9727,3474446.7396000028
-10595344.8522,3474450.3672999963
-10595309.7629,3474450.6338
-10595327.3076,3474450.5006000027
-10595292.4966,3474487.797700003
-10595362.6752,3474487.264899999
-10595257.4073,3474488.0640999973
-10595231.0904,3474488.263700001
-10595380.2922,3474450.098200001
-10595362.3968,3474450.2342000008
-10595603.7181,3474577.709899999
-10595594.1922,3474540.8960999995
-10595567.8815,3474541.5141000003
-10595568.2864,3474578.542199999
-10595506.8947,3474579.9839999974
-10595427.2073,3474544.817400001
-10595524.4352,3474579.5720999986
-10595369.5032,3474546.1916000023
-10595299.0241,3474584.969800003
-10595608.7384,3474671.406300001
-10595561.4573,3474634.617399998
-10595437.8251,3474676.2289000005
-10595344.9613,3474676.697300002
-10595574.1646,3474766.4441
-10595373.6262,3474736.6745999977
-10595432.7012,3474829.306900002
-10595349.8524,3474828.9465999976
-10595280.0236,3474868.534400001
-10595612.7216,3474956.8994999975
-10595540.9696,3474921.7129999995
-10595550.9799,3474958.4980999976
-10595436.6196,3474961.4592000023
-10595533.4399,3474958.952399999
-10595498.3601,3474959.8606999964
-10595578.7239,3475054.070299998
-10595544.5573,3475054.738300003
-10595508.7878,3475018.3158000037
-10595483.1426,3475055.8619000018
-10595345.9416,3475059.2021000013
-10595598.2049,3475130.6766000018
-10595553.771,3475112.6950000003
-10595554.2133,3475149.7260000035
-10595474.8197,3475113.6472999975
-10595457.717,3475150.8900000006
-10595501.579,3475150.360799998
-10595243.1659,3475118.3439000025
-10595348.1279,3475116.1177999973
-10595349.4219,3475153.931900002
-10595459.4427,3475209.0864999965
-10595470.6345,3475247.3559999987
-10595314.63,3475212.587700002
-10595287.9574,3475213.2267000005
-10595621.4047,3475302.0754000023
-10595435.2553,3475343.4143999964
-10595595.4772,3475338.682400003
-10595560.3962,3475339.6828000024
-10595462.4587,3475342.547200002
-10595489.0227,3475305.8603999987
-10595470.9365,3475306.440200001
-10595388.7715,3475343.7079000026
-10595283.1622,3475345.741700001
-10595250.3878,3475309.331799999
-10595273.685,3475308.8831999972
-10595396.8369,3475306.511500001
-10595361.4,3475307.1939999983
-10595308.771,3475308.207699999
-10595378.9431,3475306.856200002
-10595343.8571,3475307.531999998
-10595326.314,3475307.869900003
-10595516.8926,3475416.3608999997
-10595491.0832,3475416.9371000007
-10595309.3546,3475402.519199997
-10595529.3605,3475530.208800003
-10595475.8543,3475494.4507
-10595581.103,3475491.918399997
-10595625.4364,3475528.0288999975
-10595606.9363,3475491.3017000034
-10595398.6616,3475496.563500002
-10595293.0805,3475499.7775000036
-10595634.4732,3475587.9619000033
-10595488.4526,3475684.597000003
-10595480.7206,3475722.6066000015
-10595498.6185,3475722.1537000015
-10595387.7962,3475724.997299999
-10595555.7816,3475816.2387999967
-10595283.8592,3475784.7946000025
-10595624.1718,3475872.369099997
-10595589.1229,3475873.2732999995
-10595410.1444,3475914.346500002
-10595356.7925,3475878.0886999965
-10595324.9999,3476012.2409999967
-10595307.4583,3476012.6840000004
-10595289.9167,3476013.1269000024
-10595306.5756,3475975.658500001
-10595341.6587,3475974.772500001
-10595289.0341,3475976.101499997
-10595572.1813,3476063.780299999
-10595550.5457,3476064.3966000006
-10595415.5695,3476104.410099998
-10595416.8739,3476163.455799997
-10595493.5722,3476296.339299999
-10595477.3228,3476374.4701000005
-10595565.9752,3476372.8523999974
-10595539.3474,3476373.380099997
-10595582.9759,3476372.1092000008
-10595512.7065,3476373.7969999984
-10595305.6089,3476378.2459999993
-10612189.7491,3489175.188699998
-10612044.694,3488582.628700003
-10589608.4664,3474587.1576000005
-10598177.2664,3467097.3192000017
-10598195.8838,3466994.347099997
-10598081.7587,3466838.9360999987
-10586993.4573,3476151.1696999967
-10586247.1649,3476883.344999999
-10586140.4525,3476923.737300001
-10585933.3867,3476911.454999998
-10585915.9936,3476979.0867
-10586811.7363,3476682.1182999983
-10585830.4772,3477122.8084999993
-10586758.2416,3476377.4800999984
-10585983.2736,3476721.4648
-10586709.3674,3476546.369099997
-10586862.599,3476470.710199997
-10586653.5271,3476018.3005999997
-10585792.6899,3476805.1437000036
-10589032.6382,3475840.596500002
-10587584.7332,3476080.7710999995
-10587891.893,3476050.8057999983
-10588584.314,3475814.4349000007
-10589133.3127,3475456.8479999974
-10587208.3355,3476542.2969999984
-10586975.5243,3475460.1238999963
-10586963.9446,3475442.2010999992
-10587854.845,3476693.4536999986
-10587814.8186,3476707.1648999974
-10588131.2452,3476924.6867000014
-10587811.0036,3477284.405100003
-10588369.2447,3476815.030000001
-10588368.3934,3476728.0090000033
-10588215.8933,3476704.2380999997
-10588222.268,3476723.016999997
-10588239.2647,3476773.094999999
-10587411.8317,3477557.4913000017
-10588417.1808,3476759.385300003
-10588304.9005,3476674.4036
-10587789.8348,3477247.0538000017
-10588211.6531,3476691.715499997
-10587451.9694,3477112.1567
-10587423.4992,3477100.1146000028
-10587332.9221,3477094.588799998
-10587529.9757,3477427.577299997
-10586751.6997,3478013.096500002
-10586450.0345,3478177.1445000023
-10586665.7239,3478059.548299998
-10586405.2051,3477922.783399999
-10585931.2012,3478327.9337000027
-10590968.5738,3475008.2687000036
-10591223.6446,3475169.2092000023
-10591182.3483,3475176.3977999985
-10591250.1385,3475201.3652999997
-10591141.4544,3475184.403999999
-10589578.9008,3475775.484099999
-10590128.9653,3475031.5737000033
-10589563.6458,3475139.281300001
-10589494.3295,3475305.5261999965
-10589343.145,3475633.0724000037
-10590162.2956,3475030.8926
-10589944.0013,3475079.9695999995
-10590093.8619,3475210.5688000023
-10590119.1796,3475153.2397999987
-10590185.6346,3475342.1224000007
-10590143.0192,3475324.968999997
-10590469.0148,3475240.391900003
-10590243.9663,3475298.382299997
-10590693.7143,3474982.9209999964
-10590692.9032,3474947.798100002
-10591397.463,3475332.597199999
-10591409.4302,3475237.582999997
-10591389.5166,3475244.4570000023
-10591972.8872,3475498.9952000007
-10591907.1327,3475318.704400003
-10591548.7684,3475412.443099998
-10591577.5419,3475483.3500000015
-10591580.205,3475424.664499998
-10591975.5245,3475529.663400002
-10591821.3276,3475435.9460000023
-10591973.87,3475472.4716000035
-10591743.0715,3475196.747299999
-10591802.0177,3475176.183799997
-10591846.0299,3475161.021399997
-10589919.6203,3475994.133100003
-10591511.6923,3475275.045900002
-10591194.0444,3475954.5486999974
-10591213.0825,3475551.501000002
-10590989.9784,3475616.011500001
-10591499.9676,3475562.9261000007
-10591171.3645,3475741.6393000036
-10590431.7759,3475809.4773999974
-10590460.4649,3475793.4877000004
-10590378.9292,3475665.856200002
-10598575.103,3464577.5737000033
-10598459.8939,3464668.0168000013
-10598575.1747,3464422.541000001
-10598622.9381,3464577.7382000014
-10598269.7023,3464470.8118999973
-10598269.3478,3464448.4875999987
-10598454.888,3464202.979000002
-10598568.6946,3464002.9038999975
-10598500.1294,3463982.5788000003
-10598500.3892,3464004.7787000015
-10598519.1639,3465337.3915000036
-10598404.9823,3465471.7726000026
-10615882.833,3488686.8999999985
-10615676.2018,3488689.409000002
-10580094.5583,3478416.0613999963
-10579553.4213,3478439.6717000008
-10579346.6151,3478562.1404
-10579306.4243,3478562.9355999976
-10579446.0245,3478448.0178000033
-10611504.1143,3480002.479699999
-10611384.6934,3479548.1840000004
-10615687.3367,3489409.9442000017
-10615653.5371,3489455.621799998
-10615669.4886,3489615.0662999973
-10616218.9287,3489561.565899998
-10616508.5518,3489845.7744000033
-10616150.1083,3490077.9102
-10615847.5662,3490495.0868000016
-10617431.1958,3488383.4958000034
-10610403.233,3480437.0775000006
-10610028.2874,3480015.0612000003
-10610492.7651,3482534.956799999
-10608642.8745,3481276.5595000014
-10581396.5039,3475584.716499999
-10581432.9167,3475638.161899999
-10612212.7451,3483774.1784999967
-10595377.5018,3461216.7726000026
-10582317.7553,3480695.8772
-10582387.9505,3480710.4692
-10613631.9107,3479724.9135999978
-10619125.1686,3484625.4811000004
-10619184.9902,3484624.7797000036
-10619212.7385,3484622.443599999
-10619159.2745,3484685.7559999973
-10599450.8026,3466860.809299998
-10599312.5279,3466771.633100003
-10599303.5712,3466732.845700003
-10599286.4824,3466732.748999998
-10599495.7412,3466789.6059999987
-10599373.7935,3466679.534199998
-10581078.766,3476205.164999999
-10581321.4556,3475765.228600003
-10581324.5208,3475654.5825000033
-10580731.5081,3476267.5636000037
-10581406.3887,3475686.148699999
-10581192.7449,3476152.971199997
-10581295.4086,3476024.9169000015
-10580944.344,3476002.313699998
-10585406.4229,3477312.0491999984
-10579493.0219,3471923.6334000006
-10579486.2386,3471767.6312000006
-10625060.8418,3488388.550999999
-10568484.1216,3471650.9864000008
-10598865.9458,3465565.4461999983
-10598817.0433,3465314.7815999985
-10609419.5383,3492399.3734000027
-10609152.9698,3492319.1977000013
-10609401.1064,3492316.501199998
-10609487.9472,3492315.576700002
-10609365.7355,3492172.2065000013
-10609642.1671,3492169.8364999965
-10609134.5777,3492112.3532000035
-10609702.5262,3492123.4055999964
-10609625.2943,3491962.563199997
-10609535.9942,3491881.3210999966
-10609616.8493,3492108.119900003
-10609787.871,3491814.028499998
-10609413.0284,3491821.1010999978
-10609244.3849,3491823.1246000007
-10609209.0243,3491738.672200002
-10609226.801,3491738.154100001
-10609253.5598,3491738.2556999996
-10609543.4095,3491735.8596
-10609424.8465,3492110.8413999975
-10609184.8465,3491966.8091999963
-10609315.8945,3491737.9426999986
-10608895.8372,3492176.516099997
-10609009.9314,3492113.431900002
-10608719.0992,3492116.9261000007
-10608691.2045,3492036.2968000025
-10609034.2075,3492031.6643999964
-10609007.7254,3491970.1865999997
-10608865.3953,3491971.724200003
-10608909.4197,3491887.275899999
-10608891.9327,3491826.3845999986
-10608874.8533,3491826.5832
-10608767.6425,3491827.474799998
-10608775.7649,3491746.0371999964
-10608891.6602,3491741.7651999965
-10608995.5093,3491825.451899998
-10608764.251,3492178.0095999986
-10608808.1538,3492177.534500003
-10581513.1558,3476367.1841999963
-10581894.0407,3476012.228699997
-10582144.3387,3475253.9373999983
-10582118.1488,3475324.940399997
-10582170.8528,3475400.7700999975
-10571075.1125,3468963.8857000023
-10611500.1606,3467314.1602
-10598113.2964,3473369.9003000036
-10569575.2733,3468548.958800003
-10608081.8643,3481611.181400001
-10645026.7041,3515286.3791000023
-10573325.9296,3468264.818599999
-10573291.5877,3468263.3696999997
-10573355.7095,3468358.527900003
-10573346.4606,3468474.613499999
-10573272.6535,3468668.2214
-10573273.1385,3468773.247100003
-10573232.1267,3468563.4384000003
-10573232.3644,3468581.856399998
-10573232.6282,3468607.2700000033
-10573233.6986,3468685.5581
-10573234.379,3468738.4332000017
-10610015.3266,3489318.1380999982
-10610052.0579,3489288.9899000004
-10610109.8838,3489252.1961999983
-10609960.8953,3489155.9376000017
-10609948.0205,3489095.2651999965
-10571648.2013,3474417.1766000018
-10571678.4576,3474372.789499998
-10571111.6495,3468740.782499999
-10575328.6652,3467833.3290000036
-10574915.2776,3467877.7290999964
-10573827.3649,3469792.6340000033
-10573691.8403,3469707.9861999974
-10575793.7988,3467998.2665000036
-10572024.3019,3476259.023199998
-10571989.8167,3476265.570299998
-10571942.9167,3476274.474299997
-10572080.5386,3476083.3858999982
-10572071.6887,3475941.4760999978
-10572002.7235,3475954.588100001
-10571968.2408,3475961.1433999985
-10572140.0495,3475135.9729999974
-10572040.3664,3475770.7321999967
-10618270.7718,3485098.077399999
-10611040.3363,3486277.7321999967
-10611013.9955,3486277.9136999995
-10611098.2896,3486146.2396000028
-10610865.5188,3486204.8429000005
-10610866.5842,3486160.389700003
-10610793.4713,3486195.2414000034
-10610919.3463,3485903.0185000002
-10611373.6686,3485869.6889000013
-10611273.5662,3463126.6636999995
-10625303.6486,3498481.9430000037
-10625497.8557,3498422.9477000013
-10625424.3158,3498741.0667999983
-10625384.4746,3498670.2522
-10625388.0218,3498641.190700002
-10625387.5213,3498612.512500003
-10625497.2267,3498451.5951000005
-10625207.2912,3498047.7650000006
-10624693.6578,3497586.497100003
-10624027.546,3498198.162299998
-10615856.8847,3487553.658399999
-10615576.4202,3487461.3408999965
-10614914.8493,3487370.4255999997
-10597266.9186,3482901.908
-10597791.1767,3482757.913400002
-10598263.443,3482652.530100003
-10597627.0587,3482770.099399999
-10598136.3661,3482763.2205
-10598215.3114,3482830.603
-10598066.1901,3482731.463200003
-10598068.4923,3482757.6843999997
-10598371.9627,3482737.406199999
-10598608.4914,3482700.1405000016
-10598873.1538,3482742.4853999987
-10598799.9134,3482744.6963
-10599003.4323,3482738.8158000037
-10598835.0153,3482743.042800002
-10598544.1251,3482810.2853000015
-10600195.7249,3482759.8687999994
-10600196.0397,3482954.7612000033
-10600391.456,3483167.996600002
-10600183.8331,3483167.0383
-10599788.6776,3482918.0437999964
-10599455.8537,3482968.896300003
-10598587.3093,3483153.0757
-10598931.1223,3483020.153300002
-10597897.0273,3482992.797799997
-10597667.4702,3483206.7738000005
-10597805.5313,3483239.1856999993
-10597509.8047,3483288.194799997
-10597548.3326,3483261.1658999994
-10597940.3699,3482990.9422999993
-10598271.6239,3482967.261500001
-10597350.7766,3483173.3386999965
-10597353.1767,3483299.8972000033
-10597246.0065,3483209.6207000017
-10597007.0637,3483737.2707
-10597015.5008,3483650.9868
-10597793.4559,3483436.4287
-10597517.6696,3483602.040600002
-10598292.7314,3483600.3527999967
-10597530.5371,3483735.6675999984
-10598998.47,3483420.0381999984
-10599820.8703,3483619.183799997
-10600473.8112,3483433.0129999965
-10600420.2213,3483629.215099998
-10600194.8986,3483665.9756999984
-10600192.0858,3483551.9155
-10600226.8264,3483759.3021000028
-10599330.6678,3483780.224600002
-10599429.0389,3483945.663900003
-10598400.2489,3483805.0156999975
-10598822.5797,3483869.508100003
-10574063.7158,3475776.534900002
-10574396.3328,3475800.9891000018
-10574557.2238,3475792.1818000004
-10574078.9809,3475699.1921999976
-10574228.2843,3475928.697800003
-10574498.1668,3475640.141900003
-10573826.5354,3475508.014799997
-10573788.3147,3475336.944600001
-10574028.7549,3475387.621299997
-10573715.9843,3476045.7312999964
-10573647.3455,3475665.9494000003
-10573598.4497,3475474.643799998
-10587833.5215,3478213.816399999
-10588285.8298,3478055.840499997
-10588245.8031,3477150.804399997
-10587882.3821,3477901.4892000034
-10587916.0925,3477796.398500003
-10586733.1921,3478233.4356999993
-10586611.5944,3478301.3774000034
-10586488.6166,3478369.382600002
-10586336.2179,3478454.609700002
-10586270.6769,3478491.0551000014
-10587606.1499,3477750.0380000025
-10587680.1812,3477848.7687000036
-10588464.8917,3477131.7602000013
-10588462.5873,3477087.632799998
-10587982.588,3477595.0873000026
-10587392.4181,3478132.014700003
-10588217.9907,3477606.377899997
-10588047.7242,3477599.501699999
-10588226.1456,3477911.264899999
-10588282.5209,3477884.0493
-10587552.578,3477766.0525999963
-10587349.7282,3478130.405699998
-10587886.425,3478217.8794
-10588159.9121,3477862.8615999967
-10588527.2396,3477266.597599998
-10588399.4049,3477216.162600003
-10587979.6123,3477536.925499998
-10588113.4632,3478034.075199999
-10588095.667,3478033.6292999983
-10588042.5013,3478032.1243999973
-10588025.4357,3478043.165600002
-10588001.5822,3478030.686499998
-10588009.8289,3478007.784400001
-10586301.4801,3478680.695299998
-10586483.0913,3478564.7096000016
-10586139.7792,3479214.2338000014
-10587032.8417,3478788.3772
-10586997.7182,3478788.0239000022
-10586970.5473,3479164.156000003
-10587255.1433,3478936.576200001
-10587255.2021,3479024.9130999967
-10586317.4161,3479179.839900002
-10587318.261,3478725.709399998
-10587275.5656,3478836.341799997
-10586588.702,3478654.866899997
-10586635.3954,3478482.9394000024
-10586215.1971,3478747.4395999983
-10587614.8419,3478498.3659999967
-10587604.7576,3478731.0107999966
-10587602.3595,3478787.568599999
-10587598.1577,3478884.700099997
-10587595.8161,3478946.8729000017
-10587592.1854,3479042.6061000004
-10587643.0499,3479211.0851000026
-10587652.258,3479191.1410000026
-10587657.3703,3478941.3747000024
-10587658.4632,3478923.7622999996
-10587660.9834,3478870.545599997
-10587652.8168,3479045.7278999984
-10587499.7241,3478805.531199999
-10587497.5175,3478874.2531000003
-10587496.6693,3478893.5134000033
-10587494.7941,3478951.373300001
-10587494.1846,3478970.6807999983
-10587491.8059,3479037.786799997
-10587489.7769,3479104.0485000014
-10587488.9496,3479123.3690000027
-10587488.1609,3479142.6745000035
-10587486.6265,3479161.7831000015
-10587485.8187,3479210.2727999985
-10587516.0313,3479215.0516000018
-10587552.9441,3479185.9888999984
-10587550.5131,3479105.5733999982
-10587551.1914,3479086.1525000036
-10587552.1673,3479057.465499997
-10587553.6945,3479009.8628999963
-10587554.4867,3478990.9284999967
-10587555.9073,3478953.266900003
-10587557.754,3478894.884999998
-10587559.2334,3478855.9821999967
-10587561.0709,3478798.4930000007
-10587562.3045,3478769.000699997
-10587563.7647,3478729.1455999985
-10587557.1735,3478914.402900003
-10587549.7843,3479163.4574000016
-10587498.8194,3478834.762500003
-10588470.6705,3474865.8259000033
-10588297.6232,3475007.4416999966
-10588576.8149,3475005.1986000016
-10588298.8022,3475095.608599998
-10588074.7367,3474991.3209000006
-10588071.2682,3475186.7128000036
-10584098.0576,3477632.6988999993
-10584746.2021,3477453.857000001
-10584153.3394,3477416.8104000017
-10584079.1999,3477411.445100002
-10583958.0542,3477474.3662
-10583848.7633,3477392.6445000023
-10583848.7633,3477392.6445000023
-10584817.8122,3477369.0380000025
-10584792.6279,3477374.601999998
-10615946.7154,3487991.662100002
-10616101.1536,3487989.160099998
-10616033.9429,3487990.215599999
-10615683.4742,3487913.3994999975
-10615858.7585,3487910.329099998
-10616093.4958,3487927.2964999974
-10616029.5645,3487907.392999999
-10615858.0325,3487849.2524000034
-10616331.0894,3487985.7371999994
-10616761.105,3487887.6404
-10616751.5127,3487832.778300002
-10616672.5896,3487836.3500000015
-10627860.6824,3454191.974200003
-10573191.0625,3467212.712399997
-10594624.137,3473836.3254000023
-10594623.3151,3473800.654799998
-10594535.9953,3473766.3330999985
-10570757.076,3469067.3808000013
-10616568.9034,3479096.436999999
-10598815.7506,3465187.6300000027
-10598746.0144,3465085.3647999987
-10598745.6986,3465050.1228
-10597946.2975,3464834.9460999966
-10597907.8356,3465430.0530999973
-10597927.5738,3465299.972199999
-10600328.4709,3482170.9069000036
-10600316.3869,3481595.172700003
-10600315.0483,3481549.0358000025
-10600322.2434,3481405.530500002
-10600067.899,3481851.9365999997
-10600036.0566,3481714.049999997
-10599823.574,3481700.650399998
-10600210.9583,3481687.4662000015
-10599954.7672,3481718.9871999994
-10599938.974,3481669.140299998
-10643004.1164,3487281.4833000004
-10642515.106,3487236.8593999967
-10642515.2516,3487197.1686000004
-10642466.7261,3487160.2004000023
-10642264.5058,3487128.1367999986
-10598049.8081,3465018.6547000036
-10615674.7036,3497023.2346
-10615576.2814,3497023.274700001
-10615527.0821,3497023.3043000028
-10615647.0958,3496941.4279000014
-10572086.7774,3469884.3662
-10598979.2652,3465208.9371000007
-10610142.6624,3483946.849799998
-10599065.633,3463706.231899999
-10599065.4505,3463658.0876
-10613273.8573,3483406.1801000014
-10600439.248,3465508.9214999974
-10600437.8536,3465292.8918000013
-10600402.4957,3465505.4394999966
-10600451.1665,3465677.3743999973
-10600396.3809,3465678.6176000014
-10602232.3382,3470168.969300002
-10620286.7934,3487762.720399998
-10620273.5345,3487904.5776999965
-10620287.8538,3487966.5930999964
-10620185.2737,3488326.6264000013
-10620315.1044,3488234.4076000005
-10615216.9951,3483134.173799999
-10615933.0694,3483073.4940000027
-10599069.0565,3464117.262699999
-10598944.9898,3464211.0547999963
-10598962.5202,3464210.8676000014
-10599067.7025,3464209.743900001
-10616545.2932,3482141.3926
-10591714.1905,3461180.1410000026
-10591712.0118,3461053.3216999993
-10591588.678,3460907.4918000028
-10591723.0617,3461495.4318000004
-10591632.3784,3461967.3100000024
-10591649.2767,3461967.3280000016
-10591565.8311,3461952.2973000035
-10591663.1923,3461967.0856000036
-10591593.197,3461968.215300001
-10591707.2033,3462197.9377999976
-10598847.6785,3463404.4472000003
-10599029.3566,3463315.567599997
-10598737.2525,3463318.5555000007
-10598904.4023,3463240.6719999984
-10599029.0814,3463240.2361999974
-10599065.0362,3463149.8127999976
-10599047.4311,3463149.7419999987
-10599029.043,3463149.7584000006
-10598883.1518,3463149.0923999995
-10598772.1108,3463078.093699999
-10598836.5459,3462979.1856999993
-10599046.4902,3462982.895199999
-10599056.2408,3463286.5089000016
-10599146.7359,3463425.6818000004
-10599174.4144,3463425.538400002
-10599269.7862,3463408.265299998
-10599339.6498,3463407.275399998
-10599196.3915,3463238.9047000036
-10599142.0527,3463143.7387000024
-10620766.7518,3491918.8561000004
-10621091.8256,3491905.6731999964
-10621020.4011,3491636.2322999984
-10620999.5187,3491357.100299999
-10620793.259,3491232.650799997
-10620753.7362,3491233.2452000007
-10620796.9076,3490683.535700001
-10620719.1196,3490755.792300001
-10616362.702,3484999.651100002
-10609297.2887,3483390.161700003
-10608675.4478,3483423.4789000005
-10615816.8197,3482738.441399999
-10619837.602,3490329.0807000026
-10608892.0275,3494777.840499997
-10610757.7279,3488138.199699998
-10610722.194,3488272.6327000037
-10610711.0618,3488414.0144999996
-10610686.6016,3488472.534599997
-10610516.2325,3488479.2584000006
-10610484.5985,3488479.5676999986
-10610406.0722,3488407.6384999976
-10610427.1763,3488407.3684
-10610542.6093,3488406.6832000017
-10610594.7084,3488405.7989000008
-10610615.9326,3488405.4381000027
-10610500.8785,3488407.088100001
-10610570.9772,3488225.503399998
-10610487.6414,3488153.988300003
-10610531.0295,3488025.3713999987
-10610421.2257,3488026.3818000033
-10610380.0671,3488026.775600001
-10610184.47,3488032.7958000004
-10610319.0092,3488360.3341000006
-10611522.0853,3488983.195299998
-10611504.5208,3488983.153999999
-10611469.3917,3488983.0710999966
-10611446.1187,3488983.0160000026
-10611417.1371,3488982.947499998
-10611228.6552,3488984.158699997
-10611536.1051,3488849.0832
-10611518.2935,3488849.2519000024
-10611516.4371,3488660.836099997
-10611400.6074,3488586.3263000026
-10626101.8296,3489538.5359999985
-10626066.7124,3489539.5194000006
-10626005.2576,3489541.240699999
-10625961.3613,3489542.470200002
-10625978.8292,3489467.360799998
-10625766.4614,3489547.9258999974
-10625687.4482,3489550.137599997
-10625669.8895,3489550.6290000007
-10625792.484,3489472.402800001
-10625773.1697,3489472.9438000023
-10625738.053,3489473.9266000018
-10625615.1438,3489477.3659999967
-10625544.9099,3489479.330600001
-10569869.8789,3469832.3981000036
-10619769.6591,3491522.347599998
-10619609.7028,3491523.7974999994
-10619169.0745,3491532.4516000003
-10619278.7766,3491446.8567999974
-10619303.3667,3491446.354699999
-10619401.7265,3491444.346199997
-10619426.3165,3491443.843699999
-10619803.9482,3491436.1247999966
-10619853.128,3491435.1186999977
-10619941.9356,3491417.9734999985
-10619814.9562,3491372.3219000027
-10619790.3663,3491372.8247999996
-10619655.1223,3491375.590599999
-10619375.8517,3491381.2968999967
-10619962.1072,3491440.9750000015
-10619570.3435,3491440.900899999
-10619594.9334,3491440.398599997
-10619447.4332,3491294.336599998
-10619592.1218,3491291.684799999
-10619422.4287,3491232.021399997
-10619226.9304,3491234.9978
-10619788.7884,3491225.1498000026
-10619129.3639,3491236.716499999
-10619762.4915,3491142.157300003
-10619224.5813,3491087.5922000036
-10619199.5699,3491002.9582
-10619223.9466,3491002.319600001
-10619419.2714,3490999.1802999973
-10619198.5591,3490939.5544999987
-10619122.7216,3490855.8457999974
-10619611.01,3490846.600400001
-10619635.5997,3490846.1400000006
-10619500.9362,3490785.0879999995
-10619392.0393,3490787.1251000017
-10619221.087,3490853.8937000036
-10619119.9824,3490707.4491000026
-10619169.1601,3490706.531999998
-10619341.2821,3490703.3203999996
-10619439.6375,3490701.4842000008
-10619438.4789,3490637.9280999973
-10619632.8266,3490697.876199998
-10619655.6446,3490542.335000001
-10607735.8364,3476978.1269999966
-10607679.4404,3477050.661200002
-10607497.6904,3476975.4551
-10611053.8401,3488060.7924999967
-10610992.1179,3488061.8187000006
-10611316.4642,3488050.0034999996
-10611080.1359,3488013.5176
-10610788.7862,3488006.035099998
-10611165.5014,3487943.3795000017
-10611060.8591,3487945.0913999975
-10611084.5914,3487238.8685000017
-10611387.6025,3487281.110600002
-10611267.9023,3487174.9936000034
-10611542.4918,3487344.4032000005
-10611606.4588,3487369.782499999
-10611483.8326,3487182.2541000023
-10611423.2736,3487165.218000002
-10611763.3432,3487169.4760999978
-10611621.7993,3487119.2096000016
-10611785.6785,3487134.4367000014
-10611473.1331,3487058.022500001
-10611446.1405,3487058.4223999977
-10611349.2105,3487059.240199998
-10611201.3929,3487019.7478
-10611330.5581,3486926.1418000013
-10611312.9969,3486926.287299998
-10611295.4357,3486926.4331
-10611149.9105,3486934.1193000004
-10611348.1194,3486925.9963999987
-10611550.0737,3486924.319799997
-10610852.6415,3487277.104199998
-10611287.205,3487454.6416999996
-10611331.1349,3487394.025200002
-10611200.5649,3487341.032399997
-10611068.0641,3487296.5161999986
-10611012.5058,3487242.402099997
-10611020.0716,3487217.9651999995
-10611032.5448,3487176.583800003
-10611037.4623,3487159.6878999993
-10611058.0332,3487088.0212000012
-10611059.874,3487067.9836999997
-10611053.641,3487107.876199998
-10611010.0436,3487008.6711999997
-10610963.5774,3487178.514200002
-10610959.3954,3487195.8205000013
-10610954.986,3487212.6889000013
-10610950.5579,3487229.764399998
-10610912.0548,3487226.752700001
-10610916.7157,3487195.2518000007
-10610823.3646,3487049.335000001
-10610940.8205,3486931.752700001
-10597939.0531,3466002.208800003
-10597939.6647,3466063.8862999976
-10614015.2157,3485619.9738000035
-10597624.113,3465554.145499997
-10597645.4028,3465587.3896000013
-10597633.7623,3465570.483400002
-10581845.2466,3486869.0199000016
-10582056.1641,3487002.9306999967
-10582031.6546,3487003.266599998
-10581882.1406,3486945.548299998
-10582058.0331,3487112.780699998
-10581990.2073,3487114.3552
-10581601.6073,3487180.005400002
-10581678.8819,3487119.4258999974
-10581652.0891,3487078.5327999964
-10581722.333,3487077.755099997
-10581731.5651,3487118.842699997
-10581757.4549,3487077.3663000017
-10581653.0295,3487007.9800999984
-10581801.4615,3486949.1335999966
-10581722.4337,3486949.4540000036
-10581376.529,3487009.333899997
-10581314.8027,3486951.541699998
-10581499.4577,3487008.2520999983
-10581456.6531,3487120.8849000037
-10581316.254,3487121.854699999
-10581412.3259,3487080.170900002
-10581517.7915,3487079.2189000025
-10581535.7753,3487120.292800002
-10581217.7711,3487185.7902999967
-10581121.1779,3487186.3647999987
-10581094.8315,3487186.4312999994
-10581217.4768,3487122.4077999964
-10581120.8879,3487123.061499998
-10581041.5648,3487082.4098000005
-10581155.7153,3487081.637599997
-10581235.0384,3487122.2886999995
-10581182.0577,3487081.4592999965
-10581154.135,3487011.3523999974
-10581119.0118,3487011.590300001
-10581075.1079,3487011.887500003
-10581153.7162,3486953.105899997
-10581263.9332,3486873.273599997
-10581114.6655,3486874.7630999982
-10580952.8237,3486876.3522000015
-10580992.1643,3487011.4015000015
-10580913.1469,3487012.7454999983
-10580851.6888,3487013.7903999984
-10580772.6714,3487015.1335999966
-10580780.4712,3486956.744599998
-10580850.7087,3486955.5507000014
-10580790.2308,3487014.8351000026
-10580815.5899,3486956.147699997
-10580887.2982,3487126.213799998
-10580799.3531,3487127.4650000036
-10580887.003,3487085.0282000005
-10580732.7935,3487190.394699998
-10580690.1683,3487086.086000003
-10580629.195,3487127.9790999964
-10580724.1001,3487015.7946999967
-10580617.2129,3486959.5603
-10580662.4837,3487016.619900003
-10580650.1929,3486881.5621000007
-10581943.6066,3486945.3242999986
-10580821.3703,3486877.734099999
-10580803.8095,3486877.9187999964
-10581591.563,3487008.228600003
-10582255.7024,3486943.046400003
-10581088.3241,3486875.025799997
-10582183.7052,3487073.0940999985
-10582163.8838,3487073.7058999985
-10580895.5874,3487013.0439999998
-10580878.028,3487013.342600003
-10580897.5342,3486954.7546000034
-10580885.8274,3486954.9536999986
-10580874.1206,3486955.152800001
-10580630.3206,3487017.119900003
-10580618.6052,3487017.2326999977
-10580606.8973,3487017.3574
-10580605.7485,3486823.5709000006
-10580570.6285,3486824.056599997
-10580632.1475,3486742.139700003
-10580588.3842,3486742.951700002
-10580578.8544,3486684.1581000015
-10580604.7812,3486683.6599999964
-10580639.8988,3486683.041100003
-10580710.134,3486681.8034000024
-10580622.3401,3486683.3506999984
-10580610.9019,3486602.6001999974
-10580584.8668,3486603.071999997
-10580645.0564,3486543.0754999965
-10580680.1744,3486542.494900003
-10580715.2923,3486541.9142000005
-10580725.0361,3486600.713299997
-10580654.8001,3486601.874499999
-10580938.3743,3486538.3716999963
-10580960.9932,3486817.6625000015
-10581043.3953,3486816.872100003
-10581075.9246,3486736.404799998
-10581039.3754,3486597.3955999985
-10581310.8548,3486460.0058000013
-10580871.9445,3486465.4404999986
-10580801.6586,3486466.1893000007
-10581307.0266,3486594.445100002
-10581517.6883,3486577.8537999988
-10581433.5644,3486732.3687999994
-10581301.8229,3486674.0452999994
-10581585.7763,3486810.7007
-10581706.2923,3486671.5653000027
-10581723.8538,3486671.4966999963
-10581741.4151,3486671.4279000014
-10581678.4583,3486591.3499
-10581598.3028,3486533.190200001
-10581792.6017,3486590.2201000005
-10581852.1878,3486589.9452000037
-10581864.3046,3486523.919500001
-10581897.358,3486728.4180999994
-10581844.7801,3486810.421599999
-10582140.2343,3486712.891999997
-10582159.9477,3486725.159500003
-10582178.1569,3486666.420000002
-10582196.5832,3486724.6278000027
-10580977.0119,3486596.7448000014
-10581363.2874,3486673.751699999
-10581650.9842,3486532.669399999
-10581633.4237,3486532.8429000005
-10622211.4177,3488091.1257999986
-10595288.9752,3464360.797200002
-10595234.7108,3464546.572800003
-10595327.9849,3464346.6697999984
-10595391.0215,3464620.394299999
-10595391.6615,3464643.2927
-10595168.8924,3464817.923799999
-10595008.1173,3464721.8521
-10595481.9947,3464368.142499998
-10595484.2814,3464490.021399997
-10595488.5854,3464694.8249000013
-10582966.0284,3487317.2567000017
-10582691.1834,3487301.929200001
-10582643.2392,3487241.3206999972
-10582690.7305,3487240.1445000023
-10582819.8354,3487224.9553999975
-10582984.8843,3487221.199199997
-10583108.902,3487218.2624000013
-10583108.0647,3487174.1423000023
-10583037.4776,3487175.4953999966
-10582784.791,3487182.1162
-10582767.1526,3487182.760300003
-10582747.7505,3487183.468699999
-10582685.7946,3487213.633299999
-10582685.818,3487195.9767000005
-10582687.8457,3487125.3276999965
-10582685.3303,3487107.703400001
-10582800.0076,3487123.105800003
-10582819.4073,3487122.331299998
-10582950.3173,3487115.4054000005
-10582976.7662,3487114.2277999967
-10583073.7456,3487109.909599997
-10583002.339,3487176.2629000023
-10582967.2553,3487222.0632999986
-10582949.6262,3487222.9274000004
-10583004.2239,3487315.6339000016
-10582931.9253,3487234.8231000006
-10582932.069,3487212.7595999986
-10582986.4539,3487066.410099998
-10582946.0854,3486996.4368999973
-10582768.4739,3487003.6005999967
-10582762.0713,3487045.923299998
-10582683.7066,3486992.061800003
-10582685.1965,3486883.515299998
-10582945.4871,3486980.5623999983
-10582761.7669,3487092.7594000027
-10583039.0016,3487063.8247999996
-10583056.634,3487063.0397000015
-10582768.7135,3487024.7924000025
-10582685.1149,3486840.9042000026
-10582866.2342,3486810.8293000013
-10582977.2806,3486809.9694000036
-10583100.1969,3486807.9860000014
-10583244.5056,3486807.636699997
-10582994.4285,3486739.6184
-10582686.5291,3486741.173799999
-10582640.2622,3486741.7377000004
-10582622.8954,3486742.188500002
-10582848.9749,3486695.243900001
-10582582.5588,3486582.483599998
-10583011.9875,3486739.305399999
-10583226.9442,3486807.742700003
-10582257.4212,3486534.1182999983
-10582477.5619,3486630.1213999987
-10582442.4437,3486630.7038000003
-10582380.751,3486608.6194999963
-10582406.9686,3486585.396300003
-10582477.2047,3486584.2316000015
-10582640.41,3486859.842500001
-10582414.187,3486943.4956
-10582490.9822,3486980.415600002
-10582572.4306,3486872.5847000033
-10582569.6539,3487098.914499998
-10601807.3237,3469425.166000001
-10615385.0273,3461488.9592999965
-10612229.4932,3485186.025899999
-10611512.4821,3484788.1283000037
-10611617.6927,3484802.2967000008
-10587906.9853,3474925.0604000017
-10587808.5731,3474985.557400003
-10587659.6435,3474921.727300003
-10587265.4157,3474926.8576999977
-10587071.8662,3474861.220200002
-10587121.8667,3474860.5429999977
-10587290.8159,3474858.253399998
-10587316.2532,3474864.3106999993
-10587448.7122,3474856.1115999967
-10587685.557,3474852.8831999972
-10586939.0263,3474931.2742
-10586861.7728,3474914.737400003
-10586881.6093,3474949.2683999985
-10587241.8157,3475089.2031999975
-10587003.2181,3475091.2392999977
-10586892.407,3475097.3938999996
-10587173.9392,3475019.8918000013
-10587451.7447,3475016.5002000034
-10586853.2513,3475111.196999997
-10587157.458,3475270.4045
-10587130.3629,3475270.654799998
-10587104.0483,3475270.6965999976
-10586784.3101,3475264.8209000006
-10586998.0759,3475190.779100001
-10587024.9664,3475190.391400002
-10587077.3938,3475190.0803000033
-10587156.1712,3475189.4455000013
-10586919.7496,3475272.1674000025
-10587049.0654,3475190.2676
-10586967.7216,3475376.2391000018
-10587070.439,3474911.8636000007
-10586879.7395,3474805.547600001
-10610609.9334,3489404.0009000003
-10610616.2167,3489112.985799998
-10599065.0875,3466871.5577000007
-10599064.7832,3466835.3940000013
-10599112.4302,3466871.166000001
-10599112.1259,3466835.025899999
-10616506.6279,3460643.609099999
-10616560.9239,3460910.5007999986
-10579094.7279,3472454.1476000026
-10578875.2745,3472644.719499998
-10578867.6299,3472664.837899998
-10578851.9332,3472706.0239000022
-10593745.6688,3473867.7744000033
-10592885.383,3473963.4469000027
-10593270.6038,3473884.9463
-10593337.4775,3473882.960699998
-10593552.4008,3473866.9381000027
-10593097.3201,3473791.9288000017
-10592947.5177,3473795.835000001
-10593890.7109,3473825.2141999975
-10593166.452,3473958.547700003
-10593222.5404,3473886.0779
-10593357.1363,3473882.5031000003
-10593583.3202,3473779.929700002
-10593479.8836,3473781.7629999965
-10593201.5701,3473789.5249999985
-10593140.0759,3473791.227300003
-10592991.2451,3473794.5393999964
-10592793.5499,3473895.2688999996
-10592816.9126,3474039.157499999
-10593711.8812,3473889.9465999976
-10593299.1899,3473884.2436999977
-10593106.204,3473889.442400001
-10577532.5427,3478535.5819000006
-10577531.698,3478482.0986
-10577346.3783,3478434.1410000026
-10615146.5471,3488326.1828999966
-10615443.0487,3488232.666500002
-10615516.4472,3488232.3647999987
-10615540.3625,3488232.445799999
-10610934.5776,3487686.737999998
-10610954.4876,3487683.1514
-10610988.2845,3487683.039999999
-10611215.8993,3487681.043300003
-10610823.3656,3487685.5398999974
-10611259.5088,3487616.7031999975
-10611209.272,3487612.525700003
-10611053.6139,3487564.951899998
-10611220.8093,3487571.7370000035
-10611087.5477,3487522.0955
-10611120.0902,3487535.3823999986
-10611136.3615,3487542.025799997
-10611152.6328,3487548.6691000015
-10611062.7593,3487511.3725000024
-10610995.8663,3487518.680200003
-10610867.8116,3487557.960500002
-10610934.4974,3487493.466600001
-10610939.5491,3487475.2559999973
-10610949.3255,3487441.639200002
-10610964.8791,3487391.7440000027
-10610969.2556,3487373.911399998
-10610756.9169,3487297.281000003
-10610764.3669,3487569.3836999983
-10610895.8916,3487369.548299998
-10610884.1662,3487423.784400001
-10610831.1173,3487422.068099998
-10610831.0497,3487326.4297999963
-10611239.7777,3487503.1915000007
-10611142.4991,3487463.642999999
-10611273.8159,3487517.376500003
-10611488.5347,3487601.542000003
-10611540.9857,3487614.856899999
-10637737.5965,3458350.3901999965
-10637803.6265,3458174.0107999966
-10637256.7857,3458212.400399998
-10637356.6969,3457861.6325000003
-10637114.8149,3457896.6213999987
-10637113.6905,3457845.5040000007
-10582227.434,3491719.3608999997
-10582122.8248,3491541.129900001
-10618671.4799,3490603.570299998
-10618758.3919,3490765.819799997
-10581492.2689,3481733.7518000007
-10581492.0748,3481684.349399999
-10581384.5482,3481761.0085999966
-10581445.6038,3481412.1208000034
-10581446.1223,3481461.960900001
-10608021.6194,3480393.351800002
-10609448.4427,3482970.576200001
-10612354.8131,3488114.912100002
-10612037.2694,3488118.246600002
-10611674.5509,3488122.1840000004
-10612563.4602,3488032.2599000037
-10612545.33,3487970.0326000005
-10612634.1597,3487969.1303000003
-10612140.3815,3487973.666500002
-10612588.2319,3487880.5473999977
-10612544.3085,3487881.2995000035
-10612385.3376,3487884.1186999977
-10612297.8634,3487885.0609000027
-10601849.724,3474223.861299999
-10581660.3636,3480614.8827000037
-10581659.4438,3480571.1394999996
-10581658.9839,3480549.2678000033
-10581561.3294,3480488.3726999983
-10631458.9607,3455600.770999998
-10630772.9366,3456059.6005999967
-10584865.1194,3487845.8214000016
-10584485.821,3487890.3214000016
-10608830.1164,3482491.3011000007
-10608314.7755,3483010.9723000005
-10591727.3095,3485352.725900002
-10591930.6734,3485321.3748999983
-10591849.08,3485155.1988999993
-10591734.777,3485125.7903999984
-10591760.6893,3484975.177000001
-10591721.1786,3485098.0944000036
-10591926.7385,3485063.5900000036
-10591840.988,3484882.897
-10591749.9295,3484701.811300002
-10591676.7787,3484552.2753000036
-10591546.8247,3484405.533500001
-10591736.0594,3484674.1362999976
-10591763.8901,3484729.5754000023
-10591778.4095,3484757.871799998
-10591568.2608,3484787.568099998
-10591630.1844,3484909.400799997
-10591560.5616,3484567.9541999996
-10591480.5367,3484607.3817000017
-10591573.3261,3484594.2668000013
-10591524.576,3484959.705799997
-10591499.255,3484909.691200003
-10591965.085,3461460.5332999974
-10591967.8574,3461616.5353000015
-10591976.9945,3462089.9038999975
-10591976.0761,3462021.0473000035
-10592083.7813,3462019.150200002
-10592113.6066,3461962.880900003
-10592076.953,3461677.9280999973
-10592063.4093,3460905.090300001
-10592159.0527,3461487.9980000034
-10592159.71,3461519.349100001
-10592173.6164,3462207.4148999974
-10592276.5515,3462108.8589999974
-10592340.3653,3460923.581600003
-10592342.9796,3461017.114500001
-10592347.8388,3460794.1784999967
-10592359.769,3461236.297600001
-10592356.8918,3461798.4130999967
-10592457.7117,3461388.8708999977
-10592465.2518,3461767.450099997
-10633963.7088,3468974.133100003
-10608674.4613,3487772.225400001
-10611605.9416,3484288.092699997
-10610323.1899,3483170.9240999967
-10601643.6231,3478721.9503000006
-10608468.0692,3496923.046599999
-10633522.2229,3459738.0023000017
-10598193.1436,3461043.751500003
-10598164.5557,3461052.3907999992
-10598130.9245,3461081.2729
-10597906.1805,3464554.1941
-10614056.1967,3485280.5006000027
-10611412.6284,3487894.5658000037
-10611026.4542,3487900.208899997
-10610829.4528,3487903.225100003
-10610897.75,3487840.0713
-10610955.4456,3487837.3266000003
-10610990.8362,3487836.9826999977
-10611376.7196,3487789.8456000015
-10611288.9193,3487791.4582
-10611082.5626,3487793.6768999994
-10611060.8794,3487793.9155
-10610990.1568,3487795.2312999964
-10610792.205,3487734.294200003
-10610955.0155,3487731.855300002
-10610996.0601,3487731.6664000005
-10611077.9553,3487731.481200002
-10611199.0547,3487729.0265000015
-10611234.1152,3487728.454999998
-10611251.6763,3487728.2114999965
-10611091.3869,3487899.9168
-10611008.8912,3487900.295400001
-10611094.1132,3487731.431900002
-10600395.6445,3466623.720700003
-10571032.088,3468711.7322999984
-10608169.9399,3504267.3378000036
-10614119.6438,3488835.5424999967
-10613707.7251,3488636.204599999
-10613750.2221,3488638.891599998
-10614070.1733,3488596.9733999968
-10614500.5261,3488707.690899998
-10613888.8365,3488769.8389
-10613905.5883,3488868.532899998
-10597203.0786,3464732.038900003
-10597232.3067,3464730.2096000016
-10597246.0955,3464502.2421000004
-10597244.9908,3464459.139200002
-10597182.2759,3464521.0793000013
-10597139.5528,3464662.850900002
-10597139.9213,3464681.2827999964
-10609916.194,3493837.2104
-10609858.2696,3493640.086099997
-10609627.6748,3493484.5178999975
-10609604.9168,3493483.3878000006
-10609522.1384,3493459.9968999997
-10609496.3015,3493515.6111999974
-10609691.4321,3493530.419399999
-10609729.015,3493526.2010999992
-10609743.2994,3493597.0583999977
-10609648.2733,3493607.9060999975
-10609630.5857,3493609.8686000034
-10609457.4393,3493588.0176
-10609415.1067,3493635.8434000015
-10609515.5813,3493668.1985
-10609688.603,3493656.184299998
-10609714.5523,3493653.1982999966
-10609785.2164,3493645.2082
-10609628.3596,3493738.6032000035
-10609348.1651,3493762.6898000017
-10609832.8705,3493845.9263999984
-10609777.8193,3493853.201200001
-10609622.336,3493871.3889999986
-10609465.6676,3493887.020199999
-10609359.0524,3493849.520199999
-10609329.8853,3493838.358900003
-10609294.5148,3493860.8162999973
-10609216.3549,3493858.9043999985
-10609371.6927,3493598.985799998
-10609409.6889,3493534.3747000024
-10609449.9193,3493465.9596000016
-10609524.2404,3493346.763899997
-10609110.4886,3494128.7453000024
-10609247.439,3494245.659199998
-10609858.9012,3493586.6872999966
-10609688.41,3493731.362499997
-10609255.8598,3493974.094999999
-10609695.6299,3493923.603600003
-10609765.2654,3493915.2990000024
-10609828.0909,3493907.611299999
-10609303.8237,3494161.061499998
-10609304.798,3494214.174800001
-10609305.5419,3494231.978600003
-10609384.4444,3494230.334899999
-10609437.483,3494142.053000003
-10609437.8038,3494212.462099999
-10609693.3499,3494019.8878000006
-10609770.4255,3494235.9482999966
-10609769.7979,3494201.0217999965
-10609769.7634,3494173.917800002
-10609769.1524,3494156.8291999996
-10609822.5525,3494050.3856000006
-10609823.2507,3494121.5446000025
-10609823.7741,3494174.7021000013
-10609824.3923,3494227.178199999
-10609903.3488,3494278.2402999997
-10609902.369,3494204.072300002
-10609589.7922,3493936.407700002
-10609512.6325,3494176.4668999985
-10609694.217,3494139.8787999973
-10609572.9854,3493393.3354
-10609637.5023,3493400.207999997
-10609773.8678,3493312.6305000037
-10609719.7256,3493318.6108999997
-10609681.6398,3493322.4230000004
-10609600.4704,3493344.3571000025
-10598250.4264,3467001.101400003
-10596455.4983,3464989.368900001
-10630988.4349,3454917.5605999976
-10600721.1244,3465549.6784999967
-10600699.9848,3465469.511699997
-10600718.6774,3465259.9595
-10600561.6358,3465333.5653000027
-10600610.9878,3465273.882600002
-10600588.1957,3465274.0319000036
-10600722.2829,3465503.351400003
-10600670.4756,3465260.269199997
-10594678.0712,3473851.5058000013
-10594677.5665,3473830.0812000036
-10594676.0601,3473796.367700003
-10594755.0581,3473728.324500002
-10594778.9668,3473727.0198
-10594841.4781,3473842.5527999997
-10594841.9393,3473951.8989999965
-10594779.0758,3473997.279100001
-10594778.8077,3473974.6780999973
-10594778.2299,3473952.608900003
-10594777.7815,3473931.291199997
-10594773.537,3473787.394699998
-10594736.1392,3473787.853600003
-10594737.3449,3473889.7973000035
-10594738.59,3473931.701200001
-10594739.0206,3473953.159400001
-10594737.9599,3473911.054200001
-10615181.3908,3488046.3660999984
-10615359.6426,3488006.3550999984
-10615137.0286,3488006.941399999
-10615048.5099,3488007.1735000014
-10615114.5344,3487946.711199999
-10615247.2333,3487946.005400002
-10615158.729,3487906.8282999992
-10615136.6495,3487907.0967999995
-10615048.0537,3487846.8029000014
-10615148.1789,3487806.2569999993
-10615048.5503,3487745.9817999974
-10615247.5183,3487705.184299998
-10615225.3734,3487705.3347000033
-10615114.807,3487705.8841999993
-10615048.4643,3487706.2365999967
-10614993.1094,3487706.4871999994
-10615058.4584,3487645.5024999976
-10615179.9789,3487605.3775999993
-10615091.6518,3487645.3430999964
-10615090.724,3487544.2656999975
-10615179.1723,3487543.816399999
-10615312.7049,3487503.7951999977
-10615245.878,3487504.0266999975
-10614868.9263,3487505.7958000004
-10614890.8312,3487445.1937000006
-10615322.0028,3487443.5835999995
-10615480.1398,3487450.4793
-10615500.255,3487458.3828999996
-10615496.632,3487551.2150000036
-10615488.2206,3487621.688000001
-10615509.094,3487623.0383
-10615520.2578,3487706.547700003
-10615488.3834,3487704.822499998
-10614683.0194,3487464.4990999997
-10614662.0359,3487467.600100003
-10614471.3543,3487467.7211000025
-10614452.6932,3487467.9974000007
-10614089.09,3487472.602600001
-10614044.4766,3487473.0305999964
-10614017.5555,3487473.3259000033
-10613945.5574,3487473.6187999994
-10613803.1785,3487475.0108999982
-10613611.995,3487476.757799998
-10613554.5991,3487476.985600002
-10613989.8971,3487543.293300003
-10614008.9511,3487543.277900003
-10614047.1028,3487543.1225999966
-10614451.809,3487538.251500003
-10614376.481,3487584.4337000027
-10614095.1938,3487588.6724999994
-10614066.6942,3487588.8440999985
-10614047.547,3487588.7995000035
-10613857.5691,3487589.9465999976
-10613705.4183,3487591.1761000007
-10613800.92,3487657.570100002
-10613933.6007,3487656.1783000007
-10613971.8095,3487655.938500002
-10614106.1352,3487655.346000001
-10614623.6397,3487648.6859000027
-10614743.6192,3487636.340499997
-10614614.5694,3487694.8783000037
-10614320.0484,3487697.941200003
-10614301.0351,3487698.1149000004
-10613991.5986,3487701.9284000024
-10613858.3701,3487703.0358000025
-10613820.5216,3487703.4327000007
-10613720.0125,3487769.5349999964
-10613774.2524,3487770.4268999994
-10613859.3836,3487769.3684
-10614301.527,3487765.5080000013
-10614377.7036,3487765.1494000033
-10614453.1943,3487764.6996000037
-10614722.178,3487687.7092999965
-10614144.2764,3487655.2101000026
-10614320.1124,3487652.1237000003
-10614662.3115,3487536.5286
-10613990.7773,3487655.8611999974
-10613839.4162,3487703.298100002
-10614585.6455,3487649.1366000026
-10614748.9747,3487755.6646
-10614387.7958,3487810.889799997
-10614530.8338,3487876.3065000027
-10614568.8171,3487876.057099998
-10614322.8166,3487922.9667000026
-10614294.2635,3487923.2415999994
-10614247.6063,3487923.6602
-10614305.2183,3488035.970200002
-10614257.1186,3487990.1558
-10614342.5393,3487989.401100002
-10614437.4203,3487988.5534000024
-10614475.1929,3487988.213600002
-10614665.0595,3487986.549800001
-10614295.1476,3487989.826700002
-10614088.5423,3487812.714400001
-10614050.2996,3487813.166000001
-10613974.2167,3487814.0746000037
-10613784.4269,3487816.4306999967
-10613746.0893,3487816.9648
-10613841.5523,3487883.0441000015
-10614050.9633,3487880.480700001
-10614022.9305,3487926.648000002
-10614033.8179,3488038.8391000032
-10613995.3026,3487992.6833999977
-10614089.5895,3487992.1675999984
-10631947.2812,3455648.3356000036
-10632098.2765,3455643.5447999984
-10632014.0468,3455760.1445999965
-10632098.889,3455666.3249000013
-10632033.776,3455591.5353000015
-10613579.0827,3486285.486299999
-10595644.3547,3483263.0617000014
-10595354.3268,3483650.733400002
-10595403.0631,3483545.1526999995
-10595440.8356,3483526.3814999983
-10595524.9667,3483354.115500003
-10595387.1028,3483428.1867000014
-10595211.7101,3483419.658399999
-10595399.7343,3483325.3840999976
-10595562.8133,3483114.8796999976
-10595451.8272,3483176.3642999977
-10595414.0358,3483194.4970000014
-10594854.5335,3483474.037900001
-10595143.6186,3483551.436999999
-10595055.5135,3483595.298600003
-10595165.3024,3483469.5552999973
-10595193.9644,3483526.3726999983
-10595005.1673,3483620.362300001
-10595003.9338,3483744.0045000017
-10595066.2674,3483712.3896000013
-10595191.9749,3483648.8989000022
-10594768.7274,3483860.414800003
-10594755.9917,3483645.4848999977
-10594735.574,3483532.7456
-10594624.394,3483548.6755999997
-10597612.0801,3482472.545400001
-10597874.1442,3482351.9707999974
-10597902.1871,3482337.3056999967
-10597771.6471,3482304.523000002
-10597553.6431,3482373.2224999964
-10597860.4315,3482193.8060000017
-10597762.4143,3482150.9164000005
-10597743.8354,3482160.3313999996
-10597562.7321,3482221.5505999997
-10597665.2182,3482139.661200002
-10597683.5318,3482131.5442999974
-10597701.555,3482122.507299997
-10597720.4237,3482113.0912000015
-10597550.7152,3482089.3989000022
-10597573.898,3482089.516400002
-10597668.5494,3481992.3574
-10597796.1588,3482041.2621000037
-10597720.6321,3481924.9941999987
-10597566.9561,3481834.3255999982
-10597764.6762,3481820.056400001
-10597606.9857,3481745.5385999978
-10597773.3189,3481744.5771000013
-10597406.0362,3482221.0582000017
-10597184.8504,3482223.4978
-10597407.0881,3482374.938199997
-10597164.8389,3482377.4113000035
-10597132.1572,3482373.4909000024
-10597449.6538,3482374.6224000007
-10597494.1298,3482307.021899998
-10597102.0538,3482383.4277999997
-10597259.9329,3482465.3757999986
-10597344.6737,3482463.973099999
-10597335.0353,3482532.161799997
-10597175.6688,3482466.2047000006
-10597207.2679,3482465.8940000013
-10597150.919,3482623.843000002
-10597261.5099,3482622.5577000007
-10597293.1287,3482622.208300002
-10597314.1953,3482621.9761999995
-10597335.2619,3482621.744400002
-10596751.0267,3482626.5403999984
-10596709.2714,3482536.4148999974
-10596814.6069,3482536.1981000006
-10596898.8753,3482536.0239000022
-10596941.0095,3482535.9367000014
-10596983.1437,3482535.849399999
-10596961.939,3482468.842500001
-10596888.2045,3482468.9952000007
-10596846.0704,3482469.0823
-10596772.336,3482469.2343000025
-10596652.9565,3482469.4795999974
-10596686.0274,3482381.686499998
-10596853.9839,3482381.628700003
-10596874.471,3482381.4219999984
-10596915.5799,3482380.6796000004
-10597021.9701,3482380.3989999965
-10596812.0387,3482314.6089999974
-10596780.5494,3482314.8254000023
-10596696.0262,3482315.4538000003
-10596649.6519,3482332.5012999997
-10596749.0588,3482225.4782999977
-10596770.1252,3482225.3753999993
-10596812.2579,3482225.1692999974
-10596833.3242,3482225.0662999973
-10596970.2559,3482224.3957
-10597047.4992,3482224.0168000013
-10596980.4636,3482157.2956999987
-10596875.1322,3482157.8117000014
-10596780.334,3482158.2754999995
-10596650.4251,3482158.909699999
-10597292.597,3482155.4626
-10597413.0433,3482137.873499997
-10597480.5169,3481995.5529000014
-10597484.6996,3482035.125699997
-10597484.7192,3482087.2995999977
-10597142.655,3482072.2956999987
-10597121.4044,3482071.4948000014
-10597095.9225,3482054.8928999975
-10597045.3001,3482071.6909999996
-10596872.001,3482072.4702999964
-10596829.9353,3482072.729800001
-10596871.6456,3482008.6753999963
-10597020.0741,3482071.6415000036
-10596998.3629,3482071.6158000007
-10597154.3207,3481936.766099997
-10597145.8918,3481880.9714
-10597025.1114,3481845.525799997
-10596756.7746,3481923.8637000024
-10596724.9438,3481924.569799997
-10596834.9173,3481857.8298000023
-10597025.1643,3481880.4848999977
-10596935.7555,3481921.9800999984
-10596780.5289,3481784.1488000005
-10596778.362,3481735.9924999997
-10596648.3398,3481713.952299997
-10597313.9278,3481856.722599998
-10597101.334,3481782.6796000004
-10597353.9072,3481871.2405999973
-10597097.5625,3481754.768799998
-10596790.0481,3481660.0138000026
-10596651.4085,3481607.9099999964
-10598206.7702,3482192.360600002
-10598128.2356,3482146.7217999995
-10598338.6781,3482126.3611999974
-10598326.816,3481916.431400001
-10598147.057,3481936.780500002
-10598405.6652,3481766.9343999997
-10598232.6927,3481852.148500003
-10598134.6957,3481852.255599998
-10598231.5539,3481795.5807000026
-10598192.9576,3482085.938500002
-10598069.8945,3482061.8214000016
-10598232.0107,3481718.159199998
-10598210.0662,3481718.2958000004
-10598264.7598,3481661.8774000034
-10598406.7833,3481599.992399998
-10598188.7141,3481584.5139999986
-10598220.5414,3481528.5154
-10598131.9632,3481451.5238000005
-10598076.2453,3481395.4323000014
-10598273.5714,3481394.1303000003
-10598099.4359,3481395.2795
-10598014.7828,3481556.9306000024
-10598014.5352,3481437.2035000026
-10598318.9743,3481307.2214
-10597907.5018,3481587.8694999963
-10597786.3667,3481532.9661
-10597555.471,3481598.501199998
-10597671.2466,3481590.8828999996
-10597931.3043,3481397.587399997
-10597606.5927,3481317.065700002
-10597434.6964,3481676.2858999968
-10597371.6913,3481668.339400001
-10597388.9134,3481724.5547999963
-10597455.7906,3481825.104500003
-10597317.0125,3481777.559600003
-10597244.6197,3481731.4783999994
-10597306.3436,3481592.6964000016
-10597287.0342,3481592.8752999976
-10597334.7897,3481535.9705
-10597501.5513,3481534.423600003
-10597363.7535,3481535.7019999996
-10597408.8916,3481400.4777000025
-10597447.5096,3481400.101300001
-10597177.1841,3481402.7334999964
-10597302.6926,3481401.5124000013
-10597462.6715,3481318.9003000036
-10597420.5452,3481319.4425000027
-10597283.6186,3481321.2041999996
-10597252.0402,3481321.610299997
-10597003.6497,3481585.108599998
-10596868.8686,3481579.362300001
-10596864.156,3481529.815700002
-10597005.9067,3481461.7622999996
-10596930.4237,3481462.205799997
-10596824.2207,3481462.8288000003
-10596804.911,3481462.9421000034
-10596679.3985,3481463.6771000028
-10596639.9014,3481463.908200003
-10596650.1071,3481407.3883000016
-10596823.893,3481406.3706
-10596939.7503,3481405.6908000037
-10597029.8315,3481324.4538000003
-10596731.4287,3481328.2804000005
-10566939.8746,3476810.3867999986
-10567020.6769,3476779.3215000033
-10567034.0554,3476848.487999998
-10567493.4863,3476498.6878999993
-10568263.4825,3475705.3967000023
-10568055.9219,3476137.731200002
-10567997.5318,3476155.2766000032
-10567860.0343,3476191.2655000016
-10567801.2312,3476207.2621000037
-10567762.0615,3476221.4692
-10567916.0125,3476241.6745999977
-10567872.0411,3476270.6985
-10567805.0248,3476289.3795000017
-10567910.7756,3476347.3484999985
-10567868.8557,3476476.6975999996
-10567840.7185,3476425.3539000005
-10566741.7554,3476540.150700003
-10566785.332,3476438.554200001
-10566347.1913,3476334.8139000013
-10568377.6819,3475152.925499998
-10598290.1583,3463262.7424999997
-10578932.3926,3479171.1956999972
-10578828.097,3479207.4623000026
-10578791.7347,3479208.181599997
-10578961.6555,3479091.9047000036
-10611860.5248,3505361.644299999
-10611689.0891,3505543.6226999983
-10611219.4599,3505546.4283000007
-10582466.5858,3488097.3713999987
-10582561.4158,3487941.824199997
-10582561.4462,3487876.8905000016
-10582673.8332,3487874.9371000007
-10582672.555,3487830.8255999982
-10582558.2011,3487766.549900003
-10582642.3968,3487765.281300001
-10582585.2205,3487722.163800001
-10582557.0308,3487722.5260000005
-10582493.9911,3487767.6921999976
-10582670.1505,3487720.992399998
-10582595.385,3487644.068599999
-10582656.8497,3487643.2492000014
-10582738.5244,3487642.3499
-10582859.7285,3487759.064000003
-10582746.4857,3487716.849799998
-10582858.6743,3487715.2082
-10582942.7626,3487824.598899998
-10582891.1482,3487868.6143999994
-10582947.5131,3487868.2729
-10582773.3875,3487981.826200001
-10582891.8797,3487935.1921000034
-10582856.761,3487935.931599997
-10582835.6895,3487936.374499999
-10582894.0645,3488036.152599998
-10582870.8086,3487935.636
-10582720.7871,3488094.0173999965
-10595083.1305,3464924.8772
-10596958.0394,3464596.2234999985
-10612144.4881,3487649.5863000005
-10612340.4794,3487647.1713000014
-10612474.0943,3487645.3027999997
-10612590.072,3487644.324000001
-10612610.0544,3487643.8874000013
-10612608.9681,3487711.3737000003
-10612552.2452,3487711.7317999974
-10612533.0315,3487711.9104999974
-10612494.171,3487712.351599999
-10612303.8791,3487713.5760999992
-10612284.6697,3487713.888700001
-10612039.4036,3487772.0753000006
-10612593.134,3487823.6018999964
-10612574.276,3487823.8850999996
-10611943.4072,3487831.280699998
-10611918.5652,3487717.4415000007
-10612997.0981,3488004.071999997
-10615972.9512,3485191.064199999
-10630827.2806,3482002.3888000026
-10609304.7641,3492533.0129000023
-10609321.7596,3492462.626699999
-10609629.8687,3492454.7524000034
-10609610.2023,3492455.2336999997
-10597151.4549,3483592.4481000006
-10595828.4284,3475089.5754000023
-10601109.7721,3473048.8571999967
-10610040.2238,3489860.5407000035
-10609934.3207,3489929.0747999996
-10610039.4405,3489973.5157999992
-10610189.1592,3490039.6187999994
-10609915.1519,3490043.2432999983
-10609553.4605,3489694.6942000017
-10609749.1823,3489687.791000001
-10609561.1424,3489743.1960999966
-10609534.8896,3489745.831600003
-10609773.0096,3489862.8834000006
-10609539.3028,3489936.2214
-10609689.8907,3489934.237400003
-10609732.2316,3489933.597400002
-10609774.9304,3489979.5337999985
-10609542.4809,3489981.461199999
-10609511.6096,3489981.887199998
-10609451.0488,3489983.2591999993
-10609555.048,3490051.528800003
-10609486.5463,3490052.4319999963
-10609375.0363,3490050.1953999996
-10609347.0672,3490052.1357999966
-10609384.7942,3489973.6466000006
-10609401.2096,3489933.6269999966
-10609408.5276,3489912.9362000003
-10609432.6504,3489843.672600001
-10609489.8858,3489685.2722999975
-10609497.4137,3489665.7858999968
-10609479.4811,3489981.909400001
-10609558.1054,3489815.5556999967
-10609751.9596,3489863.2540000007
-10614654.5083,3459671.661799997
-10613896.7924,3485470.5552999973
-10613897.0757,3485448.9870999977
-10613897.0975,3485427.7562000006
-10613896.9348,3485406.5190000013
-10613896.7104,3485385.3417000026
-10613896.4516,3485364.1988999993
-10613895.9859,3485343.010300003
-10613895.7079,3485321.845399998
-10613895.5364,3485300.5561999977
-10613894.8151,3485236.7798999995
-10613894.8003,3485169.9953000024
-10613894.6634,3485148.590499997
-10613894.0747,3485105.9646999985
-10613893.8981,3485084.846900001
-10613893.6685,3485063.5358999968
-10613893.3778,3485042.2245000005
-10613893.0893,3485020.9897999987
-10613767.8621,3485326.114
-10613895.2539,3485279.2249
-10600435.0919,3465977.695799999
-10620029.2009,3484343.4241999984
-10594514.3024,3463653.0047999993
-10594515.2061,3463828.3916999996
-10594515.5637,3463847.8060000017
-10594431.4146,3463620.744599998
-10594432.2967,3463706.343199998
-10594346.2574,3463749.531000003
-10588074.7048,3477514.223200001
-10588037.8813,3477512.735799998
-10588140.4611,3477516.8790000007
-10588114.1586,3477515.8166999966
-10588241.0899,3477392.6783000007
-10618884.7781,3489532.1577999964
-10619233.0544,3489520.1723999977
-10619042.0102,3489616.0759000033
-10619015.6883,3489616.8962000012
-10616402.3582,3495523.026900001
-10616746.1772,3496049.980899997
-10616562.2391,3496144.6713000014
-10616416.8563,3496438.4870000035
-10616474.6422,3496636.011500001
-10616591.0387,3496698.6882999986
-10616640.7359,3496334.227300003
-10616638.7328,3496360.4990999997
-10616548.4605,3496413.914499998
-10616560.7318,3496333.9673999995
-10616563.9677,3496309.2566
-10616542.3007,3496467.6121999994
-10613802.6229,3454527.956600003
-10613553.0759,3454781.2501000017
-10612970.1429,3454616.625
-10613022.698,3454616.851499997
-10610356.8565,3485222.6044000015
-10610316.1686,3485419.0447999984
-10610724.1834,3487736.725900002
-10610603.151,3487773.918700002
-10610300.5974,3487780.170400001
-10610151.2785,3487782.4389000013
-10610158.9039,3487729.261500001
-10610199.6865,3487727.0665000007
-10610282.6008,3487725.6106999964
-10610323.3725,3487720.0134000033
-10610447.1322,3487716.067400001
-10610646.7957,3487713.6181999967
-10610709.782,3487618.936800003
-10610731.9071,3487618.9070999995
-10610492.0694,3487580.2370999977
-10610473.4533,3487580.3610000014
-10610324.5228,3487581.351599999
-10610305.828,3487581.267499998
-10610356.6349,3487517.9919999987
-10610446.6867,3487516.8236000016
-10610597.1236,3487515.101300001
-10610669.1896,3487513.906199999
-10610732.4283,3487512.9386000037
-10610673.402,3487773.5626000017
-10610655.8393,3487773.6516000032
-10610695.6885,3487513.5326000005
-10610398.9871,3487580.8566000015
-10610361.7549,3487581.104199998
-10610436.4955,3487622.266099997
-10610241.3898,3487780.6194999963
-10609630.5893,3488647.852600001
-10609567.3628,3488648.6143999994
-10608976.6192,3488962.770300001
-10589632.5713,3477699.845700003
-10589281.4345,3477922.2008000016
-10590190.4783,3477093.1433999985
-10590275.328,3477031.6916000023
-10589701.2103,3476930.3193999976
-10589710.9888,3476865.9417999983
-10589882.1514,3477144.8967999965
-10590004.3131,3477106.6050999984
-10590025.8018,3477043.9587000012
-10590217.8275,3476763.917800002
-10590148.0055,3476764.398000002
-10590041.9266,3476765.914800003
-10590190.4222,3476583.6230999976
-10605579.4464,3482597.5841000006
-10606075.2603,3482334.659500003
-10610343.4137,3487979.9949999973
-10610066.1105,3487986.463600002
-10610208.5236,3487920.5547999963
-10610302.833,3487919.549800001
-10610346.9141,3487919.0797000006
-10610421.3777,3487918.2852
-10610622.6319,3487874.2743000016
-10610543.6025,3487875.130599998
-10610148.681,3487818.5518999994
-10610187.3853,3487818.0627999976
-10610363.6984,3487816.487400003
-10610456.774,3487815.221199997
-10610550.8061,3487813.9003000036
-10610568.3689,3487813.8113999963
-10610475.3892,3487814.9679000005
-10610603.4946,3487813.6335000023
-10607240.7656,3484214.6457
-10633590.0619,3456712.260300003
-10591381.6632,3461797.860799998
-10591164.4106,3461888.315899998
-10591204.6868,3461948.2958000004
-10591104.498,3461894.9367000014
-10591090.6721,3461792.5168000013
-10591259.0605,3461789.3721999973
-10591280.0891,3461788.8971000016
-10620429.2268,3487831.769299999
-10620405.2063,3487831.898400001
-10620424.8814,3488326.869599998
-10620475.903,3488294.2783999965
-10620476.2737,3488337.0286
-10620426.4464,3488180.7973999977
-10620561.0379,3487925.849200003
-10620545.4716,3488021.4897999987
-10620549.0972,3488379.3518999964
-10620549.2817,3488400.539499998
-10620551.7505,3488658.2951000035
-10627395.2668,3495119.668399997
-10627849.2352,3495208.5139999986
-10627086.133,3494703.304399997
-10627068.3797,3493797.0551000014
-10627114.3216,3494954.3857999966
-10627194.58,3494907.7321999967
-10627194.7181,3494953.4880999997
-10627234.5407,3494907.278099999
-10627254.7074,3494907.011500001
-10627224.9095,3494701.6121999994
-10627569.6586,3493501.6361000016
-10627449.4188,3493508.8219000027
-10627330.6239,3494181.7018000036
-10627386.0149,3494117.6668
-10627599.8354,3493781.7990999967
-10627602.1034,3493930.525799997
-10627602.8663,3494028.3596
-10627465.9801,3493982.186499998
-10627440.1944,3494180.5496999994
-10627367.7746,3494898.772500001
-10627392.9356,3494748.2951000035
-10627632.4843,3494945.8922000006
-10627449.5321,3494897.888899997
-10627313.2791,3494899.3621999994
-10628001.7544,3495210.582699999
-10627973.703,3495048.8379999995
-10627903.9817,3495005.4504000023
-10627988.5267,3495095.0621000007
-10627999.9096,3495169.4042000026
-10628146.7948,3495169.7300999984
-10627767.3203,3494743.509499997
-10627848.796,3494692.977499999
-10628016.6001,3494939.554399997
-10627969.0173,3494568.804899998
-10628058.04,3493924.387599997
-10628060.6675,3494010.7694000006
-10627762.8149,3493841.8813999966
-10628059.0901,3493986.340599999
-10627750.6594,3493771.331600003
-10628256.812,3493488.215499997
-10628349.7252,3493772.4126999974
-10628230.3594,3494336.878200002
-10628255.2281,3494936.4980000034
-10628316.3309,3494594.019100003
-10628347.2326,3494538.8620000035
-10628595.3216,3493539.7238000035
-10628555.1095,3493705.6838999987
-10628515.6202,3493969.4946999997
-10628519.2722,3494366.712899998
-10628522.1842,3494635.6718999967
-10628682.5725,3495103.968199998
-10628708.5459,3494432.2446999997
-10628713.3794,3493693.1208999977
-10628706.8315,3493786.425999999
-10628710.8078,3493878.4486000016
-10628716.5667,3494357.226300001
-10628652.9918,3493659.8253000006
-10600562.5431,3464747.8378000036
-10614786.014,3489146.250500001
-10614740.6599,3489146.349299997
-10614670.0002,3489146.7663000003
-10614634.3722,3489147.1723000035
-10614582.1715,3489147.8857999966
-10614555.3987,3489148.2168999985
-10614386.1428,3489150.3175000027
-10614367.0109,3489150.3171999976
-10614119.9057,3489152.350299999
-10613872.8596,3489154.847900003
-10613554.6298,3489155.9466999993
-10613429.9159,3489156.4054000005
-10613390.772,3489157.0502000004
-10613181.4588,3489156.9716000035
-10612948.8772,3489157.7364000008
-10614837.4422,3489073.8008999974
-10614804.0707,3489074.128899999
-10614440.616,3489079.1718000025
-10614298.514,3489080.222199999
-10614015.5286,3489084.0676999986
-10612715.5662,3489084.5320999995
-10612698.0016,3489084.563500002
-10612539.9191,3489084.846199997
-10579143.489,3479250.9613000005
-10579077.4722,3479252.9376000017
-10612570.7929,3487057.141999997
-10612612.8188,3487056.7070000023
-10612215.4679,3487061.4870000035
-10612466.5245,3487123.2531000003
-10612445.4517,3487123.527800001
-10612319.1025,3487124.7967000008
-10612382.3358,3487124.2519000024
-10612252.9907,3487125.6699
-10594969.307,3464495.3703000024
-10594860.2615,3464385.720399998
-10594844.2209,3464385.8795000017
-10594828.4433,3464386.0361
-10594764.9869,3464351.4223999977
-10594812.3197,3464350.9526000023
-10606233.0812,3484416.8356000036
-10598055.7515,3460694.170400001
-10604312.4922,3485144.351300001
-10603002.0138,3485215.7644999996
-10602992.6813,3485261.8445999995
-10591288.3692,3461205.846500002
-10591308.398,3461206.046400003
-10590790.2896,3461284.0569999963
-10590968.5328,3461324.3112000003
-10590657.4433,3461396.220200002
-10590832.2062,3461436.6349000037
-10590949.8076,3461390.294200003
-10590770.7253,3461394.2470000014
-10590733.1097,3461505.4821999967
-10590638.4937,3461507.2602000013
-10597661.7589,3463207.8413999975
-10635794.4594,3485076.0515
-10616985.5304,3485932.606200002
-10611386.503,3481968.470899999
-10605037.2847,3483224.096900001
-10605857.5108,3456157.2421000004
-10623572.8905,3487661.3982999995
-10620733.7589,3489229.842699997
-10576950.5713,3476740.902999997
-10577143.1107,3476682.585500002
-10576985.0882,3476684.2964999974
-10614654.9366,3489024.3194999993
-10614510.1943,3489026.6061000004
-10613998.6586,3489032.5661000013
-10613981.2866,3489032.596500002
-10613963.8467,3489032.909900002
-10613336.4129,3489034.4899000004
-10613177.5025,3489032.682400003
-10612913.5669,3489033.433600001
-10612574.9579,3489033.411399998
-10614723.6121,3488947.0569999963
-10614706.4371,3488948.6787
-10614321.2463,3488953.997100003
-10614424.2895,3488952.3808000013
-10614000.6366,3488958.094999999
-10613668.2585,3488961.428199999
-10613160.0192,3488961.2787000015
-10612609.0336,3488960.476400003
-10597580.9665,3461799.0468000025
-10602713.8348,3457033.990699999
-10600392.7721,3463273.4997999966
-10600507.7881,3463815.0089000016
-10612489.3033,3487235.644199997
-10612367.5973,3487283.690399997
-10612332.4771,3487283.9751999974
-10612262.197,3487284.914300002
-10612113.0274,3487286.7388999984
-10612628.5488,3487279.8254000023
-10612436.9064,3487236.666199997
-10612384.1798,3487237.4853999987
-10612488.7683,3487157.2951000035
-10612471.2076,3487157.5172000006
-10612453.6473,3487157.7413000017
-10612436.0856,3487157.963200003
-10612400.877,3487158.3828999996
-10611487.5528,3484422.5129000023
-10611466.0571,3484423.0781999975
-10615336.512,3488642.6143999994
-10615529.0269,3488621.8390000015
-10615229.5913,3488644.161200002
-10615414.878,3488185.2908999994
-10615291.3164,3488144.0025999993
-10615317.6299,3488185.9745000005
-10615186.2655,3488186.9541999996
-10615042.2683,3488141.808600001
-10614777.6371,3494238.9899000004
-10614515.9643,3494233.273199998
-10614408.3916,3494234.0944000036
-10614389.8481,3494409.1273000017
-10614536.343,3494408.2399000004
-10614579.2967,3494407.4755000025
-10614674.9896,3494405.5813999996
-10614715.879,3494405.5820000023
-10614586.2228,3494518.8106999993
-10614651.8482,3494518.9428000003
-10614683.0216,3494518.5779
-10614485.8421,3494553.9241999984
-10614378.3322,3494511.594499998
-10614315.0104,3494549.6462000012
-10606966.9218,3482142.653999999
-10608034.0997,3494510.0163000003
-10608069.8464,3494501.2942999974
-10608156.5423,3494410.0711999983
-10608176.885,3494387.346199997
-10608191.8317,3494371.1418000013
-10608207.7835,3494353.110799998
-10608126.5391,3494350.864
-10608128.717,3494276.1833999977
-10607966.3316,3494380.670500003
-10607910.7581,3494297.706600003
-10607886.2703,3494346.592
-10607860.704,3494473.874300003
-10608073.2066,3494061.847900003
-10608059.8352,3494273.222199999
-10608245.1494,3493282.661899999
-10608238.7285,3493346.5505999997
-10608237.8891,3493366.2195999995
-10608238.0927,3493513.6819999963
-10608238.4084,3493675.8161000013
-10608239.102,3493794.1357000023
-10608239.5992,3493878.902999997
-10608171.4921,3493779.2808
-10608169.7273,3493800.026100002
-10608116.5232,3493822.958499998
-10608168.991,3493426.078400001
-10608158.0044,3493493.6246000007
-10608151.74,3493536.8761000037
-10608088.1604,3493690.710699998
-10608074.1538,3493742.4218000025
-10608032.1168,3493885.936300002
-10615115.4959,3453821.3060000017
-10604797.8978,3485206.5361
-10604818.9644,3485206.0854
-10635993.8894,3485587.1379999965
-10586070.2418,3460307.395199999
-10586069.8517,3460273.0474999994
-10585888.7256,3460105.612400003
-10585884.8053,3459992.586199999
-10586096.5227,3459797.8268000036
-10585818.8122,3460359.288900003
-10585815.9888,3460200.769199997
-10585815.048,3460147.9398000017
-10585814.4828,3460116.2364000008
-10630222.8652,3491253.5490000024
-10618440.5737,3491044.7479000017
-10618440.8081,3491069.0419000015
-10618441.2769,3491117.629900001
-10618441.5113,3491141.9240999967
-10618442.4488,3491239.100900002
-10618535.0517,3491043.7458000034
-10618535.4855,3491189.516900003
-10618625.4267,3491064.7260999978
-10618758.6902,3491403.690700002
-10618630.8836,3491485.7234999985
-10618629.2055,3491404.8747000024
-10618538.9771,3491485.890900001
-10618482.4941,3491459.597400002
-10618482.9502,3491485.6449000016
-10618444.6541,3491432.777400002
-10618482.88,3491511.267999999
-10615466.7153,3454521.107900001
-10615466.8302,3454494.696800001
-10588733.9378,3476203.0779
-10629489.8806,3453933.4538000003
-10629315.9619,3453897.0006000027
-10628731.6006,3454350.209399998
-10628846.8993,3453905.1961999983
-10629110.1095,3453620.1045999974
-10582249.9507,3464056.967500001
-10582154.7002,3463861.4346999973
-10582624.5194,3463950.5769999996
-10582770.9272,3463850.156000003
-10582753.9676,3463889.3389
-10582862.4692,3464020.8017000034
-10582923.8435,3464152.363300003
-10594436.4688,3460455.1230000034
-10594428.9754,3460081.9213000014
-10606720.9983,3499350.9472000003
-10606720.7808,3499299.953599997
-10571581.8462,3474100.2321999967
-10571464.8691,3474101.589900002
-10614775.6784,3494152.583800003
-10614775.2516,3494130.8786000013
-10614774.6541,3494087.3926
-10614774.3231,3494067.0885000005
-10614775.2179,3493979.2634999976
-10614773.5668,3493895.6081999987
-10614772.9964,3493948.951399997
-10614615.8747,3493832.930200003
-10614510.6707,3493834.5134000033
-10614458.0568,3493835.4174999967
-10614721.3428,3493876.274099998
-10614364.5409,3493951.7568999976
-10614644.398,3493999.558600001
-10614676.0241,3493999.197300002
-10614492.0601,3494069.9563999996
-10614471.3503,3494116.910599999
-10614513.887,3494116.4758
-10635587.6391,3484016.9236999974
-10582056.0366,3488617.7766999975
-10582054.1247,3488509.996299997
-10582252.0638,3488504.364699997
-10582112.3897,3488553.178199999
-10582173.6941,3488196.6274000034
-10582174.6936,3488247.524899997
-10582004.5712,3488544.678199999
-10582004.1616,3488345.1215000004
-10581817.3222,3488216.4455000013
-10581733.8782,3488217.0731000006
-10581642.2483,3488224.608400002
-10581754.9963,3488216.840300001
-10581819.2337,3488337.135300003
-10581763.0355,3488337.9319999963
-10581734.9363,3488338.3303000033
-10581804.4881,3488287.739
-10581695.731,3488459.1701000035
-10581644.8168,3488511.9162999988
-10581807.3771,3488664.9970000014
-10581421.8287,3488284.960500002
-10581484.9475,3488291.1428000033
-10581508.7684,3488291.027900003
-10581447.9076,3488222.2069000006
-10581414.7745,3488230.6208999977
-10581447.1913,3488172.071999997
-10581471.5341,3488171.8900000006
-10581797.3073,3488216.7421000004
-10581502.6742,3488221.4305000007
-10581490.5039,3488221.603100002
-10581783.2567,3488216.8188000023
-10581769.206,3488216.895499997
-10603088.5437,3485374.077299997
-10603024.1848,3485442.2026999965
-10609866.3812,3454307.472099997
-10609936.5905,3454285.543899998
-10609921.2599,3453918.9301000014
-10585688.5012,3460364.827799998
-10585704.7399,3460244.565200001
-10585753.0681,3460049.8791999966
-10585776.7976,3460050.028499998
-10585655.579,3459807.276299998
-10585640.3477,3460083.3603999987
-10585625.1788,3460101.983599998
-10585597.4206,3460136.3011000007
-10585450.2172,3460213.630099997
-10585392.5535,3460285.974399999
-10606222.8015,3485488.713200003
-10613422.5515,3488226.080499999
-10613478.0799,3488112.5744000003
-10605559.6659,3483282.4016000032
-10610369.5774,3483446.201899998
-10618450.1783,3487267.105300002
-10636743.6806,3489242.4415000007
-10603946.9573,3485598.1903000027
-10625957.4883,3506588.8907999992
-10626317.5614,3507157.580799997
-10626501.4825,3507165.4532999992
-10626400.1216,3507004.045900002
-10626175.8484,3506648.287799999
-10626152.9664,3506612.4455000013
-10625843.4819,3506056.510300003
-10625888.674,3506480.3418999985
-10626445.0518,3507075.657899998
-10595619.2248,3475909.4218999967
-10589830.3698,3476097.1208000034
-10589964.5747,3476426.2051
-10629113.0735,3491548.6433999985
-10615531.247,3494417.261699997
-10615532.0175,3494325.588100001
-10615557.3502,3494325.186800003
-10615679.6287,3494323.5266999975
-10615764.6234,3494285.8703000024
-10615481.2898,3494289.2700999975
-10616227.331,3454131.157300003
-10591262.5252,3485362.408399999
-10591260.9737,3485311.146499999
-10591229.6139,3485125.9228999987
-10591159.0177,3485470.1108999997
-10591056.8702,3485394.284599997
-10590952.2482,3485501.583800003
-10590945.8947,3485131.260300003
-10591276.3236,3485035.1154000014
-10594416.181,3512555.0386999995
-10594338.9372,3512667.5758000016
-10594290.1182,3512676.836000003
-10649363.3091,3497414.6406999975
-10649686.2629,3497309.5705000013
-10649664.0852,3497470.9319999963
-10649600.1652,3497471.9987000003
-10649363.6675,3497590.6098000035
-10617855.8088,3496935.0
-10617616.9279,3496942.9870999977
-10616830.8373,3496929.1327000037
-10616987.1836,3496869.606700003
-10617008.6236,3496869.3354
-10617008.0922,3496826.9444999993
-10616986.6523,3496827.215800002
-10617719.0025,3496860.3259999976
-10617804.7624,3496859.235600002
-10617826.2024,3496858.9629999995
-10617967.379,3496748.9438999966
-10617229.4588,3496760.534699999
-10617477.5293,3496757.4003000036
-10616896.6941,3496761.9694000036
-10607632.5929,3493758.5121000037
-10607878.3654,3493581.3466000035
-10607879.7193,3493555.101300001
-10607882.5409,3493528.700099997
-10607870.6385,3493134.644699998
-10607587.1713,3493003.710500002
-10607783.1599,3492921.7234999985
-10607677.2747,3492921.3949000016
-10607506.1555,3492924.2839
-10607451.2974,3492822.4953000024
-10607389.1731,3492652.3554000035
-10607951.4624,3492728.6611
-10607969.0126,3492745.971199997
-10607934.1681,3493244.6110000014
-10586654.763,3477629.058799997
-10612933.8811,3485472.2568000033
-10576107.8413,3475733.7331999987
-10576044.7114,3475721.7400999963
-10575869.6636,3475688.520199999
-10589560.3304,3474302.7299000025
-10585108.7686,3460302.6614999995
-10585115.5706,3460181.6256000027
-10585093.8409,3460182.103699997
-10585125.7676,3460131.788999997
-10585437.0287,3460055.563500002
-10585275.509,3460057.6744000018
-10585303.1901,3460007.105300002
-10585434.6761,3460005.0797000006
-10585478.4273,3460001.7842999995
-10585090.7332,3460061.160400003
-10585047.1485,3460061.6103999987
-10585275.3764,3459935.6336999983
-10585346.5576,3459884.056900002
-10585412.3346,3459883.263899997
-10585434.5316,3459883.016599998
-10585068.1865,3459939.6450000033
-10585177.5327,3459886.5824000016
-10585533.3784,3459808.580600001
-10585131.6852,3459817.2192
-10585086.8414,3459818.6010999978
-10585176.5141,3459815.7547999993
-10581176.3901,3481363.7537999973
-10581151.4648,3481364.0631000027
-10581076.6891,3481364.9908000007
-10585323.4518,3505123.9081000015
-10585236.7462,3505125.679899998
-10585137.7992,3505127.6762000024
-10585113.1465,3505128.294500001
-10585037.184,3505130.7709000036
-10584962.5359,3505132.273000002
-10584912.8116,3505133.1098000035
-10584789.4007,3505135.5863000005
-10584765.1807,3505136.1440000013
-10584692.8957,3505137.5610999987
-10584620.0885,3505138.8949000016
-10584546.2321,3505140.208300002
-10584460.212,3505142.068099998
-10585012.2696,3505131.2283999994
-10584438.5384,3505220.8445999995
-10584486.0151,3505220.0533000007
-10584546.6798,3505219.0418
-10584595.9148,3505218.220700003
-10584813.5305,3505212.126000002
-10585138.2181,3505206.389899999
-10585288.3698,3505203.6739000008
-10585325.3884,3505202.9485
-10616270.7956,3453634.1479
-10616106.8218,3453633.5266000032
-10616084.71,3453633.192599997
-10616192.7238,3453507.440399997
-10616084.4711,3453506.702399999
-10616062.7504,3453506.554200001
-10616041.2116,3453453.5874999985
-10616235.12,3453454.909400001
-10616280.337,3453455.3972999975
-10649350.8722,3497638.8796999976
-10649613.235,3497828.788400002
-10649504.7038,3498147.2041999996
-10649594.0367,3498194.236299999
-10605453.5048,3485689.9755000025
-10608884.2359,3498254.3376
-10617655.3716,3496712.7458000034
-10617786.6004,3496605.0873000026
-10617808.7432,3496604.8056999967
-10617230.3118,3496654.545000002
-10617016.6912,3496657.251199998
-10617038.2103,3496616.3539000005
-10617047.9286,3496517.3095000014
-10636074.0371,3484067.5764999986
-10641031.4872,3495891.9422999993
-10641073.9841,3495936.1481000036
-10640600.8194,3496053.4219999984
-10640800.4674,3496005.524899997
-10640799.2502,3495940.6247000024
-10640775.7875,3495830.688000001
-10636777.6005,3497291.357500002
-10630012.7466,3508246.8345
-10629038.391,3506793.6088000014
-10591526.9827,3516572.8742000014
-10591525.8972,3516525.389399998
-10591525.1052,3516481.808600001
-10591632.4916,3516600.6987999976
-10591652.0857,3516510.3423999995
-10591737.9894,3516296.6948999986
-10591632.3817,3516296.5609000027
-10591590.1385,3516296.5068999976
-10591639.6923,3516158.0737999976
-10591462.5357,3516341.4984000027
-10591339.2637,3516211.8725000024
-10592451.894,3488542.8734000027
-10592563.9688,3487802.2214
-10592462.9181,3487581.2773
-10592360.1362,3487409.668200001
-10592450.7134,3487827.4558999985
-10592384.0092,3487657.325199999
-10592384.7625,3487603.9255999997
-10592367.7312,3487536.3725999966
-10592340.1897,3487635.5480000004
-10592340.4092,3487879.9530000016
-10592340.3051,3487932.909199998
-10612426.4999,3488168.0339
-10612581.2241,3488165.849100001
-10612746.9623,3488152.661700003
-10612783.2423,3488164.2333000004
-10612801.7645,3488164.0841000006
-10613001.2119,3488162.847400002
-10613029.6582,3488275.405000001
-10613071.8418,3488345.519100003
-10613053.9278,3488345.6871000007
-10612562.9273,3488234.2030000016
-10612524.9292,3488235.0702000037
-10612486.8077,3488235.9069000036
-10612467.1427,3488236.083999999
-10612447.8316,3488235.7041999996
-10612319.6339,3488269.0128000006
-10579824.6226,3488561.5031000003
-10579820.3139,3488302.782899998
-10579854.5242,3488608.2436000034
-10579918.8958,3488488.7378999963
-10579975.1473,3488493.6576000005
-10579972.5017,3488361.9208000004
-10580011.6804,3488336.5793000013
-10580074.4636,3488628.063000001
-10580073.9451,3488603.317599997
-10580071.9499,3488508.718699999
-10580067.7101,3488307.697800003
-10579818.7226,3488145.4855000004
-10579876.7091,3488132.813199997
-10579875.6113,3488084.7289000005
-10579911.7103,3488083.973899998
-10579912.4989,3488132.340999998
-10579913.2761,3488178.506099999
-10579965.5178,3488001.092100002
-10579964.1999,3487957.8496999964
-10637892.213,3496669.899700001
-10637663.9161,3496755.8773000017
-10637740.562,3496640.733099997
-10637719.7817,3496646.0430999994
-10636747.3993,3496915.4662000015
-10624532.3162,3490218.206799999
-10624529.339,3490161.9399999976
-10624528.7332,3490128.3957
-10624528.181,3490100.970200002
-10624527.8047,3490078.7654
-10624527.2244,3490056.4843000025
-10624526.5884,3490021.5643000007
-10624459.7702,3490273.8193999976
-10624459.4201,3490195.4389000013
-10624458.0967,3490162.5270000026
-10624457.38,3490098.123999998
-10624457.2165,3490076.4311999977
-10624455.9127,3490035.189199999
-10624524.6151,3489922.7251999974
-10624521.7882,3489764.8165000007
-10624520.4001,3489699.6900999993
-10624520.057,3489672.8153000027
-10624519.7502,3489648.8374999985
-10624455.4776,3489967.7881999984
-10624455.2708,3489945.847900003
-10624454.7041,3489924.434799999
-10624453.8251,3489866.1771000028
-10624453.6096,3489834.884800002
-10624452.4672,3489740.4541999996
-10624451.5481,3489676.3957
-10624451.1487,3489644.5680000037
-10624451.0043,3489613.041100003
-10624450.5894,3489586.8062999994
-10624451.9851,3489708.464400001
-10624517.1395,3489519.1972000003
-10624517.3295,3489495.272699997
-10624448.7798,3489509.8258000016
-10638991.9077,3486232.7322999984
-10639364.8688,3486271.759300001
-10585780.4571,3508990.478100002
-10585641.6044,3509146.6758999974
-10585799.246,3508879.174900003
-10585957.0759,3508874.028499998
-10638938.8214,3485386.8885999992
-10620502.2818,3491912.0486999974
-10620561.3012,3491910.8933999985
-10620413.3128,3491981.3594999984
-10620281.8801,3491983.150899999
-10637597.8091,3496617.0705000013
-10637556.9298,3496627.5151999965
-10637475.1709,3496648.403999999
-10637332.0921,3496684.958300002
-10637733.4023,3496507.2524000034
-10637605.7001,3496420.949199997
-10637629.6579,3496378.4157000035
-10637766.7136,3496371.025200002
-10637477.3907,3496571.598899998
-10637446.1533,3496577.6887999997
-10637410.5876,3496531.397
-10637797.6771,3496292.246799998
-10637572.4811,3496293.5449
-10637544.3627,3496293.732500002
-10637889.1021,3496339.9640000015
-10637224.1339,3496711.8786000013
-10637142.1037,3496731.666199997
-10637039.5656,3496756.4001
-10637019.0579,3496761.346900001
-10636854.9977,3496800.9239000008
-10636834.4882,3496805.8655999973
-10636793.4726,3496815.7581999972
-10637232.2596,3496423.0097000003
-10637232.3265,3496449.9184999987
-10637232.5035,3496476.8790000007
-10637233.0388,3496516.519299999
-10637233.1144,3496556.6635999978
-10637182.7344,3496585.613499999
-10637182.8745,3496557.663800001
-10637182.6591,3496530.7431999967
-10637182.3188,3496396.881099999
-10637182.4013,3496423.6165999994
-10637111.751,3496450.3202000037
-10637112.7339,3496557.9170999974
-10637115.9301,3496639.4575000033
-10637121.5278,3496668.3255999982
-10637067.791,3496645.358000003
-10637064.2968,3496607.8734000027
-10637064.1294,3496583.5002999976
-10637062.6685,3496396.8567999974
-10636993.4074,3496472.1230999976
-10636993.5844,3496496.851499997
-10636944.7304,3496546.6592999995
-10636944.5535,3496521.9307999983
-10636944.3766,3496497.202399999
-10636944.0228,3496447.7457000017
-10636873.1895,3496373.1789000034
-10636873.7262,3496448.2466999963
-10636874.2566,3496522.4318000004
-10636874.4333,3496547.1602
-10636874.6112,3496597.200199999
-10636877.4383,3496648.8681000024
-10636881.3746,3496674.5808999985
-10636885.7837,3496700.184600003
-10636825.4338,3496598.3827000037
-10636825.2253,3496547.5107000023
-10636825.0486,3496522.782200001
-10636824.3418,3496423.868900001
-10636752.9499,3496473.1098000035
-10636753.5772,3496547.411399998
-10636769.0132,3496726.993900001
-10636753.402,3496522.6948999986
-10636984.8068,3496297.454599999
-10636928.5701,3496297.827399999
-10636886.3925,3496298.1067999974
-10636844.2149,3496298.3862999976
-10636814.339,3496298.583899997
-10616821.1048,3496235.5297000036
-10616819.6826,3496133.9914999977
-10616818.834,3496074.637199998
-10616902.4098,3496420.217500001
-10616908.924,3496357.421400003
-10617021.0299,3496311.843500003
-10617045.0804,3496311.539999999
-10616999.4418,3496356.279799998
-10617020.0436,3496246.4980000034
-10616884.0174,3496135.6614999995
-10616951.3002,3496068.061999999
-10616973.0896,3496067.737499997
-10617013.009,3496010.3599999994
-10616937.0956,3496011.4390999973
-10616883.8458,3496012.195600003
-10616883.314,3495974.400700003
-10616986.346,3495914.289999999
-10616961.0423,3495914.6498000026
-10617011.1298,3495876.8423999995
-10613450.9378,3491613.177000001
-10613680.0909,3491459.228500001
-10613723.8972,3491741.2440000027
-10613311.3422,3491750.1445000023
-10613540.3567,3491745.1393000036
-10574380.396,3469702.6158000007
-10636690.9613,3496840.6114000008
-10636649.962,3496850.5732000023
-10636629.4624,3496855.5540999994
-10636725.0364,3496765.0933
-10636719.3386,3496736.706699997
-10636710.2498,3496680.862999998
-10636705.7748,3496626.0801
-10636703.8643,3496560.2400999963
-10636703.649,3496510.8593999967
-10636703.36,3496398.822800003
-10636703.3963,3496373.3246000037
-10636652.1311,3496299.656000003
-10636624.3641,3496299.839599997
-10636499.4129,3496300.663999997
-10636644.877,3496435.4734999985
-10636618.9554,3496435.690700002
-10636519.1353,3496436.526900001
-10636494.1802,3496436.7356999964
-10636469.2252,3496436.944600001
-10636394.3601,3496437.570799999
-10636369.4051,3496437.7795
-10636344.4501,3496437.9880999997
-10636443.8606,3496387.6974000037
-10636518.7254,3496387.070799999
-10636543.6803,3496386.8619000018
-10636645.6012,3496555.5446999967
-10636444.9886,3496556.6467000023
-10636369.8531,3496507.5996999964
-10636444.7201,3496507.1893000007
-10636469.6757,3496507.0524000004
-10636494.6313,3496506.9153999984
-10636635.9459,3496661.352300003
-10636553.0954,3496671.052699998
-10636445.5249,3496676.6895999983
-10636545.0961,3496626.7158999965
-10636646.2371,3496625.129900001
-10636588.7548,3496677.4465000033
-10636476.2824,3496812.4108000025
-10636334.8581,3496810.170400001
-10636333.0656,3496785.4935000017
-10636332.623,3496760.9448999986
-10636281.1129,3496863.1256000027
-10636259.6654,3496337.568400003
-10636260.1015,3496369.3608999997
-10619814.0128,3489396.6740000024
-10615212.0921,3491435.632600002
-10615284.5267,3491342.5546000004
-10615006.6079,3491201.043899998
-10666385.0072,3476363.152599998
-10666410.0881,3476363.0393999964
-10628180.9273,3512849.5917000026
-10606923.6539,3481426.2229999974
-10621907.5147,3491238.7251999974
-10626966.0836,3494917.7377000004
-10626581.861,3494924.910099998
-10627041.1552,3494886.511
-10630169.8062,3508833.1150999963
-10630204.1198,3508753.8894999996
-10630457.3766,3508768.5117999986
-10630588.5747,3509097.2621000037
-10617266.7808,3496229.599200003
-10617219.4079,3496261.9409999996
-10617267.2059,3496261.292800002
-10617384.0187,3496269.375699997
-10617333.8178,3496324.8654000014
-10617218.4058,3496368.8269999996
-10617625.336,3496363.371100001
-10617855.3528,3496202.1589
-10617664.3858,3496214.4930000007
-10629036.2881,3491574.6899999976
-10629036.3761,3491634.600400001
-10628954.6513,3491574.5022
-10628954.6725,3491632.291000001
-10647057.8407,3499825.162900001
-10607163.3528,3492965.9975000024
-10607120.7522,3492966.8791999966
-10606911.4837,3492988.7444999963
-10606848.0238,3492990.3324000016
-10606806.9351,3493022.500699997
-10606744.1442,3493028.079099998
-10606639.748,3493032.4147000015
-10606637.403,3493003.5392000005
-10606637.0704,3492961.0978000015
-10606636.5646,3492939.9532999992
-10606643.021,3492906.5069999993
-10606594.4182,3492940.0156000033
-10606595.5148,3492982.780199997
-10606595.502,3493033.4915999994
-10638615.2735,3484368.2748000026
-10638632.8318,3484368.340300001
-10586780.7528,3477611.871299997
-10586790.7981,3477684.563699998
-10586810.8858,3477673.6915000007
-10616612.7658,3495146.9221
-10616329.7142,3495149.9124
-10616492.2065,3495270.5015999973
-10616343.7751,3495399.155000001
-10583168.0674,3487214.717799999
-10583249.6881,3487213.4794000015
-10583183.1782,3487170.3062999994
-10617832.0198,3491676.0239999965
-10617868.5066,3491825.9575000033
-10617769.2849,3491827.2140000015
-10595306.2193,3482801.5973000005
-10595122.5582,3483041.248300001
-10595146.457,3482874.8977999985
-10595210.6094,3482864.8073000014
-10595230.973,3482991.185800001
-10595253.9302,3482928.6718000025
-10595371.7199,3482955.429899998
-10595203.3333,3483040.1369000003
-10595494.6414,3483011.622100003
-10595240.6766,3483139.375
-10595476.8393,3482973.2185999975
-10595212.0618,3483106.341300003
-10595303.4601,3483177.180399999
-10594957.6595,3483351.1777999997
-10594808.5766,3483425.4773999974
-10595061.2817,3483299.8945000023
-10594906.0344,3483304.9069000036
-10649613.6682,3498343.3118999973
-10649526.6688,3498415.0759000033
-10649496.8798,3498499.5676999986
-10649622.0541,3498624.497299999
-10649762.5244,3498721.2942999974
-10649648.4132,3498711.7194000036
-10649468.3172,3498624.7572000027
-10613861.6576,3488306.8532999977
-10613689.2523,3488448.8167999983
-10613841.6645,3488524.226599999
-10613807.3767,3488524.6633
-10581164.6862,3481645.656199999
-10581120.292,3481618.4530000016
-10618798.7496,3489534.351400003
-10634761.7197,3498735.2989000008
-10594464.8118,3515608.127899997
-10617860.5986,3489919.609700002
-10582350.4662,3482732.6294
-10582499.6774,3482730.398000002
-10614663.4222,3506641.104000002
-10619099.1667,3492653.719499998
-10618431.5277,3492685.8149000034
-10618432.0318,3492666.8100999966
-10613477.1442,3488490.322999999
-10613368.7769,3488739.217799999
-10594868.5337,3483276.8977999985
-10595063.4789,3483069.8625999987
-10595032.3296,3483080.208800003
-10594871.8477,3483015.0829000026
-10594871.6661,3482973.1819999963
-10594977.3935,3482866.7440000027
-10594975.969,3482798.5977
-10594933.7354,3482798.8303999975
-10594859.5938,3482799.3139000013
-10594827.955,3482799.288900003
-10594678.6236,3482996.3549000025
-10594678.4409,3483027.975299999
-10594678.9075,3483103.656199999
-10617526.697,3497339.5474999994
-10617504.73,3497339.898400001
-10618289.8483,3489790.1845000014
-10588586.6986,3477414.827299997
-10588535.4129,3477396.099299997
-10588511.5747,3477397.5569999963
-10588490.2499,3477398.5543000028
-10588446.6812,3477648.261500001
-10618432.9505,3490600.0143000036
-10636370.8607,3516766.285700001
-10637142.974,3516980.025700003
-10626832.0577,3509031.934600003
-10628457.7374,3516629.716499999
-10628461.6453,3515924.795500003
-10646524.9467,3494961.6338
-10646643.307,3494894.386500001
-10646458.9509,3494572.8746000007
-10590401.9138,3485251.7704000026
-10618758.9132,3494521.0649000034
-10584250.3666,3463071.6841999963
-10613845.5736,3488832.6877999976
-10613558.8638,3488833.9563999996
-10598735.8641,3482786.5854
-10664945.1794,3476402.9265
-10574709.966,3451778.590599999
-10587528.1465,3478137.4508000016
-10590749.349,3516760.2886999995
-10591027.3825,3516921.7239999995
-10591129.8822,3516882.4191000015
-10590741.7882,3517025.6899999976
-10590661.4856,3517009.3707000017
-10600834.4304,3510354.966499999
-10600746.4821,3510356.751000002
-10578915.3972,3490610.6510000005
-10578823.151,3490608.0644000024
-10630053.7202,3462266.012199998
-10634443.6692,3492122.965599999
-10634519.3424,3492122.4749
-10634879.8109,3492118.8022999987
-10635058.6056,3491960.705600001
-10634700.3129,3492004.1851999983
-10634574.8702,3491630.8106999993
-10634848.1536,3491997.728500001
-10634749.9763,3492003.7474000007
-10634412.6291,3491616.9186000004
-10635234.583,3491304.5486999974
-10634863.3178,3491372.8818000033
-10634630.9256,3491540.5543000028
-10634666.6514,3491540.242399998
-10634720.5528,3491539.9963999987
-10649500.3692,3497091.866899997
-10649406.1134,3497139.4483999982
-10649409.4275,3497229.284599997
-10649283.2864,3497360.004900001
-10649282.7937,3497330.5560000017
-10606120.6982,3489063.9102
-10606048.5805,3489065.1259000003
-10606002.4562,3489065.9683
-10605956.6199,3489067.3323
-10605933.4112,3489067.9350999966
-10605887.5425,3489069.0666000023
-10605839.0269,3489070.2097000033
-10605815.33,3489070.7661999986
-10606194.8708,3488860.9886000007
-10606195.6522,3488897.6994000003
-10605934.7113,3489004.340999998
-10605910.9311,3489004.751199998
-10606122.2113,3488959.8461000025
-10606086.6623,3489001.4948000014
-10606039.7616,3489002.3957
-10606134.992,3488900.343699999
-10605910.5295,3488902.7518000007
-10605886.1163,3488903.0134999976
-10606063.0762,3488860.2456
-10606098.3788,3488859.8665999994
-10606146.3273,3488859.3522000015
-10589014.185,3511304.9419
-10586178.4046,3511081.3726999983
-10596485.9841,3487727.572499998
-10596308.5954,3487570.6948999986
-10619067.0511,3493495.4543000013
-10595476.5457,3514020.026900001
-10596027.2529,3514407.4695999995
-10596039.3588,3514288.4472000003
-10595792.0351,3514119.2643000036
-10595684.846,3513919.8527999967
-10614156.0781,3492423.8549000025
-10613750.3696,3492928.2141999975
-10613805.1159,3492557.2712000012
-10620360.9565,3491307.9614999965
-10620440.0579,3491252.369099997
-10583997.5668,3508623.526299998
-10584533.0913,3508616.2327999994
-10584708.3874,3508717.5979999974
-10585029.4352,3508823.031000003
-10584783.162,3508827.7206000015
-10584492.7367,3508834.4102
-10584237.0383,3509071.5610999987
-10584529.5729,3509067.4508000016
-10584936.6152,3509062.4221
-10585110.3592,3509061.951700002
-10584606.6479,3508781.564199999
-10624802.9009,3512333.5515
-10624772.3511,3512285.5890000015
-10624757.0762,3512261.6076999977
-10624736.7101,3512229.6330000013
-10624726.527,3512213.6455999985
-10624701.0691,3512173.6771000028
-10624685.7946,3512149.6960000023
-10624675.6116,3512133.708800003
-10624572.2288,3512226.4585999995
-10624499.1776,3512111.765299998
-10624466.0109,3511951.840099998
-10624578.4949,3512128.445799999
-10624549.2693,3512190.411399998
-10624636.3294,3512474.1789999977
-10624544.7328,3512330.2563000023
-10624534.5556,3512314.264899999
-10624524.3782,3512298.273500003
-10624493.8468,3512250.2996999994
-10624483.6696,3512234.3083999977
-10624468.4046,3512210.3224000037
-10624442.9612,3512170.3433
-10624432.7843,3512154.3518999964
-10614014.8587,3488690.9918000028
-10581639.6568,3479859.5741000026
-10587459.6052,3509023.4998999983
-10587426.4937,3508949.1472000033
-10587382.9902,3508942.353
-10587381.4438,3508871.932400003
-10587459.8463,3508863.4536999986
-10628151.4938,3515844.0571999997
-10628106.3579,3516205.2893999964
-10628475.1185,3515147.7853000015
-10628402.3424,3515222.0102000013
-10628405.8145,3515060.2651000023
-10628637.398,3514849.306400001
-10590385.3224,3511285.275899999
-10595982.1571,3486032.528800003
-10595983.2999,3486086.625
-10595983.9569,3486121.531199999
-10595984.5029,3486155.3002000004
-10595986.0879,3486190.906199999
-10595949.2954,3486190.5429999977
-10595922.3204,3486191.2617999986
-10595895.3418,3486191.673299998
-10595806.9347,3486192.027400002
-10595765.6679,3486126.6160999984
-10595764.9981,3486090.3335999995
-10595763.9593,3486039.9584000036
-10595763.6722,3486012.7506000027
-10595762.8405,3485980.094499998
-10595761.3417,3485899.9199
-10595870.8785,3485801.2282999977
-10595923.9387,3485800.522699997
-10595979.4363,3485888.1450999975
-10595980.1841,3485940.156499997
-10595898.1978,3485800.770999998
-10595766.4169,3486160.4864000008
-10595931.534,3485958.670000002
-10595931.1386,3485896.0156000033
-10595929.9738,3485851.966600001
-10595896.0739,3485905.063699998
-10595896.4135,3485958.8937000036
-10595846.4503,3485923.043399997
-10595846.554,3485888.0229
-10595811.2843,3485852.7342000008
-10595810.9818,3485888.1719999984
-10595831.2315,3486055.211000003
-10595814.2226,3486090.789800003
-10595815.8818,3486133.8977999985
-10595849.1497,3486090.439199999
-10595897.821,3486054.208999999
-10595898.6936,3486098.464900002
-10595899.604,3486142.6086999997
-10595934.3405,3486141.033399999
-10595934.3719,3486106.4729999974
-10595933.7243,3486080.3144999966
-10595933.1163,3486053.7162000015
-10604544.719,3489929.262199998
-10604544.2487,3489879.9491000026
-10628683.1885,3515077.3540999964
-10628615.0795,3515253.4306000024
-10589868.8538,3521360.1696999967
-10589982.2273,3521083.291000001
-10587356.6783,3515451.6735000014
-10587313.141,3515187.336099997
-10586935.4075,3515441.1242000014
-10586863.1584,3515441.9422999993
-10586865.3531,3515248.2973000035
-10587256.2899,3520624.6646
-10587031.8074,3520626.5667999983
-10586899.7589,3520627.684100002
-10585667.3051,3520638.047600001
-10586717.5363,3520846.3188999966
-10586056.9917,3520854.1837000027
-10585911.221,3520856.647500001
-10585242.2403,3521095.342600003
-10585438.7563,3521335.482000001
-10585156.4545,3521336.943599999
-10585341.5847,3520640.766999997
-10584733.8313,3520755.7052000016
-10585262.3555,3520641.427199997
-10586820.5298,3520628.3537999988
-10586450.7938,3520631.472900003
-10585816.9602,3520636.795400001
-10585573.6978,3520931.998300001
-10590124.215,3511013.098899998
-10608413.42,3494079.0112000033
-10605369.9259,3490272.2509000003
-10605348.4968,3490272.530100003
-10605327.0677,3490272.8091999963
-10605181.4827,3489670.5467000008
-10605214.6719,3489900.696999997
-10605096.4907,3489671.8831999972
-10605111.3542,3489888.5780000016
-10605112.128,3489956.264899999
-10605113.8988,3490060.2236
-10605114.8136,3490121.7643000036
-10577853.6035,3483386.175999999
-10577954.5515,3483385.1314999983
-10577986.1527,3483384.804200001
-10578423.592,3483483.686499998
-10577723.527,3483317.0451999977
-10619602.4019,3492480.476800002
-10572006.4153,3479262.153499998
-10572018.4934,3479430.3874000013
-10571836.7961,3479429.472400002
-10571889.558,3479709.0244000033
-10571710.0711,3479580.0069999993
-10571814.1125,3479793.5286
-10585682.1956,3508643.869400002
-10585667.4898,3508713.772399999
-10586016.9195,3508583.1664000005
-10586156.0694,3508728.5124000013
-10585677.7621,3508800.6393000036
-10585683.6479,3508576.298299998
-10625519.0062,3496129.6269000024
-10625583.6811,3496056.9266000018
-10585234.7367,3509629.783200003
-10585354.2039,3509638.810800001
-10585389.3864,3509638.414999999
-10585653.1815,3509642.0217000023
-10585705.9554,3509641.4265
-10585811.5031,3509640.2356999964
-10585987.4158,3509638.248800002
-10586022.5984,3509637.8511999995
-10585952.2332,3509638.646399997
-10625328.6166,3487995.2031000033
-10580690.2367,3462703.5265000015
-10580727.0481,3462777.1374000013
-10575881.9135,3498583.903499998
-10576241.7028,3498397.8620999977
-10576127.9842,3498417.072999999
-10586610.5251,3515463.0415999964
-10586520.5054,3515469.159400001
-10586454.4772,3515469.6345999986
-10585821.4033,3515477.377899997
-10585781.8057,3515477.6611
-10585623.4084,3515478.798600003
-10585503.9153,3515479.7005999982
-10584964.9187,3515484.0151999965
-10586743.5815,3515301.1147999987
-10586695.7932,3515108.860799998
-10586608.141,3515318.223899998
-10586578.9081,3515129.9822999984
-10586336.961,3515342.121100001
-10586234.4325,3515343.2079000026
-10585753.9381,3515348.7364000008
-10585559.9885,3515349.7594000027
-10585374.5458,3515352.7370000035
-10586056.1172,3515347.695600003
-10581879.8788,3483094.4516000003
-10581878.6912,3483121.994599998
-10581884.9413,3483167.699199997
-10581918.8335,3483174.1423000023
-10581958.7733,3483173.417000003
-10582039.7403,3483175.8263000026
-10582009.7948,3483124.9553999975
-10581972.4532,3483125.7739999965
-10581931.0329,3483124.7809000015
-10581944.4904,3483094.213100001
-10581995.1279,3483093.6479
-10582071.4991,3483090.806599997
-10582017.2397,3483041.1854000017
-10581983.5323,3483041.4789000005
-10581949.8249,3483041.7722999975
-10581916.1175,3483042.0656000003
-10581829.2626,3483162.6677
-10581857.1998,3483042.5781000033
-10580278.8466,3480886.5474999994
-10579998.1041,3481109.2559999973
-10580526.0644,3479397.968999997
-10580525.8279,3479427.2368
-10580526.8102,3479479.7525999993
-10580528.6858,3479592.9893999994
-10580529.806,3479650.0100999996
-10580530.3204,3479708.0757
-10580533.1356,3479764.535099998
-10580525.4917,3479790.380400002
-10580502.76,3479809.2883
-10580479.4119,3479812.3759000003
-10580453.6605,3479811.2721000016
-10580422.8611,3479812.4077999964
-10580527.6914,3479539.2606000006
-10580465.7746,3479568.348899998
-10580466.7065,3479609.1794999987
-10580468.6367,3479667.5420999974
-10580469.2545,3479697.077399999
-10580469.8147,3479754.1938000023
-10580433.5358,3479741.1755999997
-10580432.1301,3479697.1176000014
-10580431.0065,3479667.5107000023
-10580429.959,3479638.2963000014
-10580426.1867,3479528.4618000016
-10580470.2155,3479725.9503000006
-10580373.8874,3479726.475100003
-10580373.0917,3479696.672200002
-10580371.8983,3479651.973099999
-10580370.7046,3479607.2641000003
-10580369.5112,3479562.565200001
-10580368.3175,3479517.8564999998
-10580370.0498,3479486.851400003
-10580467.7241,3479405.1762999967
-10612573.1615,3494121.923299998
-10612696.7615,3494099.565399997
-10612657.2605,3494207.093500003
-10612655.4743,3494100.262699999
-10620213.4619,3491482.233400002
-10624239.1212,3512104.3241000026
-10586855.8859,3501593.7503999993
-10625509.4631,3490481.498999998
-10625509.697,3490506.215800002
-10625510.154,3490554.5900000036
-10625510.9618,3490640.039999999
-10625511.5124,3490698.3017000034
-10625511.813,3490730.080799997
-10625512.1135,3490761.8598999977
-10625512.4641,3490798.935999997
-10625512.781,3490832.480800003
-10625513.0146,3490857.1982999966
-10625513.3319,3490890.7435000017
-10625513.6822,3490927.819799997
-10625513.9494,3490956.0684999973
-10625514.1831,3490980.7858999968
-10625514.9511,3491062.001199998
-10625516.0191,3491174.9971999973
-10625516.253,3491199.715300001
-10625516.5201,3491227.9645000026
-10625516.7873,3491256.2139
-10625517.2917,3491309.1890999973
-10625517.673,3491349.8047999963
-10625518.8237,3491471.616700001
-10625519.3244,3491524.5852999985
-10625520.0923,3491605.8039000034
-10625520.3592,3491634.0538000017
-10625515.2183,3491090.25
-10625563.9636,3490483.5568000004
-10625564.431,3490532.9904000014
-10625564.7052,3490561.9447000027
-10625565.015,3490594.4296000004
-10625565.2738,3490620.912299998
-10625565.4832,3490642.098200001
-10625566.3722,3490732.139700003
-10625566.686,3490763.9187999964
-10625567.0243,3490798.170500003
-10625567.3553,3490831.714599997
-10625567.9585,3490892.8034000024
-10625568.3247,3490929.877700001
-10625568.6037,3490958.1252999976
-10625568.8476,3490982.8429000005
-10625569.4408,3491039.2316000015
-10625571.7259,3491120.9563999996
-10625572.2274,3491173.9235000014
-10625572.4614,3491198.6413000003
-10625572.9967,3491255.1396000013
-10625573.4984,3491308.1074
-10625573.7659,3491336.356899999
-10625574.0001,3491361.0753000006
-10625574.326,3491395.5045000017
-10625574.7105,3491436.1132000014
-10625575.0778,3491474.9562000036
-10625575.4615,3491515.565399997
-10625575.8453,3491556.1746999994
-10625576.3795,3491612.6745999977
-10625576.8384,3491661.2299000025
-10625577.1243,3491691.2468999997
-10625521.3609,3491739.992399998
-10625521.6615,3491771.7742
-10625522.2543,3491834.4548999965
-10625522.5382,3491864.471000001
-10625522.8217,3491894.4875999987
-10625523.3892,3491954.5200000033
-10625523.673,3491984.536600001
-10625501.9209,3492015.9900999963
-10625577.8869,3491770.699500002
-10625578.7658,3491863.3967000023
-10625579.6195,3491953.4456999972
-10625580.2737,3492015.605700001
-10576537.9519,3490953.9536999986
-10575681.4465,3491299.9573
-10576431.1489,3491144.737300001
-10596004.521,3486382.4218000025
-10595933.0537,3486226.135499999
-10595894.4221,3486226.5593999997
-10595803.7261,3486227.0666999966
-10595768.8721,3486302.8197000027
-10595771.8691,3486439.708499998
-10595772.5114,3486469.072999999
-10595773.7975,3486574.9667000026
-10595774.3333,3486619.089299999
-10595774.8906,3486664.976999998
-10595773.476,3486548.4931999967
-10595846.1327,3486227.094499998
-10595913.7372,3486226.344800003
-10595918.7119,3486663.8347999975
-10595827.7729,3486443.392499998
-10595860.3075,3486332.612499997
-10595862.5605,3486494.978
-10595920.1708,3486608.891400002
-10595919.5391,3486564.7700000033
-10595918.7809,3486511.8246000037
-10595916.4558,3486349.4597999975
-10595950.7519,3486365.746799998
-10595952.7198,3486502.507600002
-10595953.7309,3486573.101499997
-10595954.2364,3486608.398699999
-10595915.6726,3486294.7502999976
-10595918.1491,3486467.7035000026
-10595917.6563,3486433.289099999
-10596007.4038,3486553.169200003
-10595775.9988,3486756.2233000025
-10595777.0042,3486838.9985999987
-10595778.9122,3487004.4400999993
-10595779.5778,3487048.116899997
-10595809.6047,3487076.406499997
-10595778.2303,3486939.953400001
-10595884.2002,3486700.012000002
-10595839.9858,3486700.9265
-10596010.1414,3486707.079400003
-10596016.4823,3486804.1208000034
-10596019.8736,3486830.8894999996
-10596043.747,3486934.264799997
-10596011.449,3486751.220899999
-10595824.0974,3486757.5207
-10595876.8267,3486756.6054999977
-10595956.3079,3486755.0521000028
-10595842.556,3486792.5383
-10595837.3874,3486849.148500003
-10595874.7541,3486848.8954000026
-10595918.4896,3486848.4804999977
-10595936.5435,3486883.6668
-10595837.1291,3486940.966499999
-10595834.4854,3487009.4223999977
-10595909.7283,3486951.2651999965
-10595859.8754,3487040.3022999987
-10647586.7059,3517507.8462999985
-10647774.5945,3517504.8795000017
-10647732.2882,3517504.955499999
-10647819.0821,3517595.2590000033
-10647903.3685,3517661.5819000006
-10647667.9287,3517594.9745000005
-10647581.9527,3517594.5693999976
-10647582.1784,3517660.603600003
-10647668.5804,3517746.920900002
-10647625.802,3517812.447800003
-10647669.0305,3517812.4297999963
-10647817.9905,3517746.411799997
-10647859.4173,3517746.5112999976
-10647904.4482,3517812.739699997
-10647817.8706,3517812.6757000014
-10647774.9147,3517812.6917999983
-10647733.1738,3517812.389799997
-10647845.0987,3517911.6789000034
-10647906.2135,3517963.2722000033
-10647605.4999,3517898.385300003
-10647583.6932,3517963.874300003
-10647671.2675,3518051.9948000014
-10647649.6553,3518115.782399997
-10647896.4965,3516746.2912999988
-10647857.4695,3516746.7848000005
-10647818.1148,3516747.2771999985
-10647637.2108,3516747.4175999984
-10647636.3847,3516835.2826000005
-10647582.5969,3516900.0626000017
-10647623.8203,3516900.1008
-10647739.7808,3516835.008100003
-10647897.2007,3516832.9844999984
-10647815.9301,3516899.4408000037
-10647773.6889,3516900.0072000027
-10647734.059,3516902.1525000036
-10647818.4932,3516833.9941999987
-10647776.1113,3516985.9184999987
-10647817.8013,3516985.9532999992
-10647858.8491,3516985.4481000006
-10647899.2829,3516985.0222000033
-10647775.4709,3517051.1903000027
-10647732.9689,3517051.8726999983
-10647669.7762,3516986.2639999986
-10647627.0147,3516986.410099998
-10647669.1137,3517051.606700003
-10647628.2966,3517138.0568000004
-10647586.0509,3517137.9367000014
-10647733.8991,3517139.4953000024
-10647776.3893,3517139.4516000003
-10647860.9186,3517139.5546000004
-10647901.5283,3517139.3867999986
-10647860.1415,3517204.3790000007
-10647816.9267,3517204.1438999996
-10647732.9927,3517204.075099997
-10647773.2595,3517289.657300003
-10647858.2721,3517289.452399999
-10647857.2669,3517355.2716000006
-10647814.6125,3517355.456299998
-10647730.5806,3517355.8764000013
-10647625.5835,3517290.859700002
-10647582.6604,3517355.655100003
-10647625.1374,3517355.9694000036
-10647731.6728,3517441.958499998
-10647816.2077,3517441.3013999984
-10647858.5282,3517440.9394999966
-10587357.7527,3511269.711000003
-10658789.1201,3508555.4997999966
-10605211.7506,3489728.7826000005
-10605212.2176,3489751.5042999983
-10605331.9741,3489903.032300003
-10605276.579,3489818.4658999965
-10605276.3596,3489795.9474000037
-10615256.5894,3488554.9860000014
-10615230.2339,3488555.1811000034
-10615203.8778,3488555.3764000013
-10615071.4643,3488556.8555999994
-10615018.7415,3488557.1460999995
-10614992.3892,3488557.291199997
-10614966.0291,3488557.436300002
-10580177.2679,3479818.534000002
-10580169.0372,3479760.0371999964
-10580272.561,3479757.148000002
-10580283.9695,3479721.768600002
-10580256.4311,3479722.362300001
-10580166.8874,3479725.2544
-10580225.3019,3479665.7590000033
-10580281.6409,3479663.5757
-10580280.4527,3479628.7914000005
-10580253.4964,3479664.9509999976
-10580194.7768,3479631.9483999982
-10580159.9864,3479579.2150000036
-10580191.8894,3479577.8853999972
-10580222.4347,3479576.5632999986
-10580250.6512,3479575.3412000015
-10580279.1236,3479573.909900002
-10580248.9755,3479540.5978000015
-10580220.8531,3479541.6426
-10580158.6338,3479543.9963999987
-10580217.9129,3479485.3703000024
-10580274.5243,3479483.788999997
-10580156.3252,3479393.4866999984
-10580189.3905,3479392.382299997
-10580220.2648,3479391.3510000035
-10580332.6736,3479413.4990999997
-10580330.1307,3479469.682599999
-10580331.1264,3479496.464599997
-10580332.7464,3479551.0363000035
-10580333.4876,3479579.2519999966
-10580335.0325,3479638.0643000007
-10580335.8154,3479667.867399998
-10580336.9898,3479712.5722000003
-10580338.3271,3479757.1335000023
-10580224.9156,3479630.690200001
-10580291.0817,3479815.606700003
-10574759.4275,3484681.115699999
-10574651.4057,3484682.742200002
-10574435.362,3484685.992399998
-10574291.3327,3484688.1570999995
-10574147.3034,3484690.320299998
-10574072.2844,3484689.865199998
-10573964.2579,3484691.4853999987
-10573928.2479,3484692.026100002
-10573691.7868,3484583.265299998
-10573846.3029,3484553.4109999985
-10573890.1799,3484554.597199999
-10573998.2562,3484555.2392999977
-10574232.2908,3484550.8693000004
-10574433.7474,3484548.8171000034
-10574472.3013,3484548.4477000013
-10574546.3977,3484547.2599000037
-10574598.6671,3484546.681900002
-10574650.605,3484544.1938999966
-10574035.055,3484554.154299997
-10647455.6819,3516748.8753999993
-10647498.7873,3516836.0537
-10647455.062,3516836.5113999993
-10647499.0021,3516900.5521000028
-10647540.775,3516900.5383
-10647542.0622,3516986.5319000036
-10647499.8418,3516986.483400002
-10647455.7681,3516986.9253999963
-10647456.4907,3517052.306599997
-10647500.5841,3517051.844999999
-10647543.9094,3517203.997299999
-10647502.906,3517355.723700002
-10647542.946,3517355.6185000017
-10647544.3462,3517442.4607999995
-10647502.0994,3517442.5342999995
-10647544.459,3517507.9199
-10647501.008,3517594.2365999967
-10647458.3007,3517660.6838999987
-10647541.6521,3517746.886
-10647501.5843,3517746.956799999
-10647502.6493,3517812.4702999964
-10647542.3769,3517812.403099999
-10647543.3942,3517898.6184
-10647457.6898,3517898.5495999977
-10647456.8237,3517964.1950000003
-10647501.0069,3517964.425800003
-10647502.6339,3517898.704599999
-10640077.778,3516584.044399999
-10591592.9203,3476260.3224000037
-10584523.4077,3497954.559600003
-10584552.0818,3498011.251000002
-10584614.2115,3498013.4702999964
-10584646.0968,3498068.3126000017
-10584858.56,3498073.3068000004
-10584939.6422,3498071.2040000036
-10584798.1636,3498019.798799999
-10584763.0113,3498020.0694999993
-10584668.5333,3497991.8083000034
-10584797.9213,3497988.001699999
-10584845.6144,3497987.2361999974
-10584924.3195,3497930.3712000027
-10584825.7109,3497935.556599997
-10584790.2947,3497936.157899998
-10584693.0325,3497936.9629999995
-10584623.8895,3497909.6379000023
-10584706.3443,3497903.1391000003
-10584781.3657,3497902.6881000027
-10584827.008,3497903.0063999966
-10584721.0386,3497851.9157000035
-10584657.0625,3497851.3672999963
-10584601.3123,3497855.535099998
-10584593.4909,3497821.3253000006
-10584630.7392,3497818.8619000018
-10584720.5986,3497818.4329999983
-10584764.046,3497817.5452999994
-10584855.7416,3497783.811800003
-10584756.2117,3497760.840599999
-10584659.6366,3497762.7238000035
-10584616.2199,3497763.5132
-10584565.4721,3497765.208899997
-10584514.8116,3497819.6118
-10618338.5685,3489221.3532999977
-10618338.6426,3489147.4363999963
-10656691.6884,3514493.9749
-10656691.2797,3514461.2321999967
-10656694.6747,3514672.813000001
-10656696.4046,3514826.727300003
-10656697.9566,3514891.751699999
-10656697.0013,3514859.5601999983
-10656697.6929,3514923.2654
-10656699.073,3514987.1684999987
-10656703.5014,3515247.0141000003
-10656604.7032,3515285.168200001
-10656603.3466,3515154.9869000018
-10656602.8385,3515106.1691000015
-10656602.3317,3515057.3517000005
-10656601.4724,3514992.030000001
-10656600.2996,3514862.0834000036
-10656602.2559,3514798.1790999994
-10656598.8819,3514725.8132999986
-10656596.5157,3514498.4301000014
-10656595.176,3514369.670599997
-10656593.0442,3514207.6850999966
-10656592.1079,3514137.391599998
-10656623.3015,3515455.619900003
-10580855.3847,3483188.096000001
-10580853.9517,3483140.734099999
-10580853.1827,3483100.6182999983
-10580851.1194,3483047.6909999996
-10580846.8331,3483009.225299999
-10580861.6911,3482982.275899999
-10580891.6526,3482979.547700003
-10580926.4728,3482981.284900002
-10580915.9876,3482951.4958999977
-10580872.4476,3482906.5359999985
-10580867.2134,3482879.2519999966
-10580857.1211,3482839.032200001
-10580917.4156,3482765.009300001
-10580919.513,3482804.7836000025
-10580991.4324,3482839.9365999997
-10581020.3656,3482835.8872999996
-10581068.5993,3482849.4016000032
-10581039.952,3482913.9121999964
-10581009.8447,3482913.7063999996
-10580956.4546,3482901.275399998
-10580974.1643,3482930.5979999974
-10580944.3655,3483041.9265
-10580905.9618,3483085.717699997
-10580964.058,3483101.7277000025
-10580920.9856,3483148.1765
-10607581.4967,3503666.083800003
-10596984.1392,3458023.2547999993
-10597000.855,3458022.782200001
-10597035.6074,3458022.239699997
-10597052.7599,3458021.7480999976
-10597069.88,3458021.5754000023
-10597103.3672,3458020.949500002
-10597121.0263,3458020.418300003
-10597155.9618,3458011.6668
-10597187.2541,3458022.664300002
-10597189.0186,3458042.2831000015
-10597189.5929,3458062.9014
-10597177.6368,3458093.4891000018
-10597157.1088,3458095.257799998
-10597138.3492,3458091.6071000025
-10597121.6867,3458087.1865999997
-10597104.2885,3458087.233599998
-10597087.0771,3458087.7114000022
-10597070.648,3458088.1076000035
-10597053.7383,3458088.121600002
-10597002.3662,3458088.8187000006
-10597019.5031,3458088.785099998
-10596985.9413,3458089.1411999986
-10597036.5541,3458088.2660000026
-10599999.6004,3484309.612800002
-10600018.0742,3484309.089400001
-10600036.1086,3484308.7304000035
-10600053.6242,3484308.313500002
-10600071.18,3484307.9591000006
-10600116.2083,3484307.3354
-10600159.186,3484306.4376000017
-10600201.3448,3484360.3878000006
-10600179.2216,3484364.5161999986
-10600161.1164,3484362.632100001
-10600143.8518,3484362.9543000013
-10600126.3096,3484363.247100003
-10600108.5824,3484363.755099997
-10600090.8146,3484364.2344999984
-10600073.1053,3484364.7607999966
-10600055.2307,3484365.233000003
-10600019.1678,3484366.1488000005
-10600010.8061,3484401.0134000033
-10600038.0029,3484400.3017999977
-10600055.8932,3484399.8269999996
-10600091.3741,3484399.0166999996
-10600109.262,3484398.6106999964
-10600127.0006,3484398.108099997
-10600144.53,3484397.7454999983
-10600180.3406,3484394.9727
-10600203.3899,3484451.583800003
-10600181.3985,3484455.037900001
-10600163.7591,3484453.1545
-10600146.2653,3484453.8611999974
-10600128.4413,3484454.2924999967
-10600110.7517,3484454.7365000024
-10600092.7644,3484455.0571999997
-10600039.859,3484456.4343999997
-10600003.7323,3484457.336199999
-10600004.255,3484492.281499997
-10600023.011,3484491.968699999
-10600111.8194,3484490.1755999997
-10600129.2962,3484489.6919
-10600164.7085,3484488.9521000013
-10600182.1453,3484486.5867
-10600204.6652,3484489.656800002
-10600206.6187,3484543.4421999976
-10600147.2897,3484545.7673999965
-10600076.2806,3484546.8188999966
-10600058.8749,3484547.0864000022
-10600023.6574,3484547.4510999992
-10600015.1826,3484583.726599999
-10600059.2226,3484582.9371000007
-10600076.5084,3484582.523400001
-10600094.6862,3484582.1696999967
-10600112.6463,3484581.6319999993
-10600165.5632,3484580.5434999987
-10600183.8298,3484577.906800002
-10600207.2506,3484581.2003000006
-10600132.38,3484638.235600002
-10600079.7145,3484639.3109000027
-10600062.1594,3484639.6691000015
-10600044.6042,3484640.0275000036
-10600027.049,3484640.3857999966
-10600008.6161,3484640.762000002
-10600009.329,3484676.050300002
-10600062.8724,3484674.9575000033
-10600080.4276,3484674.599200003
-10600097.9828,3484674.2408000007
-10600124.3156,3484673.7031999975
-10600150.6483,3484673.165600002
-10600168.2035,3484672.8071999997
-10600208.0538,3484671.9932999983
-10600208.4678,3484635.2326000035
-10599941.4761,3484311.7245000005
-10599889.6621,3484312.581600003
-10599872.3072,3484312.8288000003
-10599855.12,3484313.0069999993
-10599838.0665,3484313.3016000018
-10599819.5403,3484312.9266000018
-10599795.4415,3484312.4734999985
-10599770.6294,3484320.173600003
-10599766.7396,3484348.3263000026
-10599767.9945,3484371.7260000035
-10599767.1394,3484419.7018000036
-10599798.9978,3484463.391999997
-10599840.7323,3484460.142099999
-10599892.5463,3484459.2290999964
-10599927.679,3484458.795900002
-10599944.6687,3484458.4597000033
-10599963.1129,3484458.036399998
-10599964.1656,3484493.0342999995
-10599946.0312,3484493.525600001
-10599928.9778,3484493.8533999994
-10599911.5187,3484494.0683000013
-10599894.1877,3484494.4174999967
-10599858.8535,3484494.9878999963
-10599841.9335,3484495.3684
-10599825.3614,3484496.0507000014
-10599776.2537,3484499.1208999977
-10599766.4116,3484519.955600001
-10599767.1201,3484543.284000002
-10599767.9907,3484562.8989999965
-10599768.3816,3484580.6341999993
-10599767.4935,3484600.1718000025
-10599767.5644,3484624.7223000005
-10599778.2334,3484644.299900003
-10599807.1943,3484645.556599997
-10599828.519,3484643.417800002
-10599862.9813,3484642.7382000014
-10599880.5135,3484642.6290000007
-10599931.774,3484642.0753000006
-10599967.1337,3484677.0556999967
-10599874.2772,3484678.9098000005
-10599856.6342,3484679.126500003
-10599838.1328,3484679.4255999997
-10599800.6788,3484680.2742
-10599782.2682,3484680.520800002
-10599961.506,3484402.4804000035
-10599942.7017,3484403.2278999984
-10599925.4365,3484403.6137999967
-10599891.0835,3484403.8369000033
-10599873.6592,3484404.0819000006
-10599856.6561,3484404.427500002
-10599819.3397,3484370.533
-10599838.6892,3484369.841799997
-10599855.3649,3484369.4455000013
-10599907.2953,3484368.6265999973
-10599924.1833,3484368.339299999
-10599960.5631,3484367.7765000015
-10599966.3647,3484584.332199998
-10599911.0252,3484586.460699998
-10599893.1284,3484587.1489999965
-10599875.2317,3484587.837200001
-10599857.335,3484588.525399998
-10599839.4382,3484589.2136999965
-10599819.2,3484589.6252999976
-10599873.889,3484552.5676999986
-10599891.7857,3484551.8794
-10599927.5791,3484550.502899997
-10599945.4757,3484549.8144999966
-10599965.0217,3484549.0627000034
-10599946.8187,3484585.083999999
-10599793.5593,3484737.5037999973
-10599811.5832,3484736.8025999963
-10599829.4099,3484736.586599998
-10599864.3412,3484735.6130999997
-10599881.5648,3484735.4970000014
-10599898.8054,3484734.990199998
-10599916.0531,3484734.7107999995
-10599951.1522,3484733.8110999987
-10599969.4525,3484733.476599999
-10599970.4338,3484768.1611
-10599952.3537,3484768.9415000007
-10599899.6753,3484770.3712000027
-10599794.5644,3484773.905000001
-10599767.4611,3484803.300800003
-10599766.5703,3484836.9368999973
-10599882.0622,3484770.7404000014
-10599766.099,3484820.0583999977
-10600208.7318,3484727.093699999
-10600169.3401,3484728.286700003
-10600152.317,3484728.8904
-10600126.4763,3484729.686499998
-10600099.7766,3484730.4153999984
-10600081.5447,3484730.9244000018
-10600055.0152,3484731.3681999967
-10600028.8902,3484731.828599997
-10600011.6529,3484767.0286
-10600029.9082,3484766.739
-10600064.8595,3484766.188699998
-10600100.857,3484765.5221000016
-10600153.2362,3484764.3060000017
-10600169.9589,3484763.8726999983
-10600187.83,3484761.413800001
-10600210.9452,3484764.0222999975
-10600212.4323,3484820.114699997
-10600171.3184,3484822.1121999994
-10600101.0896,3484823.1274999976
-10600083.5325,3484823.3813000023
-10600065.9752,3484823.6352000013
-10600048.418,3484823.8889999986
-10600030.8608,3484824.1427000016
-10600012.4258,3484824.409000002
-10599970.712,3484826.028300002
-10599951.2328,3484826.1433999985
-10599877.771,3484827.216300003
-10601060.4908,3483022.0632999986
-10601051.4255,3483040.7666999996
-10601041.3379,3483060.821800001
-10600709.9764,3483154.022399999
-10601039.1794,3482905.4930000007
-10601008.1161,3482986.527400002
-10600995.5099,3482998.657499999
-10600966.3772,3483015.5648000017
-10600858.036,3483077.9483999982
-10600708.3169,3483099.9099999964
-10600686.1506,3483064.0588999987
-10600781.7691,3483068.3708999977
-10600877.9027,3483023.5490000024
-10600909.7937,3483005.4860000014
-10600974.2567,3482969.1340999976
-10600987.8878,3482953.2502000034
-10600996.52,3482934.897399999
-10601002.2472,3482913.6054999977
-10600827.1869,3482932.1964000016
-10600801.3468,3482916.5260000005
-10600802.654,3482989.4932999983
-10600863.8642,3482964.7814000025
-10600994.5913,3482862.366899997
-10600976.5438,3482862.9268999994
-10600958.7616,3482863.5239999965
-10600941.4352,3482863.387699999
-10600923.5741,3482863.7761999965
-10600801.4407,3482866.2792000026
-10600781.8916,3482865.2217999995
-10600743.1401,3482880.0097000003
-10600745.2799,3482959.5615999997
-10600745.6066,3482994.0621000007
-10585306.4084,3500498.2990000024
-10585335.5305,3500497.0857999995
-10585359.0094,3500496.645800002
-10585382.4883,3500496.205799997
-10585452.3697,3500494.8959000036
-10585475.8485,3500494.4557000026
-10585499.3274,3500494.0155000016
-10585586.6937,3500475.4563999996
-10585587.5215,3500509.281300001
-10585359.3139,3500407.0133000016
-10585382.7936,3500406.6137000024
-10585429.7534,3500405.8145999983
-10585476.7131,3500405.014899999
-10585541.0922,3500403.9186000004
-10585587.9709,3500402.163999997
-10585490.2911,3500336.0006000027
-10585468.168,3500329.1736999974
-10585466.7884,3500243.1900999993
-10585512.5028,3500234.9196999967
-10585585.6862,3500257.298600003
-10585562.7576,3500208.761
-10585562.4062,3500187.9293000028
-10585562.055,3500167.097599998
-10585583.6261,3500135.1363999993
-10585543.9451,3500135.811999999
-10585510.8313,3500156.727300003
-10585644.4876,3500505.6668
-10585643.6987,3500472.1668
-10585688.0089,3500490.4760999978
-10585726.5304,3500489.7531000003
-10585752.1923,3500489.271499999
-10585906.1636,3500486.380099997
-10585970.2886,3500485.1753999963
-10586008.8112,3500484.4514999986
-10586034.473,3500483.969300002
-10586069.6058,3500483.3088999987
-10585712.4992,3500414.1334000006
-10585747.6578,3500413.8505999967
-10585729.0238,3500352.7537999973
-10585728.2126,3500305.6471000016
-10585726.3873,3500199.646300003
-10585739.2822,3500134.7566
-10585690.9146,3500135.2010999992
-10585642.0126,3500135.534500003
-10585655.4626,3500164.8768000007
-10585656.2737,3500211.9880999997
-10585656.6792,3500235.5437999964
-10585657.2226,3500259.0825000033
-10585658.0984,3500317.9891000018
-10585874.457,3500412.016999997
-10585909.6149,3500411.635300003
-10585891.6563,3500376.490500003
-10585891.378,3500350.5825000033
-10585891.1248,3500327.029799998
-10585890.1125,3500232.797799997
-10585889.3532,3500162.124300003
-10585805.2451,3500133.587399997
-10585819.0388,3500162.887500003
-10585819.2919,3500186.445299998
-10585819.7978,3500233.560999997
-10585821.0627,3500351.3457999974
-10585821.3409,3500377.2537999973
-10585890.4921,3500268.1345999986
-10585966.9863,3500410.3664000034
-10586054.2741,3500374.324699998
-10586053.8274,3500348.418899998
-10586053.2182,3500313.090300001
-10586052.4059,3500265.978600003
-10586051.5933,3500218.867200002
-10586050.5777,3500159.9782000035
-10586064.0803,3500130.4214999974
-10586015.7128,3500130.8672999963
-10585966.8109,3500131.201899998
-10585980.6676,3500184.0995000005
-10585981.0737,3500207.655100003
-10585981.4799,3500231.210699998
-10585982.6981,3500301.877700001
-10585983.1042,3500325.434100002
-10585983.5102,3500348.985200003
-10585983.9567,3500374.8913000003
-10586146.072,3500417.2624000013
-10586144.6274,3500369.9465999976
-10586144.2939,3500346.3861000016
-10586143.3308,3500322.353600003
-10586141.3931,3500183.270999998
-10586140.7609,3500140.5242
-10622763.7397,3452311.3598999977
-10622764.9234,3452297.2798999995
-10622774.0521,3452179.3839000016
-10622766.1881,3452281.331299998
-10622830.6543,3452382.829999998
-10622830.6156,3452370.2211000025
-10622830.737,3452355.9126999974
-10622830.5789,3452339.9883999974
-10622830.6255,3452304.660700001
-10622830.5595,3452255.6560999975
-10622830.1634,3452198.2096000016
-10622830.3101,3452134.9032000005
-10622871.5431,3452197.5579999983
-10622871.6375,3452218.4913000017
-10622878.2146,3452243.486100003
-10622869.0827,3452262.1810000017
-10622872.3628,3452288.1142000034
-10622872.6206,3452328.715999998
-10622872.717,3452348.215400003
-10622872.9327,3452374.8225999996
-10622873.0888,3452399.4817999974
-10622872.4859,3452307.5577000007
-10622830.216,3452184.2246999964
-10622936.7186,3452416.459899999
-10622936.5972,3452385.474200003
-10622936.4598,3452371.3896000013
-10622936.4371,3452354.786799997
-10622936.0358,3452313.153099999
-10622935.9425,3452292.108400002
-10622935.7597,3452267.4099999964
-10622935.5645,3452242.7051
-10622977.7328,3452178.284000002
-10622978.1513,3452248.844700001
-10622978.2972,3452269.8879000023
-10622978.3875,3452291.058799997
-10622978.4802,3452312.5156000033
-10622978.6088,3452333.5600999966
-10622978.8045,3452347.648599997
-10622978.9697,3452391.7903999984
-10622979.0885,3452409.653099999
-10623042.3678,3452453.099200003
-10623042.3198,3452439.0088
-10623042.0116,3452371.8839000016
-10623041.6854,3452328.6275999993
-10623041.5272,3452293.6873999983
-10623041.4633,3452265.3830000013
-10623041.3665,3452249.4717999995
-10623041.2773,3452231.8310000002
-10623041.0957,3452200.2409000024
-10623041.0487,3452177.583499998
-10623082.9493,3452131.3118999973
-10623083.0002,3452162.844300002
-10623083.0584,3452200.347599998
-10623083.1792,3452226.8566000015
-10623083.268,3452240.684100002
-10623083.3621,3452283.045000002
-10623083.6069,3452339.673299998
-10623083.6695,3452367.9595
-10623083.7848,3452382.045000002
-10623083.7401,3452395.841799997
-10623083.9214,3452409.961099997
-10623083.8807,3452424.2606000006
-10623084.0335,3452459.059100002
-10623084.0957,3452479.3078999966
-10623084.1197,3452499.2233999968
-10623133.7812,3452540.3960999995
-10623158.9027,3452491.8901000023
-10623158.6449,3452459.1840000004
-10623158.2463,3452406.5380999967
-10623157.7942,3452388.8337000012
-10623157.5244,3452335.959399998
-10623157.1485,3452300.211099997
-10623156.9174,3452282.7594000027
-10623156.6058,3452239.248499997
-10623156.2199,3452195.096000001
-10623155.9998,3452177.4597000033
-10623155.9377,3452159.9376000017
-10623155.5902,3452124.788999997
-10625470.9094,3490508.8549000025
-10625471.1765,3490537.1027999967
-10625471.4426,3490565.3501999974
-10625471.7096,3490593.597599998
-10625473.5766,3490791.3346000016
-10625473.8428,3490819.5835999995
-10625474.1092,3490847.8315000013
-10625474.3765,3490876.0801
-10625474.6429,3490904.329099998
-10625474.9093,3490932.5776000023
-10625475.1762,3490960.826399997
-10625475.4427,3490989.0758000016
-10625475.7097,3491017.325099997
-10625475.9764,3491045.574699998
-10625477.3095,3491186.8214000016
-10625477.576,3491215.070799999
-10625477.8427,3491243.319600001
-10625478.6429,3491328.0683000013
-10625478.9089,3491356.3175000027
-10625479.4426,3491412.8161000013
-10625479.9757,3491469.3159999996
-10625480.5093,3491525.8158000037
-10625481.3104,3491610.650899999
-10625481.5766,3491638.9011999965
-10625481.8282,3491667.1213999987
-10625482.5513,3491742.1220000014
-10625482.8716,3491777.403300002
-10625483.1871,3491809.4777999967
-10625483.7462,3491867.304399997
-10625484.0062,3491896.2317999974
-10625484.8245,3491982.9438999966
-10625422.2015,3492014.474200003
-10625422.2651,3491979.719999999
-10625421.6194,3491951.0134000033
-10625421.53,3491922.8184999973
-10625421.2446,3491894.097099997
-10625420.6856,3491865.2837999985
-10625420.3742,3491836.712700002
-10625419.858,3491776.018299997
-10625419.2836,3491741.0046999976
-10625418.2378,3491637.9628000036
-10625417.8849,3491610.074199997
-10625416.5516,3491496.8586999997
-10625416.0731,3491440.044200003
-10625415.667,3491411.7773
-10625414.6661,3491326.7634000033
-10625414.0055,3491270.184299998
-10625413.5111,3491242.154299997
-10625413.2949,3491214.0736000016
-10625412.9746,3491185.718199998
-10625412.7498,3491157.1023999974
-10625411.1038,3491016.623499997
-10625410.0221,3490931.1481000036
-10625409.7756,3490902.654100001
-10625409.6321,3490874.2870000005
-10625409.2764,3490845.8017000034
-10625408.9567,3490817.2567000017
-10625407.7192,3490705.048600003
-10625407.3308,3490676.755599998
-10625406.6373,3490620.258100003
-10625406.0489,3490564.505400002
-10625405.6524,3490536.5041999966
-10625405.2886,3490508.5380000025
-10625476.7764,3491130.321999997
-10625477.043,3491158.5710999966
-10601198.2893,3482716.686800003
-10601183.9175,3482732.5591999963
-10601116.3609,3482765.7123000026
-10601051.6229,3482781.9965000004
-10601005.277,3482788.741899997
-10600977.5477,3482790.6159000024
-10600958.6495,3482791.314199999
-10600932.7597,3482790.985600002
-10601068.0826,3482716.949000001
-10601049.5911,3482721.1679999977
-10600969.3081,3482725.953400001
-10600933.8817,3482714.6894999966
-10600933.4935,3482682.082699999
-10600968.6005,3482681.4192999974
-10601106.025,3482674.1621999964
-10601021.7594,3482680.714599997
-10600879.202,3482778.3686999977
-10600878.9287,3482760.7239999995
-10600878.6497,3482743.0820999965
-10600878.4186,3482725.440399997
-10600877.7063,3482680.4434999973
-10600851.0973,3482692.5759999976
-10600759.714,3482699.3950999975
-10600741.4585,3482699.597099997
-10600682.6234,3482700.2057000026
-10600833.0287,3482694.527999997
-10601067.6643,3482619.326200001
-10601041.3338,3482619.7634000033
-10601006.2265,3482620.3462999985
-10600962.3422,3482621.0747999996
-10600865.7969,3482622.677000001
-10600821.7497,3482626.4558999985
-10600786.9366,3482630.1225999966
-10600760.617,3482630.5983000025
-10600725.5096,3482631.180399999
-10645907.1181,3513601.071999997
-10645894.9985,3513531.875699997
-10646252.5557,3513974.0705000013
-10646203.3865,3513974.593199998
-10646300.2913,3513891.6411999986
-10646351.7234,3513890.9755999967
-10646407.0517,3513890.1919
-10646348.7087,3513788.4826999977
-10646152.2337,3513791.048799999
-10646007.507,3513770.914499998
-10646346.8902,3513706.543899998
-10646101.6388,3513605.6353999972
-10646243.2437,3513524.4099999964
-10599766.815,3484854.496100001
-10599765.8617,3484874.828900002
-10599766.7978,3484905.3140999973
-10599813.275,3484921.8972000033
-10599833.442,3484920.3664000034
-10599867.8041,3484919.7577000037
-10599885.4472,3484919.248800002
-10599902.8025,3484919.0349999964
-10599920.3298,3484918.5543000028
-10599964.9081,3484917.2436000034
-10599974.7114,3484952.1665999964
-10599956.0297,3484952.810999997
-10599885.836,3484954.7902000025
-10599868.2778,3484955.3257
-10599850.9133,3484955.8225999996
-10599833.6338,3484956.1120999977
-10599789.8699,3484955.524599999
-10599765.4767,3484991.530500002
-10599767.5236,3485013.4386000037
-10599767.7958,3485040.160599999
-10599768.3048,3485087.498300001
-10599817.945,3485105.4833000004
-10599836.8316,3485103.784400001
-10599854.3508,3485103.484700002
-10599889.347,3485102.476400003
-10599907.1425,3485101.9038999975
-10599924.7347,3485101.9202999994
-10599959.6602,3485101.1181999967
-10599978.2912,3485100.917000003
-10599941.3007,3485137.0547999963
-10599922.9479,3485137.5560000017
-10599904.7999,3485137.9329999983
-10599869.3756,3485138.6598000005
-10599851.3964,3485139.4192999974
-10599832.8548,3485140.1428000033
-10599814.42,3485140.531800002
-10600031.7519,3484859.4274000004
-10600049.3092,3484859.1736999974
-10600066.8664,3484858.9199
-10600084.4237,3484858.666100003
-10600101.9809,3484858.412299998
-10600119.5381,3484858.158500001
-10600190.5568,3484855.8276000023
-10600215.2368,3484912.4580999985
-10600121.7228,3484914.3303999975
-10600104.4108,3484914.465800002
-10600086.9652,3484914.6591000035
-10600069.4527,3484914.906800002
-10600051.7438,3484915.280100003
-10600033.7622,3484915.6252999976
-10600015.9129,3484951.244400002
-10600034.7264,3484950.7826000005
-10600070.2547,3484950.052000001
-10600087.6454,3484949.7522
-10600105.0228,3484949.4448999986
-10600122.4076,3484949.269100003
-10600157.6171,3484948.8268000036
-10600192.9628,3484946.627700001
-10600216.3393,3484950.0380000025
-10600194.4402,3485006.3888000026
-10600176.2649,3485004.5846000016
-10600158.7591,3485004.6965000033
-10600141.4741,3485004.9069000036
-10600124.0594,3485005.141400002
-10600106.3517,3485005.4042000026
-10600088.7788,3485005.8162999973
-10600071.3325,3485006.1785999984
-10600053.9224,3485006.594300002
-10600036.388,3485006.9756999984
-10600017.5998,3485007.5898
-10600018.3316,3485043.0380999967
-10600037.1087,3485042.4716000035
-10600089.6761,3485041.1374000013
-10600107.2758,3485040.6711999997
-10600124.9238,3485040.3313999996
-10600142.4582,3485040.0239999965
-10600159.7815,3485039.7400999963
-10600218.4041,3485041.0107999966
-10600219.4953,3485093.3121000007
-10600178.022,3485095.5106000006
-10600160.4102,3485095.9245999977
-10600107.8724,3485097.446800001
-10600090.3239,3485097.8720000014
-10600072.7214,3485098.3337000012
-10600055.1825,3485098.8681000024
-10600018.8927,3485099.7518000007
-10600028.6642,3485134.977499999
-10600056.0803,3485134.4223999977
-10600143.7035,3485132.1296000034
-10600161.5096,3485131.5676999986
-10600197.4568,3485130.372299999
-10600219.1574,3485129.9531000033
-10599818.4543,3484863.1467999965
-10599859.2311,3484863.067599997
-10599913.9124,3484862.2727999985
-10599932.3576,3484861.764799997
-10599951.1587,3484861.4324999973
-10599878.1355,3484862.6576000005
-10599896.1525,3484862.266400002
-10600220.3565,3485187.486299999
-10600198.5824,3485188.2344999984
-10600162.6605,3485189.1831
-10600057.1376,3485191.0956000015
-10600039.4845,3485191.4393000007
-10600058.2574,3485226.5494000018
-10600076.1006,3485226.117399998
-10600093.6544,3485225.8464
-10600111.2002,3485225.5735
-10600128.7496,3485225.329599999
-10600146.4387,3485225.180200003
-10600212.3183,3485277.1110000014
-10600172.6176,3485280.3325000033
-10600147.7375,3485281.5650999993
-10600112.4133,3485281.956600003
-10600077.2592,3485282.7607999966
-10600040.6859,3485283.3972999975
-10600021.0255,3485283.559799999
-10600127.4974,3485190.1203999966
-10599842.9671,3485011.8527999967
-10599869.4867,3485011.2590000033
-10599887.1266,3485010.8862999976
-10599904.883,3485010.552699998
-10599922.5268,3485010.1460999995
-10599957.8988,3485009.2304000035
-10599976.5687,3485008.590999998
-10599958.8673,3485044.6815000027
-10599941.0391,3485045.115500003
-10599923.6525,3485045.333499998
-10599906.0247,3485045.7502999976
-10599852.642,3485046.8391999975
-10599834.9061,3485047.211000003
-10599816.8437,3485047.195600003
-10599854.9893,3485194.7673000023
-10599908.4768,3485194.163400002
-10599925.9047,3485193.364699997
-10599943.6005,3485193.165100001
-10599980.362,3485192.3264999986
-10599981.3814,3485227.9058
-10599962.5225,3485228.295000002
-10599944.5342,3485228.587200001
-10599926.9779,3485228.9826999977
-10599909.8008,3485229.3659000024
-10599891.9362,3485229.520199999
-10599873.5838,3485229.766400002
-10599855.892,3485229.8893000036
-10599768.8237,3485188.9783999994
-10599768.8538,3485207.387000002
-10599768.0984,3485238.693099998
-10599769.604,3485278.2324
-10599819.2167,3485288.4351999983
-10599839.826,3485286.855700001
-10599876.3373,3485286.5244999975
-10599893.6855,3485285.837899998
-10599928.1908,3485285.645800002
-10599983.3602,3485284.8271000013
-10599858.0166,3485286.2643000036
-10616267.2069,3492531.9023
-10616193.8446,3492624.3325999975
-10666726.4186,3477457.769100003
-10583408.9693,3486531.1711999997
-10583430.0386,3486530.7466999963
-10662635.9729,3508267.374300003
-10662634.9739,3508210.8093999997
-10662634.2247,3508168.3858999982
-10662633.2258,3508111.8215000033
-10662632.7262,3508083.539300002
-10662632.2267,3508055.257299997
-10662633.6591,3507977.8901000023
-10662635.9485,3507938.751500003
-10662709.1925,3507963.742200002
-10662709.6922,3507992.024099998
-10662708.4912,3508068.476800002
-10662711.7838,3508110.4197999984
-10662712.7831,3508166.9842000008
-10662714.7819,3508280.1137999967
-10662772.2339,3508279.088399999
-10662771.7341,3508250.8059
-10662770.7346,3508194.2410999984
-10662767.143,3507990.9987000003
-10662766.6433,3507962.716799997
-10595164.8244,3486127.4169000015
-10595161.0567,3486038.0908999965
-10595183.4595,3485984.715099998
-10595198.9365,3485952.3663000017
-10595220.3183,3485929.549999997
-10595253.3112,3485925.001199998
-10595313.5124,3485925.972000003
-10595355.6573,3485925.7676
-10595397.8023,3485925.563000001
-10595425.8989,3485925.4265
-10595594.4776,3485924.6064999998
-10595651.8551,3485923.7831000015
-10595720.6331,3485963.7148
-10595653.1569,3486005.7795
-10595538.9193,3486003.2309999987
-10595511.0106,3486003.4187999964
-10595455.0143,3486003.690700002
-10595314.3488,3486004.2902000025
-10595284.9795,3486003.2013000026
-10595248.8103,3486009.498499997
-10585665.3879,3508031.7436999977
-10585779.7185,3508030.6231999993
-10585859.7032,3508029.3412000015
-10585894.0295,3508028.7227
-10585629.1905,3508104.159000002
-10585630.0271,3508153.597900003
-10585701.441,3508160.533699997
-10585700.5307,3508117.458800003
-10585699.924,3508092.8101999983
-10585753.3098,3508151.4461999983
-10585826.3767,3508134.8840000033
-10585826.112,3508113.033200003
-10585825.4795,3508089.944600001
-10585876.7424,3508089.233099997
-10585876.6042,3508139.5095999986
-10585876.6805,3508165.5578999966
-10585950.9816,3508088.2431000024
-10585949.2845,3508146.693099998
-10585948.5935,3508181.7905
-10585949.0792,3508211.973200001
-10595224.776,3486066.4416999966
-10595284.3226,3486058.9148999974
-10595313.5637,3486059.6903000027
-10595343.2208,3486059.8269999996
-10595371.3104,3486059.714900002
-10595399.3708,3486059.5900000036
-10595469.1343,3486059.298600003
-10595510.951,3486059.1281000003
-10595538.7683,3486059.034699999
-10595622.5724,3486058.7065000013
-10595654.7085,3486058.5714000016
-10595626.9941,3486137.9690999985
-10595539.331,3486138.3572999984
-10595511.7295,3486138.427199997
-10595318.114,3486136.538900003
-10595292.5534,3486137.229199998
-10595197.4,3486167.9985999987
-10595227.9836,3486208.9020000026
-10595399.8157,3486138.4333000034
-10595720.6674,3486137.9816000015
-10586007.6639,3508027.3281999975
-10586109.3162,3508026.1536
-10586209.8564,3508024.7842999995
-10585945.1803,3508249.0314000025
-10585945.1792,3508280.0907000005
-10585944.6144,3508301.132799998
-10585943.135,3508326.840999998
-10585941.01,3508370.9573
-10585993.8747,3508305.5156999975
-10585998.4245,3508168.961000003
-10585999.0339,3508143.5103999972
-10586000.0414,3508117.6807999983
-10586070.1319,3508099.0781000033
-10586068.8267,3508145.3106999993
-10586066.1378,3508214.946800001
-10586060.4934,3508350.7471999973
-10586059.3359,3508388.057599999
-10586109.937,3508353.335500002
-10586113.9642,3508230.3232999966
-10586117.2436,3508183.4324999973
-10586118.0382,3508119.3724000007
-10586119.4244,3508086.353699997
-10586208.7035,3508137.280199997
-10586206.2064,3508192.912799999
-10586204.5417,3508230.0014000013
-10586146.5682,3508438.1212000027
-10586107.8713,3508438.5813999996
-10585821.2445,3508442.6248999983
-10585965.2911,3508440.275799997
-10585867.5021,3508380.914999999
-10595289.6078,3486288.462399997
-10595317.5169,3486325.4727
-10595399.622,3486195.2721000016
-10595596.2373,3486194.878200002
-10595721.6994,3486192.5121000037
-10595722.0014,3486220.4771
-10595722.8727,3486250.3315000013
-10595723.4407,3486279.5693000033
-10595724.0862,3486307.842600003
-10595656.1839,3486272.317400001
-10595610.5255,3486272.358599998
-10595484.087,3486272.472000003
-10595427.892,3486272.522
-10595399.7946,3486272.5468999967
-10595512.3861,3486195.2744999975
-10595455.9895,3486272.4970000014
-10595456.039,3486328.9771
-10595568.4294,3486328.8765999973
-10595596.527,3486328.851300001
-10595654.715,3486325.6110000014
-10595653.4389,3486413.559600003
-10595626.271,3486409.970700003
-10595577.1005,3486409.7290999964
-10595357.387,3486383.8288000003
-10595301.0875,3486404.7353999987
-10595282.8689,3486386.1204999983
-10595191.8823,3486266.785700001
-10595173.4968,3486206.8713999987
-10595060.8123,3486096.857900001
-10595046.0423,3486074.513899997
-10595032.7145,3486053.2766999975
-10595016.7312,3486033.1745999977
-10595075.497,3486019.1501
-10595108.3422,3485985.3559999987
-10595125.6269,3485941.0709000006
-10595109.4838,3485917.0644999966
-10594998.3295,3485939.7688999996
-10594987.9247,3485996.8165000007
-10622766.144,3452613.527099997
-10622766.34,3452627.2577000037
-10622766.5363,3452640.988300003
-10622766.7325,3452654.7189000025
-10622766.9287,3452668.449500002
-10622767.4192,3452702.7760000005
-10622767.7136,3452723.3720000014
-10622768.5564,3452778.2951000035
-10622768.7293,3452792.026100002
-10622768.9024,3452805.7572000027
-10622836.649,3452791.043399997
-10622836.0611,3452749.8521
-10622835.8648,3452736.1215000004
-10622835.6686,3452722.3907999992
-10622835.4723,3452708.660099998
-10622835.0797,3452681.1988999993
-10622834.4909,3452640.007100001
-10622833.9851,3452604.624499999
-10622876.1169,3452610.8827000037
-10622876.5247,3452639.3999999985
-10622877.31,3452694.322300002
-10622878.2915,3452762.9758
-10622878.4879,3452776.7065000013
-10622878.6841,3452790.4372000024
-10622941.9961,3452803.1621999964
-10622941.5392,3452775.795599997
-10622941.1465,3452748.3342000023
-10622940.7535,3452720.8728
-10622940.3609,3452693.4114999995
-10622940.1643,3452679.6809
-10622939.7718,3452652.2195999995
-10622939.5753,3452638.4891000018
-10622939.3788,3452624.7585999966
-10622938.9711,3452596.2412
-10622981.0045,3452595.6338
-10622981.2162,3452610.420599997
-10622981.6091,3452637.8816
-10622981.9037,3452658.477499999
-10622982.3948,3452692.8039999977
-10622982.5912,3452706.534699999
-10622982.7877,3452720.265299998
-10622982.9841,3452733.9959999993
-10622983.1805,3452747.7267000005
-10622983.377,3452761.4575000033
-10622983.5733,3452775.188199997
-10623047.0177,3452801.7380999997
-10623046.6246,3452774.2766999975
-10623046.4281,3452760.5459999964
-10623046.2318,3452746.8153000027
-10623046.0352,3452733.0846000016
-10623045.8387,3452719.354000002
-10623045.6421,3452705.6234000027
-10623045.151,3452671.2967000008
-10623044.8562,3452650.7009000033
-10623044.6597,3452636.9702999964
-10623044.2667,3452609.5090999976
-10623044.055,3452594.722400002
-10623086.0886,3452594.1146000028
-10623086.3003,3452608.9014
-10623086.4969,3452622.6318999976
-10623086.6935,3452636.362499997
-10623086.89,3452650.0930999964
-10623087.0865,3452663.8236000016
-10623087.2831,3452677.554200001
-10623087.4796,3452691.284900002
-10623087.8728,3452718.746100001
-10623088.0693,3452732.476800002
-10623088.2658,3452746.2075000033
-10623088.4623,3452759.938199997
-10623162.1636,3452793.206100002
-10623161.4753,3452745.148599997
-10623161.2787,3452731.4179000035
-10623161.0821,3452717.6872000024
-10623159.2974,3452593.0556000024
-10570461.6321,3469093.609700002
-10570431.8595,3469083.6067999974
-10570401.9488,3469073.5451999977
-10599923.0455,3489999.9359000027
-10599859.967,3490002.3013999984
-10599816.4967,3489955.2512999997
-10599818.0233,3489933.4526000023
-10599818.0264,3489912.0666000023
-10599819.2539,3489749.3576000035
-10599819.5124,3489706.3757999986
-10599915.4663,3489930.578900002
-10599915.0827,3489746.9701000005
-10599915.0311,3489722.253700003
-10599915.0669,3489705.592500001
-10599878.1771,3489705.4496000037
-10600027.6745,3490048.9174999967
-10600356.0377,3490014.9949999973
-10600058.907,3489940.0022
-10600058.493,3489902.6350999996
-10600562.4507,3489782.064000003
-10600008.1081,3489949.3000999987
-10599971.5799,3489949.266400002
-10599971.7015,3489782.463299997
-10599971.5866,3489760.5901999995
-10599963.9758,3489712.969899997
-10600340.6706,3489682.6586000025
-10600358.2862,3489676.036899999
-10600420.5534,3489645.1565999985
-10600432.8736,3489571.402599998
-10599964.993,3489655.4685999975
-10618293.682,3491968.4312999994
-10618339.8104,3494084.8889999986
-10618259.2187,3494085.958999999
-10618364.924,3494021.0886999965
-10618184.2416,3493974.230800003
-10618309.7285,3493904.3813999966
-10618187.3899,3493905.1385999992
-10618349.8032,3493854.628399998
-10618309.3567,3493854.9349000007
-10618254.8876,3493855.3466000035
-10618195.8757,3494023.3928000033
-10618292.0093,3494022.057599999
-10618213.6047,3493973.5535999984
-10577760.9151,3483563.0210999995
-10577764.3619,3483760.8047999963
-10577765.1279,3483797.854800001
-10577765.8939,3483834.9048999995
-10577767.5759,3483914.5643000007
-10577863.2405,3483899.9284000024
-10577862.7861,3483850.5195000023
-10577860.855,3483640.533699997
-10577860.1354,3483554.1745999977
-10577859.9102,3483529.6784999967
-10577912.5068,3483529.3581999987
-10577913.5296,3483640.525399998
-10577914.0978,3483702.2853000015
-10577915.9161,3483899.9191000015
-10577991.9194,3483898.721699998
-10577991.3476,3483861.6679999977
-10577989.7277,3483756.6832000017
-10577988.1077,3483651.6991000026
-10577987.7266,3483626.997100003
-10577986.9643,3483577.593199998
-10578038.8674,3483527.3686000034
-10578039.2486,3483552.0703999996
-10578039.8204,3483589.1231999993
-10578040.5829,3483638.527099997
-10578042.3939,3483755.8621999994
-10578043.4424,3483823.7934999987
-10578044.5862,3483897.900700003
-10578116.3933,3483884.5248000026
-10578115.5383,3483835.1928000003
-10578115.3708,3483798.483599998
-10578114.7412,3483749.0141000003
-10578112.9632,3483625.5216000006
-10578112.514,3483600.1991000026
-10578111.9192,3483549.4125000015
-10578167.0549,3483525.2949
-10578169.4817,3483675.0776000023
-10578170.7331,3483749.3533999994
-10578171.619,3483811.0216000006
-10578172.6137,3483890.8035999984
-10578244.9428,3483882.4076000005
-10578242.9407,3483752.7202999964
-10578242.3687,3483715.667000003
-10578241.1293,3483635.385300003
-10578240.462,3483592.156800002
-10578239.89,3483555.104000002
-10578239.2226,3483511.8759000003
-10578291.6972,3483498.7035000026
-10578292.8415,3483572.8090000004
-10578293.7951,3483634.5637999997
-10578294.3673,3483671.616899997
-10578295.5116,3483745.7233000025
-10578296.2745,3483795.1278000027
-10578296.656,3483819.8301
-10578368.2501,3483785.572999999
-10578367.6287,3483734.5749000013
-10578367.6159,3483710.262500003
-10578367.1765,3483686.1526999995
-10578366.236,3483636.668700002
-10578366.0274,3483611.660099998
-10578365.6252,3483586.538800001
-10578365.5666,3483561.7419999987
-10578364.6517,3483504.955499999
-10578424.3202,3483537.714400001
-10578425.3699,3483611.7471999973
-10578425.2927,3483636.2546999976
-10578426.8347,3483710.3444000036
-10578426.8714,3483741.679700002
-10578429.4224,3483892.035700001
-10578335.9063,3483949.109099999
-10578306.2622,3483949.4434999973
-10578276.7301,3483949.5737000033
-10578220.9524,3483949.8576999977
-10578193.5621,3483950.032399997
-10578166.5874,3483950.4966999963
-10578109.0549,3483951.0622999966
-10578025.4504,3483952.327799998
-10578391.7306,3480527.1363999993
-10677785.5477,3511675.9915999994
-10582559.1969,3498117.237400003
-10582555.2569,3497897.1300000027
-10582894.7997,3497169.8803000003
-10583395.2642,3497388.489699997
-10583257.6221,3497394.1646
-10583662.3322,3497587.2524999976
-10583373.4377,3497811.6938999966
-10583269.599,3498007.5779
-10583680.1221,3497934.844899997
-10583416.4336,3498188.9431999996
-10582887.25,3498206.343999997
-10583786.996,3497599.9601000026
-10583954.6678,3497660.9547000006
-10582878.575,3497586.5727000013
-10582743.5567,3497874.5891999975
-10583681.3761,3497987.4130999967
-10583649.8923,3498270.637699999
-10583557.9447,3497735.9318000004
-10583300.1765,3497164.9136999995
-10582549.3433,3497228.2446999997
-10583885.1697,3497660.500699997
-10583847.1333,3497668.235299997
-10583787.5833,3497645.1582999974
-10583780.7474,3497883.722199999
-10583060.2855,3498244.9668999985
-10584033.993,3497659.639700003
-10583419.5776,3498298.7993
-10583508.8733,3498046.3281000033
-10583496.0155,3497736.6045999974
-10583330.3521,3498042.0275000036
-10631619.7846,3496848.6318000033
-10631592.1806,3496849.1603000015
-10631525.9265,3496849.8489999995
-10631492.7992,3496850.1931999996
-10631459.6719,3496850.537299998
-10631360.2898,3496851.5691
-10631294.0351,3496852.2566
-10631238.8061,3496944.1599999964
-10631320.149,3496943.552500002
-10631320.5569,3496988.277400002
-10631382.9292,3496988.3464
-10631382.9367,3496943.2529999986
-10631465.936,3496987.8867999986
-10631527.3244,3496941.138700001
-10631607.0633,3497151.598099999
-10631466.6304,3497083.391099997
-10631466.754,3497130.908500001
-10631383.6066,3497035.897699997
-10631321.4694,3497084.7456
-10631321.8044,3497132.4076000005
-10631323.3279,3497275.0749000013
-10631321.0564,3497341.6567
-10631241.4826,3497272.663800001
-10631241.0939,3497132.624499999
-10631239.8927,3497035.7546000034
-10631522.7976,3497161.397399999
-10631522.6856,3497186.194600001
-10618583.8881,3493492.144299999
-10618507.7516,3493491.9120000005
-10618436.3389,3493491.6674000025
-10618435.8684,3493437.8341000006
-10618507.2924,3493438.0522999987
-10618583.4203,3493438.284199998
-10618506.9385,3493396.5539000034
-10618505.9566,3493280.0200000033
-10618434.4523,3493271.6098999977
-10618565.3983,3493162.5473999977
-10618528.1397,3493164.0297000036
-10618433.8923,3493168.401900001
-10618434.1396,3493081.750699997
-10618583.454,3493081.8367
-10618591.4175,3493344.228100002
-10636389.1143,3492000.729500003
-10636461.0433,3491999.6812999994
-10636460.5115,3491966.063500002
-10636460.5047,3491928.1050999984
-10636460.4164,3491890.550800003
-10636388.0339,3491819.1133999974
-10636460.3814,3491817.501500003
-10636387.9234,3491783.4284999967
-10636460.1827,3491781.5653000027
-10636387.8267,3491747.181400001
-10636460.3057,3491745.5600999966
-10636387.4477,3491710.8792999983
-10636460.1582,3491709.170500003
-10636459.7818,3491672.521499999
-10636459.5264,3491635.710000001
-10636386.7214,3491600.093699999
-10636459.3509,3491598.9367000014
-10636459.0941,3491562.4952000007
-10636458.8248,3491492.148599997
-10636385.8014,3491457.2657999992
-10636458.6678,3491456.8539000005
-10636385.6031,3491421.8184999973
-10636458.5117,3491421.2129999995
-10636385.8144,3491385.8972000033
-10636589.2056,3491338.3499
-10636552.7659,3491344.188500002
-10636518.2314,3491342.2892000005
-10636483.8661,3491342.194600001
-10636448.2405,3491271.3435999975
-10636391.4913,3491343.137000002
-10635441.4539,3491348.3703000024
-10635481.3811,3491348.130400002
-10635518.7809,3491278.085000001
-10635561.2353,3491347.6499999985
-10635558.6927,3491277.8603999987
-10635598.6045,3491277.6357000023
-10635641.0899,3491347.1692999974
-10635678.4281,3491277.1859000027
-10635718.3401,3491276.9607999995
-10635797.8587,3491276.1873999983
-10635955.5652,3491344.9355999976
-10636035.0646,3491344.5165000036
-10636074.1861,3491273.581699997
-10636113.6436,3491273.2432999983
-10636153.1279,3491272.962399997
-10636193.3982,3491343.9888999984
-10636192.6925,3491272.7082
-10636232.0805,3491272.586599998
-10636272.4101,3491343.598700002
-10636271.372,3491272.492899999
-10635955.5652,3491344.9355999976
-10635720.9303,3491346.688199997
-10635370.3056,3491278.919500001
-10588852.6241,3519978.899599999
-10588851.3352,3519920.1357000023
-10588847.7928,3519556.487800002
-10589420.6257,3519567.605300002
-10589179.0517,3519714.173600003
-10589145.4053,3520159.5067000017
-10589395.6729,3520160.3193000033
-10589550.9635,3520220.0687000006
-10589081.8981,3520476.898500003
-10589024.904,3520338.8000999987
-10589218.0984,3519570.777999997
-10589255.4572,3519713.4146
-10585817.1415,3521701.4324999973
-10585756.8983,3521701.936800003
-10585696.6696,3521702.3017999977
-10585789.1226,3521785.3945999965
-10585800.8823,3522067.2311000004
-10585553.4565,3521899.4403000027
-10585394.6762,3521702.4274000004
-10585273.5557,3521703.3592000008
-10585313.5951,3521957.275899999
-10585165.1296,3521539.7229999974
-10585229.8327,3521539.977499999
-10585510.3767,3521519.391900003
-10585837.557,3521536.5820999965
-10585975.7028,3521535.1378000006
-10586111.2631,3521534.791100003
-10586177.131,3521533.8583000004
-10585558.5096,3522068.265900001
-10585485.4704,3521572.557599999
-10587597.0616,3517006.8757999986
-10586602.9651,3517119.1516999975
-10586374.6229,3516874.9811000004
-10585972.9585,3516845.4365999997
-10585854.7517,3516954.320100002
-10585677.3913,3517012.2687000036
-10586115.1376,3516661.487800002
-10586329.8895,3516742.1922999993
-10586489.7999,3516657.3787999973
-10587490.6692,3516646.1186999977
-10586329.3664,3516690.5392000005
-10585673.724,3516920.2141000032
-10585971.5764,3517303.098700002
-10586375.8449,3517400.3599999994
-10586808.2409,3517147.929700002
-10588487.1775,3478957.2969999984
-10588429.6189,3478953.6701000035
-10588404.8855,3478952.844499998
-10588388.3965,3478952.2941000015
-10588342.6072,3478948.780500002
-10588435.4495,3479002.7251999974
-10588385.9536,3479001.094999999
-10588369.4933,3479000.523500003
-10588344.7597,3478999.697800003
-10588483.6351,3479043.163400002
-10588450.6569,3479042.0627000034
-10588409.4342,3479040.686800003
-10588368.2115,3479039.3106999993
-10588335.2333,3479038.2097000033
-10588481.8177,3479091.783399999
-10588448.9488,3479090.6108999997
-10588432.5482,3479090.077399999
-10588383.3565,3479088.4504999965
-10588350.33,3479087.4365999997
-10588333.5977,3479086.840099998
-10588480.4225,3479131.211099997
-10588463.9176,3479130.641099997
-10588447.4603,3479130.0599000007
-10588414.557,3479128.9979000017
-10588398.1225,3479128.4645000026
-10588381.8864,3479127.887599997
-10588332.0934,3479126.008299999
-10588470.1766,3479173.425499998
-10588395.8611,3479182.6963
-10588379.3708,3479182.8210000023
-10588358.6573,3479182.713799998
-10588332.637,3479183.5764999986
-10588348.6753,3479126.6259000003
-10588299.6663,3479182.6074
-10588298.0584,3479137.046400003
-10588299.3716,3479100.9452000037
-10588454.2942,3478956.2586999983
-10588418.9604,3479002.174800001
-10588402.444,3479001.601499997
-10580475.2001,3490728.435800001
-10580152.9921,3490761.4460000023
-10580038.6228,3491087.0727000013
-10580268.6877,3491103.4245000035
-10575527.7305,3496393.645300001
-10575555.6679,3496541.208499998
-10575514.4396,3496721.4091000035
-10575431.4081,3496562.4069000036
-10575420.7085,3497035.921599999
-10575433.597,3496958.5569999963
-10575417.4038,3496865.9606000036
-10575385.0327,3496680.8532999977
-10575352.6674,3496495.7764
-10575301.1496,3496504.3960999995
-10575382.0775,3496967.177500002
-10569255.3758,3473198.035700001
-10587371.4004,3478757.4569000006
-10587369.973,3478785.5639000013
-10587366.4785,3478859.0612000003
-10587365.4688,3478886.3254999965
-10587364.5776,3478913.079400003
-10587446.5817,3478921.0578999966
-10587362.8565,3478975.5764999986
-10587362.0041,3479002.478
-10587361.4843,3479020.5134000033
-10587360.8111,3479038.5491999984
-10587360.1734,3479056.586199999
-10587359.4391,3479074.612999998
-10587357.1477,3479129.357900001
-10587354.6425,3479166.2392000034
-10587347.0531,3479187.1780999973
-10587360.4323,3479215.9121999964
-10587444.6078,3479186.105700001
-10587438.3388,3479164.703900002
-10587439.0606,3479146.733599998
-10587440.4855,3479102.1881000027
-10587442.0613,3479041.6744000018
-10587443.3983,3479023.771899998
-10587444.936,3478970.099100001
-10587445.4352,3478953.1168000028
-10587447.7637,3478886.7043000013
-10587448.647,3478863.599100001
-10587449.1682,3478842.4604
-10629417.8704,3514131.942599997
-10629417.7074,3514058.718199998
-10629417.6255,3514021.929200001
-10629417.4618,3513948.351400003
-10629417.3791,3513911.5626000017
-10629417.3382,3513873.918200001
-10629345.5181,3513887.625
-10629309.3722,3513887.4016999975
-10629274.1776,3513887.1841999963
-10629238.9833,3513886.966300003
-10629143.7224,3513888.029600002
-10629128.7968,3513972.7366999984
-10629128.6224,3514008.1105000004
-10629128.4481,3514043.484700002
-10629124.2073,3514081.3796999976
-10629139.4988,3514131.4574000016
-10629198.228,3514141.6545
-10629237.4349,3514142.4760999978
-10629272.6179,3514145.2136999965
-10629343.8221,3514150.7501000017
-10629345.0113,3514054.8828999996
-10629273.6766,3514049.598700002
-10629238.4804,3514047.0407000035
-10629238.9347,3513974.896300003
-10629274.1283,3513976.3159999996
-10629309.3225,3513977.7356999964
-10629345.4125,3513979.134800002
-10636584.5947,3492052.225400001
-10636585.1078,3492126.5703999996
-10636585.4009,3492163.8544000015
-10636585.8216,3492238.1548999995
-10636585.9706,3492275.5088
-10636586.5394,3492350.2578999996
-10636586.8046,3492387.6213999987
-10636587.0437,3492425.0068000033
-10636587.2936,3492462.211199999
-10636587.6267,3492498.9218000025
-10636588.113,3492572.2578999996
-10636588.4281,3492608.8445999995
-10636585.2188,3492656.1450999975
-10636521.9017,3492666.064000003
-10636460.8111,3492666.6426
-10636402.9241,3492667.4582
-10636349.1651,3492667.7907000035
-10636512.818,3492053.034900002
-10636513.0895,3492090.2529999986
-10636513.405,3492127.4987000003
-10636513.9274,3492313.080799997
-10636514.1219,3492350.3709999993
-10636514.3736,3492387.714299999
-10636515.1765,3492499.5156999975
-10636515.403,3492536.2052000016
-10636515.763,3492572.9918000028
-10636516.0385,3492609.579599999
-10636464.936,3492610.2448000014
-10636464.3925,3492536.9104999974
-10636463.7793,3492462.5293999985
-10636463.6774,3492425.1630000025
-10636463.2212,3492387.8056000024
-10636463.2004,3492350.5830999985
-10636462.853,3492276.4976999983
-10636462.9583,3492239.6000000015
-10636462.8274,3492202.7629000023
-10636394.4232,3492091.943099998
-10636394.6336,3492129.2387000024
-10636394.6303,3492166.4262999967
-10636394.6637,3492203.5711999983
-10636394.7321,3492277.4047000036
-10636394.744,3492314.6668
-10636394.747,3492351.2732999995
-10636394.8682,3492388.3197000027
-10636394.9565,3492425.552699998
-10636395.1775,3492462.4623000026
-10636395.4166,3492499.9558999985
-10636345.6865,3492612.041699998
-10636344.9071,3492575.1783000007
-10636344.4443,3492538.121799998
-10636344.2286,3492500.2414000034
-10636344.1223,3492462.8342999965
-10636343.9283,3492425.9146
-10636343.9271,3492388.7738000005
-10636343.8498,3492315.2463999987
-10636343.8327,3492278.1482999995
-10636343.7375,3492241.149899997
-10636343.7523,3492204.1526999995
-10636343.5731,3492092.7426000014
-10636343.4613,3492055.2722000033
-10636280.7634,3492056.4055999964
-10636280.8739,3492131.8077000007
-10636280.9412,3492170.152099997
-10636281.0009,3492246.098899998
-10636281.0315,3492284.116899997
-10636281.0975,3492360.2287999988
-10636281.2399,3492435.8489999995
-10636243.1677,3492474.753899999
-10636242.8522,3492398.392499998
-10636242.7212,3492360.8205000013
-10636242.5201,3492246.6972000003
-10636242.5191,3492209.159400001
-10636284.029,3492536.105700001
-10636247.1332,3492536.343000002
-10636210.4155,3492536.655299999
-10636139.0309,3492537.037600003
-10636103.6224,3492537.2654
-10636032.8053,3492537.7202999964
-10635997.3968,3492537.9477000013
-10635961.9884,3492538.1750999987
-10635926.9293,3492529.8972000033
-10635930.9029,3492478.7773
-10635930.6092,3492441.590400003
-10635930.3861,3492404.275700003
-10635929.9391,3492329.6459000036
-10635929.4927,3492255.0165000036
-10635928.4226,3492218.384499997
-10635928.323,3492174.333499998
-10635970.2486,3492170.392099999
-10636048.8011,3492169.9165999964
-10636088.0772,3492169.6785999984
-10636079.3752,3492131.4131999984
-10636185.4998,3492057.9635000005
-10636185.9584,3492134.144699998
-10636186.1874,3492172.2364000008
-10636186.4169,3492210.3281999975
-10636186.6463,3492248.4192999974
-10636186.8757,3492286.510300003
-10636187.3343,3492362.6930000037
-10636187.793,3492438.8759000003
-10636147.0708,3492477.2189000025
-10636146.6141,3492401.035700001
-10636146.1558,3492324.8528999984
-10636145.9266,3492286.7616000026
-10636145.6974,3492248.670599997
-10636147.1243,3492210.2963000014
-10636145.2305,3492171.096900001
-10636144.9981,3492096.217299998
-10636144.8953,3492057.958899997
-10636102.3055,3492224.7898999974
-10636102.5233,3492261.0199000016
-10636102.741,3492297.2501000017
-10636102.9587,3492333.480300002
-10636103.1764,3492369.710699998
-10636103.3936,3492405.9421999976
-10636082.1763,3492478.554700002
-10636060.3617,3492442.4334999993
-10636059.7113,3492333.7413000017
-10636059.4939,3492297.5112999976
-10636059.0587,3492225.0516000018
-10636015.8119,3492225.313199997
-10636016.0292,3492261.5430999994
-10636016.2466,3492297.7729
-10636016.4641,3492334.0028000027
-10636016.6809,3492370.233000003
-10636016.8975,3492406.4636999965
-10636017.1149,3492442.6939999983
-10636017.3326,3492478.927199997
-10635974.0857,3492479.1873999983
-10635973.8677,3492442.9562000036
-10635973.6509,3492406.725900002
-10635972.9994,3492298.035099998
-10635972.7821,3492261.805200003
-10635972.5649,3492225.5753000006
-10635772.8832,3509410.978
-10635787.0288,3509479.8147
-10635800.5318,3509512.468999997
-10635814.0349,3509545.1231999993
-10635827.5383,3509577.7771999985
-10635841.0415,3509610.431599997
-10635854.6607,3509643.0601999983
-10635867.4296,3509677.902999997
-10635947.3744,3509699.3831999972
-10636079.6478,3509610.486299999
-10636117.9097,3509589.2216000035
-10636180.6901,3509535.3708000034
-10636217.3345,3509505.9081000015
-10636162.4416,3509394.204400003
-10636138.7721,3509350.538999997
-10636174.4809,3509330.5371999964
-10636210.4467,3509310.8293000013
-10636244.6024,3509292.1396000013
-10636290.6599,3509237.796099998
-10636205.15,3509231.2996999994
-10636171.4782,3509250.1832000017
-10636139.0479,3509268.338799998
-10636095.4744,3509266.4756999984
-10636116.1865,3509225.451899998
-10636148.4344,3509207.5050000027
-10636180.9769,3509189.3813999966
-10636218.378,3509169.6665999964
-10636027.4006,3509277.3429000005
-10636043.2736,3509308.9014
-10636059.1467,3509340.459899999
-10636077.9123,3509378.1256000027
-10636108.0108,3509434.906199999
-10636087.7172,3509502.569799997
-10635994.6604,3509570.4910999984
-10635958.6808,3509595.4970000014
-10635922.9793,3509618.4771
-10635896.5905,3509570.4285999984
-10636039.015,3509390.1684999987
-10635986.0266,3509423.684299998
-10635954.2863,3509442.7342000008
-10635863.5,3509498.137599997
-10636233.5708,3509354.4880999997
-10636268.9995,3509335.1783000007
-10636221.7204,3509409.3726999983
-10635970.7618,3509532.369099997
-10648638.0349,3497570.836000003
-10648692.306,3497564.9624999985
-10648728.0205,3497559.141400002
-10648785.0156,3497591.097400002
-10648720.3578,3497740.5869999975
-10648915.7145,3497633.6037999988
-10648862.4207,3497534.7651000023
-10648903.7995,3497534.1943999976
-10648942.9384,3497536.1740000024
-10649028.0484,3497515.6061000004
-10649114.4186,3497494.8706
-10649201.9415,3497438.1427000016
-10649119.6711,3497353.7761999965
-10649099.8258,3497402.6978999972
-10649059.6173,3497337.0534000024
-10648988.2332,3497380.4020000026
-10649024.8541,3497429.0331000015
-10648876.3927,3497440.5315999985
-10648806.0981,3497441.6933000013
-10648770.9508,3497442.2739000022
-10631953.5572,3515522.917300001
-10631983.1254,3515523.1482999995
-10632012.6939,3515523.3796999976
-10632042.2621,3515523.6106999964
-10632071.8302,3515523.8417000026
-10632130.9662,3515524.3038000017
-10632160.5344,3515524.534500003
-10632192.2096,3515525.2633000016
-10632270.6683,3515524.476300001
-10632263.6533,3515422.2283999994
-10632263.7514,3515392.522399999
-10632263.8379,3515362.8112000003
-10632268.1171,3515332.283500001
-10632229.1588,3515280.650899999
-10632192.693,3515286.6868999973
-10632160.974,3515287.0961000025
-10632131.4062,3515287.0467000008
-10632072.2677,3515286.9538000003
-10632037.8982,3515290.5304000005
-10631923.9893,3515522.685800001
-10631864.8522,3515522.223200001
-10631864.9068,3515441.6098999977
-10631894.4744,3515441.7523000017
-10631924.0422,3515441.8945999965
-10631953.61,3515442.036600001
-10632012.7452,3515442.3209000006
-10632042.5379,3515441.036200002
-10632071.8868,3515439.7929999977
-10632192.478,3515440.2839
-10632192.6349,3515374.2651999965
-10632101.613,3515374.0264
-10632072.0506,3515373.9878999963
-10632042.8169,3515378.7431999967
-10632012.9041,3515383.5538000017
-10631983.3189,3515383.541699998
-10631953.7515,3515383.488300003
-10631894.6154,3515383.3885999992
-10631835.4781,3515383.2892000005
-10631800.2037,3515412.444799997
-10641034.2873,3507824.502899997
-10640988.5546,3507824.8871000037
-10640942.8252,3507825.226999998
-10640919.9589,3507825.394100003
-10640851.3603,3507825.895999998
-10641238.9785,3507716.923299998
-10641147.5156,3507717.753399998
-10641078.9184,3507718.3761000037
-10640918.858,3507719.8266000003
-10640827.395,3507720.6547000036
-10640804.5292,3507720.8615000024
-10640750.4104,3507689.6406000033
-10636963.9645,3509488.6071999967
-10636938.4324,3509447.434299998
-10636891.8185,3509468.247100003
-10636916.2745,3509494.6652000025
-10636834.9933,3509550.4478999972
-10636710.9772,3509335.189199999
-10636738.2111,3509376.0820000023
-10636764.94,3509417.7643000036
-10636810.5074,3509396.332800001
-10636868.0405,3509349.6988999993
-10636872.6926,3509406.216300003
-10636842.9409,3509425.958800003
-10636782.7606,3509466.298799999
-10637015.5961,3509453.8882
-10636970.9196,3509384.0481999964
-10636950.2214,3509351.3488000035
-10636929.211,3509318.6843999997
-10636906.8933,3509281.5612000003
-10636881.0697,3509242.7316000015
-10636848.4954,3509236.1603000015
-10636809.9413,3509258.2687000036
-10636775.7946,3509279.8751000017
-10673157.2657,3508180.2744000033
-10672852.5147,3508182.748999998
-10672789.3482,3508073.921400003
-10672971.9484,3508071.120099999
-10673093.1126,3508069.423600003
-10673217.4115,3508067.8106999993
-10673278.4931,3507939.242399998
-10673216.1962,3507938.574500002
-10673154.9895,3507939.478600003
-10673093.7826,3507940.382600002
-10672787.7484,3507944.8972999975
-10672700.8177,3507918.757799998
-10672699.5935,3507810.0815000013
-10672786.1491,3507835.3003999963
-10673214.5932,3507828.9773999974
-10673276.8306,3507826.4795999974
-10673209.3487,3507680.883299999
-10673084.8892,3507680.9619999975
-10672926.7747,3507683.295400001
-10672696.4798,3507575.8400000036
-10672781.805,3507537.6252999976
-10672965.4198,3507534.9174999967
-10673026.6248,3507534.0141000003
-10673207.501,3507371.795900002
-10673146.1449,3507372.216799997
-10600245.3025,3499602.4223000035
-10600129.2871,3499603.445299998
-10600090.6151,3499603.7859999985
-10599974.5997,3499604.807400003
-10599935.9278,3499605.1476000026
-10599897.2561,3499605.4875999987
-10599857.0285,3499139.597199999
-10599898.3941,3499147.6273000017
-10599932.1298,3499147.2666999996
-10600003.1235,3499146.7946999967
-10600038.2701,3499146.3434000015
-10600108.5389,3499145.3605000004
-10600251.6953,3499144.5566999987
-10600354.4309,3499143.6779000014
-10600393.6106,3499143.153999999
-10600432.79,3499142.6301999986
-10600637.4043,3499139.8923000023
-10600672.5576,3499139.421099998
-10600707.711,3499138.9503000006
-10600748.0179,3499127.520199999
-10600795.5388,3499135.8083999977
-10600802.9195,3499183.2990999967
-10600793.7402,3499225.2057000026
-10600795.2787,3499331.767099999
-10600796.2007,3499367.3977999985
-10600807.1581,3499512.773400001
-10600806.7606,3499570.4233999997
-10600706.3843,3499223.428199999
-10600663.1881,3499241.5930999964
-10600620.1577,3499242.248499997
-10600565.2584,3499795.7470000014
-10600559.1865,3499704.4541999996
-10600633.8941,3499703.4912
-10600709.2207,3499703.4202999994
-10600563.3801,3499527.755400002
-10600434.8288,3499504.4060999975
-10600396.1572,3499504.791000001
-10600395.5515,3499425.289800003
-10600434.2226,3499424.904799998
-10600472.8937,3499424.519699998
-10600511.2635,3499424.9541999996
-10600550.5727,3499421.103
-10600550.6447,3499323.924999997
-10600471.5444,3499323.5820000023
-10600355.8864,3499246.0759999976
-10600471.3213,3499244.5697000027
-10600511.2062,3499244.034699999
-10600549.6934,3499243.3576999977
-10600253.6794,3499506.1728999987
-10600212.57,3499506.3225999996
-10600106.515,3499507.2488999963
-10600035.5776,3499508.208999999
-10599999.2283,3499508.288900003
-10599963.196,3499508.783500001
-10599927.0383,3499509.030100003
-10599999.0896,3499429.1010000035
-10600035.3068,3499429.1272
-10600213.5487,3499326.6353999972
-10600178.4691,3499327.0337999985
-10600108.1762,3499327.3937000036
-10600072.731,3499327.796099998
-10600038.4644,3499327.8818999976
-10599932.5624,3499249.1176000014
-10600002.277,3499248.6027000025
-10600071.8116,3499247.9932999983
-10600143.3217,3499247.6520000026
-10600178.093,3499247.2013000026
-10600213.0091,3499246.9980999976
-10600253.2417,3499246.7771999985
-10600394.4444,3499245.5626000017
-10599826.6809,3499529.5557999983
-10599826.3561,3499458.9913000017
-10599826.192,3499423.6779000014
-10600594.8113,3499132.726499997
-10599827.2069,3499315.568400003
-10588526.9799,3476881.524599999
-10588528.4608,3476943.128899999
-10588527.3527,3476896.4023
-10588526.6434,3476866.7456
-10588528.8964,3476827.0649999976
-10588562.8048,3476814.588600002
-10588578.9472,3476834.257100001
-10588572.6912,3476856.9648
-10588573.4086,3476886.5873000026
-10588574.8435,3476945.831799999
-10588579.4503,3476963.404600002
-10588580.1281,3476992.7480000034
-10588507.3126,3476996.1982999966
-10588492.5797,3476995.715300001
-10588462.2605,3476993.721199997
-10588431.7157,3476993.6988999993
-10588574.1262,3476916.2096000016
-10588446.6016,3476994.1455999985
-10575187.4321,3494527.6206
-10575150.9477,3494424.741700001
-10574627.1293,3494084.4497999996
-10574843.5894,3494345.1120000035
-10580140.2642,3493444.9975999966
-10580140.876,3493515.7148
-10580142.0381,3493693.6761000007
-10580143.3117,3493799.6604999974
-10580143.7392,3493835.7717000023
-10580144.5082,3493906.3079999983
-10580144.9669,3493940.9389000013
-10580151.4835,3493974.740500003
-10580217.6344,3493973.222199999
-10580221.8829,3493910.674900003
-10580219.1754,3493726.458499998
-10580218.6073,3493690.782700002
-10580217.0968,3493584.9887000024
-10580215.0709,3493442.8376
-10580294.5693,3493391.6959000006
-10580264.9279,3493318.159900002
-10580298.3582,3493317.1096
-10580366.2467,3493315.093000002
-10580359.8544,3493419.6296000034
-10580362.2554,3493567.1072999984
-10580362.7491,3493604.0538000017
-10580363.2748,3493641.0046999976
-10580363.7892,3493677.936800003
-10580366.8621,3493899.6083000004
-10580370.3795,3493944.957800001
-10580282.6964,3493971.1163000017
-10580283.8577,3493830.6356000006
-10580281.5053,3493653.8012999967
-10580277.9001,3493439.5451999977
-10649228.0423,3497849.338100001
-10649230.6764,3497885.255900003
-10649136.6294,3497923.9782000035
-10649131.8849,3497816.8144000024
-10649131.5954,3497781.600900002
-10649053.0038,3497817.2753000036
-10649052.9749,3497853.0489000008
-10649055.2363,3497887.679200001
-10649049.6373,3497924.7031000033
-10648757.6801,3497903.177000001
-10648878.066,3497853.9223999977
-10648834.6017,3497818.789099999
-10648864.3399,3497783.2255000025
-10649017.5388,3497658.406199999
-10649057.7306,3497637.871299997
-10649142.5657,3497678.7924000025
-10649141.5852,3497640.1975999996
-10649197.9875,3497540.6767000034
-10649233.4389,3497644.3005999997
-10653549.4449,3506233.8627000004
-10653554.5252,3506152.0490999967
-10653552.2836,3506114.162100002
-10653537.8106,3505991.525200002
-10653674.1762,3506016.9548000023
-10653684.2794,3506106.599600002
-10653687.6286,3506154.6674000025
-10653684.3763,3506201.3768000007
-10671771.1473,3512122.590400003
-10671545.8462,3512122.7391000018
-10671872.2514,3512282.6413000003
-10671666.7288,3512284.8621999994
-10671530.5392,3512285.1621999964
-10671461.4994,3512278.6598000005
-10671346.2386,3512287.190200001
-10671349.8195,3512333.1785999984
-10671691.2134,3512410.855800003
-10672090.7319,3512459.4761999995
-10672104.666,3512374.736299999
-10672311.356,3512390.6733999997
-10672330.7428,3512483.727300003
-10671943.6562,3512405.139399998
-10671803.4076,3512283.3853999972
-10671734.9258,3512284.1248999983
-10672561.4571,3513336.5930999964
-10672491.8774,3513294.784500003
-10672000.8259,3512999.505900003
-10672211.7386,3513160.023199998
-10672389.8498,3512909.804200001
-10672577.7112,3512578.0720999986
-10672321.1012,3512692.345399998
-10672363.3672,3512602.435999997
-10672061.049,3512771.3215000033
-10671912.4231,3512837.0688000023
-10671846.3496,3512595.2761999965
-10672053.9868,3512582.529600002
-10672082.1684,3512635.2555000037
-10672082.5581,3512704.3827000037
-10671932.5943,3513308.646899998
-10654441.1598,3482500.6536
-10639682.1426,3515466.3005999997
-10639706.9231,3515440.5273
-10639747.3702,3515502.432099998
-10639767.5583,3515522.1150999963
-10639808.9555,3515563.5766000003
-10639829.9696,3515584.177500002
-10639852.6022,3515603.773400001
-10639876.9453,3515625.853600003
-10639908.0405,3515626.9521000013
-10639938.2651,3515625.8665999994
-10639966.7775,3515625.9362000003
-10639994.1683,3515626.2861
-10640021.5661,3515625.527800001
-10640103.9738,3515625.6843999997
-10640102.0046,3515535.7832999974
-10640075.5186,3515536.7673000023
-10640047.4758,3515537.6120000035
-10640020.1909,3515537.8632000014
-10639992.5763,3515538.0788000003
-10639965.1667,3515537.8726999983
-10639937.9957,3515538.6547000036
-10639906.9651,3515542.147
-10639876.8923,3515527.2184000015
-10639834.4685,3515486.2192
-10639814.2545,3515466.2937999964
-10639793.9219,3515446.226400003
-10639772.5529,3515426.953900002
-10639728.2151,3515406.9431999996
-10639752.9327,3515382.2361999974
-10639774.6853,3515361.6915000007
-10639960.0754,3515447.463299997
-10639988.711,3515446.531300001
-10640043.5953,3515445.686999999
-10640071.4082,3515446.1021
-10640099.03,3515444.5768000036
-10640068.995,3515358.1875
-10640041.1082,3515358.3549999967
-10640013.2298,3515358.5144999996
-10639957.2601,3515359.2190999985
-10639890.1806,3515350.744099997
-10639868.8281,3515325.1815000027
-10639826.1225,3515306.391999997
-10588099.487,3517521.7488999963
-10588287.9436,3517540.3819999993
-10588476.8308,3517536.893299997
-10588798.6004,3517530.6706999987
-10588388.1073,3517683.7613999993
-10588477.6994,3517692.4331
-10588938.9269,3517683.995099999
-10589063.0697,3517646.0392000005
-10588823.8084,3517829.0964
-10588708.5104,3517830.7782000005
-10588163.4382,3517749.9124
-10588193.7814,3517793.5999
-10588284.4492,3517924.212200001
-10588343.3057,3518010.8233999982
-10588435.1777,3517955.354500003
-10588502.2634,3517997.912799999
-10588608.3965,3517996.4306999967
-10588821.481,3517993.8169
-10588928.0097,3517992.762500003
-10589308.2261,3517228.466799997
-10589450.1966,3517223.6903000027
-10589521.1866,3517222.1268000007
-10589591.0688,3517219.5537
-10589150.8488,3517361.783399999
-10589376.7797,3517392.9761999995
-10589429.8201,3517391.7261999995
-10589693.8112,3517386.565700002
-10589799.4078,3517384.499300003
-10589916.5005,3517346.7885000035
-10589918.6528,3517417.519299999
-10589802.888,3517518.896399997
-10589750.0892,3517519.929399997
-10589538.813,3517524.0636000037
-10589486.0552,3517525.1270999983
-10589157.6889,3517685.1001999974
-10589592.9704,3517680.5168000013
-10589751.3904,3517678.8685000017
-10589857.0037,3517677.7687000036
-10589921.9847,3517641.7069000006
-10589923.3245,3517712.460000001
-10589737.9323,3517822.7053000033
-10589632.3135,3517823.4345000014
-10589553.1348,3517823.974100001
-10589262.8812,3517825.664999999
-10589303.0989,3517988.7727999985
-10589819.329,3517983.068400003
-10589934.0482,3517981.797799997
-10589360.4616,3517988.139799997
-10590089.3499,3517221.337200001
-10590245.0694,3517217.3825000003
-10590323.5825,3517215.515900001
-10590184.7117,3517389.3589999974
-10590024.5611,3517849.0287000015
-10590230.1269,3517739.8797999993
-10590147.0915,3517745.1084999964
-10590032.069,3517778.294200003
-10590048.3282,3517719.3729000017
-10590018.7515,3517573.940200001
-10590089.6725,3517572.705499999
-10590086.9463,3517422.5842000023
-10635932.6128,3516472.000699997
-10635953.4506,3516498.4892000034
-10635964.6558,3516530.384300001
-10635972.0222,3516577.649599999
-10635980.1617,3516601.646399997
-10635980.6231,3516633.378899999
-10636107.6077,3516711.4922999963
-10636090.1311,3516690.7501000017
-10636092.4805,3516596.2969999984
-10636028.0266,3516586.2234999985
-10636074.9701,3516545.6850999966
-10636046.0551,3516511.3652999997
-10636009.3607,3516482.5441000015
-10636055.3274,3516473.0837000012
-10636114.5066,3516532.974799998
-10636160.5142,3516579.1023999974
-10636177.078,3516595.1840000004
-10636110.8158,3516457.746600002
-10636091.65,3516437.2370999977
-10636071.0958,3516416.4957000017
-10636030.2721,3516375.0078999996
-10636059.9473,3516361.6238999963
-10636096.9075,3516388.0232999995
-10636129.6035,3516349.4886000007
-10636252.8326,3516420.6944999993
-10636289.3524,3516386.1787
-10636192.6523,3516289.031499997
-10636218.5365,3516263.4296000004
-10636284.2502,3516329.7161
-10636350.7519,3516350.846500002
-10636344.647,3516266.9343999997
-10636359.2914,3516211.5022
-10636337.1105,3516189.2683999985
-10636385.6469,3516184.9570999965
-10636455.0336,3516254.5248000026
-10636398.3649,3516080.3271000013
-10636462.8156,3516145.5731000006
-10636530.3464,3516150.217
-10636493.9087,3516113.829400003
-10636428.5749,3516047.5242
-10636448.2073,3516027.1587999985
-10636469.8722,3516049.0911
-10636491.4808,3516071.1160999984
-10636540.7416,3516056.722400002
-10636520.521,3516036.434299998
-10636355.9283,3516031.3852000013
-10636336.0477,3516051.1185000017
-10636257.9677,3516131.8527999967
-10636238.1462,3516152.064000003
-10636218.9376,3516172.4437000006
-10636179.5033,3516212.5447999984
-10636139.2643,3516252.8857999966
-10636099.3446,3516292.9393000007
-10636078.9298,3516313.497299999
-10642767.791,3510825.3606999964
-10642701.0313,3510825.923100002
-10642627.4929,3510865.7161
-10642490.7936,3510860.1235999987
-10642546.6294,3510968.0551000014
-10642426.0639,3510977.5243000016
-10642442.1552,3511074.530000001
-10642448.9113,3511176.7123000026
-10642439.4757,3511258.2808
-10631728.9139,3515579.843000002
-10631678.7539,3515580.0053000003
-10631425.3773,3515523.019199997
-10631408.5399,3515481.412600003
-10631365.7153,3515472.6460999995
-10631286.7202,3515474.1096
-10631247.5356,3515474.7084000036
-10631208.6397,3515475.664499998
-10631097.5076,3515543.6758999974
-10631126.0955,3515567.503200002
-10631172.2201,3515558.213399999
-10631210.8825,3515557.8259000033
-10631249.5991,3515556.7432999983
-10631287.9158,3515556.3323
-10631330.0685,3515555.2563000023
-10636350.0566,3523293.5952999964
-10636263.9509,3523261.151900001
-10636222.7934,3523261.2858000025
-10636183.2635,3523261.393100001
-10636143.1183,3523261.5029999986
-10636103.1059,3523261.719700001
-10636063.257,3523261.7848000005
-10635981.8544,3523262.2185999975
-10635943.0535,3523262.119400002
-10635904.4803,3523261.9963999987
-10635839.3055,3523271.4168
-10635781.7481,3523314.4993999973
-10635739.0986,3523365.6296999976
-10635606.9965,3523363.701399997
-10635617.2188,3523295.826700002
-10635761.9954,3523253.3681000024
-10635545.5729,3523257.376500003
-10635470.5536,3523183.231200002
-10635545.7696,3523204.1947000027
-10635672.5011,3523211.7656999975
-10635761.5854,3523212.6488000005
-10635672.9862,3523170.3729000017
-10635756.7593,3523127.6194999963
-10635796.7728,3523146.786399998
-10635903.4543,3523204.690899998
-10636021.5811,3523203.9993999973
-10636062.375,3523203.9422999993
-10636102.1893,3523203.4842000008
-10636222.3798,3523203.371100001
-10636263.6197,3523203.400700003
-10636354.8461,3523208.2217999995
-10636417.8741,3523153.5688000023
-10636381.8093,3523150.212700002
-10636344.3915,3523146.7633000016
-10636305.1793,3523145.4353
-10636263.0662,3523145.8564999998
-10636142.89,3523145.838200003
-10635941.7728,3523146.6899999976
-10635863.0735,3523148.8302000016
-10635981.1118,3523090.3483999968
-10636021.8132,3523090.0442999974
-10636143.2947,3523088.9868
-10636303.2839,3523088.0178999975
-10636361.9354,3523088.4202999994
-10636307.32,3523318.2113000005
-10636264.1842,3523318.2738000005
-10636064.0484,3523319.1049999967
-10635982.9264,3523319.2726000026
-10635816.1635,3523364.727499999
-10635866.3644,3523375.311300002
-10635945.5356,3523376.0375000015
-10635984.6162,3523375.862300001
-10636024.5239,3523375.9505999982
-10636064.8967,3523375.7837999985
-10636104.5626,3523375.637599997
-10636434.5365,3523221.219300002
-10570507.5934,3470494.3704999983
-10570519.6282,3470559.145300001
-10570522.7494,3470579.3373000026
-10570526.2258,3470599.803199999
-10570594.9147,3470637.096199997
-10570613.7993,3470633.4661
-10570665.8858,3470623.9187999964
-10570698.0129,3470617.954099998
-10570722.7799,3470618.9311000034
-10570752.6589,3470581.789800003
-10570728.543,3470462.1602
-10570702.6259,3470459.2092999965
-10570599.1369,3470485.007600002
-10666208.4175,3479269.1394999996
-10664544.245,3508157.1948999986
-10664313.3291,3507729.4739999995
-10590637.4587,3517208.2038000003
-10590715.5242,3517206.1643999964
-10590944.4042,3517200.8646000028
-10591028.58,3517199.3825000003
-10590477.9394,3517430.458999999
-10590667.8167,3517426.9510999992
-10590952.6336,3517421.6845000014
-10590792.8332,3517338.909900002
-10591110.7092,3517334.0776999965
-10590476.9273,3517622.8319000006
-10590603.1256,3517620.570299998
-10590727.6969,3517618.7075999975
-10590790.7296,3517617.924900003
-10590853.6706,3517617.0754000023
-10590539.6035,3517536.6306999996
-10590664.8914,3517533.9902999997
-10590727.6173,3517532.8982999995
-10590790.6348,3517531.8439000025
-10590916.9038,3517530.1115999967
-10590559.1842,3517972.9804000035
-10590692.4851,3517971.5003999993
-10590611.8299,3517832.220200002
-10590675.1038,3517732.9010000005
-10631572.0993,3517422.7638000026
-10631371.3877,3517340.887500003
-10631321.925,3517313.7444999963
-10631300.9563,3517305.6489999965
-10631254.2822,3517303.2157000005
-10631211.8147,3517301.9082999974
-10631169.5872,3517300.6384000033
-10631237.7107,3517260.2087000012
-10631344.3217,3517269.245099999
-10631395.3245,3517296.3373000026
-10631423.3795,3517223.9505999982
-10631363.7558,3517094.093000002
-10631321.6982,3517092.8467999995
-10631279.5015,3517091.5562999994
-10631237.3455,3517090.268100001
-10631174.0698,3517088.2566
-10631175.6737,3517152.2492000014
-10631196.7862,3517152.9155
-10631217.8987,3517153.581799999
-10631239.0113,3517154.2480000034
-10631282.3201,3517155.6149000004
-10631324.5073,3517156.9199
-10631346.4052,3517157.6567
-10631369.5419,3517158.4508000016
-10631233.5975,3517196.4849999994
-10631212.0946,3517195.5524000004
-10631169.7144,3517194.9492999986
-10631054.7257,3517190.5573000014
-10631011.8914,3517189.5565000027
-10630990.8502,3517189.0648000017
-10630926.975,3517187.572499998
-10630905.9336,3517187.080600001
-10630884.1408,3517186.5713
-10630799.109,3517184.383100003
-10630778.0272,3517183.817900002
-10630756.9091,3517183.280299999
-10630735.859,3517182.556900002
-10630760.1126,3517141.047600001
-10630781.0525,3517141.5771000013
-10630801.9922,3517142.1061000004
-10630822.9321,3517142.635300003
-10630843.5078,3517142.8938999996
-10630864.4334,3517143.9196000025
-10630927.904,3517145.166100003
-10630971.4888,3517146.199000001
-10630992.5297,3517146.697499998
-10631014.3223,3517147.213799998
-10631057.5411,3517147.9957000017
-10631082.5688,3517149.4419
-10631081.0037,3517085.1248999983
-10630993.5821,3517082.0508999974
-10630972.4694,3517081.389700003
-10630951.3568,3517080.728500001
-10630909.1314,3517079.4059000015
-10630866.9061,3517078.0832
-10630845.7934,3517077.4218000025
-10630824.6807,3517076.7603999972
-10630803.5681,3517076.098899998
-10630782.4554,3517075.4373999983
-10630761.3428,3517074.775799997
-10630740.2302,3517074.1142999977
-10630646.7309,3517137.798799999
-10630670.468,3517138.267499998
-10630657.5428,3517253.619099997
-10630657.2485,3517274.8268000036
-10630656.932,3517296.052699998
-10630903.5337,3517249.1833000034
-10630924.7656,3517249.6699
-10630946.3267,3517250.1635999978
-10630967.9864,3517250.659599997
-10630989.6462,3517251.155500002
-10631011.3058,3517251.6514
-10631028.5579,3517294.5144999996
-10630986.4985,3517293.5512999967
-10630965.7327,3517293.0758000016
-10630944.9669,3517292.600299999
-10630924.0252,3517292.1208000034
-10630902.9067,3517291.636500001
-10630890.0727,3517355.8079999983
-10630943.7593,3517356.9421999976
-10630991.1672,3517357.148599997
-10631043.5014,3517361.8737000003
-10631136.5977,3517362.5221000016
-10631171.9698,3517363.8691999987
-10631281.2865,3517368.711599998
-10631343.4069,3517403.7378999963
-10631368.5312,3517418.0647
-10631391.8725,3517429.9952000007
-10631514.0469,3517522.584899999
-10631486.0984,3517588.717299998
-10631488.426,3517617.202299997
-10631567.7506,3517592.489
-10631581.3452,3517547.1532000005
-10631580.2785,3517524.7233999968
-10631579.3831,3517502.5112000033
-10631579.1784,3517478.5737999976
-10631614.8543,3517597.6092000008
-10631595.6576,3517618.6956999972
-10631574.7729,3517643.134999998
-10631509.6334,3517666.7487000003
-10631485.4026,3517660.3363000005
-10631441.7842,3517646.3180000037
-10631442.9324,3517587.3955999985
-10631438.1298,3517502.6006999984
-10631388.4031,3517532.0341000035
-10631377.1087,3517563.715999998
-10631365.8262,3517648.2145000026
-10631265.7569,3517576.9604
-10631146.9805,3517631.438699998
-10631144.4605,3517610.080499999
-10631165.0291,3517580.837700002
-10631185.6904,3517589.1023999974
-10631212.1229,3517603.9010000005
-10631234.9604,3517576.9387999997
-10631250.5507,3517545.739699997
-10631232.7644,3517521.782200001
-10631205.8238,3517511.8297000006
-10631160.9697,3517512.5309000015
-10631140.3629,3517469.4389000013
-10631168.5149,3517470.285700001
-10631189.6289,3517470.9206999987
-10631210.7429,3517471.5556000024
-10631234.5973,3517472.3863999993
-10631226.8269,3517407.038400002
-10631205.8795,3517406.8368000016
-10631184.1221,3517406.470200002
-10631071.8958,3517402.8066999987
-10630992.587,3517399.6428000033
-10630961.4507,3517399.918700002
-10630940.6884,3517399.307400003
-10630919.9259,3517398.6960999966
-10630899.3586,3517397.719499998
-10630878.112,3517393.082800001
-10630888.5938,3517465.6675999984
-10631029.0906,3517463.892499998
-10631074.8478,3517464.8418999985
-10631069.9048,3517507.2009000033
-10631041.7462,3517506.6146000028
-10631001.5101,3517502.8068000004
-10631167.1738,3517711.1952000037
-10631225.1733,3517713.3518999964
-10631341.5703,3517712.4224999994
-10631368.0775,3517712.2952999994
-10631404.9372,3517711.945799999
-10631466.7736,3517723.9970000014
-10631489.7495,3517730.5561999977
-10631524.4175,3517735.042000003
-10631482.7131,3517768.146499999
-10631477.161,3517798.7907999977
-10631478.2238,3517845.965400003
-10631522.7421,3517858.489500001
-10631682.6761,3517604.451700002
-10631685.7722,3517562.6098999977
-10631685.0189,3517541.151100002
-10631684.7462,3517514.5172000006
-10631714.5733,3517419.1415000036
-10630792.9283,3517379.5402000025
-10630882.5041,3517248.7009999976
-10630881.7449,3517290.216300003
-10631287.3035,3517197.7520999983
-10631315.1332,3517712.5183999985
-10631275.4439,3517713.6406000033
-10631623.6318,3517545.6526999995
-10631441.0605,3517712.2126
-10631358.3305,3517457.430399999
-10631365.4821,3517481.7930999994
-10630944.6687,3517607.7930999994
-10631040.8795,3517635.353600003
-10630721.3357,3517273.3061000034
-10630657.8958,3517232.3857000023
-10630862.1409,3517186.0173000023
-10630848.91,3517391.966799997
-10630966.2966,3517462.623300001
-10630945.1773,3517462.1994000003
-10631020.8474,3517505.6779000014
-10630828.0684,3517407.9054000005
-10603178.6035,3496694.9738000035
-10603199.6164,3496695.3104000017
-10603220.8588,3496694.9201999977
-10603263.2527,3496694.729500003
-10603284.6927,3496694.2251999974
-10603305.9549,3496694.085000001
-10603326.7592,3496693.8200000003
-10603368.6955,3496693.308799997
-10603390.7884,3496693.0178999975
-10603433.6226,3496692.3621999994
-10603454.4073,3496692.102300003
-10603476.1624,3496691.778800003
-10603496.9665,3496691.4705
-10603517.5958,3496691.2924000025
-10603559.3588,3496690.5632999986
-10603580.8216,3496690.3158000037
-10603609.9518,3496689.9936999977
-10603642.224,3496689.6362999976
-10603666.5504,3496689.393600002
-10603754.1586,3496688.280199997
-10603775.1932,3496687.9992000014
-10603838.5431,3496687.055399999
-10603859.9225,3496686.9974000007
-10603902.5013,3496686.5709000006
-10603943.9706,3496685.8364000022
-10603986.0839,3496685.3128999993
-10604007.968,3496685.0732000023
-10604008.8754,3496747.727600001
-10603986.9048,3496747.9587000012
-10603965.5999,3496748.1948999986
-10603944.8972,3496748.4025000036
-10603913.5567,3496748.7546999976
-10603882.0123,3496749.057599999
-10603861.4138,3496749.4871999994
-10603820.0364,3496749.682599999
-10603799.3682,3496749.7387999967
-10603777.8153,3496750.0111000016
-10603754.9769,3496750.367399998
-10603710.4571,3496753.612800002
-10603688.492,3496753.6873999983
-10603667.402,3496753.739500001
-10603624.7661,3496754.143100001
-10603603.4564,3496753.798600003
-10603561.5018,3496754.1071999967
-10603540.4092,3496754.1492
-10603519.3183,3496754.2393999994
-10603498.2287,3496754.367700003
-10603477.1388,3496754.4958999977
-10603456.0488,3496754.624499999
-10603434.085,3496754.7920999974
-10603366.292,3496757.3907999992
-10603345.2045,3496757.7258
-10603324.1172,3496758.0606999993
-10603303.0297,3496758.395499997
-10603239.7676,3496759.3998000026
-10603218.6801,3496759.7343999967
-10603197.5923,3496760.0731000006
-10603190.533,3496972.1920000017
-10603328.21,3497012.3060000017
-10603392.2831,3497011.1119000018
-10603391.659,3496968.8511999995
-10603306.4303,3496970.2677000016
-10603262.2621,3496976.821800001
-10603233.0532,3496908.5190000013
-10603305.4001,3496906.692400001
-10603347.5751,3496906.0227999985
-10603390.4829,3496905.0569999963
-10603389.9624,3496862.9504999965
-10603272.2638,3496868.250699997
-10603231.3486,3496802.5537
-10603303.696,3496800.7832999974
-10603324.7836,3496800.4482000023
-10603345.871,3496800.1136000007
-10603388.7787,3496799.148400001
-10603456.9355,3496797.0086999983
-10603520.1483,3496796.5873000026
-10603562.388,3496796.4908000007
-10603604.419,3496795.509499997
-10603628.8791,3496790.789300002
-10603657.8464,3496796.485299997
-10603605.3344,3496859.3728
-10603584.279,3496859.0521000028
-10603562.9381,3496859.5913999975
-10603536.5315,3496859.831600003
-10603505.1168,3496860.116700001
-10603579.764,3496902.295599997
-10603521.9107,3496966.1872999966
-10603436.6987,3496967.4153999984
-10603447.7507,3497009.831600003
-10603522.7135,3497009.1136000007
-10603543.7146,3497009.0320999995
-10603606.1783,3497008.762599997
-10603648.3914,3497007.800999999
-10603669.4704,3497007.4279000014
-10603702.617,3496911.1784999967
-10603755.4484,3496793.3214000016
-10603840.6626,3496792.3544000015
-10603997.0534,3496791.169200003
-10603997.8308,3496854.174800001
-10603969.3506,3496861.2378999963
-10603945.7611,3496856.694600001
-10603840.6548,3496857.0923999995
-10603793.2058,3496857.7141000032
-10603760.6945,3496858.1400000006
-10603867.565,3496899.1372999996
-10603958.0505,3496894.5464999974
-10603998.442,3496897.7634000033
-10603998.0372,3496960.4944999963
-10603968.7163,3496967.3113999963
-10603905.0708,3496961.860299997
-10603820.2943,3496962.2371999994
-10603778.0994,3496962.5560000017
-10603778.8562,3497008.570100002
-10603800.4302,3497010.0552999973
-10603915.0479,3497050.274899997
-10603979.5684,3497001.3894999996
-10604003.5326,3497055.273400001
-10603990.4121,3497080.7053999975
-10603991.4596,3497172.9416999966
-10603937.0511,3497182.5402999967
-10603926.305,3497117.022500001
-10603873.7745,3497105.2635999992
-10603874.5426,3497153.8869000003
-10603927.6077,3497228.9592000023
-10603981.4037,3497229.7564999983
-10603987.2595,3497260.974100001
-10603907.5986,3497293.353500001
-10603886.5078,3497293.414999999
-10603770.5441,3497306.1182999983
-10603770.6662,3497348.5134000033
-10603770.7273,3497369.711099997
-10603770.7884,3497390.9087999985
-10603772.4672,3497432.8784999996
-10603741.4968,3497487.9613000005
-10603707.6645,3497370.7260999978
-10603707.462,3497349.865199998
-10603706.8162,3497307.796400003
-10603664.1821,3497308.4373999983
-10603664.8864,3497371.155299999
-10603601.1422,3497331.0072000027
-10603563.043,3497361.6768999994
-10603543.8015,3497382.0187000036
-10603512.119,3497384.916500002
-10603452.7426,3497351.909199998
-10603379.1174,3497317.4892000034
-10603339.6837,3497310.9910999984
-10603351.9122,3497237.5578000024
-10603308.5452,3497195.383299999
-10603287.3516,3497196.3950000033
-10603262.11,3497125.814199999
-10603287.3959,3497130.5468000025
-10603350.4015,3497131.2368
-10603329.2544,3497088.6032999977
-10603308.1387,3497088.7456
-10603286.87,3497089.1181999967
-10603244.357,3497089.4448999986
-10603222.7921,3497090.192599997
-10603587.1872,3497085.873800002
-10603607.8864,3497085.795400001
-10603649.4323,3497085.0348000005
-10603705.346,3497179.4186000004
-10603715.7147,3497231.9426999986
-10603588.4892,3497234.8559999987
-10603567.0466,3497235.1898000017
-10603503.9457,3497236.566399999
-10603482.8816,3497236.8112000003
-10603461.4713,3497237.0666000023
-10603460.6458,3497193.9692
-10603481.95,3497193.8254999965
-10603545.3557,3497192.943099998
-10603587.5895,3497192.1886000037
-10603608.4351,3497192.6543999985
-10603632.8365,3497197.7783999965
-10603587.0213,3497128.8079999983
-10603566.1793,3497129.0216000006
-10603545.1545,3497129.4966999963
-10603524.1133,3497129.457199998
-10603502.8647,3497129.6862000003
-10603459.9402,3497130.043399997
-10603765.6278,3497153.284599997
-10603767.4658,3497240.3143000007
-10603809.4563,3497240.1972000003
-10603809.3477,3497217.156300001
-10603808.8733,3497195.023000002
-10603807.5476,3497110.549800001
-10603806.5545,3497086.720899999
-10603706.2258,3497286.0195000023
-10603664.3745,3497329.8051000014
-10603190.0092,3496940.4016000032
-10603815.2727,3497372.5033000037
-10603862.165,3497372.3665999994
-10603955.9493,3497372.0933
-10604003.1822,3497372.2480000034
-10660541.477,3485615.500699997
-10660456.3069,3485616.1536
-10660410.272,3485542.9613000005
-10660449.7809,3485542.655100003
-10660538.2086,3485541.9793
-10660537.5581,3485463.150700003
-10660449.1756,3485463.826399997
-10660364.3198,3485390.0392000005
-10660409.0958,3485389.6921000034
-10660488.1126,3485389.079599999
-10660536.944,3485388.708800003
-10660536.3665,3485318.7391000018
-10660487.5752,3485319.109700002
-10660408.0228,3485249.835900001
-10660535.79,3485248.8527999967
-10660446.9941,3485179.6433999985
-10660362.7111,3485180.2967000008
-10660362.175,3485110.4108999968
-10660485.9651,3485109.451200001
-10660361.103,3484970.640299998
-10660405.8776,3484970.293300003
-10660445.3847,3484969.9870999977
-10660484.8918,3484969.6805000007
-10660533.4828,3484969.3117000014
-10660360.5669,3484900.7556999996
-10660404.8051,3484830.5244000033
-10660444.3117,3484830.218000002
-10660483.8184,3484829.9114999995
-10660532.3229,3484829.5441000015
-10660534.2749,3484759.4750000015
-10660488.9601,3484759.8335999995
-10660450.683,3484760.1449000016
-10660259.2969,3484761.699699998
-10660221.0197,3484762.0102000013
-10660144.4651,3484762.6309999973
-10660067.9086,3484762.8505999967
-10660029.6297,3484763.1565999985
-10659991.3512,3484763.4663999975
-10659953.064,3484763.771399997
-10659953.9044,3484834.0084000006
-10660032.1258,3484833.4076000005
-10660188.0454,3484832.2026999965
-10660227.0253,3484831.901100002
-10660310.7883,3484901.1411999986
-10660188.5805,3484902.0869999975
-10660032.6601,3484903.292000003
-10659993.5044,3484903.5944000036
-10659954.9923,3484973.777900003
-10659994.0385,3484973.4790999964
-10660033.1943,3484973.1768999994
-10660189.1156,3484971.9717999995
-10660311.324,3484971.0260000005
-10660311.8598,3485040.9109999985
-10660228.6312,3485041.5552999973
-10660150.6702,3485042.158399999
-10659994.5725,3485043.3642999977
-10659955.5358,3485043.6624
-10660073.2437,3485112.646399997
-10660151.205,3485112.043700002
-10660312.3956,3485110.796400003
-10660151.74,3485181.9296000004
-10660112.7591,3485182.2311000004
-10660073.7781,3485182.532200001
-10660034.7972,3485182.8334000036
-10659995.6406,3485183.1356000006
-10660269.7538,3485320.797700003
-10660230.7725,3485321.099299997
-10660191.7912,3485321.4010000005
-10660114.3638,3485391.9734999985
-10660231.3085,3485391.0693000033
-10660270.29,3485390.767499998
-10660314.5394,3485390.424900003
-10660315.1101,3485464.8654000014
-10660270.8605,3485465.2082
-10660231.8787,3485465.509800002
-10660192.8969,3485465.811499998
-10660271.4645,3485544.036600001
-10660315.7144,3485543.6939999983
-10585147.0911,3498053.399599999
-10584999.2256,3497975.2986999974
-10585150.074,3497892.0381999984
-10584996.7024,3497876.978500001
-10585241.4292,3497824.8079999983
-10585242.5669,3497917.8853999972
-10585146.8374,3497794.7727999985
-10597420.1871,3461693.3264999986
-10597441.5337,3461693.112499997
-10597459.8603,3461692.9373999983
-10597478.3485,3461693.2475999966
-10597496.4107,3461692.4597999975
-10597419.3932,3461637.9909999967
-10597440.9409,3461637.761500001
-10597459.1678,3461637.4373999983
-10597477.3527,3461637.1521999985
-10597495.5772,3461637.018600002
-10597513.7227,3461636.802500002
-10581646.2869,3481926.2479000017
-10581609.4044,3481925.6186999977
-10581682.2872,3481947.921599999
-10581726.3505,3481989.0034999996
-10581699.6034,3482008.798100002
-10581663.8181,3481999.2876999974
-10581624.8571,3481998.758100003
-10581606.3754,3481998.657300003
-10581585.4268,3481998.5727000013
-10581557.9311,3482010.013700001
-10581516.5039,3481955.4526000023
-10581551.1267,3481927.409199998
-10581468.7648,3481960.421099998
-10581443.8521,3481997.893799998
-10581377.4708,3481944.9673999995
-10581335.9476,3481982.2338000014
-10581269.0337,3482000.479699999
-10581201.4863,3482018.1279999986
-10581163.138,3482018.331799999
-10581127.3497,3482018.791699998
-10581019.6528,3482020.1449000016
-10580983.7857,3482020.725900002
-10580948.1449,3482021.1855999976
-10580910.3753,3482021.796599999
-10580872.0143,3482021.4289000034
-10580841.7977,3482009.494099997
-10580838.3842,3481967.923299998
-10581509.6372,3481931.4487999976
-10581244.3699,3482016.5610999987
-10581159.0684,3481972.5631000027
-10581047.1026,3481973.3260999992
-10580924.3584,3481973.524899997
-10580889.3299,3481961.951399997
-10580918.8056,3481950.8562999964
-10580974.1881,3481950.8778000027
-10581046.837,3481950.608099997
-10581121.3,3481949.990199998
-10581158.7164,3481949.7537999973
-10581369.6462,3481901.7568999976
-10581330.1004,3481901.9099999964
-10581260.1236,3481902.853100002
-10581219.2335,3481903.0803000033
-10580998.7985,3481905.3347000033
-10581072.2202,3481882.6445999965
-10581146.5581,3481881.454099998
-10581182.7396,3481880.9431999996
-10581219.0971,3481880.6130999997
-10581293.3929,3481879.8200000003
-10581356.4862,3481879.1242000014
-10581297.1565,3481902.5737000033
-10581601.4269,3481845.9574000016
-10581600.2443,3481808.8455
-10581556.6687,3481846.129900001
-10581557.4747,3481881.0966000035
-10581535.5726,3481881.0138000026
-10581463.2027,3481837.4070999995
-10581480.6483,3481883.7311000004
-10581440.9357,3481890.156999998
-10581411.9147,3481845.599799998
-10581383.6755,3481833.6636999995
-10581346.8256,3481832.5776999965
-10581274.3026,3481833.4306999967
-10581244.0372,3481809.449699998
-10581205.2164,3481833.4614000022
-10581128.4818,3481835.4695999995
-10581094.5532,3481835.852499999
-10581057.9682,3481836.0683000013
-10580945.4719,3481842.4839999974
-10580944.9911,3481898.5621000007
-10580893.0844,3481827.654799998
-10580867.6039,3481822.6471000016
-10580836.1232,3481864.963399999
-10580837.672,3481906.9672000036
-10581207.7194,3481809.0097000003
-10581276.6917,3481808.9918000028
-10581313.2681,3481808.5595000014
-10581348.8888,3481807.827399999
-10581391.2469,3481808.0222000033
-10581441.4639,3481804.9623000026
-10581161.8041,3481834.970899999
-10581242.7547,3481833.7700000033
-10647538.936,3506550.0709000006
-10585372.4563,3506927.186499998
-10585347.3094,3506885.4623000026
-10585355.3288,3506826.348700002
-10585398.1304,3506859.1448
-10585406.838,3506824.0534000024
-10585417.392,3506768.3712000027
-10585385.4978,3506768.0108999982
-10585428.7284,3506731.9179000035
-10585446.3864,3506673.545599997
-10585413.7298,3506669.6680999994
-10585622.5973,3506664.075099997
-10585550.4147,3506666.4371000007
-10585461.0892,3506768.8616999984
-10585485.48,3506740.3103
-10585617.2716,3506757.7742
-10585594.5017,3506761.101499997
-10585552.4983,3506762.751500003
-10585614.6881,3506721.6297999993
-10585543.1745,3506819.928199999
-10585531.2444,3506839.3433
-10585467.9898,3506863.717299998
-10585461.5032,3506825.5165000036
-10585483.4519,3506824.189000003
-10585506.3799,3506822.057599999
-10585595.8322,3506841.9488999993
-10585584.8345,3506860.016599998
-10585519.2013,3506928.935999997
-10585481.1118,3506926.8433
-10665999.2435,3508143.6174999997
-10665899.7196,3508215.0753000006
-10665985.6373,3508121.0424999967
-10665967.7521,3507945.264799997
-10665917.0409,3507714.1049000025
-10665793.6328,3507739.6873999983
-10665823.2309,3507848.016400002
-10665827.6305,3508199.4277999997
-10665788.5371,3508115.221699998
-10665784.7839,3508083.195600003
-10665759.7204,3508000.2577000037
-10665755.4794,3507959.7453999966
-10665751.0482,3507918.8090000004
-10665675.4043,3508106.957800001
-10665662.5441,3507798.7238000035
-10665680.7896,3507723.056900002
-10666049.2755,3507944.779600002
-10666041.1986,3508196.684799999
-10571585.7372,3474364.557599999
-10571505.9632,3474365.5781999975
-10571465.9055,3474365.965099998
-10667004.565,3505531.008100003
-10666967.9889,3505573.7201000005
-10666948.1002,3505615.402599998
-10666969.1338,3505513.901900001
-10666816.0307,3505542.036399998
-10666831.4576,3505509.3944000006
-10666947.3008,3505292.728699997
-10666969.6147,3505202.8906999975
-10666986.049,3505165.972099997
-10666998.7925,3505135.6067999974
-10667070.3373,3505299.1625000015
-10667062.0564,3505320.8979
-10667011.9728,3505424.473200001
-10666997.4003,3505455.0832
-10666880.7758,3505640.710000001
-10666860.8571,3505682.4790999964
-10666928.296,3505657.0786999986
-10662648.3476,3510747.3742000014
-10662523.5361,3510710.5403999984
-10662559.0337,3510710.2258
-10662465.732,3510634.3206999972
-10662607.6978,3510614.3083000034
-10662870.7812,3510606.0288999975
-10663047.8377,3510604.280000001
-10663247.9619,3510597.0631000027
-10663290.2044,3510650.7036999986
-10663290.8575,3510869.5815000013
-10663195.863,3510918.2883
-10663146.7837,3510918.9443000033
-10663087.5371,3510919.5571999997
-10662981.906,3510921.0803999975
-10662609.2618,3510901.8703999966
-10662610.0199,3510863.074500002
-10662653.102,3510804.985600002
-10662603.4839,3510805.6033999994
-10662566.3007,3510805.9946999997
-10662492.5679,3510807.119099997
-10662748.9273,3510829.739
-10662792.8425,3510829.250699997
-10663054.934,3510699.365000002
-10662923.1896,3510700.831600003
-10662704.8101,3510703.511
-10662466.1325,3510864.499300003
-10662466.8603,3510903.032399997
-10662466.4868,3510943.1208000034
-10662935.1755,3510921.8034999967
-10663142.7636,3510698.3863999993
-10662422.7475,3510692.1675999984
-10662836.7578,3510828.762500003
-10662880.673,3510828.2739000022
-10663098.8488,3510698.875699997
-10662446.8449,3510730.409900002
-10663179.2945,3510602.8024000004
-10663187.4077,3510856.5632999986
-10663135.6259,3510603.1547000036
-10662488.0454,3510710.7920999974
-10662647.9514,3510709.159699999
-10662647.4868,3510670.599200003
-10663091.8071,3510603.7396000028
-10663287.2832,3510772.8293000013
-10663287.3031,3510820.820299998
-10663243.7173,3510922.4378999993
-10662706.0816,3510925.855300002
-10663056.3339,3510826.318599999
-10663212.9619,3510809.6203999966
-10663186.2707,3510745.7929000035
-10663185.8379,3510713.8818000033
-10663011.0192,3510699.8539000005
-10662529.1492,3510806.6143999994
-10663232.3592,3510667.0808999985
-10662914.5053,3510605.5062000006
-10657274.2948,3510820.748499997
-10657368.5124,3510819.2512999997
-10658464.3982,3510903.2518000007
-10658499.6738,3510809.2600999996
-10659045.985,3510829.931400001
-10659043.5275,3510667.389399998
-10659134.817,3510636.633299999
-10659080.6686,3510365.094800003
-10659001.3411,3510371.5046999976
-10658946.3877,3510374.1374000013
-10658901.3714,3510373.597099997
-10658866.7379,3510373.217100002
-10658079.6962,3510812.6961999983
-10657814.9198,3510815.1904999986
-10657920.8314,3510814.1900999993
-10657973.787,3510813.6997999996
-10658314.5206,3510842.1877999976
-10658236.2906,3510845.9948000014
-10658185.9238,3510811.674900003
-10658132.6517,3510812.1872000024
-10659202.1482,3510635.630900003
-10659247.3615,3510774.399700001
-10659044.4741,3510716.2355000004
-10659045.6095,3510783.0129999965
-10659306.3977,3510608.4833000004
-10659426.6536,3510591.318599999
-10676551.7588,3509957.560999997
-10676653.6131,3509938.455499999
-10676716.7812,3509957.3215999976
-10676754.1553,3509931.292000003
-10676796.7672,3510026.0716999993
-10676909.0253,3509862.0918999985
-10676913.534,3510017.7885999978
-10677085.4596,3510005.9538000003
-10677073.2332,3509368.8940000013
-10677070.6822,3509215.2217999995
-10676805.3891,3509142.1871000007
-10676681.136,3509141.817400001
-10676656.9134,3509729.1108999997
-10676624.262,3509451.7727999985
-10676622.8594,3509375.4289000034
-10676780.3096,3509216.320799999
-10676870.3074,3509318.9459000006
-10676871.7052,3509395.278999999
-10676874.3012,3509537.0424000025
-10676875.0999,3509580.659699999
-10676876.3022,3509647.3967999965
-10676940.0485,3509734.7971
-10666146.2253,3505022.0665000007
-10666211.8069,3504952.0091999993
-10666189.0184,3504909.076700002
-10666196.002,3504878.6252000034
-10666138.3685,3504783.847599998
-10666190.2178,3504790.3693000004
-10666255.3044,3504820.300300002
-10666320.8696,3504850.1094999984
-10666354.1117,3504864.996600002
-10666419.9513,3504894.985299997
-10666824.2942,3505073.052199997
-10666857.7065,3505096.4755999967
-10666788.8092,3505159.3552
-10666898.9831,3505155.7356999964
-10666812.3109,3505222.209399998
-10666799.3087,3505250.023400001
-10666792.3673,3505277.289999999
-10666788.9455,3505309.158200003
-10666512.3712,3505215.033
-10666477.8113,3505199.3034000024
-10666312.2343,3505123.9417999983
-10666248.773,3505095.0606999993
-10666528.1589,3505129.8813000023
-10666685.0996,3505228.0320999995
-10666654.8864,3505099.270999998
-10666533.0091,3505041.6917999983
-10666382.7352,3504971.342699997
-10666139.0347,3505062.9595
-10666187.0954,3505066.9865000024
-10666145.9666,3504743.9221
-10666620.889,3504986.6926999986
-10666753.285,3505047.270499997
-10666684.4575,3505113.1482999995
-10666407.9608,3505072.036200002
-10648761.9949,3506469.6559000015
-10648761.9027,3506417.5621000007
-10648761.8106,3506365.4685999975
-10648761.7184,3506313.3752000034
-10648761.534,3506209.1890999973
-10648761.2421,3506156.4812999964
-10648761.12,3506053.3364000022
-10648853.1085,3505871.7567000017
-10648852.2612,3506019.715300001
-10648851.4839,3506155.344899997
-10648851.3434,3506180.005099997
-10648850.6364,3506303.3065000027
-10648850.2834,3506364.957699999
-10648959.8304,3506414.6353999972
-10648962.6513,3505921.432599999
-10648962.8633,3505884.443099998
-10648963.0039,3505859.783500001
-10649048.6344,3505905.1680999994
-10649048.6643,3506008.5835999995
-10649048.459,3506060.899899997
-10649048.5823,3506113.770800002
-10649048.7792,3506165.578400001
-10649049.0266,3506217.0491999984
-10649049.2094,3506268.5766000003
-10649049.5896,3506320.1018999964
-10649049.7579,3506370.7267000005
-10649050.2533,3506419.8510999978
-10649049.8307,3506469.1598000005
-10649036.6466,3505670.4623000026
-10649171.587,3505669.4614000022
-10649178.1994,3505767.737300001
-10649123.8824,3505767.8779999986
-10656523.1622,3514403.8134000003
-10656525.5542,3514633.7405999973
-10656526.0327,3514679.7267000005
-10656526.5111,3514725.7128000036
-10656528.4238,3514909.6587999985
-10656529.1419,3514978.638700001
-10656529.8603,3515047.619900003
-10656530.3375,3515093.6076000035
-10656534.1227,3515461.4263999984
-10656534.645,3515507.5009000003
-10656519.9495,3514169.5671000034
-10656521.7345,3514261.502700001
-10662468.2097,3510324.828599997
-10662471.8483,3510433.399599999
-10662463.3232,3510519.1212000027
-10662671.1518,3510276.494099997
-10662733.993,3510238.8561000004
-10662705.9712,3510265.0425999984
-10662756.7634,3510329.941399999
-10662789.0484,3510327.5226000026
-10662860.0673,3510279.2388999984
-10662876.3161,3510450.621100001
-10662875.3862,3510556.3702000007
-10662741.9692,3510419.593999997
-10662669.6663,3510522.6514
-10662618.9157,3510522.1094999984
-10662569.5126,3510520.4750000015
-10662464.2462,3510556.7533000037
-10662545.1257,3510520.2446999997
-10662775.5927,3510417.382600002
-10662777.0882,3510524.6155999973
-10662875.5473,3510520.9689000025
-10662936.103,3510276.8549999967
-10662713.3904,3510415.8290000036
-10662610.6831,3510407.762500003
-10662901.3922,3510277.4990999997
-10662594.217,3510276.9529
-10662467.9436,3510288.7051
-10662468.4756,3510360.9733000025
-10662560.0184,3510277.156999998
-10599464.9922,3484518.0626000017
-10599416.1169,3484542.1558
-10599268.9915,3484541.1176000014
-10599241.6487,3484660.078599997
-10599295.4248,3484659.767999999
-10599344.3067,3484660.0742999986
-10599356.8317,3484660.0522999987
-10599415.1508,3484660.3691999987
-10599457.7655,3484660.0229
-10599611.0051,3484660.3913000003
-10599623.9672,3484660.3889999986
-10599556.2143,3484617.156300001
-10599572.5922,3484617.2314999998
-10599588.2671,3484617.449199997
-10599632.9907,3484615.7985000014
-10599596.1799,3484585.071999997
-10599573.283,3484585.1743
-10599573.5544,3484543.149899997
-10599650.108,3484551.6733999997
-10648670.6786,3513774.745099999
-10648667.4389,3513716.6520000026
-10648664.1724,3513692.5036000013
-10648648.1708,3513614.1970999986
-10648569.769,3513701.260499999
-10648550.3007,3513620.2387000024
-10648497.4072,3513700.6142999977
-10648496.3887,3513655.907700002
-10648456.9049,3513674.521899998
-10648458.5029,3513726.693599999
-10648460.92,3513776.7985000014
-10648463.3404,3513823.476499997
-10648546.8738,3513528.1856999993
-10648488.7852,3513484.4613000005
-10648401.8793,3513499.668899998
-10648381.8704,3513966.4311999977
-10648297.7396,3513968.361299999
-10648321.6976,3513881.7010999992
-10648347.2821,3513881.2277000025
-10648400.5066,3513824.103
-10648399.6594,3513775.224200003
-10648397.6567,3513678.6159999967
-10568047.525,3473493.166000001
-10567992.39,3473420.4394000024
-10655559.1097,3488818.1076000035
-10655587.9839,3488780.382100001
-10655601.5617,3488765.4712999985
-10655634.4263,3488734.6565999985
-10655649.4441,3488718.1444000006
-10655671.4476,3488692.9461999983
-10655685.3307,3488675.4853999987
-10655700.5116,3488654.3775999993
-10655733.5263,3488600.3264999986
-10655618.4645,3488750.2095
-10655546.1615,3488736.4809999987
-10655560.471,3488721.7184000015
-10655590.5188,3488694.3095000014
-10655627.2892,3488654.326899998
-10655659.9487,3488610.889200002
-10655684.417,3488570.6169999987
-10655694.6623,3488551.441399999
-10655703.7387,3488531.6084999964
-10655711.4688,3488512.990699999
-10655600.6924,3488683.9491000026
-10655787.001,3488461.4465999976
-10655798.5832,3488406.3549000025
-10655782.0849,3488354.9543000013
-10655761.9939,3488337.3685000017
-10655711.3644,3488288.4179999977
-10655666.6339,3488246.6631999984
-10655645.3219,3488239.0525999963
-10655618.3406,3488238.9285999984
-10655596.5793,3488239.6008
-10655727.2708,3488475.819799997
-10655746.9599,3488395.035700001
-10655679.8499,3488332.548600003
-10655664.3775,3488317.4875999987
-10655648.5724,3488303.802000001
-10655630.2317,3488297.5058000013
-10655607.7816,3488296.8301
-10655578.8595,3488296.8858999982
-10655552.54,3488297.2031000033
-10655530.271,3488297.470700003
-10655510.6892,3488297.707199998
-10655484.9975,3488298.0160000026
-10655424.4374,3488298.7436999977
-10655392.3514,3488299.130099997
-10655370.0122,3488299.3992
-10655340.1014,3488299.931400001
-10655512.182,3488241.5521000028
-10655486.738,3488241.8247999996
-10655389.873,3488241.532300003
-10655366.8384,3488241.4472000003
-10655337.794,3488241.309100002
-10569007.2586,3464950.778499998
-10568994.5853,3464963.5156000033
-10568972.9722,3464985.3945999965
-10568859.706,3465010.582699999
-10568843.9638,3464996.3187000006
-10568840.4152,3464954.3255999982
-10568872.5678,3464922.3606999964
-10568898.3002,3464896.2304999977
-10568922.2312,3464881.917300001
-10568949.6706,3464948.4365999997
-10568932.6958,3464965.389700003
-10568915.2399,3464983.0271999985
-10568896.6466,3465000.180399999
-10568867.2329,3464882.6345999986
-10568845.7542,3464904.5961000025
-10568778.8294,3464930.5463000014
-10568726.2569,3464863.8013999984
-10568832.9504,3464858.4560000002
-10568773.4642,3464762.0559
-10568765.2718,3464771.238499999
-10568663.0039,3464816.281199999
-10568630.8486,3464790.0405
-10568618.4131,3464776.3791000023
-10568728.865,3464693.7437999994
-10568631.5031,3464694.447999999
-10568611.0198,3464720.903300002
-10568508.3562,3464665.1647000015
-10568570.3728,3464591.096900001
-10568600.7962,3464567.9206999987
-10568641.0585,3464584.2462000027
-10568635.6374,3464628.5178000033
-10568467.6649,3464645.2586999983
-10568441.9307,3464621.7392000034
-10568396.0443,3464574.155199997
-10568427.2478,3464530.935800001
-10568443.222,3464512.8989000022
-10568458.8055,3464497.4174999967
-10568501.0877,3464516.3945000023
-10568481.3689,3464533.6341999993
-10568433.9538,3464479.899599999
-10568403.5225,3464510.5842999965
-10568372.6282,3464546.9011999965
-10568354.5237,3464546.820600003
-10568304.8217,3464499.8593999967
-10568267.6512,3464470.274700001
-10568252.1333,3464454.917000003
-10568274.7689,3464412.7141000032
-10568350.7575,3464433.3593999967
-10568365.132,3464444.6067999974
-10568374.9955,3464451.7229999974
-10568390.6504,3464463.8188000023
-10568366.199,3464492.5168000013
-10568332.2593,3464464.1308000013
-10568303.3516,3464438.4531000033
-10568252.596,3464378.038400002
-10568244.6313,3464387.1955000013
-10568236.9314,3464399.966300003
-10568205.5152,3464414.6180000007
-10568188.0416,3464401.3413999975
-10568172.5043,3464384.516999997
-10568167.8564,3464281.4641000032
-10568185.8569,3464261.3301
-10568233.8734,3464314.2293
-10568225.5785,3464336.6837000027
-10568209.3231,3464355.5527999997
-10568179.3458,3464338.398699999
-10568191.3322,3464323.4378999993
-10568128.7392,3464323.9723000005
-10568051.7331,3464258.0956000015
-10568040.1473,3464140.0798000023
-10568042.6983,3464064.6008
-10568043.4848,3464040.9591000006
-10568073.9924,3463972.181400001
-10568088.7291,3463974.8484999985
-10568090.3812,3464020.4558999985
-10568108.7026,3464097.634800002
-10568119.2441,3464151.6165999994
-10568130.8756,3464177.8571000025
-10568082.7027,3464155.820600003
-10569180.2321,3464915.3320000023
-10569088.7378,3464902.454499997
-10569029.3665,3464880.5352
-10569019.0708,3464873.736100003
-10568959.9817,3464835.112499997
-10568911.5362,3464786.6821999997
-10568904.1918,3464776.887699999
-10568843.3104,3464699.7546000034
-10568804.5836,3464655.2136999965
-10568723.0319,3464567.2333000004
-10568686.9359,3464540.542000003
-10568604.3815,3464500.3100000024
-10568581.9923,3464489.509999998
-10568559.4045,3464479.1059999987
-10568515.1298,3464458.133299999
-10568481.653,3464442.134499997
-10568470.8273,3464436.5493
-10568448.9281,3464425.715099998
-10568391.7942,3464390.797600001
-10568353.7119,3464361.603500001
-10568339.3631,3464349.695600003
-10568303.9297,3464305.3945000023
-10568278.825,3464268.8483999968
-10568229.8041,3464217.6997999996
-10568158.1544,3464097.233400002
-10568151.5299,3464074.221199997
-10568143.1309,3464037.7870000005
-10568141.5242,3464012.842799999
-10568256.5198,3464244.786600001
-10642604.6222,3515448.559600003
-10581434.373,3493204.8483999968
-10581416.6676,3493173.1287999973
-10581401.0528,3493140.894299999
-10581405.8374,3493040.1543999985
-10581449.9898,3493053.9510999992
-10579197.21,3479789.338200003
-10576873.3891,3486386.2260999978
-10576991.2973,3486487.0582000017
-10577020.8772,3486530.559100002
-10577080.0325,3486617.553199999
-10576503.61,3486314.0637999997
-10576540.5983,3486351.7688999996
-10576596.081,3486408.326700002
-10576652.0563,3486465.556400001
-10576742.8062,3486557.8923999965
-10576779.7958,3486595.5977
-10576890.7658,3486708.713600002
-10576914.6073,3486762.473700002
-10576948.5003,3486798.9918000028
-10576883.2691,3486922.6165999994
-10576831.3823,3486948.055399999
-10576726.02,3486949.421599999
-10576673.3388,3486950.104199998
-10576280.007,3486955.194799997
-10576227.3258,3486955.8757999986
-10575911.2399,3486959.956600003
-10576022.1946,3486032.1164000034
-10576140.6158,3486027.162600003
-10576188.0948,3486044.415600002
-10576268.3502,3486073.5358000025
-10579202.7511,3479439.5834000036
-10579174.1553,3479440.998499997
-10579145.5573,3479442.414999999
-10579107.0307,3479443.3589999974
-10574470.4219,3451878.790600002
-10609554.504,3506749.599600002
-10609555.368,3506903.2666999996
-10609555.5781,3506942.1664000005
-10609704.4404,3506978.6077999994
-10609704.2151,3506936.445600003
-10609702.7648,3506723.8341000006
-10609635.4678,3506638.875500001
-10609634.6784,3506767.1005999967
-10609630.8127,3507163.0588999987
-10609797.9146,3507264.8285000026
-10609796.3445,3507118.8253000006
-10609787.2576,3506638.1717000008
-10609777.3687,3506567.2837999985
-10665844.832,3506487.8125
-10665793.2211,3506467.100400001
-10665761.3873,3506452.6269999966
-10665729.3543,3506438.3703000024
-10665697.3033,3506424.100299999
-10665665.3265,3506409.7698
-10665633.4712,3506395.594999999
-10665601.4746,3506381.8379999995
-10665611.7845,3506446.931599997
-10665643.7005,3506460.6322000027
-10665684.1452,3506470.8743999973
-10665750.2053,3506504.0986
-10665728.7462,3506538.3680000007
-10665548.96,3506496.5385999978
-10665492.7036,3506471.905500002
-10665367.7733,3506495.3844000027
-10665414.6477,3506423.656300001
-10665456.8586,3506378.947300002
-10665515.0111,3506348.7490999997
-10665441.2637,3506528.524599999
-10665454.8391,3506572.7386000007
-10665502.0731,3506905.8756000027
-10590485.5897,3485373.6554000005
-10590485.2586,3485342.4186000004
-10590484.9061,3485309.184600003
-10590484.4008,3485261.5361
-10590484.2321,3485245.653099999
-10590484.0635,3485229.770499997
-10590483.7268,3485198.0046000034
-10590483.0525,3485134.4738000035
-10590484.81,3485051.309299998
-10610121.2758,3507038.4760999978
-10610122.5866,3507194.1323999986
-10610122.8801,3507232.931599997
-10610122.986,3507310.453900002
-10609874.3318,3507329.781300001
-10610035.3878,3507039.049900003
-10610035.6715,3507078.2412
-10610036.4324,3507195.036700003
-10610036.6657,3507233.970899999
-10609987.7321,3507293.842600003
-10609960.6619,3507234.6915000007
-10609960.5095,3507039.4800999984
-10609872.9646,3507196.398500003
-10609873.184,3507157.516599998
-10610123.2862,3506939.5405
-10610122.7228,3506861.975299999
-10610119.9484,3506769.3188000023
-10610029.2002,3506818.8822000027
-10609944.5776,3506770.782499999
-10609914.6167,3506677.2656999975
-10609873.6925,3506941.472400002
-10609873.2898,3506902.6741999984
-10609865.7658,3506822.897399999
-10609846.6603,3506734.114
-10580082.1793,3490583.6515000015
-10570040.537,3482005.191399999
-10569963.8869,3482081.8633999974
-10570095.7761,3482049.1972000003
-10570094.2627,3482143.3210000023
-10569796.2193,3482189.5287000015
-10569747.1429,3482198.2698
-10569892.9351,3482031.5979999974
-10569807.2084,3482046.9343999997
-10569719.8849,3482062.5094000027
-10569868.1643,3481892.1912999973
-10569646.0274,3481931.9724999964
-10569657.0362,3481992.960500002
-10569879.0551,3481953.2010999992
-10570116.6369,3481910.4966999963
-10570070.9605,3481918.7656000033
-10569982.0638,3481934.762599997
-10569939.2001,3481942.4279000014
-10569930.9395,3481882.6181000024
-10569917.5935,3481796.9356999993
-10569717.0094,3481833.342699997
-10569676.6458,3481840.2141000032
-10569544.7268,3481864.1499999985
-10569505.3454,3481871.329599999
-10569420.6874,3481906.2967000008
-10569369.3153,3481988.340300001
-10569351.4331,3482015.791000001
-10569391.0415,3482082.0331000015
-10569440.4262,3482089.5469999984
-10569470.5927,3481955.802500002
-10569528.8107,3481944.322499998
-10569536.559,3481988.0986
-10569544.1843,3482031.1799999997
-10641726.1308,3510396.2216000035
-10641724.6865,3510304.0735
-10629032.8494,3487912.4312999994
-10628975.2999,3487931.5489000008
-10628999.9792,3487964.3691999987
-10629003.0595,3487982.792199999
-10629003.3033,3488001.4988999963
-10629004.2846,3488039.303000003
-10629015.7027,3488074.734099999
-10583509.6219,3462436.9184999987
-10628918.7025,3487991.507100001
-10628880.1997,3487983.6665999964
-10628918.1,3487956.031300001
-10628917.8587,3487938.3806999996
-10628871.7877,3487894.4971999973
-10628870.5918,3487859.463600002
-10628870.2647,3487841.8145999983
-10628869.9377,3487824.165600002
-10569756.6608,3471805.083800003
-10569733.6846,3471751.753399998
-10603734.8861,3498517.9409999996
-10603717.8699,3498526.5151999965
-10603686.333,3498542.491700001
-10603670.14,3498550.9153999984
-10603598.0433,3498578.056599997
-10603587.7373,3498520.5077000037
-10603709.0079,3498461.863499999
-10603692.7479,3498428.0643000007
-10603661.3108,3498444.4497999996
-10603629.9522,3498460.5068000033
-10603586.924,3498475.382299997
-10603585.4145,3498399.1281000003
-10603615.1952,3498394.0578999966
-10603666.4776,3498368.4265
-10603661.6789,3498322.690399997
-10603625.0791,3498327.1494000033
-10603605.7446,3498334.7951999977
-10603581.9933,3498334.420500003
-10603581.6523,3498259.0305999964
-10603604.4197,3498253.964299999
-10603622.322,3498253.8483999968
-10603640.2339,3498253.702399999
-10603659.8174,3498253.1296000034
-10603659.2637,3498214.8825000003
-10603599.6379,3498220.3255999982
-10603580.2999,3498206.5177000016
-10603579.2807,3498163.902599998
-10603596.9984,3498147.518799998
-10603658.4499,3498152.5490000024
-10603657.9123,3498111.2815999985
-10603620.4637,3498111.185999997
-10603579.0242,3498111.4244000018
-10603578.2247,3498049.6887999997
-10603599.9705,3498049.5631000027
-10603637.6839,3498049.254900001
-10603657.4126,3498048.8835000023
-10603637.8436,3498010.5591999963
-10603620.2924,3498011.712200001
-10603597.5355,3498015.765299998
-10603578.006,3498001.8949000016
-10603596.1618,3497945.184600003
-10603620.0737,3497949.2432999983
-10603637.4964,3497950.1937000006
-10603656.7481,3497949.7480999976
-10603656.1174,3497911.3332
-10603619.2507,3497912.652599998
-10603596.6771,3497917.1349000037
-10603576.795,3497903.5111000016
-10603594.0861,3497846.479500003
-10603635.3169,3497851.2502000034
-10603654.7802,3497850.6701999977
-10603708.0659,3498057.5719000027
-10603707.6852,3498037.7383999974
-10603707.4533,3498019.9993999973
-10603707.2214,3498002.2606000006
-10603706.9892,3497984.5216000006
-10603706.7572,3497966.7827999964
-10603706.5251,3497949.0439999998
-10603706.2932,3497931.305200003
-10603706.0615,3497913.566399999
-10603705.8292,3497895.8280000016
-10603705.5972,3497878.089299999
-10603705.3527,3497860.358000003
-10603705.0676,3497842.6471000016
-10603758.0074,3498446.770300001
-10603748.8529,3498430.693599999
-10603739.821,3498415.406499997
-10603731.2031,3498399.9777999967
-10603722.9647,3498384.2881999984
-10603712.368,3498367.2119000033
-10603712.3842,3498347.7104
-10603711.9369,3498330.1251000017
-10603711.239,3498294.8932000026
-10603710.5572,3498259.656199999
-10603709.9558,3498224.3743999973
-10603709.6715,3498206.7282999977
-10603709.4201,3498189.075199999
-10603709.1992,3498171.4338999987
-10603708.9204,3498153.764399998
-10603708.668,3498136.068599999
-10603708.4177,3498118.3718999997
-10603708.4987,3498099.9337000027
-10603777.5591,3498499.1950000003
-10603794.4308,3498490.219800003
-10603639.4554,3497822.1396000013
-10603589.4889,3497822.714299999
-10570086.362,3471686.6168000028
-10594328.6038,3461126.6257999986
-10575316.2816,3500751.291100003
-10636335.9535,3520127.3849000037
-10639005.2155,3511497.8187000006
-10639024.98,3511517.4174999967
-10639045.7863,3511538.0491999984
-10639081.6376,3511573.5999
-10639118.4287,3511610.0819000006
-10639131.0291,3511622.576200001
-10639143.0032,3511634.449500002
-10639191.7973,3511682.820600003
-10639205.1372,3511696.0522999987
-10639216.6588,3511707.4804999977
-10639433.4444,3511933.475299999
-10639453.4857,3511953.3467999995
-10639463.5062,3511963.283
-10639473.5268,3511973.2190999985
-10639483.5476,3511983.154600002
-10639493.568,3511993.0907000005
-10639503.5887,3512003.0261999965
-10639543.6711,3512042.7700999975
-10639553.6921,3512052.7052000016
-10639563.7128,3512062.6411999986
-10639573.7336,3512072.577399999
-10639583.7544,3512082.5133000016
-10639603.7961,3512102.3849000037
-10639623.8375,3512122.2569999993
-10639618.5709,3512169.9595
-10639608.1005,3512180.433600001
-10639598.2148,3512190.505400002
-10639588.3293,3512200.577200003
-10639578.7873,3512211.054700002
-10639565.3947,3512227.2635999992
-10639537.6041,3512229.8473000005
-10639521.2758,3512215.3334000036
-10639501.5198,3512192.9984000027
-10639491.4999,3512183.061800003
-10639481.5115,3512173.1303000003
-10639471.4915,3512163.2326000035
-10639461.4711,3512153.2964999974
-10639451.4501,3512143.3606999964
-10639441.4293,3512133.4245999977
-10639431.4088,3512123.4883999974
-10639421.3883,3512113.5525999963
-10639411.1746,3512103.3567999974
-10639386.3355,3512130.5621000007
-10639397.9431,3512142.474600002
-10639409.2165,3512153.6525000036
-10639420.4897,3512164.8308999985
-10639431.7191,3512176.0474999994
-10639442.4943,3512187.8408999965
-10639452.2853,3512200.6479
-10639461.931,3512213.287799999
-10639488.8087,3512232.488499999
-10639487.8029,3512293.956799999
-10639471.0104,3512300.7716000006
-10639456.6506,3512308.3901999965
-10639444.5821,3512318.5221000016
-10639433.0687,3512329.8106999993
-10639421.8105,3512341.092500001
-10639410.499,3512352.232000001
-10639399.1874,3512363.371299997
-10639387.876,3512374.5107000023
-10639305.4853,3512390.235799998
-10639058.0457,3511550.2060000002
-10639015.1228,3511507.643100001
-10639070.0272,3511562.086599998
-10639106.7807,3511598.531499997
-10639027.9172,3511573.4987000003
-10639017.1173,3511584.9900999963
-10639005.3161,3511597.0119000003
-10638994.6265,3511607.900399998
-10638968.9576,3511633.6997999996
-10638942.1469,3511606.293300003
-10638955.3442,3511592.5221000016
-10638966.8373,3511580.815399997
-10638978.3299,3511569.108400002
-10638989.5258,3511557.703599997
-10639000.5776,3511546.9130999967
-10638822.8506,3511782.746799998
-10638790.0015,3511816.329099998
-10638747.2929,3511804.8412000015
-10638760.5436,3511790.9428000003
-10638773.1858,3511778.065200001
-10638784.1844,3511766.8618
-10638796.3447,3511754.475100003
-10638808.6161,3511741.975100003
-10638819.8495,3511730.5326000005
-10638864.5477,3511685.0014000013
-10638845.1621,3511760.1926999986
-10638812.3085,3511793.5837000012
-10638867.2262,3511737.6657999977
-10639010.617,3511716.0741000026
-10638988.1862,3511739.352499999
-10638966.0752,3511761.872100003
-10638943.2226,3511785.1494999975
-10638922.8398,3511805.909699999
-10638910.2749,3511818.3194999993
-10638882.21,3511792.4690999985
-10638926.7398,3511746.5283999965
-10638950.9017,3511721.920000002
-10638892.262,3511781.6467000023
-10638902.6306,3511771.090300001
-10638914.5109,3511758.9817999974
-10638961.1295,3511711.497299999
-10638999.4236,3511727.9036
-10638984.2633,3511688.4338999987
-10638977.0682,3511750.672799997
-10638939.2496,3511733.782300003
-10639089.8063,3511635.3647999987
-10639070.0959,3511655.9087999985
-10639050.5706,3511675.7983999997
-10639040.9942,3511685.5540999994
-10639029.9365,3511696.4055999964
-10639002.5509,3511669.7490999997
-10639014.3037,3511657.347900003
-10639024.4372,3511647.026299998
-10639033.3967,3511637.8998000026
-10639063.1046,3511608.1393000036
-10639080.0442,3511645.7751
-10639060.5187,3511665.6648999974
-10639151.8109,3511697.1000000015
-10639063.4912,3511732.6735000014
-10639073.6471,3511721.784500003
-10639084.3979,3511710.833300002
-10639113.9336,3511680.7475000024
-10639124.5803,3511670.3477
-10639427.4428,3511996.3369999975
-10639437.4635,3512006.2729
-10639457.2137,3512026.2990999967
-10639557.7308,3512179.732000001
-10639547.5604,3512170.091499999
-10639537.5395,3512160.1555999964
-10639527.5191,3512150.2194000036
-10639517.4982,3512140.283699997
-10639507.4775,3512130.3477
-10639497.4567,3512120.411700003
-10639487.4359,3512110.4756999984
-10639467.3944,3512090.604000002
-10639457.3738,3512080.6679000035
-10639447.6448,3512070.5776000023
-10639474.39,3512043.3312000036
-10639484.5604,3512052.971900001
-10639504.6018,3512072.8439000025
-10639514.6227,3512082.779600002
-10639534.6639,3512102.6516000032
-10639554.7053,3512122.523500003
-10639574.7466,3512142.395199999
-10639354.301,3512163.1985
-10639366.3089,3512174.7041999996
-10639377.5821,3512185.8819999993
-10639388.8556,3512197.0600000024
-10639401.4594,3512208.4045
-10639412.7911,3512223.5659999996
-10639418.727,3512242.4114999995
-10639419.4237,3512261.9312999994
-10639414.7798,3512281.1130999997
-10639404.2379,3512297.684799999
-10639391.1712,3512309.692599997
-10639379.86,3512320.8320000023
-10639368.5484,3512331.9711000025
-10639357.2368,3512343.110200003
-10639345.9253,3512354.2493999973
-10639334.5007,3512365.1105000004
-10639321.2958,3512328.9855000004
-10639355.2307,3512295.5680000037
-10639366.949,3512284.3598000035
-10639382.2209,3512266.769299999
-10639380.1742,3512237.730300002
-10639364.1212,3512222.2595999986
-10639352.8478,3512211.0813999996
-10639341.5747,3512199.903099999
-10639329.9664,3512187.990699999
-10638901.9797,3511896.6454000026
-10638890.8585,3511907.975400001
-10638831.1608,3511896.1032000035
-10638880.4731,3511849.055399999
-10638890.9865,3511837.8510999978
-10638863.5212,3511811.3906999975
-10638841.8325,3511833.024599999
-10638818.5141,3511856.779299997
-10638711.1901,3511774.7907000035
-10638722.8863,3511762.2959999964
-10638736.1084,3511748.403499998
-10638807.9575,3511870.2481999993
-10638853.0038,3511821.644100003
-10638869.0674,3511860.6752000004
-10638758.1688,3511853.657399997
-10638700.644,3511791.2672000006
-10638887.4769,3511594.246100001
-10661127.9899,3483859.4306000024
-10582749.0778,3488985.4351999983
-10569847.5671,3471733.972099997
-10569800.4117,3471742.7983999997
-10580148.9342,3492275.840099998
-10580124.6719,3492499.655299999
-10579089.2255,3487778.0041000023
-10567933.0314,3471594.880400002
-10570058.2827,3476704.072800003
-10567518.7728,3473780.7480000034
-10667157.0554,3489875.3706
-10569516.025,3476734.575099997
-10625229.5015,3489799.0036000013
-10625198.619,3489755.503200002
-10625198.9045,3489780.1713000014
-10625149.1776,3489839.656999998
-10625150.6799,3489800.9679000005
-10625150.722,3489764.6697999984
-10625225.3201,3489559.091600001
-10625226.3637,3489590.7434
-10625226.8998,3489616.5132
-10625227.4354,3489642.283200003
-10625227.97,3489668.0072000027
-10625228.46,3489699.476300001
-10625199.2861,3489700.1022000015
-10625198.4763,3489669.110299997
-10625197.9628,3489644.3994999975
-10625197.4493,3489619.688500002
-10625198.5483,3489556.487499997
-10625169.9298,3489542.546599999
-10625145.0497,3489550.3290000036
-10625147.7136,3489598.143100001
-10625149.9255,3489637.6159000024
-10625150.5856,3489669.3867999986
-10625151.0999,3489702.5204000026
-10625112.185,3489342.9179999977
-10625060.667,3489344.471000001
-10624984.1473,3489315.082999997
-10625035.0628,3489313.4164000005
-10625059.6408,3489312.6115999967
-10625084.219,3489311.806900002
-10625111.0677,3489310.9266000018
-10625109.4213,3489257.9899000004
-10625082.5576,3489258.8715000004
-10625057.9794,3489259.6761000007
-10625033.4015,3489260.480899997
-10625008.8237,3489261.2854999974
-10624982.4863,3489262.148000002
-10624981.4889,3489230.3862000033
-10625007.8257,3489229.524099998
-10625032.4036,3489228.7194000036
-10625056.9816,3489227.9152999967
-10625081.5595,3489227.110299997
-10625108.4328,3489226.2287999988
-10625106.7837,3489173.2934999987
-10625079.8931,3489174.174900003
-10625055.3153,3489174.979800001
-10625030.7375,3489175.784400001
-10625006.1599,3489176.5891000032
-10624979.8255,3489177.4503000006
-10625193.2078,3489400.956100002
-10625177.0515,3489385.483400002
-10625162.9179,3489337.636
-10625162.2242,3489315.0632999986
-10625161.5529,3489292.4761999995
-10625160.8817,3489269.8893000036
-10625160.2105,3489247.3022999987
-10625159.5392,3489224.715400003
-10625158.8681,3489202.1283000037
-10625158.1967,3489179.541500002
-10625157.5255,3489156.954999998
-10625157.0884,3489133.488300003
-10625191.9363,3489132.2534999996
-10625192.6397,3489155.900399998
-10625193.3109,3489178.4871999994
-10625193.9819,3489201.0738999993
-10625194.6535,3489223.6611
-10625195.3245,3489246.2480999976
-10625195.9962,3489268.835000001
-10625196.6674,3489291.4218999967
-10625197.3386,3489314.0089000016
-10625198.0096,3489336.5939000025
-10625202.1105,3489364.8901000023
-10625349.1657,3489516.2386000007
-10625296.0062,3489504.956799999
-10625267.8055,3489495.688000001
-10625261.81,3489467.664099999
-10625247.0993,3489448.3945000023
-10625228.514,3489429.5769999996
-10625258.3167,3489418.5628999993
-10625258.7532,3489384.664499998
-10625258.4071,3489358.7124999985
-10625256.5182,3489335.1608999968
-10625255.8441,3489312.5029999986
-10625255.1703,3489289.8455
-10625254.4964,3489267.188000001
-10625253.8227,3489244.5305999964
-10625253.149,3489221.8731999993
-10625252.4752,3489199.215599999
-10625251.8012,3489176.5579999983
-10625251.1275,3489153.900600001
-10625250.431,3489130.3324000016
-10644226.7361,3496573.962700002
-10591849.974,3480667.318099998
-10591878.1403,3480815.5857999995
-10591631.4692,3480608.792800002
-10591584.3199,3480642.3040999994
-10591372.5503,3480670.9130000025
-10578427.0582,3487377.409000002
-10578425.8958,3487207.607000001
-10578553.2904,3487583.358900003
-10578552.0347,3487429.1829999983
-10578579.9841,3487318.8681000024
-10578568.5241,3487257.4997000024
-10578593.386,3487654.038400002
-10578663.1573,3487582.1975999996
-10578781.9662,3487583.6978999972
-10578812.6922,3487656.409699999
-10664534.3995,3512387.943599999
-10664482.0397,3512453.792199999
-10576326.4015,3496092.858000003
-10672803.836,3508179.7383999974
-10615678.0191,3491762.5490999967
-10568354.8606,3473008.902999997
-10568344.3793,3472950.8477
-10576096.4052,3475517.2898999974
-10576100.5952,3475500.164499998
-10576104.7845,3475483.0397000015
-10576134.7782,3475632.707800001
-10582087.0059,3480042.9843999967
-10582343.1771,3480035.9032000005
-10582342.4347,3480008.7453999966
-10582341.6922,3479981.5874999985
-10604727.0532,3453346.4802
-10578676.8071,3475006.4922999963
-10578677.0397,3475038.2333000004
-10578677.2742,3475069.9758
-10590609.3659,3483286.6807999983
-10665388.0787,3506763.3835999966
-10665303.0921,3506829.5034999996
-10625365.2246,3497490.0700000003
-10625361.1644,3497438.1686000004
-10625472.8984,3497373.1930000037
-10569816.5383,3476113.0107999966
-10575960.3772,3475782.5034999996
-10645942.6145,3508672.1238999963
-10577887.7813,3476339.6108999997
-10578382.0244,3479396.6944999993
-10578251.1359,3479400.5612000003
-10578216.0409,3479401.3342000023
-10578180.946,3479402.1074
-10578145.8508,3479402.8806999996
-10578110.7556,3479403.6538999975
-10578075.6613,3479404.4267999977
-10578040.5661,3479405.1994000003
-10577970.3757,3479406.7449999973
-10577935.2809,3479407.5173999965
-10577865.0913,3479409.061999999
-10577794.9005,3479410.606700003
-10577759.8056,3479411.3784999996
-10577724.7102,3479412.150399998
-10577619.4252,3479414.4658999965
-10577584.3303,3479415.237400003
-10577548.5349,3479415.8523999974
-10577488.6229,3479416.342799999
-10577547.8115,3479380.9562000036
-10575905.4149,3498273.516999997
-10576130.4105,3498280.917800002
-10648987.0049,3506464.0456999987
-10648932.0902,3506463.867899999
-10569951.2243,3476991.1401000023
-10616837.5791,3474540.586000003
-10590489.3251,3485725.732900001
-10590489.1377,3485708.0847999975
-10590488.9506,3485690.436499998
-10590488.67,3485663.9641000032
-10665341.3053,3506701.358599998
-10665269.7141,3506736.9434999973
-10665292.1388,3506644.391900003
-10665278.265,3506608.2541999966
-10665346.6798,3506511.1609999985
-10665385.5011,3506476.7246999964
-10665466.7201,3506609.3153000027
-10665476.7473,3506651.8215999976
-10665461.2651,3506727.831299998
-10665473.5852,3506783.208899997
-10585541.6261,3499812.4323000014
-10575043.3962,3499747.3889999986
-10575029.8469,3499721.610799998
-10575046.7361,3499882.3888000026
-10667043.0226,3490201.980899997
-10569671.0332,3471634.6257999986
-10575902.4102,3477384.8862999976
-10618314.2088,3491590.0473000035
-10576185.4788,3485741.362300001
-10575920.1716,3485443.9331
-10576136.1648,3485691.0896999985
-10575401.0758,3500741.4016000032
-10576662.1743,3498656.504900001
-10576598.9085,3498658.7287999988
-10576467.7887,3498584.514799997
-10627551.3103,3499322.8731999993
-10582491.0262,3498333.9055999964
-10579065.4229,3479908.1794999987
-10671870.1162,3506455.0024000034
-10578125.3039,3495618.173600003
-10662009.3444,3508440.939000003
-10575509.7117,3501131.6357999966
-10576746.9484,3498624.463799998
-10576709.892,3498560.3880999982
-10576679.7068,3498514.3389
-10586631.9179,3517335.5370000005
-10586543.9472,3517360.412100002
-10571545.8231,3474283.675999999
-10585962.0406,3509526.786899999
-10610405.6181,3488162.6900999993
-10610374.8849,3488160.904799998
-10672024.5396,3506482.7299000025
-10671928.8012,3506456.1851999983
-10628449.2283,3497216.2079000026
-10587059.1743,3474646.524599999
-10587098.8425,3474616.8932000026
-10577543.6751,3496312.6701999977
-10581424.628,3486673.4406000003
-10575905.2423,3500849.254900001
-10581103.9887,3478846.8510000035
-10582468.2089,3479772.2255000025
-10569479.7049,3473643.2370999977
-10575648.9953,3485869.273000002
-10575495.4843,3486089.4394999966
-10575445.716,3486088.563199997
-10664152.2955,3509604.873300001
-10581270.4549,3487185.265299998
-10581252.8884,3487185.4274000004
-10582025.1131,3480621.983900003
-10626763.2674,3483238.2282000035
-10568236.348,3477323.091799997
-10568214.6185,3477361.3249000013
-10568314.4498,3477341.4411000013
-10633473.9469,3493487.7040000036
-10646945.1907,3499515.105800003
-10579075.163,3485852.396399997
-10579193.8453,3489115.8989999965
-10672538.7188,3512924.584899999
-10594804.7817,3475796.6718000025
-10672155.195,3501360.219499998
-10576899.7224,3478856.978100002
-10588197.9041,3520732.2365000024
-10592083.7557,3489025.6043
-10678911.8522,3515756.5908999965
-10662250.1856,3508562.9990999997
-10675737.5299,3509844.8960999995
-10577393.5208,3479494.4585999995
-10576530.6051,3501556.660099998
-10576892.5262,3498927.9268999994
-10576970.547,3498970.3816
-10628345.5078,3497507.6300000027
-10580179.2188,3479157.6477999985
-10580179.6349,3479177.400700003
-10670427.6153,3506518.127700001
-10580589.5794,3487836.4470999986
-10580605.7102,3487836.2849999964
-10580621.3405,3487836.1279999986
-10580636.9708,3487835.971000001
-10579296.99,3481103.257799998
-10638679.5885,3514963.6853
-10581201.6166,3498069.3817000017
-10577367.5886,3479501.9842000008
-10577334.8101,3479500.633100003
-10607593.5572,3494128.046599999
-10610377.2073,3488896.0670000017
-10612303.5815,3488913.9186000004
-10612282.1134,3488914.2082
-10612260.6453,3488914.4978
-10612239.1762,3488914.7880999967
-10585635.2818,3509287.8812000006
-10675627.1252,3513966.2343999967
-10675632.4332,3514318.752700001
-10590992.2347,3475738.3302000016
-10664607.4188,3512367.1089999974
-10591449.6076,3515680.7043000013
-10582198.9612,3487375.6841999963
-10582182.8929,3487375.8922000006
-10582183.2097,3487342.3477
-10582182.7575,3487307.0480000004
-10582165.1401,3487302.8627000004
-10581901.8855,3487469.6336999983
-10587467.8428,3518112.6094999984
-10587344.6278,3518113.903300002
-10587451.1972,3518204.7874
-10586740.7323,3518445.6357999966
-10586567.4503,3518447.763899997
-10587011.6214,3518350.6358999982
-10586961.5603,3518351.465800002
-10586862.2537,3518281.7324
-10586517.0709,3518193.027400002
-10586218.8187,3518196.4421999976
-10586120.2459,3518197.4679000005
-10586095.6027,3518197.724200003
-10586518.7521,3518355.786899999
-10586493.3344,3518356.358000003
-10586394.7605,3518357.3857000023
-10586196.8835,3518288.6740999967
-10586295.4569,3518287.6479
-10586369.3869,3518286.877700001
-10586346.4272,3518449.782200001
-10586149.2746,3518451.8462999985
-10586099.9864,3518452.3589999974
-10586075.3423,3518452.615199998
-10599279.0731,3482728.3828999996
-10576376.6013,3475337.4011999965
-10568400.2221,3472743.9055999964
-10581615.2963,3487210.1586000025
-10641808.6657,3519614.5537
-10674205.378,3513796.6384000033
-10659411.4364,3511637.8866000026
-10659412.6962,3511590.9899000004
-10650952.866,3510123.746299997
-10580601.758,3487667.8022999987
-10580671.4307,3487719.4253999963
-10580637.1846,3487719.748499997
-10580594.4958,3487754.1944999993
-10580626.1075,3487753.896399997
-10580766.939,3481397.1316
-10658778.2322,3511191.4214999974
-10658751.3279,3511191.6599999964
-10627431.4905,3494235.5393999964
-10658963.1828,3510798.280199997
