x,y
-10613402.3261,3471222.966600001
-10599195.2023,3455879.4488999993
-10615096.1648,3474718.9230000004
-10615249.9411,3474755.659000002
-10615370.1834,3474785.2898999974
-10615539.295,3474966.4114999995
-10615479.8648,3474914.9157999977
-10615378.57,3475043.5332999974
-10615072.1655,3475133.4530000016
-10615233.5861,3475261.457999997
-10615545.4145,3475072.7795
-10615850.1557,3474988.1339000016
-10615175.969,3475476.3786000013
-10615654.2467,3475631.077399999
-10615701.007,3475601.7892000005
-10615591.336,3475571.5320999995
-10615359.0892,3475850.912299998
-10611446.1874,3476935.6168000028
-10611158.8723,3476593.955499999
-10611431.1498,3476131.499499999
-10611479.9289,3475430.973899998
-10611461.1756,3475303.2031999975
-10611349.8313,3475158.6309999973
-10611124.2209,3474940.8850999996
-10618083.3696,3470961.777800001
-10618014.8827,3470926.918200001
-10618145.8076,3470968.6186000034
-10617934.3235,3470965.5643000007
-10617435.5123,3494704.9758
-10617666.419,3494446.828400001
-10616072.0642,3491369.4988999963
-10616238.325,3490898.2355000004
-10617384.6912,3490561.8060000017
-10618075.5876,3491751.4487000033
-10617173.5048,3491891.0889
-10622016.2543,3452848.5212000012
-10621955.3876,3452740.7690000013
-10621623.9714,3452511.3809999973
-10622078.362,3452508.3869000003
-10612818.2124,3476533.0776000023
-10612836.2774,3476454.270999998
-10616868.2651,3474431.634499997
-10617084.9718,3474266.4443999976
-10617816.9599,3473655.958499998
-10617817.0606,3473682.3354
-10617676.0639,3473597.2168999985
-10617692.0968,3473467.544500001
-10617535.4144,3473564.3315000013
-10613270.266,3476241.8457999974
-10618738.2892,3478609.6281000003
-10576422.2701,3460184.2914000005
-10576575.0197,3460075.029600002
-10576542.3735,3460016.7634000033
-10575953.6132,3460007.5429999977
-10576051.1932,3460155.827299997
-10576026.3723,3460198.0754000023
-10576589.7631,3460346.1635999978
-10576615.2913,3460420.1894999966
-10576456.7522,3460496.0314000025
-10576369.9978,3460591.3237000033
-10576477.0051,3460637.0672999993
-10576259.9688,3460988.047600001
-10576071.4713,3461051.2776999995
-10576237.224,3461216.6775999963
-10576838.0354,3460935.7924999967
-10575073.6809,3460887.5868000016
-10617153.1188,3474845.7641000003
-10626951.4289,3466507.0097000003
-10626919.7483,3466214.338799998
-10626847.14,3466031.7139
-10626858.3868,3465650.4033999965
-10626969.6117,3465464.7685000002
-10627213.2643,3465414.7396000028
-10627195.7316,3465414.8390000015
-10627145.6729,3465577.3948
-10627290.9455,3465850.7760000005
-10627104.1757,3465852.3139000013
-10627201.7926,3466025.662100002
-10627202.6742,3466091.914300002
-10627160.851,3466092.5912000015
-10627091.4588,3466377.173600003
-10627227.3355,3466375.1965999976
-10627585.8963,3466253.690899998
-10627676.3962,3466204.2092000023
-10627585.0191,3466206.2710999995
-10627893.9502,3465572.2016000003
-10627911.4688,3465348.7651999965
-10612510.8742,3470940.5398999974
-10612529.1546,3471163.639200002
-10612507.6122,3471055.037100002
-10612490.0948,3471104.8303999975
-10612456.9874,3471093.2271
-10612168.214,3471082.313500002
-10612162.5291,3471098.534699999
-10612450.1815,3471218.402999997
-10612411.2586,3471223.2638000026
-10612107.9399,3471253.8671000004
-10618919.59,3478214.824199997
-10609899.4016,3466192.9465000033
-10609630.5162,3466072.5988000035
-10609687.4646,3466240.849799998
-10620773.2316,3473451.4864000008
-10621198.3454,3473765.217799999
-10621180.473,3473752.1999000013
-10620594.9999,3473736.374499999
-10621324.8757,3474421.290100001
-10621319.3369,3474597.8896000013
-10582236.4146,3492418.4452000037
-10582035.4022,3492057.1010999978
-10618210.6135,3469835.636699997
-10614310.8491,3475199.918300003
-10614440.337,3475266.4060999975
-10614766.7967,3475238.347199999
-10614766.6336,3475220.585699998
-10614804.78,3475201.9103000015
-10614711.0314,3474964.7764
-10618538.4394,3471627.0078999996
-10618573.3568,3471590.1237000003
-10618862.5589,3471616.420900002
-10613816.8022,3474898.8400000036
-10613769.8314,3475145.0121000037
-10612495.2925,3475190.025200002
-10612800.5346,3475699.7488999963
-10612888.4473,3475874.804700002
-10623250.3928,3491341.3971000016
-10623225.9327,3491447.8532999977
-10623177.9808,3491483.2967000008
-10610359.1181,3475427.9531000033
-10618934.1897,3472375.4064000025
-10621539.0636,3475071.1652000025
-10621530.292,3475071.319799997
-10621726.219,3475255.7707
-10621434.2845,3475315.6977000013
-10621569.3605,3475313.583800003
-10621473.3153,3475315.5055000037
-10621530.5182,3475352.191200003
-10621685.3173,3475443.227600001
-10621625.239,3475545.5194000006
-10622000.0915,3475401.1459000036
-10622077.8271,3475306.6448
-10621999.4407,3475494.8800000027
-10622167.8338,3475491.1251000017
-10622158.3177,3475436.7621000037
-10622493.0425,3475207.8191
-10622145.6953,3475135.684600003
-10622823.2881,3475390.599200003
-10622792.6333,3475390.933799997
-10622626.0293,3475392.794200003
-10623057.2991,3475518.6677
-10622880.5749,3475390.041100003
-10623195.4332,3475330.446800001
-10623260.2583,3475614.0442999974
-10617433.5324,3478678.216600001
-10625799.1149,3465508.257100001
-10622380.9109,3469883.710900001
-10582539.84,3492107.8680000007
-10582987.7083,3491594.235600002
-10615556.568,3483751.496100001
-10615107.9699,3483322.5808999985
-10641404.4853,3466573.7990999967
-10640428.4274,3466879.7343999967
-10641427.2639,3463385.3259000033
-10641503.523,3463019.398400001
-10641454.4842,3463020.161799997
-10614689.8382,3475998.6143999994
-10613146.1981,3472566.8059
-10587825.4846,3462574.4846
-10588831.2634,3465842.958300002
-10587828.4739,3462721.167800002
-10587922.9327,3463036.114699997
-10588838.8228,3465104.907200001
-10588882.1911,3463956.4921000004
-10609772.2403,3473844.461599998
-10609723.0687,3473773.714400001
-10609886.4014,3473897.856700003
-10609886.7033,3473827.3238999993
-10609952.1447,3473704.172700003
-10609885.8575,3474024.8170000017
-10609835.929,3474130.404100001
-10609532.5281,3473938.6416999996
-10609139.0612,3474127.3676000014
-10609655.8506,3474309.4904000014
-10609606.8298,3474203.4727
-10609835.5358,3474222.099200003
-10609948.7399,3474481.913800001
-10609303.8866,3474486.642999999
-10609254.7788,3474433.7378999963
-10608910.201,3474719.319600001
-10609484.7439,3474675.652599998
-10609720.8089,3474676.472599998
-10609835.2951,3474676.9003000036
-10609769.2172,3474962.3220999986
-10609719.7957,3474962.222400002
-10609605.394,3474979.407700002
-10609139.8749,3474956.0569999963
-10609073.914,3474944.4455000013
-10609253.8829,3475136.9548999965
-10609532.4344,3475176.8584999964
-10609482.9475,3475211.6199999973
-10609602.4002,3475265.1969000027
-10609833.1858,3475300.6746999994
-10610086.9662,3475144.7060000002
-10609653.0848,3475410.159400001
-10609767.9204,3475766.903999999
-10609832.45,3475842.1811000034
-10609767.7748,3475823.495099999
-10609766.1562,3476109.4444999993
-10609715.078,3476157.3856000006
-10611080.3301,3469246.702799998
-10611068.7082,3469205.2694000006
-10611042.003,3469098.8994000033
-10611144.8273,3469134.4444999993
-10611118.9522,3469066.0703999996
-10615777.4702,3475865.402900003
-10612848.572,3476843.701899998
-10605735.0292,3481062.459899999
-10605788.0022,3480930.3456000015
-10605777.9557,3480655.0068000033
-10605099.6628,3480464.474799998
-10605936.3816,3480221.6564000025
-10605353.064,3480113.2334999964
-10605888.6733,3480037.639399998
-10606050.1702,3479889.5287000015
-10605423.3143,3479877.3791000023
-10611887.0032,3470342.0722000003
-10612205.6569,3470387.6736999974
-10612290.3057,3470314.6545
-10612487.9721,3470345.7650000006
-10611924.7479,3469898.4536999986
-10612093.0802,3470026.0014000013
-10612280.0158,3470056.0864000022
-10612477.9634,3470148.1636999995
-10612405.6299,3470023.610200003
-10612357.9779,3469943.8768000007
-10612105.5547,3469909.1385999992
-10612776.4937,3470094.237999998
-10612570.6186,3469790.078400001
-10612690.1458,3469714.7876999974
-10612902.3103,3469499.2918
-10613025.2311,3469434.8012000024
-10612112.5253,3471826.438699998
-10612013.3053,3471826.3937000036
-10612130.39,3471784.108900003
-10611068.5939,3471092.973099999
-10611341.1756,3471357.623300001
-10611402.3726,3471342.6987000033
-10617739.1356,3471160.6853
-10618071.5606,3471183.976300001
-10617995.4635,3471088.7519999966
-10610861.7155,3476566.8724000007
-10610768.469,3476665.5869999975
-10610682.2044,3476666.480300002
-10618362.0269,3471326.386699997
-10612626.5508,3474640.8574
-10603849.7423,3469298.725900002
-10603883.1403,3469387.4579000026
-10603733.3993,3469566.719899997
-10603907.5228,3469705.2699000016
-10603695.6236,3469831.037299998
-10603828.6997,3470057.474100001
-10603888.1556,3470356.976499997
-10603924.3517,3470442.9978
-10603861.1679,3470762.413999997
-10603655.7942,3471118.9902999997
-10603732.6724,3472034.225299999
-10618609.0651,3469361.0266999975
-10609061.5263,3468232.5046999976
-10608893.3265,3468075.4337000027
-10608893.031,3468093.590300001
-10608821.0127,3468276.6206
-10608870.0939,3468387.578599997
-10608836.4617,3468456.9532999992
-10608780.2946,3467822.713799998
-10608728.1614,3468029.2880999967
-10608707.7167,3467731.394199997
-10608669.336,3467883.500500001
-10608702.5325,3468384.905000001
-10608710.9453,3468405.213799998
-10608595.4191,3468268.3555999994
-10608403.2463,3468311.8461000025
-10613874.675,3474951.2870000005
-10612973.0183,3476195.581600003
-10610578.9469,3470371.578599997
-10610543.6026,3470263.6099999994
-10610701.9568,3470803.064199999
-10617376.9794,3479047.893600002
-10617264.3299,3478934.0864000022
-10599732.052,3455275.8500000015
-10599619.9762,3455232.076200001
-10599216.2731,3455130.4944999963
-10616296.2829,3476462.574500002
-10616296.2406,3476445.0577000007
-10616138.9825,3476275.8408999965
-10618913.5149,3478419.559299998
-10619839.0715,3481837.3367
-10620098.7743,3483316.470200002
-10609439.9807,3476141.663400002
-10609279.8256,3476176.4551
-10609035.6644,3476175.977600001
-10609084.2574,3476088.0293999985
-10609297.7158,3475876.8319000006
-10609392.7949,3475821.649099998
-10609511.1514,3475786.462099999
-10608965.6267,3475788.083999999
-10608983.2585,3475699.9341999963
-10609357.7085,3475648.605800003
-10608983.2789,3475611.7775000036
-10609122.663,3475524.0900000036
-10608939.4592,3475470.691399999
-10608913.1912,3475435.4585999995
-10609382.7766,3475347.5808999985
-10606022.7992,3467267.5731000006
-10617085.7792,3473547.818599999
-10616501.9718,3475817.963799998
-10624617.8311,3487287.150899999
-10624085.6567,3487284.3916999996
-10623922.3578,3487304.9892000034
-10623976.9051,3487112.6696999967
-10624343.5315,3487114.6921999976
-10624996.0108,3487445.1719999984
-10624616.7573,3487573.8703999966
-10624341.0496,3487837.354000002
-10623616.1687,3487015.4169000015
-10624664.0041,3486883.9816000015
-10624785.8789,3486848.717500001
-10623710.1223,3486460.6893000007
-10623727.0984,3486398.697499998
-10623709.3719,3486381.267099999
-10623850.5531,3486328.3373000026
-10624159.637,3486296.9438999966
-10624160.0347,3486334.6635999978
-10622983.5602,3486751.2591999993
-10623068.589,3486447.445299998
-10625322.3152,3486577.9346999973
-10625198.9461,3486515.1121999994
-10625312.1266,3486750.608400002
-10625371.5674,3486862.979000002
-10625397.4934,3486749.5354999974
-10625380.8396,3486395.8166999966
-10625577.2817,3486394.785700001
-10625447.8144,3486326.803000003
-10625113.5574,3485645.0771000013
-10625281.5745,3485533.949000001
-10625133.9405,3485490.6039000005
-10625344.5669,3485489.5051999986
-10625385.6153,3485380.1985
-10625440.2252,3485547.5525999963
-10625152.0105,3485159.127700001
-10623011.9766,3485775.269299999
-10622656.4168,3485621.6432000026
-10622439.3589,3485535.0251
-10622394.0099,3485908.650399998
-10622391.335,3485587.445600003
-10622352.0052,3485600.110799998
-10622559.7018,3484441.4865000024
-10669930.4655,3507368.7435000017
-10613763.0617,3468835.6943999976
-10612410.3362,3475741.0135999992
-10612409.4908,3475561.0102000013
-10612407.2801,3475481.5156999975
-10612407.3602,3475490.3330999985
-10612351.9221,3475582.656800002
-10612319.7122,3475818.179700002
-10614348.826,3468983.0687000006
-10650672.9788,3497173.7151999995
-10651503.6322,3497037.302699998
-10607274.0358,3489129.1837000027
-10604981.2268,3489767.0716999993
-10607677.7956,3489235.3499
-10604256.0562,3488818.046099998
-10604405.4512,3488818.7553000003
-10604444.512,3503246.4800999984
-10604327.6066,3502970.8620000035
-10619352.9382,3470838.133100003
-10619056.7673,3471140.596000001
-10619056.5619,3471131.7185999975
-10619679.7555,3471341.6906000003
-10619740.8252,3471348.2617999986
-10619016.9069,3470956.398699999
-10619011.0022,3470919.8059
-10619100.2057,3470918.702799998
-10619121.6864,3471007.2722999975
-10619236.6821,3471237.856200002
-10619339.5935,3471228.4372000024
-10607992.2302,3476174.808799997
-10608329.9998,3475780.185800001
-10608405.4508,3475602.282300003
-10608066.8773,3475520.8583000004
-10607979.8592,3475557.876699999
-10608069.5182,3475432.6103999987
-10607968.4713,3475425.8113999963
-10608260.5655,3475375.8738999963
-10608294.9527,3475339.908
-10607957.0836,3475293.7474000007
-10608361.6305,3475162.1862000003
-10608434.4394,3475072.5358999968
-10608033.5136,3474762.979800001
-10607906.5211,3474588.3857000023
-10607940.0767,3474499.4892999977
-10608343.8902,3474280.5776000023
-10607920.2669,3474290.528999999
-10608250.2395,3474018.0863000005
-10608296.105,3473663.8137999997
-10608209.8357,3473699.849399999
-10608384.8196,3473484.111299999
-10608361.7812,3473396.8819999993
-10608615.5321,3475995.492700003
-10608572.0864,3475951.7344999984
-10608530.1813,3475635.0383
-10608539.509,3475193.902599998
-10608524.7761,3474574.7612999976
-10615556.6158,3469937.1116999984
-10616110.9125,3469929.369599998
-10616498.8685,3470295.7634999976
-10616590.0677,3470075.088299997
-10615702.706,3468988.941399999
-10615859.5191,3469087.0974999964
-10616810.2154,3469857.9804000035
-10616813.6783,3469817.5480000004
-10620949.6479,3479435.8954000026
-10620231.286,3479316.757799998
-10620494.7364,3479372.5683000013
-10620672.5232,3479308.6567
-10620840.1288,3479174.6855999976
-10620430.6845,3479241.7775000036
-10620457.0064,3479241.240699999
-10619985.7111,3479190.9483999982
-10619880.4163,3479192.6784000024
-10620370.4606,3479092.4015000015
-10620917.2128,3479043.717799999
-10621301.8788,3479107.2564999983
-10620509.3632,3478983.0342999995
-10620354.3124,3478923.777800001
-10619873.3426,3478860.9896000028
-10619974.2407,3478858.969700001
-10619986.5138,3478798.9902999997
-10620213.9008,3478854.715300001
-10620604.5579,3478847.628700003
-10620712.3551,3478785.4758
-10621272.4092,3478646.630400002
-10620578.9591,3478657.7440000027
-10619180.023,3478667.3104000017
-10619546.4373,3478598.501199998
-10620107.7474,3478594.336599998
-10620512.3797,3478598.8888000026
-10621362.3476,3478574.5786999986
-10620853.9919,3478392.097000003
-10620495.2379,3478133.633299999
-10620495.4032,3478144.215499997
-10620469.0784,3478137.7493999973
-10619470.4845,3478250.501500003
-10619174.1676,3478219.4922999963
-10618942.1629,3477904.720700003
-10619058.8124,3477888.9272999987
-10619098.3254,3478013.4601000026
-10619045.4019,3477926.2036999986
-10619047.7917,3478067.2946000025
-10619220.2654,3477958.1767000034
-10619466.2622,3478024.7541000023
-10620347.4494,3478020.710900001
-10620347.1267,3478003.0749000013
-10620303.6305,3478024.167000003
-10620704.9232,3478060.0653000027
-10620907.1404,3477928.5134000033
-10620613.0924,3477873.1670999974
-10620595.5444,3477873.4054000005
-10620565.1541,3477935.408699997
-10620360.6444,3477937.708300002
-10620335.0388,3477938.2251999974
-10619533.6057,3477798.669200003
-10619831.4357,3477652.2148
-10620428.5546,3477665.2025000006
-10620304.3978,3477515.880599998
-10620060.3363,3477558.4390999973
-10619937.7389,3477539.798600003
-10619334.9015,3477480.2126
-10619089.6445,3477466.8663000017
-10619090.8958,3477537.3642000034
-10619331.3795,3477261.865199998
-10619332.071,3477301.544399999
-10619401.709,3477242.8407000005
-10619524.8594,3477293.938699998
-10619862.3045,3477322.652999997
-10620179.7189,3477318.4635000005
-10620178.1224,3477238.3077000007
-10620561.6362,3477336.5782999992
-10620238.9584,3477105.9042000026
-10620173.1281,3476989.5028000027
-10620051.1382,3477017.638899997
-10619980.4175,3477030.7808
-10619541.8399,3477123.2414000034
-10619274.7033,3476990.031800002
-10619328.3481,3477091.621100001
-10619142.0316,3476947.878700003
-10619032.0433,3477100.080600001
-10619031.0346,3477047.100299999
-10618964.5057,3477108.9900999963
-10619077.9565,3476862.5835999995
-10619321.5758,3476734.4794000015
-10619516.3714,3476780.3275000006
-10619801.3187,3476744.8125
-10619854.0008,3476761.6757000014
-10619977.2927,3476847.3954000026
-10620046.7675,3476741.803199999
-10620170.989,3476879.4372000024
-10620533.9707,3476761.6916999966
-10620591.4473,3476521.1481000036
-10620461.8376,3476475.6689999998
-10619659.0124,3476458.1652999967
-10619679.4422,3476457.7051
-10619550.9658,3476550.902599998
-10619550.2162,3476508.671400003
-10619262.3428,3476263.326200001
-10619846.0468,3476341.9971999973
-10620213.2357,3476255.8891000003
-10620287.4505,3476380.4014
-10619913.5488,3476119.9406000003
-10619974.6586,3476004.5820000023
-10619067.7595,3476152.427500002
-10619133.0304,3475844.8863999993
-10619501.6187,3475824.6525000036
-10619961.5743,3475851.4985999987
-10619963.603,3475936.7260999978
-10620328.6489,3475815.949000001
-10620591.3578,3476463.8188999966
-10620523.3174,3476068.468500003
-10619900.3472,3475507.621600002
-10619303.2192,3475641.732000001
-10619487.4696,3475076.5141000003
-10619502.4321,3475049.7722999975
-10619847.2293,3475395.721500002
-10617630.3281,3478180.2018000036
-10619404.0233,3480367.9382999986
-10619060.2118,3480134.2502999976
-10619254.3351,3479940.0515
-10619271.1674,3479893.2101000026
-10619245.5599,3479940.188199997
-10619309.6383,3479686.3505000025
-10618998.2379,3480537.306400001
-10618825.1458,3480518.280100003
-10618670.6944,3480520.5732999966
-10618694.0154,3480699.032899998
-10618559.6665,3480611.791699998
-10618489.4603,3480612.8039000034
-10618635.1549,3480500.9968999997
-10618530.1451,3480522.4279000014
-10618376.198,3480523.6407999992
-10612771.9393,3474698.3916999996
-10615134.234,3476903.210000001
-10615134.6995,3476920.8043000028
-10615347.0598,3477047.3769000024
-10615711.449,3477052.223200001
-10615614.3334,3477407.547200002
-10616026.2164,3477600.9646999985
-10616025.804,3477548.2936000004
-10616088.4699,3477712.1033999994
-10615925.6581,3477694.1269000024
-10615722.9015,3477789.9635000005
-10615200.1118,3478067.479000002
-10615156.5017,3478017.1384999976
-10615257.7699,3478000.7158999965
-10615722.8753,3477952.7555000037
-10615929.5976,3478132.067599997
-10615682.2607,3478170.975100003
-10616240.652,3478328.8676000014
-10616288.3399,3478347.3922000006
-10611481.824,3473183.3857999966
-10666786.7958,3477096.423799999
-10666790.8321,3477172.2251999974
-10666506.0083,3476894.8140999973
-10666498.1904,3476974.2035000026
-10606520.538,3466520.6520000026
-10612787.2997,3471160.905199997
-10617465.0312,3469393.6947000027
-10611934.5237,3468941.8079999983
-10612018.5819,3469125.3659000024
-10612108.7051,3469103.952299997
-10612116.0056,3469120.175499998
-10612159.8394,3469080.7722000033
-10620369.7776,3474585.0134999976
-10614677.4292,3468548.143600002
-10613822.5591,3468939.757100001
-10613931.4749,3468837.604199998
-10611662.2788,3474204.240500003
-10611597.6272,3473989.547799997
-10610995.5454,3470883.6297999993
-10611242.5674,3470759.719300002
-10611193.16,3470475.457699999
-10620066.2717,3473662.9377000034
-10619989.833,3473673.5825999975
-10618360.1816,3480212.8778000027
-10618238.6441,3480082.1696999967
-10618708.9728,3486209.2386000007
-10619607.1597,3486556.973200001
-10619605.1126,3487400.431900002
-10619604.4158,3487352.2608999982
-10619622.0936,3487126.8400000036
-10621000.8844,3484103.800300002
-10614588.08,3475432.533
-10614349.0413,3475390.732500002
-10614905.2401,3475579.397
-10614939.397,3475508.522699997
-10614814.8952,3475628.0599000007
-10614407.6279,3475647.6626999974
-10614809.3201,3475818.054399997
-10614926.0423,3475825.627700001
-10618500.7796,3469536.5803999975
-10618459.4068,3469654.2113000005
-10618511.346,3469872.4416000023
-10613606.2673,3472318.491700001
-10613675.702,3472425.6996000037
-10581336.8991,3462360.767499998
-10580995.5692,3461793.4243
-10581611.6032,3462037.352499999
-10582878.2929,3462978.0490999967
-10584169.6651,3462586.055399999
-10583536.0806,3462700.380400002
-10584452.5565,3461700.7432999983
-10583113.8687,3462326.125500001
-10582892.2787,3461734.505099997
-10586193.4646,3464541.688199997
-10578223.7536,3460084.825099997
-10578339.5452,3460130.9734999985
-10577763.9591,3460343.9136999995
-10577942.3662,3460683.6247000024
-10578240.691,3461062.4355000034
-10578061.3044,3461089.646499999
-10577667.701,3461238.805200003
-10578179.2527,3461232.763899997
-10578129.6981,3461224.7700000033
-10578409.4046,3461133.7080999985
-10578248.1751,3461385.9463
-10578182.991,3461333.8236000016
-10578182.6527,3461307.400700003
-10578070.6483,3461414.464599997
-10577951.6277,3461341.357900001
-10578104.8615,3459866.886699997
-10578333.5778,3459883.793399997
-10578326.1598,3459633.7233999968
-10578102.4324,3459663.115000002
-10578148.6971,3459472.842699997
-10578149.5216,3459521.277400002
-10577795.309,3459239.8796000034
-10577745.0994,3459196.0112999976
-10578089.7855,3459137.408399999
-10578253.2589,3459151.977300003
-10577397.8424,3460531.849200003
-10577455.41,3460316.6856999993
-10577270.9286,3460516.7638000026
-10577211.8208,3460403.7117
-10577080.6128,3460420.8440999985
-10577037.5722,3460443.788900003
-10577176.8338,3460337.620099999
-10576728.3484,3460111.5480000004
-10576586.3717,3459842.374499999
-10578879.0819,3461512.7651000023
-10579065.2637,3461473.403099999
-10574622.0,3461582.279600002
-10577147.3067,3458738.157300003
-10577147.6095,3458747.400799997
-10617596.0164,3468472.152800001
-10615761.0992,3492008.089400001
-10615738.205,3492189.029299997
-10615488.1061,3491209.878200002
-10620346.7809,3473737.6327000037
-10608467.3267,3469497.110799998
-10606872.3522,3469100.786899999
-10606974.6265,3469098.9283000007
-10606991.9071,3469142.6972000003
-10607074.5981,3469172.0692000017
-10607387.2207,3469282.909599997
-10608333.5037,3469618.041000001
-10606605.3092,3469065.1105000004
-10606817.8049,3469178.768299997
-10606913.3587,3469184.3025999963
-10608378.4376,3469703.079499997
-10608622.7811,3469786.2946000025
-10606972.884,3469331.1410000026
-10607170.1097,3469362.658500001
-10607182.8143,3469404.080799997
-10608272.3889,3469752.931599997
-10606931.269,3469424.782700002
-10607108.4462,3469486.8260999992
-10607898.7705,3469753.120099999
-10608066.9688,3469833.6875
-10606766.1547,3469475.1366000026
-10607468.3287,3469725.0053000003
-10607952.5284,3469903.3708999977
-10607169.4133,3469737.076399997
-10607735.7321,3469887.200000003
-10607948.914,3469963.0832
-10608003.4032,3470019.7907999977
-10606972.5295,3469752.3989999965
-10607969.1731,3470067.0693999976
-10608220.746,3470156.219800003
-10607041.6259,3469873.997299999
-10607437.2223,3470013.5518999994
-10607758.2752,3470088.570799999
-10608067.3359,3470236.2668000013
-10608311.4301,3470284.408699997
-10607052.1783,3469937.473200001
-10607132.1285,3470002.837200001
-10607726.3536,3470175.938000001
-10607652.9615,3470187.2386000007
-10608366.8991,3470439.9777999967
-10607705.74,3470264.1230000034
-10607415.7092,3468972.1818000004
-10607503.944,3469000.6341999993
-10606896.4529,3468736.2502999976
-10607200.5533,3468802.4223000035
-10607205.8188,3468841.3068000004
-10607453.6581,3468887.2677000016
-10606991.6293,3468672.417800002
-10606948.0726,3468657.533200003
-10607113.5904,3468676.348200001
-10607157.2239,3468691.2004000023
-10607102.2417,3468709.8220999986
-10607391.0709,3468769.726499997
-10607083.7422,3468563.3619000018
-10607342.7498,3468694.2239999995
-10607272.7083,3468313.7690000013
-10607244.1299,3468252.7837999985
-10613086.8807,3476619.8210000023
-10613053.1165,3476749.227600001
-10618810.9808,3501233.4359000027
-10620899.9241,3470044.8209000006
-10612301.001,3472169.5627999976
-10612323.9527,3472078.341300003
-10613770.3576,3470178.108000003
-10613613.8348,3453993.711199999
-10618921.1282,3485400.874300003
-10618391.1507,3470906.8707000017
-10618576.7342,3470952.533
-10618366.3351,3470649.5157999992
-10618694.5283,3470509.339400001
-10618820.4878,3470311.505900003
-10618795.4982,3470158.333499998
-10618818.7304,3469663.806599997
-10619086.2123,3470449.120099999
-10619214.0357,3470100.576700002
-10619255.0458,3470249.341300003
-10619265.8591,3470378.552000001
-10619513.0099,3470257.6762999967
-10577159.3947,3447094.1155999973
-10577140.0416,3447142.922600001
-10576724.0304,3448176.6106999964
-10577253.0503,3447137.8940000013
-10609174.0286,3489918.2589000016
-10609473.1909,3489266.6287999973
-10609377.7869,3489269.115500003
-10609492.7986,3489138.4868
-10608997.3445,3490049.8566000015
-10608764.2729,3490052.720899999
-10609094.4402,3454943.5430999994
-10612678.6064,3476137.9614999965
-10612717.0067,3476476.606200002
-10612714.7402,3476346.1686000004
-10612714.8157,3476363.8598000035
-10612720.6049,3476399.5204000026
-10614957.3706,3476105.175800003
-10615349.8772,3476119.9460000023
-10582509.8087,3492429.4887000024
-10614129.2435,3475156.6033999994
-10632583.1595,3493493.570600003
-10615810.5397,3476087.673100002
-10610382.6649,3470278.1437000036
-10609981.7958,3470234.5398999974
-10610079.4244,3470344.9587000012
-10610063.2765,3470339.6567
-10611796.8587,3470890.1806000024
-10611826.6392,3470806.9055999964
-10611535.9794,3470943.7162000015
-10611399.3578,3470966.3839000016
-10611392.8742,3471045.8047999963
-10612933.6548,3477636.480899997
-10611689.4862,3490468.671599999
-10611688.8037,3490382.6137000024
-10611472.8534,3490042.789099999
-10611928.0857,3477224.646399997
-10611890.0053,3476962.726300001
-10619563.6802,3472100.699000001
-10598599.3253,3466855.691200003
-10598529.2427,3466732.1120000035
-10598362.1081,3466305.5678000003
-10598265.8031,3466412.1116999984
-10598635.7008,3465750.041699998
-10598521.8638,3465891.842299998
-10598060.7356,3465843.3452999964
-10598633.4526,3465692.7541999966
-10598635.5093,3465639.8608999997
-10598519.4145,3465605.883299999
-10613508.5774,3469832.575099997
-10617117.4251,3476693.6292999983
-10606658.4129,3463830.8549999967
-10606770.793,3464107.1152999997
-10606666.803,3464168.420400001
-10606498.8552,3462644.954599999
-10606429.7957,3462515.479500003
-10606436.9036,3462823.9411000013
-10606439.8289,3463001.7387000024
-10606642.9926,3464391.2985000014
-10606009.6128,3464407.0669
-10606389.159,3464117.1806999967
-10606128.7413,3463905.702299997
-10606075.2862,3463848.661600001
-10606423.2192,3464536.9331
-10605878.9712,3464680.474299997
-10605927.7992,3464760.5516000018
-10605775.4578,3464273.793899998
-10605706.0918,3464275.2041999996
-10605423.8982,3464228.4988999963
-10605540.7891,3463988.650200002
-10605889.7664,3464128.1259000003
-10605568.4136,3464098.539499998
-10605574.2021,3464069.6160999984
-10605871.3333,3463873.6908000037
-10605778.0295,3463846.1237000003
-10605555.9217,3462907.001199998
-10605402.1619,3462954.6801000014
-10605596.858,3463072.936800003
-10605502.804,3463067.5732000023
-10620519.8538,3470802.419200003
-10620608.7243,3470889.270800002
-10620641.0661,3470706.9705
-10620364.5093,3470737.203400001
-10606647.4949,3473303.347900003
-10607199.1391,3473172.4932999983
-10607011.4466,3473175.3796999976
-10606788.7507,3473125.2415999994
-10607078.8877,3472944.5661000013
-10607152.1828,3472907.9685999975
-10607255.9641,3472854.335900001
-10606703.3038,3472862.0080000013
-10606811.118,3472296.261500001
-10606701.5371,3472244.920500003
-10606977.1185,3472152.718999997
-10607011.7007,3472117.203900002
-10607029.2098,3472116.9483999982
-10607046.7202,3472116.799900003
-10606725.0295,3472041.6762999967
-10607173.2897,3471974.625500001
-10607121.7266,3472062.196999997
-10607125.1796,3472415.496799998
-10607160.4464,3472379.850299999
-10607160.5064,3472502.8276999965
-10607147.6062,3472678.8013999984
-10614259.4155,3470117.2661999986
-10606438.031,3479908.001699999
-10606280.633,3480057.2331999987
-10606366.2005,3479872.826899998
-10606846.5842,3479809.4913000017
-10606867.549,3479772.3884000033
-10606643.6763,3480733.527099997
-10606786.1742,3480696.1118
-10606671.5405,3479536.4395999983
-10606924.5524,3479495.4702999964
-10606658.2473,3479443.910599999
-10606657.8522,3479407.9253999963
-10606883.3915,3479352.0732999966
-10606770.4987,3479316.7968000025
-10606007.6029,3480466.5864999965
-10607130.0367,3480811.413999997
-10607177.5804,3479795.5815000013
-10606642.3117,3481127.1165999994
-10606750.5928,3480603.606700003
-10606547.3009,3481383.847599998
-10606504.0487,3481202.118900001
-10612374.4894,3476389.4822999984
-10612324.5475,3476130.5683000013
-10622196.1087,3474352.5933
-10621914.3628,3474457.2641000003
-10621966.8636,3474315.9408000037
-10622155.7479,3473957.248499997
-10622092.4417,3473926.3959000036
-10622056.0693,3473944.588100001
-10622082.9136,3473780.2465000004
-10622151.5885,3473617.7929999977
-10621996.9142,3473614.9359000027
-10621958.4008,3473540.5183999985
-10622089.0378,3473345.162600003
-10622046.2369,3473173.9651999995
-10621991.1318,3473178.7294000015
-10621890.2199,3473320.434600003
-10622274.3901,3473818.581100002
-10622242.4611,3473739.4931000024
-10622272.8859,3473748.057099998
-10617100.489,3475757.302199997
-10619401.3029,3471561.889200002
-10619212.0412,3471701.3488000035
-10618690.6177,3469295.069600001
-10630307.7293,3482023.0935999975
-10630377.0032,3482053.9531000033
-10627286.4645,3483235.112499997
-10627217.993,3483235.3140999973
-10627239.0611,3483235.2520999983
-10626971.9163,3483356.827299997
-10627098.7285,3483234.5857999995
-10626976.6072,3483015.9607999995
-10626832.0398,3483356.909599997
-10626758.2795,3483272.6181000024
-10616472.9158,3480287.1854000017
-10616506.9528,3480264.0194000006
-10616367.1118,3480289.706299998
-10614507.3045,3476084.474100001
-10614346.6834,3476078.6545
-10614372.3355,3476048.6807999983
-10614401.8506,3476179.9887999967
-10614503.3174,3476314.3863999993
-10615003.9158,3476611.1498000026
-10615036.3882,3476850.848899998
-10614945.8314,3476829.859700002
-10614900.9846,3476795.2619000003
-10614601.7163,3477072.1899999976
-10614535.0149,3477288.0232999995
-10614481.9775,3477271.6106999964
-10614918.6078,3477407.184799999
-10614704.599,3477413.423799999
-10614704.0903,3477395.7930999994
-10614424.385,3477347.6538999975
-10614811.6661,3477447.5007999986
-10614977.0214,3477679.9827999994
-10614871.9446,3477845.181900002
-10614819.1091,3477810.655500002
-10614551.1837,3478018.387699999
-10614953.6965,3478260.481200002
-10614748.0739,3478263.1193000004
-10615051.5055,3478463.755400002
-10614777.0243,3478451.532899998
-10615108.066,3478553.347099997
-10614837.3394,3478669.3599999994
-10614734.7871,3478832.4755999967
-10614615.9908,3478774.6955000013
-10614568.3492,3478801.819600001
-10615089.7997,3478986.0962999985
-10615094.0549,3479139.7657999992
-10603053.3788,3500755.8011000007
-10617343.0377,3479117.9988999963
-10607995.4004,3469198.843199998
-10613540.1571,3476257.780100003
-10577235.8502,3446830.9833000004
-10577740.0336,3447040.8100000024
-10613851.9669,3469908.5427
-10613780.4353,3471787.5583999977
-10613728.0494,3471717.5851000026
-10621526.9978,3473940.467299998
-10617754.6532,3471296.6394999996
-10617492.049,3477128.4224999994
-10617360.1053,3477211.9714
-10617267.1104,3477213.571999997
-10617263.9151,3476963.985600002
-10617214.1715,3477196.8423999995
-10617216.5745,3477337.9253999963
-10617176.2177,3477338.6198000014
-10617123.8368,3477009.599299997
-10616840.3861,3476902.5557999983
-10616798.9469,3476894.9321999997
-10616798.5219,3476972.4716000035
-10616612.4383,3476884.906800002
-10616896.1393,3477410.6043
-10617033.0223,3477551.2654
-10616997.3423,3477906.2545000017
-10617093.2238,3478133.503899999
-10617229.9853,3478431.2092000023
-10617281.9599,3478412.6240999997
-10617406.16,3477671.674900003
-10617409.0623,3477880.5185000002
-10605344.8141,3466734.3770999983
-10613673.8365,3475298.927199997
-10613549.4131,3475481.9794000015
-10616516.6346,3464771.142999999
-10616469.0182,3464908.416100003
-10614756.2077,3461207.4514999986
-10614767.5568,3461314.9814999998
-10615090.3292,3464212.3871000037
-10615100.6406,3464075.7314999998
-10614776.0603,3463873.597199999
-10614733.8856,3463820.2743000016
-10614917.4719,3463750.842
-10615018.5995,3463555.7929000035
-10615123.6982,3463444.108599998
-10615316.5966,3463564.5339
-10615234.7021,3463237.083899997
-10615155.1705,3463041.8017000034
-10615292.1849,3463943.907200001
-10615166.2017,3463620.298600003
-10615402.3792,3463179.3690000027
-10615639.3492,3463946.8694999963
-10615650.8419,3463750.770999998
-10615480.5417,3463096.0463000014
-10615411.7762,3463009.1296000034
-10616879.8427,3465886.9667000026
-10616650.0121,3465767.4842000008
-10616933.7178,3465457.0375000015
-10617888.0653,3468489.509300001
-10618025.809,3468476.6322000027
-10618053.2038,3468463.0782999992
-10617883.7508,3468172.367700003
-10617982.5796,3468325.5579999983
-10602752.9641,3459636.007299997
-10602153.5657,3459368.6784000024
-10601975.1673,3459349.564000003
-10602071.0694,3459507.5273
-10602452.2514,3460046.414999999
-10602254.8853,3460046.406199999
-10601732.3042,3459222.236299999
-10601568.1842,3459427.8342000023
-10601833.9232,3459812.4133
-10602196.3906,3460257.520199999
-10602330.3423,3460310.588600002
-10602374.6868,3460365.104199998
-10601514.3738,3459561.8374999985
-10601237.8538,3459135.2216000035
-10601138.3589,3459124.6547000036
-10601123.1515,3459391.686300002
-10601584.5169,3459905.4864000008
-10599487.3508,3459039.9384000003
-10598963.0182,3459133.227600001
-10599884.1137,3459116.005400002
-10600136.1364,3459236.883100003
-10599404.6784,3459305.4728000015
-10599088.7396,3459311.1481000036
-10599037.6871,3459438.4712999985
-10599171.5723,3459381.6093999967
-10599673.8087,3459427.5173999965
-10600445.6544,3459485.9299999997
-10600087.2191,3459491.8994999975
-10600068.9148,3459491.9716000035
-10599290.3737,3459505.5195000023
-10599209.1433,3459563.7185999975
-10598945.1558,3459696.4714
-10600645.9198,3459664.9614999965
-10600390.6455,3459794.6724999994
-10600142.2823,3459799.0930999964
-10600163.9251,3459798.838299997
-10599643.4311,3459752.6793000028
-10599465.4989,3459755.8091999963
-10599338.4216,3459758.6160999984
-10599270.9566,3459885.027400002
-10600321.4538,3460083.9509999976
-10599489.6797,3460042.950199999
-10599292.6649,3460102.3561000004
-10599310.1783,3460102.0044
-10600332.5849,3460210.5801
-10600636.1095,3460151.8501999974
-10600566.0167,3460153.0922000036
-10600906.9465,3460201.534599997
-10601105.1469,3460325.0521000028
-10601882.6327,3460986.886
-10601370.2267,3460863.8906999975
-10599858.3496,3460664.8740999997
-10599822.7868,3460665.3825000003
-10600150.4536,3460715.523400001
-10600414.0684,3460655.2941000015
-10599946.415,3461928.0771000013
-10599972.6249,3461250.824500002
-10603806.589,3456366.7892000005
-10621958.2202,3514227.1696999967
-10612672.9203,3475736.7415999994
-10612531.1205,3475519.2145000026
-10619413.0053,3471438.9905999973
-10618165.7569,3478765.8364999965
-10618429.2224,3478707.0034999996
-10618428.9056,3478580.092299998
-10618181.2041,3478582.0715999976
-10618303.4999,3478433.172200002
-10618215.9034,3478249.0491999984
-10618292.231,3478158.8840999976
-10618159.729,3478123.5627000034
-10618826.1629,3476956.9936000034
-10618870.5593,3476956.2229999974
-10618744.0769,3476890.7536000013
-10618626.8936,3476132.1903000027
-10618624.2405,3475945.3867999986
-10611684.8324,3471413.8813999966
-10611645.4939,3471472.4202999994
-10607306.792,3479516.1032999977
-10618566.2509,3479526.018600002
-10619047.5183,3479518.473899998
-10619011.0173,3479472.7502999976
-10619247.7556,3479515.4689000025
-10619649.9077,3479461.5636000037
-10619681.2326,3479354.2986999974
-10619698.7824,3479354.044500001
-10619331.0655,3479407.791500002
-10618961.6141,3479367.1894000024
-10618757.2341,3479416.155100003
-10618348.4326,3479375.5716999993
-10618653.2247,3479319.412600003
-10619016.3259,3479250.0511000007
-10619120.6362,3479257.402999997
-10619260.9827,3479247.192599997
-10619412.585,3479313.4450000003
-10619556.0931,3479250.215400003
-10619521.5912,3479297.2383999974
-10619702.8331,3479246.334399998
-10619355.1349,3479193.2426000014
-10618393.0245,3479208.846699998
-10618135.5611,3479060.3532999977
-10618320.2351,3479103.3418999985
-10619223.6077,3478936.423600003
-10618585.7515,3478945.201399997
-10618296.1623,3478997.5834000036
-10618139.3046,3478912.8285000026
-10617986.3221,3478867.3210000023
-10618074.1318,3478866.3967999965
-10618424.7747,3478864.2324
-10618959.9209,3478834.7349999994
-10619476.6722,3479346.777900003
-10618039.847,3479421.6138999984
-10618993.4558,3494354.311300002
-10619002.7774,3491720.2019999996
-10618723.5662,3493146.397500001
-10612971.2318,3474590.0320999995
-10612964.3841,3474644.568099998
-10576732.1445,3458420.482900001
-10576957.8354,3457963.2810999975
-10617811.3772,3484829.849100001
-10617742.8434,3484660.6602
-10617326.1269,3483792.6908000037
-10644071.843,3516181.393299997
-10643894.6866,3515916.5841000006
-10644141.9054,3516101.5825000033
-10643791.2578,3515537.6972000003
-10644357.8347,3516074.8633999974
-10643492.3549,3516445.5473999977
-10643103.8166,3516015.692900002
-10643537.1351,3518258.4496000037
-10643325.3244,3515349.415100001
-10643520.618,3515606.4244000018
-10640601.2936,3517126.8171999976
-10619195.828,3468416.342699997
-10619058.5751,3468669.1462000012
-10619018.6076,3468620.581699997
-10619098.5866,3468792.1235999987
-10619099.6883,3468861.0194000006
-10619710.3371,3479921.219999999
-10619645.4018,3473836.363499999
-10574147.8164,3462096.7462000027
-10611168.9918,3456155.636500001
-10588731.5151,3444318.0578999966
-10588916.2389,3444314.4513000026
-10588951.7698,3444222.5847000033
-10588977.932,3444116.6819999963
-10621670.7714,3468176.2739000022
-10621657.1885,3468134.1226999983
-10621674.724,3468133.9245999977
-10621569.3602,3468118.1824999973
-10621617.6316,3467845.027900003
-10617924.2114,3470509.809299998
-10617949.0687,3470174.7052000016
-10625448.2358,3466710.1146000028
-10625443.7893,3466492.990699999
-10625347.0436,3466643.9387999997
-10627190.9675,3466664.5480000004
-10628212.3797,3465102.212700002
-10627687.4734,3465037.705799997
-10627647.0987,3464991.226400003
-10628316.8321,3465100.5583000034
-10629088.974,3464960.6996000037
-10618361.9981,3471470.4574000016
-10618497.6592,3471419.353
-10618678.9601,3471503.0412999988
-10619347.185,3471475.514200002
-10619281.654,3471476.7478
-10612080.8194,3470827.3205000013
-10612153.549,3471728.6028999984
-10614781.5017,3469720.8596
-10614810.6216,3469637.9465999976
-10614934.1909,3469549.6680999994
-10615169.8312,3469567.8249000013
-10615176.7468,3469333.877700001
-10614862.819,3469275.0458000004
-10614695.1687,3469106.8809999973
-10614647.8324,3469246.190200001
-10614600.6648,3469229.4143999964
-10614554.9852,3469348.972900003
-10614395.5781,3469487.5183999985
-10616807.7105,3475962.5891999975
-10616923.4069,3476274.1093000025
-10617141.4383,3476139.9474000037
-10617167.8349,3476139.5815000013
-10617146.7299,3476196.0102000013
-10617129.1895,3476321.172600001
-10617276.1701,3476229.3989000022
-10617439.0503,3476193.8391000032
-10617454.347,3476316.8660999984
-10617599.7199,3476135.8237999976
-10617840.5651,3476005.6238999963
-10617783.6778,3476190.329599999
-10617846.9579,3476277.2905
-10617812.9416,3476369.4787999988
-10617865.3236,3476365.2468999997
-10617286.3308,3475746.0190000013
-10617798.4984,3476577.1969000027
-10617710.3211,3476621.8559999987
-10617516.1445,3476625.3915000036
-10611784.9245,3474039.4133
-10601991.8877,3469743.887500003
-10602181.8229,3469701.592100002
-10601986.1727,3470076.085699998
-10602067.5599,3470066.5337999985
-10602125.4618,3470304.056599997
-10602114.7935,3470263.902400002
-10602069.3268,3470404.117399998
-10601991.1118,3470638.9047000036
-10602154.8429,3470635.363300003
-10608439.1764,3469210.1823000014
-10606462.7055,3479270.8043000028
-10606462.234,3479234.9434999973
-10606599.2599,3479053.396399997
-10606106.8484,3479442.6379999965
-10606103.0322,3479185.0781999975
-10620736.4004,3469799.3708999977
-10620519.6152,3469810.445100002
-10619428.4576,3470672.0305999964
-10619445.3999,3470702.904100001
-10619517.2618,3470833.2038000003
-10619587.2553,3470963.4887000024
-10619658.8488,3470988.4201999977
-10619582.373,3470702.730800003
-10619789.5606,3470809.3527999967
-10619803.9769,3470910.3439000025
-10619730.8542,3470590.7969999984
-10633191.2855,3485775.7393999994
-10571597.5691,3469219.622100003
-10609763.7665,3470046.456600003
-10608992.7095,3469873.7993
-10609256.0691,3470036.528499998
-10608772.4032,3469959.8282999992
-10608878.9639,3470036.582800001
-10609225.0009,3470123.8125
-10609608.5149,3470262.046400003
-10608678.6287,3470022.6187999994
-10608637.0261,3470046.984099999
-10608744.789,3470190.2436999977
-10608847.0724,3470226.6423000023
-10609408.9561,3470391.5480000004
-10609371.7775,3470418.1010000035
-10608812.1156,3470272.024099998
-10609076.9282,3470405.9021999985
-10609033.0104,3470447.789499998
-10609107.0028,3470474.653999999
-10608765.7473,3470482.4541999996
-10608980.2829,3470657.639899999
-10608651.1992,3470745.739
-10609500.66,3471054.315200001
-10609081.4033,3471093.9206999987
-10609147.689,3471208.854199998
-10609261.6151,3471253.8413999975
-10609215.1322,3471391.652999997
-10608759.8715,3471358.5319000036
-10609226.0419,3471490.1339000016
-10608698.6508,3471528.9926000014
-10621416.0783,3477699.900600001
-10620934.5793,3477716.8906999975
-10620705.9567,3477791.075000003
-10621287.6218,3477401.530699998
-10621203.9191,3477522.4518000036
-10620790.4131,3477546.878399998
-10621231.0863,3477169.0622999966
-10621108.3286,3477228.4169000015
-10620925.557,3477187.3836999983
-10620748.5842,3477220.9692
-10616469.8678,3463720.1943000033
-10616532.6198,3463539.438000001
-10623198.2415,3483384.168399997
-10619683.5243,3469306.112300001
-10633045.0179,3499417.7942999974
-10622577.9225,3465974.3642999977
-10622656.2859,3466295.590499997
-10622726.4103,3466299.0582000017
-10622823.1549,3466631.6718000025
-10622526.7537,3466927.5832
-10622593.3694,3466931.6462000012
-10622686.3621,3466714.4944999963
-10622664.866,3466741.2783999965
-10622882.3969,3466909.2007
-10622378.4851,3466489.750500001
-10622422.2295,3466860.769299999
-10623116.3123,3466742.4755000025
-10623116.633,3466778.0716999993
-10623242.8654,3466766.9042000026
-10623234.994,3466873.1947000027
-10623424.1738,3466888.6872000024
-10623419.4932,3466569.9091000035
-10623043.1351,3466664.031800002
-10623041.9959,3466575.910099998
-10623113.0697,3466426.549900003
-10623289.9219,3466238.393299997
-10623403.6531,3466244.601300001
-10623361.789,3466131.6297999993
-10623035.3649,3466066.6898000017
-10623223.3268,3465930.7300999984
-10611547.2921,3476540.2657999992
-10611544.4255,3476359.205499999
-10620094.5464,3474749.266900003
-10617999.61,3477749.8342000023
-10617112.16,3475591.5908999965
-10617680.5206,3479067.6912999973
-10617741.0411,3478938.1356000006
-10617160.7715,3476841.5001000017
-10636963.3739,3473490.6881000027
-10567854.1881,3477972.982900001
-10568331.3386,3479041.753399998
-10567710.1734,3479123.6128999963
-10585128.1266,3509511.9121999964
-10585063.0445,3509737.4915999994
-10587932.8131,3510447.9619000033
-10658849.0166,3514621.2312999964
-10645210.2385,3501134.924800001
-10585587.8405,3445446.156300001
-10585535.2531,3445432.7437999994
-10585514.6305,3445540.4420000017
-10585484.8194,3445548.947499998
-10670021.2747,3514861.8620999977
-10576380.7268,3496353.999499999
-10576647.2379,3498452.2091000006
-10577441.8391,3498312.4739999995
-10577160.6489,3497921.723700002
-10577289.7905,3497897.875
-10599458.6917,3477898.9997999966
-10649694.4428,3515927.4488999993
-10651235.0875,3516247.6665999964
-10652451.598,3514442.6969000027
-10607630.7781,3466713.7831000015
-10606980.0333,3465702.045000002
-10611478.2178,3481548.837899998
-10611708.8773,3476912.9262999967
-10611486.4521,3474354.2062000036
-10611058.5993,3476507.8351000026
-10611060.5525,3476659.6306999996
-10610085.4926,3476978.648500003
-10610094.6756,3476910.251000002
-10645482.4999,3518818.4399000034
-10645317.3332,3518635.8769000024
-10644972.1133,3518694.1745000035
-10644591.9373,3517377.728600003
-10582645.842,3489433.840499997
-10582511.1502,3492269.8708000034
-10575483.1548,3499832.689000003
-10575502.5139,3499948.006099999
-10664616.2169,3514105.1657999977
-10577574.504,3494708.0085000023
-10576901.0489,3493460.0845
-10577330.5826,3494054.991899997
-10578625.641,3493662.230800003
-10576985.0646,3493576.4839999974
-10584105.2527,3507500.0634000003
-10641718.9727,3519050.5714000016
-10639569.593,3518647.757799998
-10639927.2696,3520176.007600002
-10640266.0656,3518866.8728
-10641177.7058,3520089.521899998
-10612463.4683,3465646.541699998
-10579249.472,3446878.619099997
-10603178.0973,3477085.8905000016
-10623816.8926,3470011.5047999993
-10585984.4408,3514305.688199997
-10586595.1113,3511354.7817
-10586020.6977,3514643.639200002
-10662203.0316,3514937.511
-10570380.9537,3469982.6711999997
-10570681.5219,3469262.0222000033
-10570788.149,3469328.5327999964
-10573839.5571,3469629.042000003
-10575222.5754,3469099.3500000015
-10568238.7489,3471303.3298000023
-10568007.6841,3470916.113300003
-10567970.2866,3470923.6525000036
-10567683.5512,3472492.2797000036
-10568213.3738,3471953.5709000006
-10566848.5706,3473179.7861
-10568528.1382,3473543.0534999967
-10566378.3676,3474111.500500001
-10566751.0674,3473792.371600002
-10566472.4629,3473812.1806999967
-10568190.9364,3474200.6438999996
-10640731.8931,3511637.8918000013
-10639220.9222,3511626.4521000013
-10638016.1684,3515148.1944999993
-10638185.1798,3516087.6334000006
-10640792.8148,3512257.048600003
-10640464.3947,3512191.0310999975
-10639772.7365,3513868.506099999
-10634941.131,3473936.8332
-10634216.7539,3472722.7848000005
-10632044.3925,3472542.436800003
-10632912.4004,3471852.5493
-10632811.0898,3471752.3880999982
-10632993.4216,3471392.8140999973
-10634730.8711,3473525.8068000004
-10631714.0464,3473317.6327000037
-10634811.4164,3469639.718999997
-10630454.8589,3475311.0518999994
-10583092.4884,3486875.1915000007
-10583254.2533,3487535.0640999973
-10582714.4629,3483789.840400003
-10581691.6594,3484374.1021
-10581052.9338,3487344.667000003
-10581187.2399,3483258.4130000025
-10582297.7991,3487370.7300999984
-10621174.0651,3483729.652900003
-10620318.6866,3482715.1344000027
-10604525.1721,3503859.101499997
-10604429.1615,3500370.447800003
-10604939.7164,3503055.217799999
-10604710.1823,3502999.6215000004
-10604602.4503,3502837.9592000023
-10640151.1732,3459385.818099998
-10646827.2464,3498150.194600001
-10625057.9024,3485009.219499998
-10571044.1153,3470452.2353999987
-10569540.5516,3471361.171099998
-10568854.7778,3475730.8216999993
-10569485.8331,3475674.1977000013
-10569864.5356,3475490.3596
-10621428.6996,3508543.0983000025
-10652174.0436,3510492.7019999996
-10609461.1779,3506464.9507
-10609225.6535,3506709.9592999965
-10609226.2236,3506782.434100002
-10583660.1078,3496621.8378000036
-10616037.5198,3481738.3977999985
-10588109.7803,3521573.0157999992
-10587338.8238,3522211.2448000014
-10589098.0996,3521638.0001000017
-10588843.9165,3522153.833800003
-10621312.5373,3452200.8324000016
-10635490.4447,3456709.6739000008
-10616462.8097,3480548.5493
-10616669.7384,3480515.7141999975
-10616378.2536,3479783.9981999993
-10609123.7592,3487200.8222000003
-10653825.8669,3513412.0583999977
-10653823.3471,3513230.139899999
-10639268.5047,3519131.666699998
-10619539.0604,3512843.6916999966
-10619469.3074,3512558.827200003
-10618554.2078,3513643.8740999997
-10629845.3379,3490861.529600002
-10652813.1308,3504537.156000003
-10653904.5612,3505224.1609999985
-10627618.2815,3504609.8091999963
-10590640.5154,3488449.9390999973
-10648441.6686,3497325.154100001
-10635759.5876,3507168.0244000033
-10637961.4037,3505682.9406000003
-10628489.6257,3479069.292300001
-10628483.0368,3478578.454400003
-10632142.4504,3519752.3945000023
-10631617.6725,3516055.8838
-10580713.5673,3501691.4147000015
-10570748.8993,3476437.9491000026
-10635758.3787,3507899.067900002
-10625232.0219,3510973.6652999967
-10612773.58,3476928.022399999
-10616104.6808,3483128.889200002
-10615968.8406,3483059.7336999997
-10616157.085,3483057.889700003
-10613785.6787,3482187.4331
-10613971.4352,3481296.3013999984
-10612994.7366,3482257.8852000013
-10612077.1166,3482116.3059
-10612908.0021,3481116.690700002
-10612353.95,3483623.813500002
-10586881.579,3476894.619900003
-10673754.1874,3516411.054700002
-10675192.6552,3514769.0183999985
-10673617.6802,3513728.0618999973
-10671084.0747,3511947.5974999964
-10673353.9295,3508202.8506999984
-10672543.3646,3507185.916000001
-10672543.2392,3506695.4360999987
-10666420.6892,3506710.2765000015
-10666420.6892,3506710.2765000015
-10664603.8752,3508804.1806000024
-10665152.3656,3510281.152400002
-10656843.2463,3508175.3818000033
-10654161.7162,3503261.3819999993
-10646827.3672,3513199.9211999997
-10579995.9866,3498423.384999998
-10580427.4018,3483408.442400001
-10667076.8039,3483483.6911000013
-10603801.3288,3505040.8901000023
-10603793.79,3502897.0414000005
-10603849.2198,3505404.3315000013
-10603205.0202,3502204.359700002
-10603245.2652,3501425.4503000006
-10619336.9199,3482223.1536
-10617036.3816,3481248.8016000018
-10680329.2445,3519935.6670999974
-10680326.1354,3519822.963399999
-10629266.0946,3487227.3171000034
-10606037.3235,3496937.182099998
-10580810.7622,3492452.5177000016
-10627940.0663,3486766.2008000016
-10621649.4748,3515758.6679999977
-10646089.508,3485182.0103999972
-10639229.0981,3506354.095200002
-10640284.2101,3506577.277999997
-10640238.0637,3506577.9597000033
-10639968.923,3506581.953900002
-10586779.7187,3500310.0128000006
-10616124.629,3506753.3087000027
-10615498.5363,3509525.213299997
-10617739.7669,3508956.987499997
-10623129.0765,3483713.731899999
-10598654.0917,3482420.291500002
-10634800.3948,3516501.977600001
-10634305.5721,3517333.3483999968
-10634526.8052,3516327.078400001
-10635167.5631,3516755.400399998
-10632165.1759,3480086.7564999983
-10645420.6119,3508745.1318999976
-10645587.2268,3509264.7260999978
-10629324.9255,3510705.7751
-10628947.7754,3510475.068400003
-10610323.8999,3484804.1384000033
-10632842.8497,3457229.2151999995
-10632862.305,3510052.667800002
-10633702.7915,3509468.7010999992
-10635951.4092,3514391.7994000018
-10616010.7048,3484430.714299999
-10615998.4439,3484481.971199997
-10604739.8007,3485845.009800002
-10631719.6749,3474786.6647000015
-10631649.8839,3474937.1893000007
-10630713.8858,3477521.035599999
-10632710.0324,3503500.273199998
-10633869.1669,3502683.906000003
-10643099.3153,3505449.576200001
-10641630.7768,3507201.074199997
-10641601.8626,3508899.1772999987
-10640362.4989,3507649.7146999985
-10640349.3703,3507486.434600003
-10642405.3383,3517388.8812000006
-10580899.5814,3498617.091300003
-10581169.8418,3498630.487800002
-10581885.775,3492016.911200002
-10582229.8489,3491192.5464999974
-10581822.3242,3491670.935800001
-10581581.855,3492116.2316000015
-10621413.3363,3473662.2704000026
-10629013.0725,3516597.3345
-10628912.7656,3516820.9497999996
-10649996.4095,3502251.826700002
-10654522.5182,3504448.281499997
-10654732.4099,3503587.2314999998
-10654551.6976,3503321.516400002
-10570310.9281,3477915.422200002
-10641710.4755,3503864.6992999986
-10591594.536,3516688.7501000017
-10623687.3059,3509707.7038000003
-10618695.8042,3471673.722000003
-10620789.2428,3472146.3616999984
-10605171.3124,3481791.0168000013
-10622457.1411,3513461.6631999984
-10569192.9045,3473120.2934999987
-10569626.1067,3472615.4516000003
-10569963.3579,3473289.6413000003
-10646252.4324,3510479.4338999987
-10646255.0113,3510651.4272999987
-10645809.8586,3510851.6243999973
-10645330.9726,3510428.4584000036
-10645062.3181,3510433.5547999963
-10645009.581,3510953.781800002
-10639850.5599,3516566.2189000025
-10598878.5516,3456533.8632000014
-10615611.0711,3465716.2958000004
-10646929.7534,3496009.5606999993
-10646834.0099,3496025.6833000034
-10582316.7936,3493848.5606999993
-10580964.6754,3500500.5521000028
-10580984.5932,3500853.825099997
-10581288.768,3499691.3508
-10574827.7745,3486782.9962000027
-10574045.5121,3488321.0935999975
-10576819.7054,3488517.1926999986
-10579058.1065,3490855.7880000025
-10578423.2644,3490863.7808
-10585872.8232,3500056.0675000027
-10578316.494,3489235.738300003
-10578571.1779,3489227.0727000013
-10578937.3001,3489768.8015
-10609292.2537,3495235.8521
-10609516.3883,3495060.3812000006
-10609233.9273,3495192.3364999965
-10607644.7036,3494055.6974000037
-10640277.3776,3504770.707800001
-10637288.3716,3523645.9219999984
-10638934.6978,3474082.6406000033
-10677609.2212,3510745.9092999995
-10580506.9826,3492831.2358999997
-10619784.151,3452089.2775000036
-10619994.3752,3490533.7630999982
-10613580.933,3464719.3817000017
-10659569.1541,3511973.0319000036
-10636411.9108,3500036.4723000005
-10636371.315,3500617.5593999997
-10622675.2027,3514881.697499998
-10617011.5555,3482512.494400002
-10654445.9288,3506235.8685000017
-10618170.4867,3487336.967
-10652191.0257,3484874.912799999
-10595070.4192,3456505.6116999984
-10631164.8336,3458149.651900001
-10631091.6774,3457997.2753000036
-10631192.8229,3458111.914300002
-10655023.1072,3504331.8082000017
-10655157.9482,3504546.0205999985
-10614049.3669,3484790.8281999975
-10614259.9133,3484842.173299998
-10635817.8403,3510587.8618
-10634802.9333,3510549.5879999995
-10604829.4801,3496565.4892999977
-10577839.1799,3490502.475299999
-10666178.1447,3478348.0610999987
-10606278.2332,3497316.137000002
-10578765.3775,3483308.5348000005
-10578516.7532,3483465.0900000036
-10578518.3951,3483623.1027000025
-10667107.3878,3481029.6733999997
-10661368.5743,3484032.6218999997
-10607286.6569,3454940.2405999973
-10607477.0809,3454828.322300002
-10651652.9993,3508516.105800003
-10651631.0185,3507314.5349999964
-10651836.3611,3507644.720399998
-10667357.5887,3487757.6558
-10651903.6721,3501726.6863999963
-10666965.4218,3479963.321999997
-10667152.6105,3479967.6230000034
-10666214.2956,3485731.228600003
-10603431.1918,3454566.3891000003
-10603616.382,3454700.9530000016
-10587029.4415,3517642.3236000016
-10652000.3455,3502703.0683000013
-10568128.4384,3477681.565700002
-10577542.5625,3491160.8592000008
-10582047.0342,3494053.386699997
-10582071.765,3494002.8571999967
-10644308.517,3513585.1093999967
-10571963.6905,3469497.617700003
-10571852.4812,3469358.5529000014
-10572300.1244,3469194.2397999987
-10572423.5326,3468991.104699999
-10571206.2396,3469544.7480999976
-10571385.0373,3469651.8852000013
-10571211.2531,3469641.680200003
-10571444.4832,3469744.8874000013
-10571451.0253,3469770.9426999986
-10571042.4313,3469801.950000003
-10571231.6632,3469932.8332
-10571247.5851,3469938.5144999996
-10571230.7756,3469961.2729
-10571188.2765,3470070.2048000023
-10571156.6151,3470006.8977999985
-10616800.3101,3475834.9946999997
-10604352.0335,3503668.4319999963
-10604140.1331,3503733.2665000036
-10604236.7641,3503805.775200002
-10593147.4518,3488704.1426
-10598313.6359,3489081.3131000027
-10617164.2776,3476412.946800001
-10616362.3527,3478033.8708000034
-10616489.6441,3477995.7506000027
-10616197.1273,3477752.594999999
-10616086.8706,3477549.0791999996
-10616087.0901,3477566.7161
-10616468.6337,3477808.8227000013
-10616451.1023,3477752.2793999985
-10611733.6263,3476766.9997000024
-10611679.0434,3476541.6740000024
-10572897.0117,3467785.019299999
-10572355.5566,3467994.038800001
-10572340.7494,3468090.082699999
-10572437.2347,3468107.218699999
-10572619.3217,3468137.273199998
-10615163.2818,3469271.9910999984
-10614867.8413,3468950.1631999984
-10615165.8152,3468877.035400003
-10616533.1855,3481010.1581000015
-10616666.353,3481235.726300001
-10616325.0054,3481331.0393999964
-10616383.7931,3481348.220700003
-10616314.8092,3481585.162799999
-10616456.5999,3481612.9372000024
-10616242.519,3481275.4472000003
-10616255.9289,3480603.1318999976
-10616451.9776,3480736.1526999995
-10616437.9619,3480877.445299998
-10616627.8973,3480817.1832000017
-10611359.1278,3471457.8466000035
-10611353.0945,3471473.3216999993
-10611376.7311,3471408.0737000033
-10599349.1234,3466622.8702000007
-10621826.7756,3473561.6472999975
-10608383.7339,3470249.2710999995
-10608489.3094,3470309.082199998
-10621986.9411,3465923.4289000034
-10622057.889,3465987.3039000034
-10622075.3373,3465987.0691
-10622075.962,3466029.4299999997
-10622199.3363,3466238.9988999963
-10573019.3918,3467581.725900002
-10572946.7846,3467514.0605999976
-10572808.8271,3467566.6018999964
-10572864.8415,3467492.862300001
-10572777.3908,3467482.7030000016
-10624619.819,3484647.3183000013
-10617013.0327,3461574.6106999964
-10616881.3989,3461462.4504000023
-10616883.3726,3461585.4421999976
-10616794.6882,3461744.2859999985
-10616365.5586,3462141.0863000005
-10616112.4227,3462144.365000002
-10616291.3038,3461965.9727
-10616561.5998,3461802.1536
-10616611.069,3461677.802000001
-10616559.7506,3461749.063500002
-10616373.3181,3461523.774099998
-10616605.1149,3461343.5732999966
-10617105.8558,3461505.1582999974
-10617101.7261,3461259.996100001
-10617056.0268,3461260.5681999996
-10617158.4109,3461200.0288999975
-10617168.3726,3461729.552199997
-10617265.0885,3461764.674800001
-10617350.2667,3461214.9217000008
-10617388.0559,3461233.818099998
-10617387.2833,3461195.0709000006
-10611596.5981,3473551.7716000006
-10608577.8565,3470525.894699998
-10618408.753,3475256.3052999973
-10622402.0703,3474310.6679999977
-10622352.052,3474498.530299999
-10619740.0229,3480573.3017000034
-10617518.2265,3478195.934600003
-10617491.9674,3478196.084899999
-10617511.4002,3478064.417300001
-10617408.742,3478084.470899999
-10575748.6897,3468878.7114999965
-10575791.0062,3468876.016099997
-10575569.1931,3469057.8074999973
-10575643.9681,3469045.147
-10575593.3698,3469127.4356999993
-10575561.6804,3469179.0715999976
-10609583.9206,3470876.3429000005
-10609602.6917,3470845.214599997
-10609708.542,3470834.345899999
-10619179.2648,3472296.411700003
-10619130.8839,3472213.721000001
-10572572.149,3468600.955799997
-10617592.1352,3471679.684799999
-10618117.8937,3476573.1186999977
-10617939.8058,3476410.291699998
-10618076.7491,3476221.8332
-10618094.1425,3476130.2533000037
-10617934.6927,3476039.8298999965
-10617991.8867,3476039.1827000007
-10618073.9823,3475938.0656000003
-10618651.9762,3477741.370099999
-10618789.923,3477702.515900001
-10618805.6522,3477611.284000002
-10618596.7575,3477615.4258999974
-10618750.9879,3477520.1128999963
-10621806.0293,3473159.8303000033
-10621788.5195,3473159.875
-10620273.5298,3470992.5644000024
-10620274.3703,3471133.1032999977
-10620464.1415,3471139.4953000024
-10620464.5642,3471168.806599997
-10620444.5235,3471327.1589
-10620277.2245,3471310.757299997
-10620338.2669,3471428.728
-10620433.3948,3471427.929700002
-10620530.8054,3471461.0560000017
-10620826.655,3470937.404799998
-10619916.7404,3471197.358599998
-10620789.1104,3471144.027800001
-10620825.6587,3470850.3005999997
-10620933.8952,3470853.402099997
-10620048.4313,3472112.421599999
-10620165.1746,3472100.237499997
-10620655.9435,3471678.1208000034
-10620649.9819,3471363.2161
-10620564.7101,3471507.3694999963
-10620697.8654,3471004.545500003
-10620645.0465,3470979.9525000006
-10620094.1476,3471484.782300003
-10620142.3794,3471367.2145000026
-10624826.0519,3465890.2436000034
-10603359.6225,3463079.726599999
-10616896.5112,3468468.945299998
-10617340.3711,3478682.7929999977
-10606478.6203,3466148.6689999998
-10616333.7906,3480074.3178000003
-10616464.5089,3480125.5710999966
-10616589.8313,3480191.5637999997
-10606725.9296,3466439.527999997
-10612951.501,3469849.8948
-10619885.4871,3470188.7003000006
-10619731.5083,3470300.0578000024
-10619713.9799,3470300.331100002
-10619748.334,3470255.662100002
-10619850.6569,3470398.4587000012
-10618860.7243,3479933.1889000013
-10618521.2838,3479802.4350000024
-10618278.5307,3479771.126000002
-10619896.2858,3469704.8060000017
-10619823.7612,3469531.2721000016
-10620119.2778,3469699.8374999985
-10618796.4641,3477361.206100002
-10573269.8163,3467955.1567
-10611758.7127,3474722.2524000034
-10611818.6908,3471827.152400002
-10619547.2816,3471783.5396
-10611296.3778,3469027.2739999965
-10611173.2422,3468887.3181999996
-10611416.2052,3468735.139899999
-10615330.658,3468839.3391999975
-10614992.0083,3468525.392999999
-10615327.463,3468477.3194999993
-10619952.5304,3468657.6206
-10620079.5534,3468570.885499999
-10620460.4331,3468697.110600002
-10607512.6183,3468628.161700003
-10607520.9105,3468581.7858999968
-10607473.844,3468443.6865999997
-10607415.4151,3468366.2915999964
-10607407.8784,3468168.7793999985
-10603969.5128,3467092.975900002
-10604400.3554,3467170.552500002
-10603965.492,3467272.8712000027
-10604555.9282,3467338.675499998
-10604398.5459,3467479.5588999987
-10604609.1639,3467833.770199999
-10620934.8589,3471272.0593999997
-10606791.7303,3466247.4975999966
-10606770.5311,3466107.9952000007
-10606629.0084,3465988.2145000026
-10606856.0172,3465929.5073999986
-10606638.29,3465670.4279000014
-10606776.0017,3465578.792300001
-10606670.2336,3465546.2282000035
-10606622.5839,3465309.4047000036
-10613099.6969,3475431.617899999
-10611107.2202,3468172.2934999987
-10611080.1286,3468250.3319000006
-10611017.0275,3468433.559100002
-10600095.7789,3466521.349799998
-10608671.7615,3475772.0676999986
-10608719.7863,3475507.6789000034
-10608747.527,3475242.5724000037
-10608858.1481,3475151.414099999
-10608831.1094,3474976.3093999997
-10608744.2778,3474474.5529000014
-10608632.2238,3474262.688699998
-10608691.3713,3474234.878899999
-10608655.5027,3474094.6072999984
-10608762.0822,3473704.1882999986
-10608511.4493,3474062.3716999963
-10620835.5812,3471493.6789999977
-10621002.0831,3471490.956299998
-10614268.1522,3464471.138700001
-10620357.7278,3469625.023199998
-10620363.9699,3469639.990199998
-10620330.0971,3469914.255900003
-10613053.6533,3471240.2595999986
-10612992.4921,3471261.8950999975
-10620012.6334,3470358.4614999965
-10620991.6211,3469250.828400001
-10620995.3744,3467478.322999999
-10621177.519,3467405.099299997
-10620827.2396,3467670.350299999
-10620533.4953,3467750.061300002
-10620437.3536,3467792.289300002
-10620539.7447,3467866.9169000015
-10620918.8385,3467809.666699998
-10621093.3772,3467820.178199999
-10621117.529,3467855.912299998
-10621214.3443,3467950.2003000006
-10621109.747,3468026.1789000034
-10621107.9823,3468073.9705
-10620301.6499,3468085.9782999977
-10620820.1354,3468250.6357999966
-10620801.0512,3468250.911200002
-10622756.3049,3474323.8567999974
-10622708.4887,3474260.191200003
-10622880.5092,3474336.7173999995
-10623069.7871,3474398.424999997
-10622853.1402,3474194.2595999986
-10622714.5259,3474147.280500002
-10622707.9648,3474143.0776000023
-10622780.7792,3474078.453400001
-10623032.0395,3474253.041199997
-10608741.5958,3469153.0678000003
-10619999.7832,3468167.7760000005
-10619925.1691,3468125.2898999974
-10619873.4565,3468311.0139999986
-10570963.2288,3470916.293899998
-10570122.2531,3470960.027999997
-10570031.7324,3471281.6450999975
-10627183.5728,3465101.8606999964
-10615883.659,3477177.832999997
-10610876.6109,3475021.0939000025
-10620350.4425,3470452.768299997
-10620329.6867,3470391.849799998
-10620754.8211,3470270.244599998
-10620514.2359,3470071.574500002
-10620580.3039,3470086.3049999997
-10611596.8622,3468525.945799999
-10611935.0282,3468820.3706
-10611956.905,3468700.9443999976
-10611967.2454,3468627.1684999987
-10611808.5952,3468508.4966999963
-10611651.4073,3468392.0983000025
-10611659.6674,3468298.2880000025
-10612215.553,3468674.4113000035
-10612114.1444,3468545.191399999
-10611876.2064,3468423.4323000014
-10611534.0621,3468616.8955999985
-10611594.2805,3471923.9909000024
-10611788.99,3471630.6352000013
-10611852.4808,3471483.479800001
-10611862.0561,3471380.675999999
-10611915.6325,3471302.396399997
-10618743.4926,3478110.7842999995
-10618863.5169,3478016.1335999966
-10611670.9487,3469193.6974000037
-10615500.2489,3477414.3385000005
-10615408.7467,3477257.972599998
-10615408.2014,3477240.758299999
-10615288.4112,3477365.272
-10616855.2456,3476844.0103999972
-10605878.6146,3466430.6372999996
-10605740.9641,3466169.8197000027
-10598342.8974,3465147.0381999984
-10598484.6404,3464957.8825000003
-10616087.7574,3477398.974299997
-10616025.0987,3477458.8194999993
-10616179.9001,3477042.589400001
-10619968.3402,3472446.821800001
-10613204.5722,3470375.021899998
-10623030.315,3467184.932599999
-10623534.3727,3467126.3071999997
-10623491.0803,3467162.231200002
-10623286.7042,3467258.268299997
-10623251.6374,3467258.811300002
-10623074.4002,3467693.8561000004
-10623365.908,3467699.4604
-10623374.2228,3467672.8391999975
-10623243.2631,3467891.8056000024
-10623406.901,3468154.897699997
-10607242.7171,3463318.5537
-10607140.7765,3463439.5251
-10607329.034,3463547.530100003
-10606924.1659,3463566.3725999966
-10607582.82,3463229.5524000004
-10607584.652,3463321.172700003
-10607587.3566,3463438.2808
-10607849.2347,3463577.070100002
-10608009.9292,3463411.3650999963
-10624381.6235,3466369.2617999986
-10624329.694,3466405.5033000037
-10624138.4519,3466407.177199997
-10624327.4619,3466221.4318000004
-10624348.5303,3466496.8896000013
-10624220.3372,3466676.4437000006
-10624127.5452,3466840.1828000024
-10624171.695,3466839.474399999
-10624320.4332,3466877.432599999
-10624355.954,3466836.664499998
-10624391.3408,3467038.447499998
-10624551.723,3466050.097900003
-10610429.0325,3475240.0688999966
-10610315.4165,3475053.119900003
-10623938.7938,3485929.600400001
-10623165.7475,3485729.3962000012
-10624041.7237,3485325.4315000027
-10623276.9629,3485379.146300003
-10623422.7899,3485364.956699997
-10623809.5323,3485173.6643999964
-10623905.3479,3484762.416699998
-10625668.0835,3484752.8894999996
-10573402.3288,3468474.8823999986
-10572712.7044,3468808.5956000015
-10602490.2826,3473629.555399999
-10602453.4729,3473530.2492000014
-10602574.4999,3473477.0521000028
-10602504.7365,3473477.5429999977
-10602241.0021,3473444.3795000017
-10602064.6193,3473392.307599999
-10602328.5145,3473387.610799998
-10602414.827,3473346.2029
-10602133.7609,3473297.2524999976
-10601962.1584,3473018.967500001
-10602303.5219,3473015.2805999964
-10602355.5689,3472974.1881000027
-10603056.5198,3473557.6367999986
-10602735.0941,3473433.084399998
-10602697.5722,3473381.956100002
-10602785.2903,3473339.781800002
-10603121.777,3473335.692900002
-10603085.3387,3473280.714599997
-10603047.6457,3473242.3144999966
-10602958.078,3473149.8198999986
-10603369.5063,3473050.884300001
-10602672.7591,3473063.0518999994
-10603243.8944,3472906.6138999984
-10602779.056,3472914.156800002
-10603004.424,3472910.8197000027
-10602895.274,3472912.7641000003
-10601804.2842,3473472.161799997
-10601801.54,3473286.5889
-10601473.5917,3473291.329400003
-10601759.0891,3473018.8901999965
-10603313.9877,3472858.1318999976
-10602940.0,3472808.787299998
-10602930.2004,3472767.2544
-10602354.4417,3472920.538900003
-10602266.4596,3472923.8923000023
-10602247.9711,3472819.2031999975
-10602076.4446,3472819.8730999976
-10618989.5371,3490199.563000001
-10618598.79,3490327.8658000007
-10619022.5619,3489893.3598000035
-10619090.4869,3489960.565399997
-10619186.8581,3490014.3646000028
-10617451.5143,3489954.5222999975
-10616287.4998,3489029.386500001
-10617693.1278,3489261.9164000005
-10611243.9404,3469400.166500002
-10611353.8595,3469402.029799998
-10624817.3414,3468502.091600001
-10624799.9917,3468503.8038000017
-10625095.0618,3467472.6777999997
-10625068.6714,3467704.3110999987
-10624945.9221,3467706.3206999972
-10624929.9266,3467798.2880000025
-10625090.6788,3467978.6982999966
-10625092.2454,3468069.961099997
-10625057.2727,3468070.5525999963
-10624904.9855,3468313.4186000004
-10624993.1121,3468334.4998999983
-10624979.4458,3468430.2555000037
-10624919.1541,3468402.833999999
-10624759.8968,3468408.963100001
-10624816.723,3468131.1890999973
-10624786.6619,3468040.1677
-10624803.9892,3467983.371799998
-10624958.7341,3468128.8159999996
-10621355.2875,3470606.248300001
-10621423.7374,3470653.5798999965
-10621411.4912,3470756.854800001
-10621499.8371,3470749.7896
-10624349.8287,3467777.830600001
-10624309.7983,3467731.3649000004
-10624126.4257,3467670.1884000003
-10624208.0038,3467563.520300001
-10624307.6157,3467561.215400003
-10624413.2687,3467223.6119000018
-10624133.0648,3467264.079599999
-10624185.6077,3467228.023500003
-10624258.533,3467226.7216000035
-10619586.0655,3468107.6059999987
-10571081.6308,3469636.493900001
-10623602.8303,3466429.2612000033
-10623603.7844,3466505.3891000003
-10624063.0788,3466086.192900002
-10623949.4232,3466003.0122999996
-10623775.8629,3466132.657200001
-10623795.7386,3466513.186800003
-10623936.2668,3466800.141599998
-10623735.4079,3466913.8828999996
-10623805.6739,3466913.0383
-10624073.0874,3466829.2608999982
-10618023.2307,3479971.737800002
-10621401.9994,3470290.3686000034
-10621489.6179,3470342.507100001
-10621488.4282,3470236.7431999967
-10612046.5478,3476221.871600002
-10612011.409,3476222.592799999
-10611959.3705,3476333.1086999997
-10612011.3742,3476343.885499999
-10611996.0747,3476516.4679000005
-10622310.3717,3479026.153099999
-10621598.6145,3478698.083899997
-10622047.0915,3478693.3772
-10623036.612,3479021.0895000026
-10622576.8031,3478685.7141000032
-10623390.6734,3478999.507600002
-10621580.0673,3478047.5691
-10621483.8743,3477622.1181999967
-10624629.5266,3466456.1806999967
-10617741.3989,3461366.603699997
-10616534.4007,3478761.256099999
-10621135.8836,3470352.202399999
-10621223.6324,3470351.9541999996
-10618779.2001,3475413.072499998
-10618813.1321,3475359.507299997
-10620249.4371,3468912.5434999987
-10620240.5896,3468568.0977
-10577131.3495,3456516.411200002
-10620396.1483,3469641.749300003
-10619483.8361,3478794.7632
-10619842.3271,3468770.4016000032
-10617932.1935,3475765.119400002
-10618001.4777,3475709.0505999997
-10611210.4202,3466212.6128999963
-10610878.1343,3467644.7299999967
-10633345.1984,3488828.1052
-10613976.9213,3482132.729199998
-10613977.3094,3482179.5539999977
-10614098.4783,3481900.2773
-10609692.0555,3477103.2295999974
-10609765.9778,3477189.0649999976
-10609617.2087,3477227.897
-10609578.9151,3477228.3134000003
-10618555.5092,3472098.199199997
-10615792.0777,3480211.3066999987
-10615457.6958,3480214.7304999977
-10615297.0642,3480216.1689999998
-10615317.826,3480215.9130999967
-10615318.6061,3480110.001000002
-10615151.9209,3480155.628899999
-10615014.0834,3480114.5461999997
-10614904.6723,3480216.1548999995
-10615664.3697,3480322.8769999966
-10615622.3247,3480323.001699999
-10617161.767,3483807.3769000024
-10616850.9562,3483762.4954999983
-10616470.5005,3467863.2700000033
-10606063.9639,3466203.2463999987
-10624113.437,3484160.7968000025
-10624861.4925,3484077.110200003
-10574032.9694,3451987.1516000032
-10574200.5453,3451901.285599999
-10574154.6528,3451964.3495000005
-10574222.8095,3452026.434100002
-10574281.0318,3451938.5018000007
-10574387.4778,3451946.971699998
-10574558.8565,3452318.2611000016
-10574800.5308,3452677.896300003
-10574853.272,3452429.4602999985
-10574853.415,3452464.911399998
-10623385.0559,3465749.8161000013
-10616596.3742,3477937.922600001
-10616486.5969,3476222.9689000025
-10614683.5181,3468313.095399998
-10621432.4715,3471170.8021000028
-10622262.3022,3467414.971500002
-10622226.9014,3467380.0551000014
-10622000.1637,3467400.8718999997
-10622224.5931,3467203.7212999985
-10621961.0026,3467154.7346
-10620592.5798,3481565.101800002
-10614798.9252,3469837.4963999987
-10595161.0647,3462804.1297999993
-10594315.4795,3463525.6187999994
-10590638.339,3463250.2622999996
-10590645.0679,3463036.374499999
-10621599.9861,3468500.6911000013
-10618033.2132,3477778.6838999987
-10581542.5499,3480891.827200003
-10580723.4387,3481292.148699999
-10581638.0407,3481136.4503000006
-10614374.1914,3463757.849299997
-10614406.0327,3463563.885300003
-10571085.5793,3470857.7655000016
-10570949.5319,3470739.7797000036
-10618692.9478,3478226.916199997
-10607952.0405,3457576.3938999996
-10608017.0469,3457631.7643000036
-10617471.4612,3476390.1268000007
-10622263.7981,3467573.199000001
-10622141.6994,3467610.0155000016
-10622053.3185,3467540.696999997
-10622227.6324,3467468.1728999987
-10622087.7845,3467469.9311999977
-10576476.403,3455289.3532999977
-10576739.1,3455232.556599997
-10576500.0132,3455010.465999998
-10576287.594,3454741.6877000034
-10575911.8899,3454815.0634000003
-10576008.6677,3454519.4714
-10576692.0292,3454441.1243999973
-10577042.1859,3454504.9930000007
-10577337.7644,3454660.0754999965
-10577078.6212,3454845.672200002
-10576874.1174,3454958.9133
-10577261.0155,3455107.604500003
-10577120.8763,3455109.625500001
-10576934.0342,3455175.834399998
-10577578.3932,3455061.2069000006
-10577677.9077,3455066.1801000014
-10578408.4762,3455261.0508999974
-10578423.7149,3455124.7641000003
-10578068.761,3454856.768100001
-10577882.3491,3454467.349399999
-10613356.8168,3480704.0028000027
-10619554.0187,3488296.6882999986
-10620316.3605,3482101.7475000024
-10620273.7535,3474794.9690999985
-10572602.7741,3468470.539999999
-10572545.9462,3468404.2874
-10572562.4593,3468398.0113999993
-10572516.5573,3468271.9760000035
-10572476.8914,3468189.5578999966
-10614245.7354,3464119.8123999983
-10614464.5333,3465112.893600002
-10614405.8006,3465205.2793999985
-10614674.8844,3464682.0040000007
-10614617.8093,3464680.523199998
-10615051.5147,3464423.432099998
-10621629.2549,3465986.4672000036
-10609427.2266,3465352.8691999987
-10609931.2377,3465587.5067000017
-10609915.7485,3465526.281199999
-10610032.4786,3465499.8916999996
-10609906.2782,3465444.792800002
-10609847.483,3465239.186999999
-10609746.042,3465203.149700001
-10613587.1323,3476098.9070999995
-10581777.8362,3480147.8069999963
-10581780.2686,3479570.210199997
-10582002.2582,3479819.673600003
-10581936.5658,3480068.9777000025
-10581941.114,3480152.410599999
-10582138.1816,3479868.1799999997
-10582342.7528,3479844.9047000036
-10582332.5662,3480186.8060000017
-10582422.9493,3480146.608900003
-10582805.645,3480037.6325000003
-10583063.843,3479941.1886000037
-10583562.6548,3480110.4069000036
-10581952.7038,3479354.894699998
-10606562.0344,3465955.3571000025
-10571608.623,3468968.7480000034
-10571579.7501,3468919.3062999994
-10571526.1004,3468936.537900001
-10575619.6514,3467784.5823
-10575454.913,3467915.369599998
-10628982.3425,3480873.029600002
-10618849.1303,3465702.0654999986
-10618912.261,3465705.5755999982
-10618896.3254,3465671.337099999
-10622710.9539,3468225.460500002
-10622839.7282,3468262.5760999992
-10622519.3005,3468228.388899997
-10622716.3602,3468169.161899999
-10622887.6731,3468129.7268999964
-10622563.7133,3468171.851999998
-10622522.9624,3468172.4064000025
-10622812.3484,3468037.082199998
-10622940.5782,3468073.5270000026
-10622584.6922,3468079.0639000013
-10622704.8216,3467754.8511999995
-10622554.8674,3467794.532499999
-10622879.6688,3467656.8061999977
-10622933.7183,3467692.3663000017
-10622374.4445,3467664.7902000025
-10622736.8121,3467567.711000003
-10609260.6026,3463889.7167000026
-10609287.8627,3463768.5768000036
-10609065.6117,3464095.9367000014
-10608985.6005,3463958.1733999997
-10608905.0556,3463905.349600002
-10609154.0826,3463631.9114999995
-10608771.7277,3463566.6582999974
-10608699.9611,3463521.2550000027
-10609041.1686,3463565.3731999993
-10609129.8363,3463519.277900003
-10608924.1872,3463406.4162999988
-10610074.2006,3464217.818400003
-10610167.5948,3464322.6699
-10576177.8521,3468808.1049000025
-10576325.8124,3468709.3087000027
-10576176.0112,3468618.3105000034
-10576195.201,3468571.0339
-10576015.8167,3468594.1779000014
-10575900.0096,3468463.9426999986
-10576054.3019,3468441.445100002
-10576101.0278,3468259.9865999967
-10576147.7646,3468030.3016000018
-10576185.1863,3467891.965099998
-10575670.0851,3468493.6032000035
-10575765.4141,3468060.8655999973
-10625288.4882,3465605.059600003
-10625445.4785,3465602.0451000035
-10625479.3118,3465541.509800002
-10625198.8041,3465545.1061000004
-10625321.5264,3465543.533500001
-10625188.2138,3465415.6845000014
-10625406.8581,3465359.1537000015
-10625441.921,3465358.703900002
-10625266.6061,3465360.951899998
-10625563.4992,3465267.2641000003
-10625545.0676,3465178.912600003
-10625229.0842,3465146.471199997
-10625280.6428,3465055.9931000024
-10625384.1745,3464911.160099998
-10625506.8927,3464909.728100002
-10625451.3286,3464638.299999997
-10625223.2862,3464643.410700001
-10625202.9878,3464517.648199998
-10625291.3359,3464462.871600002
-10625532.6102,3464100.571800001
-10625549.71,3463919.3889999986
-10621386.6427,3467559.5590000004
-10621393.0182,3467670.2370000035
-10621487.3931,3467714.8079999983
-10609782.8426,3462976.739699997
-10609659.3008,3463011.9799000025
-10582047.16,3482399.6433999985
-10579884.3277,3481239.6231999993
-10580599.9984,3480981.8712000027
-10579466.5455,3480584.917300001
-10581576.9561,3482342.8320000023
-10575549.8318,3484057.119599998
-10581515.9246,3479433.5955
-10578919.9186,3480211.3725999966
-10580873.1529,3479900.0798000023
-10580656.4748,3479868.0631000027
-10579444.32,3476322.5939000025
-10576885.3,3476375.3527000025
-10574607.2545,3476221.136500001
-10574201.7324,3475152.025799997
-10581295.1394,3477124.8095000014
-10580023.8193,3479191.418300003
-10579159.2921,3478971.1872000024
-10579227.007,3478969.755099997
-10580177.0106,3479052.8132999986
-10579032.6935,3479075.660599999
-10581047.1271,3478930.2502999976
-10578534.1719,3478390.7102999985
-10578649.7654,3478597.922600001
-10577516.3944,3475570.7004999965
-10576812.5057,3476097.4323000014
-10578518.9716,3474949.2163999975
-10611752.9618,3474489.7331999987
-10611543.2431,3474531.3241000026
-10617623.9108,3480063.441399999
-10617684.7533,3480282.506099999
-10617656.2244,3480274.646399997
-10617523.3382,3480284.2559999973
-10611453.6474,3469630.806900002
-10611364.6469,3469644.829999998
-10611354.7827,3469659.6141000018
-10604305.9526,3463456.2919000015
-10604328.9397,3463368.786200002
-10604468.8257,3463148.3554000035
-10604585.7703,3462980.8791000023
-10604103.5021,3463297.628700003
-10604126.4593,3463198.9814999998
-10604311.2218,3463118.6066000015
-10604291.9165,3462967.5275000036
-10604263.1643,3462826.4706000015
-10603996.766,3462884.1895999983
-10604144.9147,3462688.5227999985
-10604097.5719,3462633.343199998
-10604273.6055,3462481.9464000016
-10604309.6978,3462388.6213999987
-10604456.441,3462331.9909000024
-10604548.1907,3462196.4409999996
-10604377.2579,3462237.9822999984
-10604859.5678,3462593.4904000014
-10604658.2713,3462647.4143999964
-10604760.0614,3462542.0798999965
-10604672.2474,3462563.1511999965
-10604575.6941,3461818.0621000007
-10604493.3853,3461889.5747999996
-10604123.1905,3461989.9878999963
-10604028.627,3462021.442900002
-10604012.1768,3462034.341600001
-10603965.2516,3461993.985600002
-10604206.3964,3461734.1098999977
-10604254.5513,3461693.9570999965
-10604407.8378,3461481.1099999994
-10604300.4213,3461523.3373000026
-10604094.0074,3462148.4877000004
-10604045.7702,3462101.2700999975
-10604047.7401,3462175.5249999985
-10604523.0999,3463320.2590999976
-10607759.9158,3461270.821800001
-10609851.837,3459488.108599998
-10608268.3022,3460637.778099999
-10609478.3196,3459776.8544000015
-10608633.496,3460086.6067999974
-10607952.8746,3460281.477600001
-10609969.048,3459053.4255999997
-10610066.6237,3458881.2128000036
-10607847.1439,3460103.5830999985
-10608521.4158,3459690.3281999975
-10608596.2412,3459644.614500001
-10608385.6259,3459738.5649999976
-10609480.6878,3459106.290100001
-10609851.5033,3458739.0676999986
-10608898.9026,3459104.3134000003
-10608601.985,3459285.034400001
-10608418.5484,3459263.7744000033
-10608175.1843,3459283.773000002
-10608853.8866,3458885.599100001
-10609877.0193,3458338.4887000024
-10622684.0856,3467511.156000003
-10622450.72,3467479.9685999975
-10622734.4378,3467421.3083000034
-10622537.5881,3467389.6988999993
-10622448.704,3467337.0583999977
-10622730.3669,3467200.248499997
-10622678.3051,3467201.0155000016
-10622595.7627,3467239.809100002
-10622344.4892,3467179.3074999973
-10622748.7744,3467145.4716000035
-10622745.4792,3467006.8101999983
-10622333.2618,3467057.776799999
-10624963.8971,3467031.2150000036
-10624945.9008,3467031.5436000004
-10624948.6015,3467166.090400003
-10625038.304,3467267.7233000025
-10625092.9652,3467369.0494000018
-10624904.8791,3467228.669399999
-10624754.6945,3467128.435999997
-10624787.4921,3467033.298299998
-10624718.2488,3467069.752700001
-10624795.9137,3466517.0451000035
-10624893.9492,3466410.5781000033
-10624893.0221,3466365.8329000026
-10624887.3296,3466094.041199997
-10625121.3616,3466542.8342999965
-10621322.5105,3465983.7025000006
-10621468.8359,3466083.3796000034
-10621365.6626,3466191.257100001
-10621417.4936,3466231.5358999968
-10621326.5631,3466292.8128999993
-10621509.9824,3466329.8647999987
-10621491.4174,3466428.819799997
-10621367.2008,3466489.224600002
-10621511.4416,3466487.681400001
-10621347.8068,3466736.719700001
-10621437.8884,3466901.3853999972
-10602574.7577,3465406.3074999973
-10602647.2062,3465412.3313999996
-10602784.6699,3465607.6939999983
-10610917.638,3466724.453400001
-10610923.2101,3466707.885300003
-10610766.1953,3466709.6275999993
-10610651.6111,3468178.3576999977
-10610778.2079,3468072.1493000016
-10610855.5564,3467767.420599997
-10613344.902,3476378.1110000014
-10621093.2983,3468549.0363000035
-10621261.817,3468580.8389
-10613487.5914,3469719.446999997
-10618615.4267,3472709.5063999966
-10624046.5365,3484006.3263000026
-10609983.1128,3460656.076399997
-10620733.0345,3476509.4954999983
-10620835.3661,3476342.6708000004
-10570666.8485,3469527.2214
-10570667.349,3469429.360299997
-10570618.8179,3469453.1426
-10570602.9605,3469596.169399999
-10570621.8698,3469697.577799998
-10570588.8408,3469684.8844000027
-10608433.6753,3469044.4310000017
-10608269.9762,3468882.8787999973
-10612282.3148,3478465.295900002
-10611396.2835,3474616.3805000037
-10611379.5643,3474603.6235999987
-10610265.4542,3455364.838799998
-10622089.1827,3466942.4328000024
-10621949.1736,3466943.8021000028
-10622100.442,3466404.1912999973
-10613739.0618,3482572.867200002
-10613663.4174,3482423.746799998
-10613843.352,3482639.8242999986
-10607624.1087,3466967.8533999994
-10607632.9319,3466828.7635999992
-10607525.0387,3466770.672700003
-10607975.9778,3466963.4738000035
-10607957.7959,3466657.2030000016
-10607744.4609,3466570.2343999967
-10607724.9889,3466472.3390000015
-10608026.4435,3466504.2798999995
-10607757.9418,3466372.965099998
-10608255.8763,3466400.910099998
-10607806.5234,3466175.0385000035
-10608013.2849,3466170.3872999996
-10607985.9055,3466209.585199997
-10608001.1323,3466071.7600999996
-10608515.0593,3466063.0200000033
-10608016.0324,3465971.4663999975
-10607999.6658,3466011.0075000003
-10608307.3356,3465906.1120999977
-10608495.1368,3465863.628700003
-10608547.9488,3465802.201700002
-10622770.9156,3471457.345399998
-10623045.9975,3471450.5654999986
-10620893.2739,3472510.5040000007
-10622041.6739,3471653.218999997
-10622198.6958,3471558.5317
-10622343.6055,3471549.6621999964
-10621559.0013,3472347.716799997
-10621653.0734,3471826.149099998
-10621855.4509,3471458.8127000034
-10621342.8424,3471434.761
-10621336.5785,3471649.900600001
-10621498.4199,3471772.007600002
-10621123.7378,3471794.704599999
-10621353.8641,3471902.1582999974
-10621129.9601,3472052.736299999
-10621122.2807,3472242.1218999997
-10620981.2546,3472421.3871000037
-10621345.1135,3472513.8769000024
-10623410.1605,3470922.660400003
-10623414.7254,3470869.083899997
-10623530.2543,3470668.3398
-10623934.7357,3471026.082699999
-10623933.6528,3470710.1793000028
-10623933.7543,3470756.0385999978
-10623848.5014,3471147.940700002
-10623811.7624,3471465.1526999995
-10624875.015,3471462.3592000008
-10625124.6654,3471254.752899997
-10624167.558,3472598.0029999986
-10624456.2197,3471292.6253999993
-10624448.4319,3471490.784400001
-10624436.8232,3471429.2555000037
-10622085.7233,3484112.9367000014
-10621589.5435,3484113.8630999997
-10621572.4789,3484231.9575000033
-10621849.3422,3485472.836000003
-10621805.7181,3485698.8684
-10621468.1451,3478515.8369999975
-10611194.8682,3474274.541500002
-10611210.1336,3474185.6220000014
-10611358.7785,3474057.7300999984
-10611250.9194,3474359.790600002
-10620217.5801,3467817.8884999976
-10620474.7104,3471677.028300002
-10620343.519,3471661.2312999964
-10620343.066,3471626.3774999976
-10616075.5104,3488467.1125999987
-10611280.7865,3473652.9705
-10581639.886,3480123.6213999987
-10581543.5718,3480125.7212999985
-10581538.3651,3480010.965800002
-10618273.638,3481473.655699998
-10618544.992,3481462.3308999985
-10618852.0465,3481211.5837000012
-10618765.2524,3481155.338299997
-10618591.9246,3481122.6916000023
-10618502.7005,3481002.2952999994
-10618416.1138,3481110.272500001
-10618365.2054,3481225.5741000026
-10618284.4147,3480959.9136999995
-10618874.1592,3480916.0738999993
-10618770.7119,3481109.890900001
-10618712.0373,3481045.915600002
-10577028.7133,3455822.3215999976
-10577052.2225,3457381.710900001
-10602273.8576,3463453.160700001
-10602090.3758,3463352.8834000006
-10602352.7762,3463289.864699997
-10601912.0578,3463251.4169000015
-10601852.1815,3463252.2375999987
-10602184.1599,3463085.344700001
-10601790.7898,3463088.9148999974
-10601710.9221,3463089.712399997
-10601995.7903,3463448.811499998
-10601850.023,3463450.5649000034
-10601934.8007,3463541.4245000035
-10601789.8624,3463670.6845000014
-10601895.6791,3463725.2546999976
-10601629.0587,3463353.2392999977
-10601431.6946,3463185.369900003
-10613260.501,3476878.2968000025
-10572011.9108,3469808.3024000004
-10571915.594,3469808.825099997
-10571792.6372,3469808.769100003
-10585104.3284,3506694.815899998
-10584695.9324,3507234.2161
-10609975.7781,3469891.3413999975
-10616563.9033,3467221.6152999997
-10616540.3313,3467161.1931999996
-10597877.9133,3461452.196999997
-10596921.3032,3459522.043200001
-10597380.8235,3459396.780500002
-10596772.0363,3459115.4323000014
-10598227.5747,3459206.0600000024
-10616782.3565,3468062.790600002
-10617304.1565,3467366.217500001
-10617567.1567,3467496.5951000005
-10616928.2716,3467000.7031999975
-10616768.8369,3466297.2687000036
-10616485.9904,3465825.492200002
-10616450.6463,3466114.5757
-10615853.3732,3466182.8445999995
-10615550.7707,3466221.792199999
-10613927.8523,3466272.1338
-10613826.4679,3466306.302000001
-10614478.7638,3465966.9158999994
-10613784.0235,3466234.3439000025
-10615429.3617,3465805.1270999983
-10615365.6827,3466164.5962999985
-10616053.9016,3465865.470399998
-10616421.7326,3465760.091600001
-10616411.4503,3465644.173600003
-10613878.7087,3466077.7577000037
-10614034.6402,3465842.4360999987
-10613010.8588,3465774.1093000025
-10612913.9891,3465817.3778000027
-10613293.6837,3465647.826399997
-10612993.1159,3465733.785400003
-10612754.5221,3465715.5842000023
-10612769.015,3465636.8581999987
-10616641.8583,3469048.860799998
-10616533.6402,3468928.9157999977
-10616202.3405,3468460.645300001
-10616217.4861,3468471.1714999974
-10616043.7594,3468520.1230999976
-10616160.1149,3468075.4793
-10616168.404,3468009.351400003
-10616322.7965,3468000.612400003
-10617680.39,3475897.1824999973
-10617714.8754,3475837.4861999974
-10617678.5827,3475740.6062999964
-10617552.8758,3475650.5922000036
-10613536.231,3457748.8583000004
-10594163.6168,3462078.488300003
-10594006.7149,3462138.6366000026
-10593072.5482,3461925.4984000027
-10593469.7027,3461714.466300003
-10593884.5914,3461093.4099999964
-10593688.6989,3461435.0918999985
-10593206.3286,3461501.1887999997
-10592998.3956,3461303.5424999967
-10592998.8809,3461566.1911000013
-10594196.1481,3460924.688500002
-10593186.5575,3460127.5599000007
-10593544.7044,3460154.104000002
-10597718.6904,3456389.5478999987
-10596693.8361,3455735.8126000017
-10618496.5656,3483519.3757999986
-10618494.9935,3483296.5019000024
-10621032.8815,3465064.344899997
-10621131.5464,3464916.8564999998
-10621238.9433,3465388.2608999982
-10621350.9958,3465336.0200999975
-10621839.0842,3465429.5670000017
-10621883.1138,3465579.1674000025
-10621828.8753,3465642.6045999974
-10621800.7122,3465642.6352000013
-10572074.6807,3468464.8836999983
-10572263.6791,3468449.543300003
-10572191.886,3468396.895800002
-10610569.4285,3474726.1341999993
-10610771.0533,3474720.4318000004
-10570793.8597,3470913.369599998
-10570542.1767,3471223.123999998
-10570526.1907,3471022.165100001
-10615520.4603,3467090.136699997
-10615916.1386,3467119.473899998
-10615981.1868,3467076.6406999975
-10615867.8517,3466878.7414000034
-10620704.9665,3471605.9288000017
-10620796.5644,3471525.817900002
-10619176.9524,3481208.9478999972
-10619364.1472,3480823.484099999
-10618203.7027,3476529.4434999973
-10618473.1864,3476405.0077000037
-10618384.5009,3476306.530199997
-10618364.6642,3476218.8913000003
-10618455.9366,3476217.842500001
-10618371.2529,3476117.9130000025
-10618170.5664,3476001.9378999993
-10618370.8813,3476044.0596999973
-10618448.282,3475828.695299998
-10618272.811,3475666.231899999
-10618426.7877,3475592.6435000002
-10618418.6143,3478082.4442000017
-10618470.4357,3477508.2216000035
-10618317.0428,3477466.7080999985
-10618175.2078,3477379.5951000005
-10618508.9242,3477162.156800002
-10618312.9295,3477200.405699998
-10618464.9479,3477064.0978000015
-10618499.1263,3477010.8246000037
-10618505.1365,3476896.6313000023
-10618151.0743,3476848.8040999994
-10618272.2926,3476847.0654999986
-10618416.3412,3476809.7324
-10617823.8158,3477078.963100001
-10618059.8901,3476984.556900002
-10618056.1848,3476801.998999998
-10617911.5286,3476743.1675999984
-10606631.9013,3454960.6274999976
-10601065.2137,3469236.646300003
-10601398.5071,3469610.4680999964
-10601608.9356,3469701.4908000007
-10601311.1077,3469797.4782999977
-10601048.9068,3469926.648500003
-10600998.6075,3470171.0710000023
-10601039.8296,3470263.8005999997
-10601352.4785,3470394.1536
-10601130.308,3470357.9231999964
-10601047.7445,3470394.1767999977
-10620621.8186,3476121.7655000016
-10570773.6249,3469755.3592000008
-10570839.8307,3469781.4482000023
-10570723.4604,3469679.8391999975
-10570735.9279,3469646.543399997
-10570970.3271,3469680.775200002
-10570999.247,3469654.2283999994
-10570867.9993,3469604.2030000016
-10570754.1869,3469560.7607999966
-10621252.4058,3471104.1877999976
-10621311.2227,3470955.831100002
-10609729.8655,3468035.175999999
-10609863.5701,3467975.802699998
-10609711.2775,3467918.9301000014
-10609646.7858,3467788.976999998
-10610054.0701,3467653.253200002
-10609813.9879,3467434.6943000033
-10610055.8477,3467439.5486999974
-10609969.5355,3467378.783699997
-10609937.4305,3467320.1614999995
-10570814.5514,3469396.9284000024
-10567926.559,3471091.8400000036
-10622408.4487,3474737.607900001
-10576231.2849,3459839.2004999965
-10576197.411,3459876.602600001
-10573390.8523,3468747.3659000024
-10577316.8719,3455364.593500003
-10576416.1651,3455396.1894999966
-10602986.6987,3457216.5056999996
-10602802.6771,3457043.1780999973
-10602879.4125,3456795.632600002
-10603285.9279,3456967.4437000006
-10603110.3329,3457337.9962000027
-10603424.5704,3457335.157200001
-10603149.3411,3457778.3407000005
-10603597.9811,3457684.7585000023
-10603702.7558,3457578.0735
-10603613.52,3457420.7544
-10603813.8372,3457331.2949
-10603752.9341,3457297.1863999963
-10603722.5641,3457157.443400003
-10603592.2873,3457070.382299997
-10603758.6989,3456979.432099998
-10603695.1422,3456980.420900002
-10603871.3934,3456890.1028999984
-10603887.9339,3456768.1889000013
-10603926.0909,3456803.1934999973
-10603943.8276,3456854.903999999
-10604154.0767,3456852.916500002
-10604001.9996,3457328.600100003
-10603943.6215,3457507.8440999985
-10604267.3189,3457465.9619999975
-10604021.9861,3457558.291199997
-10593407.0092,3474725.9875999987
-10593627.4634,3475062.8550999984
-10593433.6316,3475258.052699998
-10593425.5523,3475295.647
-10593350.342,3475392.4279000014
-10593324.9691,3475872.044399999
-10593611.6049,3475920.490000002
-10593459.4379,3476209.9875999987
-10630394.8726,3491374.1982999966
-10614085.4025,3487254.3188000023
-10614131.5279,3486857.5446999967
-10614129.4206,3486762.170500003
-10613690.4488,3486691.7573999986
-10613605.8619,3486588.3728
-10615373.2385,3468394.465300001
-10615460.9528,3468356.5951000005
-10615490.0121,3468326.8501999974
-10611024.3293,3489430.1043
-10611148.4006,3489429.1928000003
-10611139.5306,3489394.0031000003
-10611306.1883,3489392.9430000037
-10611428.4018,3489167.253200002
-10611215.9,3489167.7864999995
-10623566.7512,3488412.252700001
-10623925.5349,3488301.862800002
-10624023.9227,3488386.1296999976
-10624489.6166,3487900.3543
-10623169.6827,3488684.924900003
-10623436.1924,3485001.2005999982
-10621172.5792,3469729.3320999965
-10615881.366,3479834.8655999973
-10615429.7422,3479733.5907000005
-10620034.3824,3468148.1811000034
-10608579.3603,3468742.474799998
-10608474.2929,3468658.5552999973
-10608182.4729,3468787.9755000025
-10608347.5623,3468757.229699999
-10570700.5827,3470142.962700002
-10570667.4678,3470035.2924999967
-10570656.4469,3469936.360799998
-10589204.9608,3465421.8927000016
-10588927.6106,3465585.7558000013
-10616396.352,3479828.7524999976
-10571376.2889,3471275.9319999963
-10571585.845,3471269.782300003
-10571551.0691,3471270.7502000034
-10571938.4133,3471301.972599998
-10572250.6486,3471250.0429999977
-10572442.5022,3471244.7151999995
-10572475.4473,3471183.9157000035
-10571618.4196,3471210.533399999
-10572379.4826,3471080.861100003
-10572009.5817,3470838.6149000004
-10571739.8491,3470784.6322000027
-10616440.476,3467372.0522999987
-10576179.2204,3449182.722199999
-10576413.0295,3449186.474200003
-10576219.3956,3449138.6876000017
-10572404.2849,3468507.5358000025
-10581765.5306,3479124.5798999965
-10600098.9316,3466877.8932000026
-10600099.5466,3466913.0516000018
-10600100.0535,3466948.2985000014
-10600283.3772,3466858.868900001
-10600182.739,3466839.4453999996
-10594397.6104,3466438.649700001
-10594410.1053,3466263.919399999
-10594117.1156,3466181.1309999973
-10594405.9489,3465988.1010000035
-10594190.2033,3465904.148500003
-10593996.9167,3465854.2786
-10594113.9358,3465816.204999998
-10594341.5495,3465760.2271
-10641462.5603,3489336.744400002
-10610986.3419,3482296.7607000023
-10610925.6379,3482412.1974000037
-10610724.2659,3482651.5187000036
-10594705.8255,3461110.0637999997
-10595302.1174,3461103.7798999995
-10597646.8608,3457042.2123000026
-10597950.1491,3457966.041000001
-10598218.7334,3458692.999300003
-10597322.9013,3458090.217
-10612245.6586,3469322.2151999995
-10574001.4144,3468765.5524000004
-10573807.0929,3468769.2025000006
-10573565.386,3468621.052699998
-10573786.3797,3468668.8923999965
-10573911.9209,3468564.3191
-10608889.9935,3458740.4509999976
-10609034.6985,3458571.791699998
-10579177.5424,3472497.3150999993
-10610401.1018,3462094.1635999978
-10610208.3671,3462169.0757
-10610179.9728,3462223.4606000036
-10610100.6449,3462156.5370000005
-10588335.411,3474213.432099998
-10599145.0753,3466063.475900002
-10599148.1549,3465960.3123999983
-10599313.1818,3465776.2183
-10621131.981,3466924.3879000023
-10621017.1052,3466843.2722000033
-10620701.6463,3466757.645499997
-10620502.5649,3466637.856200002
-10620291.9932,3466415.203599997
-10620589.352,3466605.558600001
-10620552.397,3466591.436800003
-10620689.2209,3466602.717500001
-10621142.7492,3466730.604699999
-10621152.6616,3466694.4228999987
-10621243.8472,3466694.0694999993
-10620746.7843,3466559.9087999985
-10620863.0859,3466561.990000002
-10620606.374,3466465.8621999994
-10620932.7264,3466522.4081000015
-10620849.5506,3466493.2075999975
-10620975.5364,3466489.974799998
-10621042.4125,3466490.3282999992
-10621115.3218,3466430.1877000034
-10621040.6698,3466430.333499998
-10621037.5439,3466282.3165000007
-10620559.7994,3466169.4946999997
-10620681.431,3466073.6947000027
-10620755.5663,3465978.2839
-10621015.4501,3465917.311499998
-10620939.9979,3466203.081299998
-10621374.1072,3469740.4558999985
-10578589.4882,3470753.111100003
-10615686.1663,3488150.730899997
-10578123.988,3478728.1064999998
-10578102.1824,3478525.7431000024
-10577588.1991,3478286.640299998
-10577745.8284,3478283.6867000014
-10577645.8673,3478102.9438000023
-10578534.9619,3478922.999499999
-10615063.3672,3476532.817400001
-10615301.491,3476179.4629999995
-10614988.2723,3479473.6218999997
-10588995.3993,3466346.4689000025
-10588729.6165,3466266.020499997
-10589058.7775,3466113.463799998
-10588910.7822,3465906.182099998
-10588890.3893,3465906.6960000023
-10616123.9064,3461393.1917999983
-10616218.7632,3461333.232000001
-10616172.2282,3460880.016099997
-10616274.406,3460728.752899997
-10616204.3131,3460730.1209999993
-10616132.2234,3460639.7727999985
-10616201.5684,3460603.4318000004
-10621686.8103,3466795.228600003
-10621644.1034,3466693.4724999964
-10621601.3068,3466629.3584999964
-10621685.1193,3466586.0661000013
-10621621.4065,3466586.902999997
-10622022.2241,3470605.6265999973
-10621765.1605,3470916.332699999
-10621941.629,3470686.9399999976
-10621852.5819,3470622.6863999963
-10621940.9616,3470621.5676999986
-10590684.6794,3474539.981399998
-10590799.0244,3474274.285099998
-10609955.8928,3477005.5986
-10610046.1295,3476920.1389999986
-10609957.998,3477106.2399000004
-10608501.6592,3488283.778499998
-10608359.3412,3488162.487300001
-10609380.1459,3488151.670400001
-10604913.9221,3477413.684299998
-10604859.7973,3477224.2946000025
-10604838.8842,3477559.889799997
-10611040.3784,3489864.101599999
-10612803.4325,3482175.1689999998
-10597707.6644,3474022.539999999
-10598719.9261,3474341.699199997
-10598521.3095,3474542.4755000025
-10599252.6009,3474717.2436000034
-10599066.1306,3474362.134300001
-10598817.9902,3473838.224799998
-10588569.3252,3474740.847599998
-10619536.0217,3472324.6454000026
-10619498.7721,3472222.4199
-10586760.2205,3498302.0547999963
-10586172.4751,3497497.2775000036
-10614447.0585,3483110.2550000027
-10602772.884,3492147.906999998
-10620789.97,3475960.5348000005
-10616877.823,3483002.4306000024
-10626421.8856,3457208.9805999994
-10626426.0083,3457324.2886999995
-10628078.891,3497234.3646000028
-10628952.9959,3490858.8715000004
-10628531.9566,3490736.7643000036
-10628145.383,3490857.5961000025
-10628712.8465,3491001.951899998
-10629064.5167,3491004.2883
-10621537.3202,3491768.9387999997
-10614582.6275,3484571.5626000017
-10614761.9573,3484432.153300002
-10615000.5858,3484565.6621999964
-10614379.9664,3484273.677199997
-10614506.81,3484675.7378999963
-10616012.1369,3461972.593800001
-10615896.557,3462100.027400002
-10615614.808,3461953.1545
-10615996.2323,3461808.7958000004
-10615760.5546,3461710.067900002
-10615641.6672,3461628.380099997
-10615763.992,3461469.8753999993
-10613364.3979,3482340.826200001
-10609061.0437,3462898.6767000034
-10609129.0511,3462907.1121999994
-10608915.8977,3463044.9761999995
-10608753.2462,3462713.806599997
-10608490.4404,3462718.5716999993
-10608274.8291,3462718.4262000024
-10609499.9983,3483509.2995999977
-10609750.3419,3484007.809799999
-10615396.8775,3486412.2553000003
-10615604.0931,3486407.7123000026
-10614682.9783,3486305.195799999
-10614584.3386,3486280.1731999964
-10614757.6988,3485974.1799999997
-10614341.2529,3485955.621799998
-10614380.9647,3486077.766099997
-10597879.5285,3464411.623999998
-10587533.6357,3474481.6318000033
-10587051.3812,3474104.890900001
-10614186.3264,3481429.342100002
-10614365.1226,3481452.6687999964
-10614258.5867,3481267.195299998
-10614602.8781,3482462.6150999963
-10614535.1843,3482139.0129000023
-10614260.2261,3482072.9551
-10615682.465,3481145.0124000013
-10615900.2532,3481057.0418
-10615659.2157,3481060.2183
-10615846.4087,3480997.4309
-10615635.8992,3480859.4979000017
-10615239.3362,3480864.4036
-10615033.1561,3480742.3144999966
-10574638.1892,3468009.3641000018
-10615746.7355,3481461.0930999964
-10615683.8989,3481461.609700002
-10615659.9102,3481374.4944999963
-10614972.2311,3481314.480300002
-10615012.8493,3481224.0933
-10615307.1748,3481220.0669
-10593892.8903,3474388.549999997
-10594196.9281,3474667.807400003
-10593872.2722,3474675.887500003
-10594014.5817,3474769.3528999984
-10594214.9285,3475427.1956999972
-10593942.3553,3475435.4865000024
-10594183.2984,3475621.339900002
-10594090.0366,3475908.5045000017
-10593916.2599,3476197.5644999966
-10593916.9289,3476237.1184
-10594644.0213,3474943.2311000004
-10594329.1103,3475081.3200000003
-10594521.3698,3475945.6854000017
-10594603.4336,3476183.0405
-10594802.3527,3474558.962200001
-10595037.9725,3474744.1810000017
-10595074.0391,3475159.6361000016
-10594963.4911,3475316.8540999964
-10595040.5288,3475635.516099997
-10594978.1725,3475830.270499997
-10594892.4959,3475794.781499997
-10594886.1931,3475889.4346999973
-10595466.4956,3474731.4755000025
-10595377.4297,3474828.2360000014
-10595249.458,3475061.122100003
-10612066.0921,3488931.0103999972
-10620628.8063,3483265.2555000037
-10620760.0015,3483168.3401999995
-10620971.5244,3483083.143299997
-10620624.7445,3483087.027900003
-10589363.5932,3474551.1481000036
-10598180.429,3466799.311499998
-10598081.8894,3466962.2993
-10612116.9624,3484267.6312000006
-10586538.9813,3476775.625
-10587364.2816,3476403.112300001
-10587712.8735,3476082.6871000007
-10587483.3604,3477347.6761000007
-10587163.6977,3477261.368900001
-10590363.4728,3475429.7661999986
-10589995.6811,3475087.2124999985
-10589913.4456,3475368.211099997
-10591626.1172,3475949.6406000033
-10590450.8793,3475963.4055999964
-10590133.1527,3475923.3907999992
-10590007.4264,3475986.1893000007
-10591456.2177,3475458.942400001
-10598622.1622,3464421.6050999984
-10598508.5778,3464580.1141000018
-10598568.1116,3464377.6960999966
-10598363.7283,3464680.3923000023
-10598270.3209,3464514.793300003
-10598340.0701,3464225.8466000035
-10598453.5778,3464049.7382000014
-10598635.6839,3465406.531199999
-10598634.4678,3465300.8059
-10598237.9582,3465371.494099997
-10607242.5167,3463013.4315000027
-10607029.1064,3462971.8056999967
-10607051.2571,3462903.128899999
-10616190.3764,3467073.0427
-10616441.8683,3467097.4186000004
-10615948.4087,3482239.354000002
-10615863.9843,3482241.2082
-10615842.9175,3482241.2075999975
-10615716.7213,3482243.8840000033
-10615437.6643,3482155.8906000033
-10615799.441,3482150.1960000023
-10615819.4166,3482081.0551000014
-10616009.4944,3481987.6011999995
-10615412.2596,3481928.7704000026
-10615961.9962,3481829.677699998
-10615729.7748,3481833.1384000033
-10615896.268,3481671.582199998
-10615833.106,3481672.4657000005
-10619706.2597,3468984.212399997
-10619454.6454,3469002.786700003
-10615843.233,3488835.054200001
-10611228.7532,3469297.7382000014
-10611473.9482,3478406.3288000003
-10611572.9328,3478065.717799999
-10611506.4377,3477968.2969999984
-10611485.5219,3478088.520499997
-10611568.6524,3477618.6894000024
-10611290.9923,3478239.320100002
-10611364.0203,3478396.4662000015
-10611451.3832,3477438.177199997
-10611092.7574,3478114.4504000023
-10611089.1939,3477753.7471999973
-10610891.6519,3477755.179200001
-10610984.6981,3478179.4196000025
-10610474.0435,3477430.8619000018
-10610571.6773,3477593.1114000008
-10610360.3517,3477506.927000001
-10610468.5686,3476829.2903999984
-10610569.7541,3477374.2487000003
-10610257.3875,3477759.244599998
-10610226.748,3478196.1992999986
-10610279.6161,3478448.7140000015
-10611480.5676,3477234.9844999984
-10611278.0036,3477301.685999997
-10611566.4683,3479153.7973999977
-10611389.3505,3478933.9569000006
-10611300.0093,3478840.391599998
-10611395.6693,3479367.972599998
-10611009.4142,3479923.4223000035
-10610912.8073,3479267.0803000033
-10610229.734,3476900.2339999974
-10615675.2683,3490080.3056999967
-10611984.4707,3477553.969700001
-10613648.3699,3478694.774899997
-10613676.7001,3478693.7556999996
-10613726.9457,3478692.347400002
-10616918.7842,3482420.1887999997
-10617119.2469,3482420.696800001
-10616926.2211,3482250.9974000007
-10616732.6269,3482272.7961999997
-10611827.6447,3479913.4252000004
-10611828.2417,3479955.760499999
-10611828.8387,3479998.096199997
-10611830.0327,3480082.7673999965
-10611731.4954,3479510.7677000016
-10611729.5283,3479383.4930000007
-10623343.2462,3465943.2646000013
-10598062.0942,3465242.339900002
-10611641.4134,3480668.4191000015
-10611353.8841,3480664.2761999965
-10611131.264,3481003.0547999963
-10611130.9804,3480981.8852000013
-10610755.8914,3481196.8962000012
-10611118.959,3480267.9870999977
-10611055.518,3480619.1853
-10610223.2482,3481033.4548999965
-10610221.1827,3480636.3620000035
-10610063.0735,3480133.490699999
-10610084.4686,3481090.8029000014
-10610084.2784,3481235.959899999
-10610648.7677,3482009.8827000037
-10610410.78,3481874.5912000015
-10610563.6466,3482576.1833999977
-10610458.5052,3482302.560800001
-10610655.8124,3482643.7710999995
-10610656.1767,3482677.4931999967
-10610657.8049,3482790.2412
-10610498.181,3482961.528300002
-10610237.5633,3482591.4463
-10616869.6615,3479399.2853000015
-10609863.3942,3480696.021899998
-10608658.1886,3481239.6445000023
-10608571.6574,3481236.3725000024
-10608177.2406,3481314.830799997
-10611233.1473,3482753.561999999
-10620730.4106,3468756.152999997
-10620772.4194,3468642.4412999973
-10612178.1238,3483961.1460999995
-10612316.8361,3484010.586199999
-10612107.7838,3483774.782899998
-10620171.7591,3479608.6718000025
-10619871.0451,3479969.0066
-10619929.1547,3480115.4399000034
-10620200.0954,3480255.7775000036
-10620422.0902,3480120.466499999
-10620851.836,3480015.6802999973
-10620421.2521,3480180.7018000036
-10620365.3458,3480180.0034999996
-10620419.2608,3479974.9323000014
-10620587.6927,3479964.031499997
-10620842.0725,3479964.7305999994
-10620793.8905,3479708.3818000033
-10620794.753,3479807.5489000008
-10620414.2121,3479896.5024000034
-10621149.0083,3480051.0339
-10621148.6164,3480022.0999
-10621265.2157,3479915.348200001
-10621426.4368,3480375.2739000022
-10621101.764,3480453.148199998
-10621161.9551,3480453.3508
-10621323.9684,3480979.3944000006
-10621712.8956,3481250.384999998
-10621978.2823,3481299.3686999977
-10621763.5704,3481447.7366999984
-10621658.5414,3481507.9142000005
-10621826.6557,3481609.1327000037
-10622025.6767,3481701.479800001
-10622232.9361,3481019.412799999
-10622461.3087,3481358.2026999965
-10622323.121,3481494.2980000004
-10622245.0795,3481462.2509000003
-10622104.5492,3481472.726499997
-10623039.6243,3481021.8740999997
-10622901.6753,3481040.4087999985
-10622855.8519,3481109.2031000033
-10622845.0597,3481357.969300002
-10622772.9817,3481521.5150000006
-10623074.8887,3481367.8175000027
-10582553.542,3480797.719700001
-10582275.8721,3480619.9351999983
-10631571.9524,3478822.8193000033
-10631914.9056,3478750.5062000006
-10631925.7871,3478750.546599999
-10631930.5432,3478887.8194999993
-10614434.4708,3480198.1416999996
-10613676.3264,3480200.5621000007
-10613569.8354,3479942.1875
-10613944.4954,3479862.1862000003
-10612852.9841,3480217.487400003
-10613271.5087,3480029.179200001
-10600107.1551,3465867.851400003
-10615692.3157,3479581.869900003
-10615285.8978,3479436.1066000015
-10615394.6861,3479434.767099999
-10615693.8121,3479333.222599998
-10615820.5197,3479293.6130999997
-10615999.8662,3479193.6794999987
-10615593.1975,3479105.846199997
-10615233.2268,3479148.8118999973
-10615464.5374,3479048.9202999994
-10615472.5634,3479011.2371999994
-10615255.9636,3478860.3808000013
-10615999.2772,3478811.410700001
-10615320.3252,3478724.189199999
-10615470.2972,3478758.2475999966
-10615690.0158,3478623.0552999973
-10615342.6474,3478441.3106999993
-10616219.7716,3478650.447800003
-10616288.2836,3478710.136699997
-10616297.02,3478841.9755999967
-10616048.5898,3478943.1735000014
-10616370.3727,3478995.655000001
-10616370.9837,3479129.762199998
-10616240.6113,3479514.9997999966
-10616283.364,3479571.146499999
-10619094.8197,3484627.7580000013
-10599270.1507,3466860.1943999976
-10599304.7752,3466823.2717999965
-10599183.2271,3466697.3341000006
-10599320.628,3466732.7732999995
-10599042.3588,3465074.5847000033
-10608447.8679,3467715.3694999963
-10608155.6142,3467713.345700003
-10608225.731,3467617.3303999975
-10608419.529,3467616.1599999964
-10608393.5376,3467488.717799999
-10608203.5661,3467433.7019999996
-10608494.0691,3467570.589900002
-10607770.7752,3467786.1886000037
-10607875.6987,3467726.998300001
-10607734.5167,3467639.596000001
-10607749.4217,3467513.040600002
-10607629.71,3467637.9919999987
-10607563.0324,3467961.474200003
-10616338.3507,3466824.1567
-10611037.8479,3468217.3649000004
-10620589.9664,3469364.7668000013
-10620472.251,3469147.6850000024
-10616345.3037,3465091.6849000007
-10616126.7579,3465041.303000003
-10614202.9358,3483725.2457000017
-10579768.1538,3471682.4944999963
-10624732.8139,3488520.695100002
-10625235.5088,3488575.7704000026
-10625217.8275,3488685.2613999993
-10624777.5323,3488764.5851000026
-10624545.8043,3488772.1181999967
-10619014.0776,3481210.851499997
-10618968.3636,3480948.522500001
-10606412.6422,3481747.624300003
-10607261.6613,3482013.137699999
-10606815.5904,3481468.0613999963
-10605692.3704,3481653.2052000016
-10568459.7145,3471497.9377999976
-10628067.7011,3464480.850900002
-10627956.5581,3464416.115199998
-10627919.8361,3464416.5867
-10629182.4886,3464559.275399998
-10627821.4682,3464330.6721
-10628793.1081,3464257.5571999997
-10628609.0387,3464259.5371999964
-10628498.5971,3464260.724100001
-10628388.1555,3464261.9098000005
-10628424.0836,3464172.9878999963
-10629248.4278,3463938.3257
-10627638.4768,3464180.5626000017
-10628924.287,3464637.934100002
-10628921.4966,3464807.844499998
-10621435.6178,3468499.7414999977
-10621377.2717,3468494.5086999983
-10605688.2079,3466347.8957
-10575619.3353,3467553.580499999
-10598817.2976,3465332.528099999
-10598701.1988,3465336.1306999996
-10609392.9073,3492399.855800003
-10609504.665,3492253.1494000033
-10609400.5286,3492253.775399998
-10609205.0456,3492111.1961999983
-10609729.677,3491878.7304999977
-10608814.4979,3491971.6608999968
-10581943.5365,3475637.864500001
-10581760.101,3475356.5952999964
-10571654.6909,3470109.1308000013
-10571602.1747,3470139.778300002
-10571564.7488,3470114.8878000006
-10571255.4652,3469186.5885000005
-10570989.0016,3468987.8827000037
-10571263.1362,3469035.7282000035
-10634327.2955,3477587.5571999997
-10634376.8167,3478357.850900002
-10634180.2197,3478631.3555999994
-10621525.6214,3482220.4486000016
-10621619.1693,3482077.123499997
-10621474.3733,3486140.4375
-10616057.3843,3482576.0560000017
-10616045.5726,3482104.7113000005
-10606966.0631,3480835.660400003
-10606966.6485,3480755.5414000005
-10606941.805,3480411.8291999996
-10611538.6261,3467774.3143000007
-10611412.1212,3467410.7436000034
-10611619.6272,3467265.9701000005
-10611456.3316,3467287.186300002
-10615319.2942,3485689.1110000014
-10615240.2385,3485690.478500001
-10615067.7737,3485280.1110000014
-10614975.8871,3485210.1472999975
-10615143.8903,3485120.594899997
-10614034.8648,3480641.833999999
-10613675.4029,3480507.351599999
-10614180.7785,3480639.8786000013
-10627132.1733,3472459.409000002
-10612410.781,3479666.281800002
-10612246.3888,3479668.2126
-10611983.4818,3479732.4736
-10612125.9237,3479888.483599998
-10612249.8733,3479996.3813999966
-10612309.6566,3480069.2393999994
-10612362.6316,3480121.9428000003
-10611991.0292,3480095.869599998
-10612129.7066,3480134.0725999996
-10612759.0116,3479885.482500002
-10597833.0813,3473160.456299998
-10597951.4062,3473283.7040000036
-10597806.2083,3473089.452200003
-10597733.6349,3472721.3040999994
-10598813.178,3473402.054899998
-10598986.2001,3473309.6230999976
-10598480.1841,3473264.768299997
-10598207.7099,3473276.8726999983
-10598451.566,3473119.718500003
-10599374.8584,3473445.5385999978
-10599450.1404,3473015.3298000023
-10599595.9345,3472977.9882000014
-10599618.1157,3472917.8625999987
-10599381.6295,3472827.5983999968
-10599228.8617,3472675.976400003
-10599423.8985,3472511.389700003
-10599554.2833,3472528.217299998
-10599511.0152,3472550.6503000036
-10614577.5318,3485530.0895000026
-10568435.0317,3471920.8718999997
-10569364.6039,3468700.798600003
-10570068.4816,3468837.647500001
-10569925.0311,3468890.520300001
-10570082.7757,3468721.527599998
-10569395.3668,3468386.3211999983
-10608303.6438,3481654.0808999985
-10608819.2905,3482013.740000002
-10608603.7188,3482182.1067999974
-10608393.282,3482262.8044999987
-10644724.1943,3515378.936300002
-10644720.6521,3515259.7424999997
-10573971.9431,3469805.479199998
-10571098.2698,3468675.5051999986
-10571130.0745,3468592.559299998
-10571133.7821,3468556.2524999976
-10612946.0213,3478368.837099999
-10612816.8708,3478322.7217999995
-10612978.7412,3478233.8233999982
-10612908.55,3478234.9679000005
-10626104.7814,3465467.4355999976
-10575386.3322,3467839.204499997
-10575322.2001,3467886.621600002
-10575181.2653,3467992.596000001
-10575559.425,3467662.3149999976
-10575278.2109,3467871.1613000035
-10575191.9773,3467935.517499998
-10575305.6933,3467731.2572000027
-10575016.2392,3467854.1401999965
-10574753.8689,3467871.667000003
-10574760.9697,3467909.168300003
-10617923.7872,3465214.8153000027
-10613562.4324,3480350.727300003
-10614254.2892,3480340.4252000004
-10613334.6255,3480353.6670999974
-10622869.1385,3473912.275200002
-10622888.0231,3473639.352600001
-10622874.6224,3473229.0610999987
-10622716.4121,3473225.512000002
-10572209.3832,3476103.7619000003
-10572198.1501,3475447.9910999984
-10618445.3756,3485043.453599997
-10618338.7118,3485044.2524999976
-10618516.8235,3485067.0467000008
-10622186.779,3468177.8682999983
-10622211.9764,3468041.8148000017
-10622126.4245,3467979.6783000007
-10610997.9097,3485799.5491999984
-10611208.2026,3485816.0200000033
-10611392.1127,3485466.434600003
-10611565.9801,3485529.264399998
-10611522.0609,3485324.6614999995
-10611591.2946,3485349.337399997
-10610791.254,3463607.9944999963
-10610707.406,3463608.604699999
-10610801.6178,3463542.6943000033
-10610811.4529,3463434.007600002
-10610557.4351,3463433.906499997
-10610706.7254,3463280.3153000027
-10610604.4366,3463184.842299998
-10610862.3541,3463127.4450000003
-10610704.2399,3463092.565399997
-10611254.1601,3463091.4367000014
-10611107.4223,3463759.189000003
-10611086.4002,3463759.273400001
-10610960.3905,3463759.773000002
-10611002.6339,3463869.4707999974
-10611066.0563,3463934.5583999977
-10617358.8421,3481385.636
-10625462.0378,3497316.4860000014
-10615961.9875,3487551.8451000005
-10615560.2968,3487366.716600001
-10615020.519,3487243.8581999987
-10598594.42,3482815.9354000017
-10600072.7789,3483169.224299997
-10598282.9864,3483198.600900002
-10598201.5634,3483644.717100002
-10597498.6258,3483667.9406000003
-10599552.75,3483858.3977999985
-10598877.8786,3483868.673799999
-10602201.2038,3474186.7949
-10608973.9819,3464296.9668999985
-10606570.8705,3464891.7749999985
-10574140.8098,3475912.1433999985
-10573669.6597,3475456.498300001
-10621252.2924,3470897.5547999963
-10621148.2248,3470922.087099999
-10587415.6979,3477911.4058
-10587924.2322,3477760.922600001
-10588034.8739,3477704.0835999995
-10586949.9136,3478571.967299998
-10588069.8693,3475086.202399999
-10584403.0748,3477178.182400003
-10609786.8613,3482990.637500003
-10589020.5045,3465384.059600003
-10625820.1633,3454660.5288999975
-10626680.2399,3454697.969700001
-10624009.2666,3467938.981899999
-10623904.0242,3467940.7819000036
-10623715.4822,3467943.9155
-10624022.134,3467829.0864999965
-10623622.3258,3467835.3620999977
-10623707.3028,3467834.014700003
-10623722.7839,3467506.685800001
-10623635.9893,3467507.8351000026
-10623828.8213,3467570.1460999995
-10623620.6757,3467727.0176
-10623853.9125,3468100.9365999997
-10613798.3792,3467203.828599997
-10613542.8022,3466936.3334000036
-10613926.9426,3467024.2731000036
-10613821.0504,3466808.468999997
-10613877.7901,3466776.7805999964
-10615705.567,3487995.5434999987
-10615580.9296,3487997.7249
-10615731.5417,3487850.330799997
-10616789.5466,3487968.159900002
-10627872.3837,3454362.8117000014
-10627404.1964,3454200.3246000037
-10607465.3765,3465992.2892000005
-10607753.4786,3465883.079599999
-10607901.0053,3465771.6625000015
-10607797.3478,3465363.5183999985
-10607881.739,3465362.4250999987
-10632845.0322,3479717.2365999967
-10632427.9633,3479731.967
-10632842.1707,3479488.2339999974
-10632603.8725,3479511.158
-10633047.1732,3479476.278099999
-10633232.4,3479418.2564999983
-10632885.8239,3479022.4125000015
-10632703.8079,3479025.2168999985
-10626965.2313,3474822.7634000033
-10627278.7919,3474726.942599997
-10627023.3641,3475527.036399998
-10615423.4807,3460373.9932999983
-10615597.7645,3460234.3255999982
-10615767.5656,3460231.4777000025
-10615143.0053,3460160.761699997
-10615838.4391,3460150.7606000006
-10616778.2596,3484019.307099998
-10616865.9988,3482018.7392000034
-10616950.545,3481832.139700003
-10616912.2564,3481669.2480000034
-10621396.6775,3469353.3078999966
-10614677.1524,3467671.9186000004
-10614710.7478,3467638.8433
-10614825.0158,3467678.8258000016
-10614753.5182,3467578.657499999
-10570688.1516,3469135.6133999974
-10570466.2893,3468777.5403999984
-10570277.353,3468754.9155
-10622592.9388,3473262.4340000004
-10622355.0236,3473751.620099999
-10622544.2728,3473933.519699998
-10622446.0213,3473990.5002999976
-10629974.6669,3468826.599299997
-10622459.8248,3486002.7375999987
-10621858.9848,3486447.7509000003
-10621944.0939,3486356.1027999967
-10622107.0149,3486059.5116000026
-10622054.4461,3486059.867700003
-10622395.8083,3486002.7339999974
-10611632.4017,3467062.1187999994
-10611722.1848,3466801.1978999972
-10611673.4263,3467117.1829999983
-10611685.7224,3467079.181599997
-10611849.0637,3466889.1115999967
-10611628.477,3466962.7456
-10611597.4639,3466908.0019000024
-10615257.0788,3482234.8751000017
-10612455.0587,3486627.963600002
-10612766.7203,3486350.5473000035
-10608614.5086,3467523.9746999964
-10608660.0735,3467423.2939999998
-10608569.7217,3467473.1086999997
-10608898.5652,3467638.9799000025
-10609751.5419,3477448.2162000015
-10609613.0161,3477544.8254999965
-10609732.8873,3477824.4279000014
-10609814.1504,3477635.1220000014
-10609458.7473,3477429.718699999
-10609439.0807,3477634.359700002
-10609439.2396,3478044.626500003
-10609533.8905,3478277.0895000026
-10609593.6427,3478234.891599998
-10609593.6601,3478128.9098000005
-10609732.7037,3478360.2479000017
-10610013.1381,3477782.6586000025
-10610013.2392,3477740.5295
-10610154.1787,3478129.0227999985
-10610093.9516,3478401.9893999994
-10598698.3455,3465068.178199999
-10614797.354,3466871.142499998
-10614686.404,3466838.9087999985
-10614376.7157,3467061.5939000025
-10597844.4815,3465152.017099999
-10597779.383,3464966.6231999993
-10597800.4207,3464966.396499999
-10597931.6604,3465708.0832
-10597824.6125,3465523.9447000027
-10597908.3896,3465485.3840999976
-10599079.925,3465524.740699999
-10599196.1682,3465687.9505999982
-10608585.3868,3466255.5471
-10608655.8826,3466293.4469000027
-10608592.713,3466156.709399998
-10608554.3321,3466101.5973000005
-10609082.0217,3466244.851599999
-10608761.4929,3466386.7431000024
-10608837.7016,3466290.6624
-10609094.7439,3466167.281199999
-10609010.8387,3466173.3518999964
-10608929.7028,3466108.847199999
-10608753.8263,3466096.9607999995
-10608823.133,3465826.8505000025
-10600187.4329,3482082.3594999984
-10600074.006,3482314.908200003
-10599929.4432,3481896.8708999977
-10634503.9976,3477746.4452000037
-10634860.1302,3477883.721500002
-10577275.2919,3460278.1818000004
-10577186.255,3460110.478699997
-10576956.5021,3460035.4860000014
-10614145.3803,3464970.2070999965
-10614255.8886,3464903.367899999
-10614168.3707,3464710.100299999
-10614264.3702,3464747.6894000024
-10614100.6722,3464580.6947000027
-10614180.3769,3464608.0996999964
-10613829.3287,3464686.146300003
-10613748.2496,3464657.650899999
-10607265.6123,3466223.7793999985
-10607303.6739,3466091.0757
-10607383.0488,3466030.0194000006
-10607322.9506,3466031.266599998
-10607329.174,3466318.1833999977
-10607307.9617,3466281.579099998
-10607226.161,3466282.4962000027
-10607392.931,3466375.7826000005
-10607304.9868,3466691.9927999973
-10607257.9329,3466693.012500003
-10622224.1135,3467635.275600001
-10622311.0994,3467722.5129000023
-10622157.008,3467689.0983999968
-10614897.1934,3466519.627700001
-10614743.3073,3466640.7449999973
-10614826.4063,3466774.0979999974
-10614821.6697,3466726.999300003
-10615925.0187,3498346.1212000027
-10606990.4049,3466755.5537
-10606957.4933,3466226.1252000034
-10607111.4165,3466036.1357000023
-10597893.5074,3465801.969700001
-10597915.1275,3465855.662900001
-10597831.3585,3465892.5271999985
-10628058.1625,3473398.1449000016
-10603949.5309,3469402.3169
-10604509.1416,3469772.1001999974
-10604570.9734,3469819.148199998
-10603953.0109,3469636.7272000015
-10603954.8353,3469771.9984000027
-10604098.121,3469651.096699998
-10604069.4947,3469705.305200003
-10604134.1818,3469679.8647999987
-10604164.8428,3469660.5046000034
-10604060.6448,3469771.1960999966
-10604296.3079,3469775.1059999987
-10604314.5002,3469823.734700002
-10603964.4397,3470084.7590999976
-10604146.8645,3470035.182099998
-10604471.5857,3469829.901100002
-10604334.7225,3470210.973099999
-10604496.079,3470148.6476000026
-10603968.9394,3470263.2578999996
-10604261.3351,3470306.9311999977
-10604243.5965,3470312.1943000033
-10604343.5778,3470323.922799997
-10604578.3575,3470316.881099999
-10572156.9498,3469722.5135999992
-10615710.3244,3467263.483000003
-10615823.7811,3467343.626000002
-10610492.7097,3468659.6921000034
-10610545.1586,3468457.1240999997
-10610399.5924,3468500.9510999992
-10610232.3207,3468543.2974999994
-10610040.9389,3468423.1765
-10610038.5049,3468525.9705
-10610389.3991,3468761.126000002
-10610273.7171,3468657.148699999
-10614046.4797,3479646.2392999977
-10570061.2037,3470697.8900000006
-10613731.0297,3465215.5709000006
-10613201.0551,3465445.351800002
-10613188.2821,3465332.805399999
-10613203.6803,3465381.9387999997
-10613103.0841,3465231.3369999975
-10608660.3636,3466651.898599997
-10624500.3588,3466935.7217999995
-10613925.2881,3479245.222000003
-10613736.924,3479318.460900001
-10613665.7323,3479372.118900001
-10613557.5559,3479408.1493000016
-10610136.4352,3483523.9541999996
-10610090.417,3483270.662299998
-10610088.4799,3483143.9365999997
-10610205.8711,3483966.601300001
-10610098.9952,3483820.3153000027
-10610098.2296,3483756.7920999974
-10610363.0771,3483897.637599997
-10610695.6485,3484244.5898
-10610625.2223,3484170.4777000025
-10598938.4415,3463658.476800002
-10598814.4569,3463589.1796000004
-10599311.4025,3463689.0002999976
-10599158.8456,3463503.5129999965
-10598863.0963,3463525.148000002
-10599512.9046,3463577.1449000016
-10630917.194,3474451.773599997
-10607514.8865,3462975.975400001
-10608017.2956,3462892.5287000015
-10607593.071,3462808.2503999993
-10607530.3122,3462810.140900001
-10607841.2721,3462579.3784999996
-10607478.9083,3462566.398699999
-10607523.5444,3462566.3298999965
-10607827.2005,3462474.0014000013
-10607678.5417,3462438.1316
-10607669.3893,3462371.5706999972
-10613303.0467,3483185.093699999
-10639488.5145,3477955.7751
-10639480.5446,3478378.4266000018
-10600399.587,3465318.8615999967
-10615573.2106,3463553.5200000033
-10615628.2217,3463529.3659000024
-10615511.0918,3463579.9573
-10616094.2781,3466728.7744999975
-10615722.1894,3466707.9856999964
-10615831.3214,3466673.8259000033
-10572086.9505,3470456.666699998
-10602516.8917,3469327.757299997
-10602369.8538,3469365.7700000033
-10602306.2322,3469366.0522999987
-10602395.553,3469739.305399999
-10602312.2865,3469981.2621000037
-10602543.3269,3469982.213799998
-10602376.8341,3470019.3081
-10602507.2515,3470485.4394000024
-10602358.3586,3470448.6728999987
-10602380.3013,3470263.1383000016
-10602275.1514,3470453.4372999966
-10602366.2301,3470934.1083000004
-10617537.1316,3483279.7321000025
-10617693.4962,3483214.253399998
-10617692.5506,3483172.4575000033
-10617673.8552,3483110.348200001
-10617153.5741,3483303.468999997
-10617100.6154,3483304.220700003
-10616990.4651,3483178.585699998
-10616902.6904,3483179.7326000035
-10590245.9931,3461297.2551999986
-10590134.2217,3461313.330600001
-10620185.2995,3488356.5047999993
-10620186.6811,3488844.7994000018
-10599160.0269,3465164.8335999995
-10610179.2434,3477257.2452000007
-10612584.5555,3476924.9393000007
-10612689.7598,3476923.0878000036
-10612631.3667,3477170.489
-10612466.0143,3477175.1334000006
-10612270.2966,3477122.6784999967
-10612512.9899,3477353.285599999
-10612591.1207,3477515.7511000037
-10612514.0069,3477696.490000002
-10612677.7524,3478002.8127000034
-10612616.6861,3478368.261
-10612501.2546,3478547.6515000015
-10612440.7216,3478594.1950000003
-10601459.6607,3470301.781499997
-10600965.2243,3470664.968999997
-10601543.2421,3470637.936999999
-10601606.9358,3470674.530699998
-10601075.1741,3470728.4399000034
-10601281.9548,3470853.855800003
-10601504.6397,3470816.6021
-10601588.5943,3470816.2424999997
-10571965.1165,3468075.384800002
-10572046.9511,3468245.6347000003
-10625329.2416,3487607.7488999963
-10625219.5575,3487885.149099998
-10621848.3871,3485805.135499999
-10622096.5718,3485931.6103999987
-10622026.4264,3485878.022399999
-10622164.2943,3485804.1768999994
-10615356.7292,3483307.8592000008
-10615815.1759,3483157.9570000023
-10621550.6513,3485807.856399998
-10615153.7008,3482619.0090000033
-10599051.0955,3464172.916100003
-10599085.1506,3464266.293899998
-10598997.237,3464452.7585000023
-10616670.8488,3482086.0007999986
-10616495.0575,3482247.585000001
-10616419.7197,3482067.7568000033
-10616371.2226,3482229.9214999974
-10616301.5071,3482432.157499999
-10616373.0664,3482377.4450000003
-10616424.325,3482377.468800001
-10616483.8003,3482655.672799997
-10591590.5751,3460833.5653000027
-10591589.3036,3460939.1680999994
-10591867.8164,3461828.349399999
-10591604.3041,3461656.7053000033
-10591460.4531,3461638.490699999
-10591459.1166,3461533.4897999987
-10599379.4371,3463335.1608000025
-10617636.0095,3482565.746100001
-10617560.0024,3482786.3633999974
-10617410.7129,3482981.335000001
-10617600.289,3482977.664800003
-10621046.6958,3491555.114
-10621063.7745,3491157.2880999967
-10621084.8099,3491006.6481000036
-10607483.6519,3466496.5483999997
-10597190.9104,3466123.4455000013
-10597082.7076,3466065.012500003
-10597517.4033,3465812.905000001
-10597245.5863,3465955.6032999977
-10597038.658,3465968.641999997
-10597003.4174,3465937.365000002
-10597430.529,3465814.3813000023
-10597387.5364,3465709.793700002
-10596897.606,3465745.079599999
-10596942.1905,3465706.7776999995
-10596868.5137,3465683.146499999
-10596875.2341,3465613.4021999985
-10596807.9564,3465594.0680000037
-10596831.0793,3465506.3885999992
-10596816.9872,3465435.2206000015
-10596932.2216,3465367.298100002
-10597154.5374,3465626.658200003
-10597102.848,3465646.8079999983
-10597271.9396,3465261.3069999963
-10596651.5465,3465445.132799998
-10596651.951,3465374.1372999996
-10596577.2803,3465371.403999999
-10596640.4783,3465241.1570999995
-10596720.7689,3465175.2205
-10616344.4354,3484934.4777000025
-10616513.3919,3484845.075199999
-10609433.4154,3483386.8066999987
-10609434.0719,3483444.0945999995
-10609227.6181,3484032.950000003
-10609227.1818,3483987.0649999976
-10609165.924,3483755.8932000026
-10612260.6525,3480997.8281000033
-10612140.786,3481184.3391000032
-10612088.6857,3481260.023400001
-10615341.5228,3482885.7809000015
-10615966.3356,3482801.2771999985
-10606133.9588,3477559.7893999964
-10606106.0327,3477529.409599997
-10606161.4676,3477423.7603999972
-10605904.67,3477213.9535000026
-10607693.0862,3495365.9782000035
-10608114.8429,3494736.280000001
-10610661.3879,3488352.1887999997
-10610639.5479,3488278.1662999988
-10610602.7645,3488225.2858999968
-10610589.0563,3488025.2524999976
-10611383.3253,3488982.867399998
-10602168.5194,3474376.150899999
-10569988.1818,3469714.1992999986
-10570011.4279,3469653.3606999964
-10570120.397,3469520.0122999996
-10569929.2049,3469450.4965000004
-10569780.0617,3469318.3527999967
-10569732.7696,3469247.677000001
-10619450.9064,3491443.341499999
-10619373.8194,3491232.7267000005
-10619175.3187,3491150.4258999974
-10619342.8601,3490788.0447999984
-10619632.3139,3490634.3131000027
-10619435.8073,3490545.4390999973
-10617550.2524,3481091.3077000007
-10617510.634,3481219.0414000005
-10617404.7817,3481185.210199997
-10607834.2439,3476924.2421000004
-10607497.0511,3476940.184600003
-10611285.9175,3487318.7004000023
-10611633.9033,3487323.8166999966
-10611410.0232,3487005.721199997
-10610866.8685,3487083.059100002
-10610854.9299,3487211.235200003
-10612334.5232,3481773.0383
-10610340.7614,3482190.137699999
-10610062.0951,3481437.9940000027
-10609959.3044,3482018.634800002
-10610061.9216,3482414.0069999993
-10609914.4826,3481552.6952000037
-10609895.4666,3481553.158399999
-10614544.5827,3486174.3225999996
-10612862.6616,3480731.7278999984
-10612263.2495,3480793.9941999987
-10612002.4015,3480858.3324000016
-10613993.4878,3485547.1323999986
-10614016.9883,3485868.326899998
-10581847.0171,3486945.672700003
-10581481.9012,3487008.4130000025
-10581464.9959,3487079.656499997
-10581776.3488,3486730.2427999973
-10622024.2031,3486926.3253000006
-10622795.6419,3486919.980700001
-10621914.7585,3487263.0036000013
-10622298.377,3487298.568400003
-10621881.0476,3487376.635300003
-10622987.7391,3488450.3216999993
-10622551.4327,3488468.161700003
-10622635.6808,3488403.7346
-10622655.0774,3488255.2496000007
-10622401.6313,3488088.7008000016
-10622925.2719,3487979.3197000027
-10622494.6755,3487982.2273999974
-10621564.2817,3487382.6296999976
-10621834.7119,3486890.4108999968
-10622878.5588,3487756.156000003
-10622800.0905,3487802.331799999
-10623086.9188,3487422.1105000004
-10622612.4053,3487737.7387000024
-10622468.0804,3487725.3012999967
-10623058.7393,3487245.8374999985
-10622854.1644,3487227.4574000016
-10622694.6422,3487130.4922999963
-10622293.0351,3487596.346500002
-10595289.8306,3464386.8817000017
-10595074.4352,3464819.114699997
-10595487.4122,3464633.091499999
-10615180.4791,3476002.634499997
-10582942.674,3487071.344999999
-10582657.2756,3486695.1755999997
-10582795.6282,3486695.4047000036
-10583002.6879,3486582.516099997
-10582923.4957,3486518.3202000037
-10582806.0645,3486470.5182000026
-10582996.1537,3486471.3699999973
-10583203.3359,3486469.8466000035
-10582776.3944,3486628.7476999983
-10582424.5276,3486585.1052
-10582634.6429,3487132.572800003
-10582634.4639,3487055.8608999997
-10582520.3147,3487079.156199999
-10623678.9134,3465576.121100001
-10623854.7996,3465440.456100002
-10623411.5507,3465351.675800003
-10623991.9195,3465374.7657999992
-10623561.602,3465252.0243000016
-10623864.0483,3465049.473200001
-10623824.2093,3465011.3603999987
-10623942.4436,3464787.6213999987
-10624251.0655,3464716.9483999982
-10624208.0316,3464563.3033000007
-10623671.5226,3464603.2501000017
-10623717.8877,3464494.997100003
-10624206.6912,3464388.2038000003
-10623971.0745,3464392.1933000013
-10623418.4419,3464924.8790000007
-10623663.4632,3464858.7026000023
-10623601.0707,3464647.9530000016
-10601735.1674,3469332.7511000037
-10621534.559,3477266.4952000007
-10622023.9137,3477390.291500002
-10612335.5932,3481870.8891000003
-10612161.6519,3481797.674999997
-10615485.9922,3461361.5776000023
-10615451.3334,3461609.3171999976
-10615397.6345,3461762.6252000034
-10615362.1187,3461862.5737000033
-10614988.0453,3461849.188500002
-10615304.7241,3461398.1270999983
-10615371.2213,3461422.4406000003
-10615351.6667,3461476.726400003
-10615340.8779,3461612.2426000014
-10615259.6676,3461682.8290000036
-10615128.4406,3461736.655699998
-10615191.786,3461821.219899997
-10615146.3534,3461844.1334000006
-10615242.8977,3461980.4482999966
-10615044.9375,3461908.9914000034
-10615042.8181,3461970.693599999
-10612671.6202,3485121.5207
-10612818.123,3484986.4487000033
-10612727.6837,3484852.9230000004
-10611942.9367,3484964.9714
-10612252.6827,3485402.9883999974
-10611361.3278,3484789.7135000005
-10611796.7755,3484937.9935000017
-10611550.1628,3484748.9157999977
-10611796.71,3484668.6755999997
-10609675.7636,3496906.4372000024
-10607486.4515,3463706.887599997
-10607182.9195,3464112.981700003
-10607624.3477,3463995.595399998
-10607493.2289,3464116.2355000004
-10608096.4391,3463711.9376000017
-10607892.8262,3463697.281999998
-10607776.2887,3463700.8132999986
-10608036.5226,3463796.452799998
-10608006.5698,3463758.938500002
-10607722.7772,3463910.707199998
-10607726.8852,3464031.0364999995
-10607564.409,3464287.9288000017
-10607616.0935,3464227.350900002
-10607764.9119,3464127.599299997
-10607802.8632,3464183.1938999966
-10587159.2356,3474860.036799997
-10586982.3526,3474881.0073999986
-10587609.6348,3475013.6953999996
-10586793.5589,3475382.5710000023
-10610533.9766,3468610.6893000007
-10599968.676,3462638.526299998
-10599802.2354,3462541.558600001
-10619872.9532,3471545.8275000006
-10620010.5322,3471473.978500001
-10627640.3538,3474668.6643999964
-10613731.0608,3483882.648599997
-10613730.5606,3483840.620099999
-10613669.0115,3483643.8935000002
-10611794.4407,3481941.3011000007
-10625423.1036,3469437.711199999
-10625502.2718,3469898.076399997
-10634212.9473,3470872.7639999986
-10634080.3835,3470323.7268999964
-10578849.0314,3472567.0511000007
-10578805.8902,3472475.9782000035
-10578751.2264,3472618.471699998
-10578891.6833,3472920.1209999993
-10611571.4746,3475426.697300002
-10608176.5749,3462634.0160000026
-10608492.2519,3462633.712099999
-10608418.0131,3462477.0185000002
-10608271.3775,3462520.5659999996
-10608351.9295,3462437.0463000014
-10608238.9342,3462403.2819000036
-10608280.1594,3462393.655199997
-10608727.6632,3462632.6753999963
-10608667.9609,3462588.0446999967
-10608719.2546,3462474.186300002
-10608784.1722,3462342.211000003
-10608660.7356,3462368.690399997
-10615090.8588,3460753.971000001
-10615143.4314,3460753.075199999
-10593007.4892,3473961.0012999997
-10593281.6554,3473955.181599997
-10624990.0732,3465309.7141000032
-10624456.8478,3465162.273199998
-10624420.4656,3465001.1636999995
-10624377.0044,3464998.228100002
-10624701.6771,3464935.468500003
-10624658.0217,3464870.3737000003
-10624858.782,3464763.0658000037
-10624979.4226,3464836.242200002
-10624975.4547,3464589.8467999995
-10624776.2665,3464603.467699997
-10624536.997,3464511.772399999
-10624935.8033,3464487.3988000005
-10624445.8058,3464390.107900001
-10624586.8981,3464405.773699999
-10625567.517,3466936.4223000035
-10625423.9635,3467012.980300002
-10627391.0038,3464912.0081999972
-10627274.7867,3464891.6077999994
-10633766.0701,3463034.464400001
-10633604.6194,3463700.143100001
-10637037.0775,3458205.1269000024
-10630794.6008,3463661.095200002
-10630783.1099,3463565.9296000004
-10630418.6292,3463620.9580999985
-10630614.7087,3463504.632100001
-10630733.4382,3463101.8527000025
-10630708.15,3463045.8411
-10630487.8434,3463014.4869000018
-10630585.2544,3463012.1909999996
-10630634.1888,3463011.5143000036
-10630510.9447,3462957.0803999975
-10630260.4226,3462843.6347000003
-10630264.8083,3463083.617700003
-10630655.8144,3462863.7422999963
-10630315.0199,3462868.090400003
-10630605.4228,3462772.6969000027
-10630580.9608,3462772.9958000034
-10630554.9408,3462681.733900003
-10617262.4227,3485220.735600002
-10617340.1883,3485218.8202000037
-10617715.6403,3485294.6155999973
-10622339.9362,3469875.664099999
-10622235.9159,3469771.2062000036
-10609254.536,3473877.473899998
-10613009.3977,3483273.160599999
-10615318.6782,3460110.1349000037
-10615615.8232,3460014.6909999996
-10615534.6302,3459923.6719999984
-10615096.1415,3459873.976999998
-10615254.97,3459837.700000003
-10615540.1411,3459775.6202000007
-10602640.2223,3469837.202299997
-10602823.5785,3469844.8664999977
-10603005.0181,3469386.0590000004
-10602947.7268,3469554.6054000035
-10616609.3104,3487162.468199998
-10581273.0062,3481513.7544
-10581336.6676,3481413.588299997
-10581337.9614,3481538.0566999987
-10581489.3121,3481411.6613000035
-10627302.5335,3466773.4315000027
-10627256.9325,3466731.5041000023
-10608395.8501,3480466.5308
-10608130.6853,3480322.3603999987
-10608664.2678,3480197.6432000026
-10608779.5426,3480198.0176
-10608448.9594,3480078.7673000023
-10608002.6583,3480084.816399999
-10580061.6958,3474299.976800002
-10579286.6929,3473912.8857000023
-10579913.7502,3474518.637500003
-10579716.2557,3473882.387599997
-10579534.899,3473807.587700002
-10579455.7956,3474309.401100002
-10579832.1811,3474593.0604000017
-10579952.3408,3474816.7167000026
-10625665.023,3466931.6479
-10609655.806,3482788.9505999982
-10609452.437,3482878.3178000003
-10609528.0128,3482794.373300001
-10609570.1871,3482747.0615999997
-10609599.6802,3482461.0716999993
-10609148.2567,3482860.5420999974
-10626104.6927,3466174.868900001
-10601632.2623,3474337.096000001
-10601932.7202,3474192.542800002
-10601758.7415,3474101.4065999985
-10601714.0408,3473935.218800001
-10601564.6697,3473896.7268999964
-10601289.2939,3474126.8134000003
-10627109.6999,3464893.981899999
-10627046.5445,3465005.8845999986
-10627001.5916,3464917.7657999992
-10625578.5153,3467820.207699999
-10625533.5939,3467363.5691
-10625431.6774,3467386.086000003
-10617018.1547,3486668.8293000013
-10616948.2023,3486558.7260000035
-10623582.123,3481232.5156000033
-10623238.4075,3481122.4230000004
-10623539.4833,3481048.516099997
-10623325.8169,3481055.5009000003
-10623210.6871,3480977.911200002
-10623282.9037,3480979.285400003
-10623626.1911,3480942.4384000003
-10623587.0926,3480880.5961000025
-10623683.1946,3480849.0314000025
-10623303.3821,3480680.762000002
-10623615.2705,3480774.944799997
-10623817.5685,3480845.012199998
-10623850.8276,3480635.1599999964
-10623137.4802,3481198.229500003
-10622675.2601,3480694.6143999994
-10622650.4836,3480694.990500003
-10623142.0515,3480628.2251999974
-10623976.9077,3480778.7375999987
-10623973.0977,3481038.1141000018
-10624239.0182,3481138.902099997
-10623820.7343,3481110.393600002
-10624285.8147,3481344.4826000035
-10623482.5744,3481641.6022000015
-10623213.738,3481647.2496000007
-10623491.7293,3481703.1523
-10623437.3248,3481861.0058000013
-10623700.0049,3481780.619099997
-10623218.2909,3481981.4318000004
-10623549.5583,3481909.2660000026
-10623146.0965,3481793.8193000033
-10623314.7706,3482080.6416999996
-10623219.6817,3482088.106700003
-10623468.5008,3482388.755900003
-10623447.6585,3482390.9569000006
-10623298.0075,3482355.6264000013
-10623797.7577,3482301.2497000024
-10623451.3469,3482497.5940999985
-10623515.6128,3482562.084899999
-10623151.1563,3482234.4941999987
-10623887.802,3481619.7441999987
-10624205.1894,3481781.3687999994
-10623859.506,3481556.6871000007
-10624419.6542,3480547.8869000003
-10624696.7728,3480602.2129999995
-10624681.9556,3480709.7016000003
-10624789.0985,3480813.2951000035
-10624683.6114,3480858.679700002
-10624417.71,3480946.2236
-10624334.5617,3480964.7322999984
-10624754.0061,3481025.4334999993
-10624732.2781,3481025.7454999983
-10624669.0261,3481027.1614999995
-10624711.9518,3481174.5755999982
-10624492.1273,3481384.5385000035
-10624634.4941,3481495.3479999974
-10624809.7467,3481659.5359999985
-10624723.8272,3481703.773699999
-10624485.2391,3481882.189199999
-10624607.0688,3481965.4406000003
-10624702.3876,3482167.4042000026
-10624683.7141,3482157.9399000034
-10624630.9117,3482271.0876
-10624526.8501,3482182.699199997
-10624405.9314,3482250.697800003
-10624331.1734,3482237.670000002
-10624436.8313,3482055.685999997
-10624617.2645,3482510.6745000035
-10624223.5712,3482578.8517000005
-10623964.2514,3482319.819799997
-10624147.0579,3482133.326200001
-10624039.4441,3482139.617700003
-10624329.4788,3481916.3303000033
-10624123.0,3481891.6999000013
-10623951.4207,3481875.6164999977
-10625141.1738,3481227.4153999984
-10625108.2012,3480738.8253000006
-10625094.4311,3480697.3039999977
-10625091.4846,3480531.362400003
-10624964.8686,3480533.0683000013
-10625180.6304,3481904.436499998
-10625137.9837,3481905.3281999975
-10624970.3402,3481803.3549999967
-10625132.9843,3481650.3882
-10625111.916,3481588.102499999
-10624962.9538,3481486.641099997
-10624719.7104,3482553.3999999985
-10624864.0164,3482246.5173999965
-10625085.0691,3482233.780299999
-10625133.7952,3482134.6301999986
-10625162.1672,3480683.578400001
-10625462.2332,3480809.0590000004
-10625229.7435,3481160.814000003
-10625715.2523,3481008.2722000033
-10625781.7814,3481159.5577000007
-10625754.0229,3481122.685999997
-10625466.0392,3481296.884499997
-10625795.5128,3481229.0415999964
-10625666.5116,3481898.567599997
-10625247.7121,3481903.454599999
-10625242.3897,3481647.9311000034
-10625492.3575,3481578.913999997
-10625617.8205,3481472.535700001
-10625662.2348,3481431.6960000023
-10625504.422,3481475.6098000035
-10625481.9321,3481435.1066000015
-10626287.6622,3465125.0578000024
-10570712.6985,3470363.584399998
-10570517.9899,3470267.1944999993
-10626042.3318,3466582.100900002
-10625975.5309,3466582.996100001
-10600398.7204,3459228.922600001
-10600433.0326,3459201.2512999997
-10600467.1667,3459128.466499999
-10600556.1898,3459237.840599999
-10600700.4665,3459414.8716999963
-10600710.3837,3459429.783200003
-10600716.9981,3459618.5640999973
-10600734.191,3459564.3143000007
-10600953.6527,3459725.7564999983
-10601051.7054,3459847.9245000035
-10601010.7673,3459978.7688999996
-10609175.973,3481443.113499999
-10609336.164,3481578.2710999995
-10609014.5874,3481588.792300001
-10609261.0416,3482150.1383000016
-10609326.018,3482363.456100002
-10609460.7026,3482039.4309
-10621757.7261,3483346.159900002
-10622289.5462,3467945.7633000016
-10619354.4867,3468895.8122999966
-10619448.5899,3468887.0015999973
-10619743.1444,3468754.9430000037
-10631087.0466,3455709.891099997
-10609253.1609,3465008.023000002
-10609239.2944,3465047.690399997
-10609225.6947,3465087.6466000006
-10618052.1347,3486083.9296000004
-10617892.0039,3486086.6504999995
-10608682.8448,3482718.634499997
-10608766.7143,3482604.1920000017
-10608830.3127,3482537.177500002
-10608661.5813,3482492.0287000015
-10608681.7935,3482311.3738999963
-10608508.0658,3482889.235200003
-10608206.2592,3482493.2251999974
-10608271.4046,3482721.227600001
-10607991.8113,3482771.3285000026
-10608249.7399,3482841.149599999
-10608188.0544,3483085.288999997
-10608272.3221,3483084.5352
-10624334.5538,3471025.1696000025
-10624493.5585,3470950.5737000033
-10624361.4634,3470916.841300003
-10624148.8495,3470857.733599998
-10623980.0564,3470801.264399998
-10624034.0892,3470742.7983999997
-10624032.5778,3470580.8334000036
-10624436.341,3470751.2575000003
-10624056.6402,3470411.737800002
-10591649.0847,3485201.9727
-10591403.9854,3484733.283399999
-10621317.6573,3482595.3280000016
-10610658.5817,3468714.6071000025
-10611096.5181,3468729.4201000035
-10610922.0203,3468820.6459000036
-10610949.8556,3468830.3533999994
-10610929.9835,3468860.3655999973
-10610884.7047,3468871.0688000023
-10591958.6664,3461087.643100001
-10592147.6609,3460798.2765000015
-10592255.0033,3460925.093800001
-10592354.6289,3461642.688699998
-10592355.4305,3461704.4958999977
-10592471.7975,3462137.7079000026
-10608252.0364,3464083.2502000034
-10613762.0937,3484231.3144999966
-10613868.9434,3484139.091799997
-10630185.2242,3473704.7558000013
-10633218.6254,3476386.7126
-10616771.474,3479714.220899999
-10616833.1914,3479727.5033000037
-10620080.8453,3484816.094899997
-10620073.4221,3484878.142999999
-10620158.2403,3484981.6545
-10619717.739,3485124.1920000017
-10608636.7131,3487893.0759000033
-10608522.325,3487081.684299998
-10630790.9268,3479651.6228
-10630847.6141,3479384.478699997
-10630842.6375,3479829.5854
-10610584.8024,3483194.533699997
-10611069.9382,3483261.270199999
-10610566.6819,3483401.4197999984
-10610996.3906,3483447.532899998
-10610911.8617,3483572.1361000016
-10611290.0745,3483792.1646
-10611439.0861,3483719.3676000014
-10611536.8613,3483432.182400003
-10611443.9902,3483319.261500001
-10610464.2588,3483197.343500003
-10611065.0975,3484274.5540999994
-10610840.213,3484285.225100003
-10611404.3406,3484283.6076999977
-10611604.9952,3484242.347099997
-10611535.158,3484114.3779999986
-10611514.1071,3484114.5974999964
-10601465.3157,3478723.4946999997
-10601419.5856,3478805.0857999995
-10601865.3462,3478937.9727
-10601843.291,3479077.3791000023
-10609050.1615,3496343.6708000004
-10629115.2595,3469226.613499999
-10629013.2007,3469691.9483999982
-10598266.9298,3460945.4868
-10598392.3823,3460783.3488000035
-10629094.2595,3476467.8803000003
-10629177.8326,3476482.4943000004
-10611650.5762,3482201.2572000027
-10611584.5753,3482156.5226000026
-10632356.0192,3463002.677699998
-10616546.4052,3484485.5458000004
-10616566.5397,3484369.0451999977
-10616587.8131,3484368.757100001
-10616329.15,3484122.425999999
-10616583.8113,3484134.575199999
-10616276.0261,3484686.0085000023
-10616144.9958,3484550.4519999996
-10599314.0694,3464042.2738000005
-10599225.6954,3464020.3742000014
-10599190.0871,3463955.3922000006
-10610938.0838,3487901.7563000023
-10611025.2668,3487731.6416999996
-10627250.0221,3464632.0524000004
-10606784.0505,3460255.8532999977
-10606726.2311,3460257.3079999983
-10613003.007,3481751.0451999977
-10612985.465,3481678.0111000016
-10608483.5871,3483297.6893000007
-10607700.3893,3482852.977300003
-10607572.8753,3482853.0754999965
-10607594.1399,3482896.476999998
-10607530.5374,3483013.3065000027
-10607696.3981,3483241.0847000033
-10607654.449,3483404.3869000003
-10607614.0379,3483512.9329999983
-10607761.9344,3483683.726800002
-10607741.0231,3483726.3615000024
-10607843.5035,3483637.5933
-10570943.6668,3468680.5403999984
-10628948.1245,3481000.1040999964
-10628653.3531,3481206.5050000027
-10608110.7851,3503891.4499000013
-10608249.3221,3503898.225299999
-10621008.0032,3485498.4438999966
-10613849.7179,3488635.5352
-10589352.6709,3465897.909599997
-10589327.9251,3465716.3389
-10624378.748,3468366.4307999983
-10624669.2487,3468516.0402999967
-10624311.6042,3468548.966300003
-10664721.86,3476692.206799999
-10664861.8434,3476694.2239999995
-10618907.0333,3484531.5293999985
-10619040.728,3484469.1824999973
-10597137.1324,3464487.156999998
-10625884.0363,3466287.417800002
-10609740.2555,3493650.609700002
-10609662.3203,3493734.406000003
-10609822.9855,3493977.1493000016
-10599168.1716,3465006.0478999987
-10617573.5767,3484488.909400001
-10617577.2663,3484599.2487000003
-10617023.2345,3484507.712200001
-10617680.6376,3485025.7969999984
-10617679.2658,3484918.708899997
-10617496.1339,3484801.5102000013
-10617560.552,3484799.1728999987
-10617627.8375,3484952.722099997
-10617412.9191,3485015.547200002
-10617462.7347,3485013.666100003
-10617068.4188,3485152.6669000015
-10617117.2073,3485116.5011000037
-10617191.3191,3485058.4478999972
-10616854.3449,3485062.407899998
-10615488.5174,3482384.3293000013
-10597046.7752,3464856.8559999987
-10596747.1332,3465044.5317
-10596628.027,3465038.003200002
-10596517.7661,3465283.4575999975
-10596401.5324,3465119.584899999
-10595831.0891,3465070.721699998
-10596049.0819,3464854.236299999
-10595985.9678,3464854.7466999963
-10630874.8746,3455193.3893000036
-10630761.7637,3455189.6147999987
-10631108.6628,3454816.541500002
-10631106.1263,3454644.002700001
-10631049.5528,3454976.0172000006
-10630869.598,3454781.9582
-10615979.9045,3467594.974799998
-10616129.5307,3467467.3884000033
-10616037.7465,3467565.4812999964
-10616063.5493,3467548.0437999964
-10618613.2466,3484343.647399999
-10618801.1788,3484464.4345000014
-10615922.4423,3465682.516400002
-10626649.3932,3454158.2453000024
-10615192.0185,3487946.2075999975
-10615291.3764,3487945.6312000006
-10615225.2541,3487906.494599998
-10615158.7974,3487846.0672999993
-10615115.0104,3487745.6816999987
-10615025.2651,3487645.662100002
-10615521.1364,3487556.2568000033
-10615530.4451,3488122.1788000017
-10613914.0002,3487543.793700002
-10614318.8013,3487539.117700003
-10614660.9179,3487582.8170000017
-10614318.8747,3487584.997299999
-10614527.8984,3487467.3079999983
-10614272.4956,3487698.534699999
-10614721.5227,3487921.1626999974
-10614761.4539,3488100.7326999977
-10614107.7098,3487879.8110999987
-10628671.692,3469538.824699998
-10628811.2939,3469548.7305999994
-10618573.1418,3481667.488499999
-10571500.1,3470369.6339000016
-10571750.3727,3470428.498999998
-10571609.1885,3470429.354000002
-10571411.3677,3470333.850100003
-10571816.1258,3468014.7035000026
-10571741.9379,3468043.6570999995
-10571743.2751,3468450.1404
-10571499.4326,3468357.043200001
-10571609.2588,3468167.5600000024
-10616920.1134,3462925.1503000036
-10616815.9404,3463411.717600003
-10616744.1103,3463542.6948999986
-10616408.7808,3462972.7343000025
-10616172.8063,3462850.6599999964
-10616597.9415,3463692.2065000013
-10616522.4097,3463073.735100001
-10616600.0165,3462906.527900003
-10616484.3614,3462865.3352999985
-10616826.0263,3463578.048799999
-10616991.0383,3463280.000500001
-10617042.7976,3463105.553199999
-10617069.8414,3463562.9990999997
-10617053.2764,3463557.1921999976
-10617170.9156,3463538.216799997
-10617071.5996,3463503.1477999985
-10617226.1498,3463326.735600002
-10617278.1657,3463284.955600001
-10617335.9512,3463172.3082000017
-10617200.4598,3463025.349299997
-10617174.2585,3463015.9130999967
-10609261.3564,3460986.579999998
-10609543.9596,3460614.0565000027
-10609357.4587,3460719.8106999993
-10609423.2158,3460664.012199998
-10608763.9382,3461078.4375
-10609336.7284,3460647.8620000035
-10609382.3864,3460545.688699998
-10609489.9013,3460435.969800003
-10609335.6686,3460428.768799998
-10623698.7305,3487446.4629999995
-10635188.2575,3478394.4553999975
-10619356.1881,3485309.1498000026
-10619418.5766,3485372.2902000025
-10619505.3959,3485387.1305000037
-10595261.9703,3483490.7602000013
-10599897.659,3464007.6344000027
-10600017.6763,3464405.2228000015
-10599890.2093,3464448.6454000026
-10600000.6125,3464634.4240999967
-10599928.5983,3464712.1040999964
-10600119.7177,3464733.7528000027
-10600263.3163,3465053.570799999
-10600263.4996,3465077.450099997
-10599997.7565,3465018.4510999992
-10625972.6334,3465145.180399999
-10597553.3504,3482306.6768999994
-10597586.2391,3482306.4706000015
-10597395.8901,3482308.1435000002
-10596642.559,3482536.5517000034
-10596835.674,3482536.1545
-10598411.5985,3482010.0934000015
-10598264.7364,3481584.3227000013
-10598122.8742,3481584.616899997
-10597734.4384,3481590.0951000005
-10597046.0307,3481599.2456
-10596689.3023,3481328.8200000003
-10626253.2751,3465734.789800003
-10568047.8631,3476022.9455000013
-10566874.6807,3475635.0845
-10567793.3542,3475614.726800002
-10568284.3507,3476276.5622000024
-10568520.3522,3475784.0349999964
-10567457.5106,3476203.8030999973
-10567075.2565,3476182.208300002
-10578857.4858,3479059.1884000003
-10616818.8528,3484925.9526999965
-10611982.3398,3477064.9217000008
-10612230.5221,3476827.5283999965
-10624369.8214,3466132.5560000017
-10624099.8493,3466136.206100002
-10624410.0917,3466098.3122000024
-10611291.7034,3505365.094300002
-10611925.0732,3505542.9289000034
-10582522.6192,3488096.547600001
-10582773.6438,3487641.6788000017
-10582820.9124,3488086.253399998
-10595020.9819,3465027.754900001
-10594657.8233,3465033.522
-10625722.0399,3485029.104199998
-10620122.891,3473583.712200001
-10610460.1141,3457890.9839999974
-10599200.105,3478203.361100003
-10599137.8392,3478137.3029000014
-10598570.2239,3477978.0715000033
-10599137.9814,3477951.1094999984
-10612086.7537,3487650.794399999
-10612244.6969,3487648.2326000035
-10612860.3318,3487601.4258999974
-10613036.6087,3487778.3061999977
-10612866.069,3488045.3052999973
-10613103.0239,3488049.473099999
-10625973.7979,3465949.880599998
-10616418.7162,3485362.5659999996
-10616297.15,3485362.773500003
-10616168.2274,3485363.814000003
-10616050.282,3485190.1903000027
-10615928.374,3485147.3319000006
-10615818.8734,3485147.8506999984
-10615820.2441,3485365.1186999977
-10616451.4337,3485515.1599999964
-10616503.7044,3485472.9399000034
-10616000.1368,3485581.572300002
-10615877.8817,3484955.6646
-10616117.716,3485623.8979
-10616078.4933,3485733.8878000006
-10616528.7587,3485729.4979000017
-10616590.8809,3485791.1894999966
-10616591.9047,3485835.7533000037
-10615909.5849,3485801.6674000025
-10616128.3734,3486242.876199998
-10616324.7977,3486198.1873999983
-10616215.1172,3486199.095899999
-10616196.1695,3486304.9970000014
-10616131.318,3486456.159400001
-10616224.0579,3486555.1775999963
-10616415.2387,3486647.4184999987
-10616456.2771,3486734.826399997
-10616491.5688,3485976.2422999963
-10618584.8707,3484250.092799999
-10618495.2592,3484154.123800002
-10618496.1114,3484253.0200000033
-10618349.1818,3484229.068599999
-10618556.0396,3484026.837899998
-10618627.9636,3484197.0045000017
-10625024.1642,3470163.8134000003
-10624092.0929,3487471.756099999
-10627168.9218,3471864.900600001
-10595858.6854,3474494.6567
-10595900.2382,3474493.5045000017
-10595734.971,3474732.5249999985
-10595986.0808,3475200.539099999
-10596010.622,3475609.1587999985
-10596052.8131,3475679.875
-10596058.4925,3475909.684799999
-10595878.5806,3476072.8281999975
-10595863.7443,3476256.732900001
-10595793.696,3476303.783
-10595773.6601,3476378.052199997
-10596453.7111,3476288.4377999976
-10596241.4751,3476245.2431999967
-10596261.4425,3476176.400200002
-10596282.6813,3476175.972099997
-10596555.7691,3476170.4316999987
-10596428.1025,3476059.2470000014
-10596227.2901,3475674.7858999968
-10596495.6995,3475357.6863999963
-10596473.513,3475308.845399998
-10596438.1417,3475096.442599997
-10596546.7858,3475048.6598000005
-10596470.4053,3474914.025600001
-10596569.5515,3474836.0539000034
-10596337.4839,3474577.428000003
-10596244.2447,3474671.661600001
-10596255.962,3475950.6942000017
-10596465.3385,3475899.6418000013
-10596381.1384,3475901.726400003
-10596636.8051,3474667.376199998
-10596840.4713,3474618.9297999963
-10596822.4907,3474768.6604999974
-10596642.1696,3474878.4060999975
-10596688.6131,3474877.3345
-10596756.4583,3474876.4596000016
-10596717.1418,3475124.8153000027
-10597265.0831,3475180.1086999997
-10602693.0753,3473882.744599998
-10602650.6512,3473883.231200002
-10602503.7954,3474258.570100002
-10602882.4764,3474116.610200003
-10602742.5301,3474323.4717999995
-10606336.7144,3481146.9426999986
-10631218.55,3473815.158699997
-10625187.6896,3469602.4997999966
-10624995.6342,3469906.2918
-10625079.2298,3469506.9975000024
-10624875.1385,3469529.0397000015
-10625054.0197,3469468.636
-10601098.3063,3473388.536600001
-10601272.4662,3472663.830499999
-10601175.4809,3472914.8312000036
-10601211.1329,3472867.1132000014
-10601112.6672,3473114.4108000025
-10601047.3277,3472743.6319999993
-10600880.7636,3473406.231200002
-10600931.5332,3472842.9882000014
-10600789.1524,3473055.6378000006
-10600873.0637,3472974.416000001
-10600828.3942,3472936.9010000005
-10606354.3878,3478966.773500003
-10606430.8882,3478924.830600001
-10600570.8515,3460863.549800001
-10600737.7609,3461055.0089000016
-10599981.2083,3460955.331799999
-10600212.4391,3460859.6074
-10620547.2515,3485211.6956999972
-10620652.8641,3453897.5979999974
-10620647.1474,3453634.2387999967
-10620486.4053,3453285.143299997
-10620550.4995,3453107.2479000017
-10620871.7177,3453879.723700002
-10597793.5316,3473979.527800001
-10633787.4173,3478844.7304000035
-10633440.8922,3479619.8215000033
-10633503.2245,3479295.5666999966
-10633454.9244,3479073.644100003
-10633333.7428,3479169.376199998
-10633344.8731,3479220.0515
-10633331.2329,3479268.9058
-10633335.8718,3479346.978500001
-10633325.2256,3479298.5139999986
-10633298.4452,3479295.6291999966
-10633269.3633,3479187.5112999976
-10633897.17,3479684.1620000005
-10609396.9865,3490050.7562000006
-10606766.6694,3464657.6677
-10606624.3255,3464633.197800003
-10606613.2693,3464529.7591999993
-10601951.5648,3470395.5605000034
-10601880.9759,3470395.7355000004
-10601898.3446,3470358.3828999996
-10601861.7407,3470209.2575000003
-10628085.4031,3464872.1415000036
-10627586.6654,3464778.5088
-10628000.0527,3464774.2273999974
-10627520.5677,3464722.250699997
-10627585.9213,3464721.4135000035
-10627697.5871,3464627.610299997
-10627819.5216,3473599.704499997
-10627820.2421,3473671.3999999985
-10627132.2271,3464432.2135000005
-10627385.3066,3464508.5741000026
-10572643.1943,3470004.860600002
-10615459.2513,3465586.054899998
-10667440.7319,3477341.044399999
-10605442.6348,3464728.0003999993
-10605276.8931,3464800.643600002
-10605400.2285,3464689.2141000032
-10605497.9537,3464820.990199998
-10605373.9933,3465005.4824
-10605268.0818,3464875.8847000003
-10605191.4368,3464781.8215999976
-10605082.3905,3464647.101300001
-10605180.8666,3464479.046599999
-10605488.5198,3464553.5741000026
-10605504.4136,3464600.237800002
-10605228.9929,3464709.9980000034
-10605373.5698,3464598.2792000026
-10605275.8855,3464562.402400002
-10605431.7273,3464632.098099999
-10628218.4457,3476832.2941000015
-10628174.7559,3476981.6401999965
-10628124.4899,3477501.622100003
-10616657.0773,3485474.6740000024
-10607026.8787,3462863.940399997
-10606988.9115,3462910.6653999984
-10607088.9656,3462799.2912999988
-10607020.0606,3462763.907399997
-10607164.2047,3462587.6120999977
-10607079.543,3462597.214599997
-10623105.8701,3465402.277900003
-10623066.4794,3465299.115199998
-10623104.6634,3465284.777599998
-10622821.845,3465258.775799997
-10622700.5559,3465090.4463
-10622745.7747,3464985.8260999992
-10623012.15,3465477.7075999975
-10622980.0869,3464811.0912000015
-10623030.4263,3464648.980700001
-10623089.605,3464434.974399999
-10613857.4025,3462515.0973000005
-10613218.4343,3462264.3915000036
-10614281.3151,3462629.3660999984
-10614285.683,3462529.0199000016
-10614408.871,3462415.3938999996
-10614151.8062,3462393.6806999967
-10614085.1436,3462320.5654999986
-10614022.9277,3462327.853100002
-10613902.1092,3462306.710199997
-10613432.3821,3462057.9430000037
-10613358.4863,3462144.9913000017
-10613264.2523,3462098.9900999963
-10613133.6134,3462135.6115999967
-10613965.5739,3462187.235799998
-10613163.3895,3461908.0697000027
-10613685.2278,3462983.7886999995
-10614041.1596,3462798.8298999965
-10613917.228,3462800.7336999997
-10613547.4789,3462721.1761000007
-10613595.408,3462640.329499997
-10614194.2815,3462709.7739999965
-10613253.2465,3462400.086099997
-10613044.962,3462477.142499998
-10613140.5667,3463108.707199998
-10612839.9663,3462858.2646000013
-10612961.8743,3462816.9319999963
-10613046.6352,3462724.3641000018
-10613050.1663,3462682.3858999982
-10612860.3255,3462535.3926
-10612773.7528,3462530.9456999972
-10612735.2271,3463207.5879999995
-10612807.0389,3463183.1309999973
-10614382.6309,3462212.0605000034
-10614221.2199,3462157.237499997
-10614184.8528,3462144.885300003
-10614483.0303,3462210.8271000013
-10568547.3588,3471709.759300001
-10614885.2583,3459959.170000002
-10614567.0905,3459602.1983999982
-10613928.0316,3460012.5802000016
-10613817.6861,3460014.1393000036
-10613764.3738,3459377.1096
-10613952.3676,3459407.3015
-10614641.9119,3459012.337899998
-10614292.5809,3459165.4553999975
-10614244.0388,3459120.350900002
-10613905.2946,3459247.471900001
-10614133.4678,3459116.8861000016
-10613555.4379,3459296.223200001
-10613240.0128,3459299.8496999964
-10613302.2726,3459245.6274000034
-10613620.9273,3459173.5019999966
-10613278.412,3459071.4856999964
-10613235.6336,3459030.5084000006
-10613381.7238,3458965.2907999977
-10627343.0726,3471982.3122000024
-10627269.2334,3472135.962399997
-10627493.0217,3472251.7355000004
-10627687.8755,3472466.2161
-10627623.0771,3472824.287100002
-10627760.55,3472648.4860000014
-10627481.592,3471915.784699999
-10628086.9676,3471854.345899999
-10628010.5054,3471808.7029
-10627893.3902,3471698.330499999
-10627687.4646,3471826.3132999986
-10628083.9806,3471516.3708999977
-10628051.7458,3472226.9157000035
-10628198.4457,3471938.0918999985
-10628342.7327,3472013.0155000016
-10628021.0405,3472390.406999998
-10627814.969,3472684.587899998
-10628424.4174,3472515.945799999
-10626907.3009,3464965.1736999974
-10626850.2455,3464964.4504999965
-10626814.1802,3464943.056900002
-10627050.9555,3464635.5490000024
-10626847.2046,3464822.7722999975
-10626895.1813,3464637.203900002
-10613766.6145,3484999.656199999
-10598967.0651,3462649.861299999
-10599023.7136,3462762.587099999
-10599085.6396,3462786.4153999984
-10599222.4084,3462809.3971000016
-10599125.5598,3462644.913800001
-10598896.8797,3462363.9843999967
-10599350.6495,3462737.4135000035
-10599355.4726,3462601.2026000023
-10599356.1495,3462520.3254000023
-10624288.3783,3470220.570100002
-10600383.3172,3466033.4758
-10600412.738,3465758.3099000007
-10627203.804,3476914.6709999964
-10626803.4733,3477326.9728000015
-10627324.8763,3477550.7003000006
-10627119.0704,3477504.680200003
-10627301.5741,3477506.3928000033
-10627393.2311,3477439.6647000015
-10627370.5141,3477439.4941999987
-10627414.1733,3477296.3669999987
-10627344.1561,3477239.590300001
-10627208.3616,3477238.1740999967
-10627138.3978,3477237.292800002
-10627344.3309,3477202.2963000014
-10627366.3785,3477088.468699999
-10627019.547,3477024.3489999995
-10626973.3938,3477092.4393000007
-10626793.3433,3477655.3559999987
-10627192.5792,3477768.963399999
-10626891.5388,3477766.8060000017
-10627227.7068,3477846.270800002
-10627266.1618,3477749.434100002
-10628557.27,3477632.5512000024
-10628584.6465,3477557.624499999
-10628583.0838,3477095.9135999978
-10628762.2051,3476818.9086000025
-10628738.4372,3476717.490699999
-10628920.6436,3476201.469700001
-10594466.175,3463828.7502999976
-10594464.6886,3463728.1599999964
-10615062.9804,3464915.1243999973
-10615301.6957,3465035.9990999997
-10615181.3339,3464954.0829000026
-10615314.1252,3465000.6384000033
-10615441.97,3464634.1292999983
-10615576.3879,3464474.262699999
-10615666.4129,3464280.682400003
-10604064.79,3462245.173299998
-10603894.4987,3462158.3259000033
-10600780.4968,3460885.9343999997
-10606950.6676,3479015.854500003
-10617436.4165,3487334.5621000007
-10613413.6707,3454527.2600999996
-10613092.7715,3454617.1532000005
-10627951.5848,3465107.1185000017
-10623295.7618,3464822.4250999987
-10623319.5353,3464820.474799998
-10623165.4921,3464796.1384000033
-10623216.6853,3464746.878399998
-10623166.3767,3464690.467799999
-10623222.2314,3464565.846900001
-10610654.0148,3485382.3830000013
-10610613.2908,3485333.5156000033
-10610409.7419,3484982.0886999965
-10610370.7567,3485035.427199997
-10626294.1239,3479417.8642999977
-10625852.5163,3479508.3982999995
-10625754.5851,3479510.4324999973
-10625930.0045,3479340.6916000023
-10625761.87,3479421.7853000015
-10625563.1028,3479343.1224000007
-10625590.8678,3479345.130599998
-10625326.2631,3479271.8817000017
-10612737.1516,3482629.0495999977
-10612681.8201,3482617.2599000037
-10612654.7193,3482617.9736
-10612393.5666,3482057.239500001
-10612214.9427,3482698.304700002
-10612132.7892,3482576.0495999977
-10617664.4632,3483462.155299999
-10619143.11,3481247.0835999995
-10617258.9237,3484111.5725999996
-10617304.3657,3484088.9507
-10604211.3015,3482606.828900002
-10604380.0228,3482672.592699997
-10603944.8051,3482787.5081999972
-10604011.2746,3482899.2161
-10604266.8266,3482940.900200002
-10604371.9321,3482897.418300003
-10604373.2132,3483045.0757
-10603844.6513,3483153.9503000006
-10604014.1839,3483110.0216000006
-10604185.4836,3483215.536200002
-10606385.9297,3482588.4371000007
-10606296.9695,3482589.5559
-10606455.976,3482704.398199998
-10606710.4691,3482766.9048999995
-10606711.3249,3482812.774700001
-10606267.7285,3482820.5819000006
-10606693.5957,3482878.7524000034
-10606638.1763,3482993.0513999984
-10606365.4162,3482998.942400001
-10606687.7123,3483151.0517000034
-10606660.5096,3483218.584899999
-10606217.1166,3483227.601400003
-10606682.0891,3483331.219499998
-10606719.5419,3483330.6906000003
-10606318.5363,3482707.0358999968
-10606704.3907,3483490.7717999965
-10606656.9919,3483491.515299998
-10606611.6959,3483604.126500003
-10606725.2251,3483894.219899997
-10606400.2908,3483834.2391000018
-10606171.9602,3483792.4733999968
-10606061.1093,3483500.717699997
-10609693.8158,3488647.090400003
-10581150.1243,3447889.427699998
-10611927.0601,3482860.5260000005
-10589773.2262,3477543.155000001
-10590218.0531,3476980.715300001
-10590309.7632,3476967.436800003
-10609740.1376,3464975.029600002
-10609882.6674,3465066.9377999976
-10610005.8352,3465069.9354000017
-10610099.9549,3465103.6374000013
-10610174.9796,3465105.3298999965
-10609660.085,3464778.218199998
-10610108.2961,3464833.271300003
-10610215.4151,3464831.0419000015
-10609881.4918,3464746.5503999963
-10609641.5295,3464482.3376
-10603017.0541,3470448.8002000004
-10602912.0891,3470409.6383000016
-10602850.1329,3470389.341300003
-10602744.8394,3470254.3527000025
-10602644.621,3470587.6120000035
-10602883.3517,3470641.2432999983
-10607571.8314,3453384.3183000013
-10619013.6465,3484278.4239000008
-10606593.5223,3465855.3847000003
-10608276.2685,3461976.719899997
-10608195.5653,3461995.875500001
-10608240.0563,3461946.3937000036
-10608316.3221,3461922.4310000017
-10608562.8936,3461823.5543000028
-10608406.9226,3461779.8237999976
-10596580.6345,3463861.1457
-10606880.5685,3466472.0359999985
-10606684.3276,3466477.8281999975
-10606828.7543,3466714.3442
-10579706.7205,3481106.870099999
-10619404.44,3486159.686300002
-10619418.0154,3486238.117399998
-10606139.8834,3482540.6933000013
-10605926.1355,3482540.5242
-10605817.5447,3482437.4926000014
-10627794.4542,3465156.6466000006
-10612365.4659,3465765.8647999987
-10612299.8285,3465770.4844999984
-10612523.3162,3466024.441399999
-10612145.5179,3465236.7349999994
-10612300.9933,3465353.191399999
-10612329.1076,3465617.4565000013
-10612477.101,3465136.1977000013
-10612635.4746,3465192.462200001
-10612267.2147,3464954.1653999984
-10612619.3866,3465111.236299999
-10629830.1641,3474045.0331000015
-10629680.6363,3474334.2668000013
-10610576.9438,3487977.6538999975
-10610231.427,3487981.441200003
-10610247.1604,3487920.1432000026
-10600204.5036,3465500.959399998
-10616839.4429,3485809.9614000022
-10607232.4315,3482661.0221000016
-10607218.9839,3482754.139200002
-10607153.6362,3483214.1275999993
-10606969.3015,3482875.0161999986
-10606847.8064,3483375.3044999987
-10606986.7737,3483442.4952000007
-10607240.3058,3483994.8641000018
-10617172.5027,3484808.2449999973
-10617151.5923,3484808.4984000027
-10607194.5138,3461399.1697999984
-10606949.3097,3461406.7008000016
-10606913.8441,3461407.7324
-10610351.4897,3465563.2520999983
-10610774.0679,3465777.990500003
-10610665.8715,3465732.0999
-10610481.8539,3465564.0768000036
-10610963.1001,3465483.705799997
-10610747.4657,3465305.5055000037
-10610772.909,3465238.840400003
-10611104.2399,3465680.3794
-10610919.6494,3465822.7413000017
-10610973.5137,3465811.527099997
-10611462.0646,3465410.625
-10611135.7035,3465385.417300001
-10611268.8053,3465410.398599997
-10611253.7214,3465399.5160000026
-10610841.2518,3465164.525899999
-10611141.9477,3465239.014200002
-10611395.0755,3465310.2013000026
-10611367.0213,3465135.891900003
-10628743.1915,3464621.9433000013
-10628509.2371,3464784.0512000024
-10628557.1474,3464948.6116999984
-10628459.3014,3464961.9398000017
-10628715.8642,3465038.8932000026
-10635194.7673,3474767.5912000015
-10634916.4247,3474913.755900003
-10618486.1384,3486103.9302999973
-10618379.9895,3486063.4755999967
-10618809.2104,3486099.480700001
-10618633.7102,3485996.285599999
-10617751.6463,3485044.8118999973
-10614645.6415,3464765.956100002
-10632472.9009,3476660.7551999986
-10615342.6674,3460620.9443000033
-10615377.0166,3463973.2600999996
-10615610.48,3464130.973099999
-10612017.31,3463611.0513999984
-10612263.0466,3463421.498499997
-10611875.823,3463598.3029000014
-10611711.4833,3463456.2126
-10611606.5541,3463418.8642999977
-10611892.6767,3463451.479699999
-10612103.2352,3463412.6581000015
-10611849.1266,3463413.706600003
-10612133.3225,3463244.1252999976
-10611651.4768,3463358.2271
-10612078.5443,3463152.8589999974
-10612623.3242,3462793.6215000004
-10612240.7597,3463028.3506999984
-10612305.3273,3463013.2268999964
-10612156.2421,3463012.998999998
-10611933.6941,3463117.5891000032
-10612193.6797,3462670.083499998
-10611976.0448,3462672.8505999967
-10612536.8869,3462602.627700001
-10612670.6988,3462654.228
-10612354.6157,3462480.529600002
-10612031.2066,3462432.630599998
-10612195.4783,3462389.800499998
-10611919.3934,3462396.8172999993
-10612264.535,3462342.196800001
-10612011.3522,3462222.6339000016
-10612658.7558,3462093.3056000024
-10612385.2035,3461935.5618999973
-10612631.4018,3461870.633299999
-10612308.8793,3461783.094499998
-10612595.3372,3461775.314199999
-10612659.9947,3461773.650600001
-10609999.7239,3478865.9826999977
-10609963.4163,3478802.765299998
-10610149.983,3478704.909699999
-10617222.7741,3485454.8583000004
-10605292.3003,3483962.147399999
-10605627.0221,3484234.522500001
-10610213.4368,3484529.6833999977
-10610144.5199,3484529.4054000005
-10610042.6097,3484826.019299999
-10620470.7819,3488023.3539000005
-10627156.7897,3494310.026799999
-10627148.0445,3493512.6400000006
-10628152.5958,3494892.0363000035
-10628327.8946,3493772.661200002
-10628306.6079,3494725.200099997
-10628876.8216,3494900.5522999987
-10629615.0693,3470489.1317000017
-10629725.1461,3470472.745099999
-10629699.0457,3470473.0068000033
-10629657.9781,3470052.8522000015
-10629633.7971,3470078.5529000014
-10629533.2101,3470358.3258000016
-10629771.4198,3470743.695100002
-10629707.1191,3470378.2462000027
-10629698.4653,3471241.3266000003
-10629694.653,3471316.4767000005
-10629583.805,3471706.2234999985
-10629630.3701,3471487.655299999
-10629698.4263,3471474.244099997
-10629693.6917,3471583.6345999986
-10629828.3571,3471508.3169
-10629812.0821,3472026.604699999
-10629677.3573,3472124.9497999996
-10629584.3034,3472345.003399998
-10629547.0134,3471505.7326999977
-10629545.5368,3471462.7479000017
-10629584.2857,3471516.320799999
-10629559.8709,3471894.9250999987
-10629672.2884,3471284.7435000017
-10600379.5162,3463979.9783999994
-10600428.2807,3464344.0813999996
-10600596.0453,3464378.9563999996
-10623144.0254,3463139.9680999964
-10623048.3497,3462926.8078000024
-10623230.1109,3462861.4026999995
-10623252.1321,3462818.898000002
-10623025.5606,3462720.2468999997
-10623183.269,3462708.8335999995
-10623160.3176,3462638.2760000005
-10623154.0559,3462541.3654000014
-10623073.8478,3462544.0036000013
-10623330.4133,3462763.9716000035
-10622935.6437,3462664.3228999972
-10622944.1197,3462548.238499999
-10626358.9685,3464358.479199998
-10626265.7835,3464244.1648999974
-10626196.2831,3464080.5845
-10626215.485,3463798.1882999986
-10626223.6172,3464544.022399999
-10626199.6171,3464428.8167999983
-10626359.1504,3464427.6319999993
-10625964.7838,3464547.2026999965
-10630848.9427,3481263.9596000016
-10615605.8274,3460741.758100003
-10615671.9728,3460926.079499997
-10625015.498,3470898.6680999994
-10625043.2431,3470898.2468999997
-10619944.1917,3481192.6555999964
-10619883.8336,3481235.1899999976
-10633728.7729,3469036.3598000035
-10633730.2451,3469108.3017999977
-10633672.0733,3468898.0270000026
-10633596.0992,3469101.480899997
-10619825.7363,3482234.4733000025
-10614473.9585,3489149.1008
-10614457.9776,3489079.4130999967
-10613304.5418,3489084.714599997
-10611680.9167,3481782.704499997
-10613089.193,3461573.5090000033
-10613321.7127,3461613.3511999995
-10630478.1252,3478610.0876
-10630477.6554,3478655.351800002
-10630627.7774,3478883.7236
-10630898.4974,3478407.0782999992
-10630694.1592,3478544.6120000035
-10630693.5472,3478750.423600003
-10630846.2932,3478545.3071999997
-10631070.9322,3478457.3281000033
-10630898.2852,3478950.553000003
-10631038.4524,3478166.5273
-10618993.0315,3485196.739500001
-10619054.2745,3485075.8013999984
-10627449.8966,3473192.5119000003
-10627515.1832,3473510.1872000024
-10626758.731,3464309.3748999983
-10627235.8873,3464238.5188999996
-10626971.9405,3464193.4607999995
-10626997.3724,3464193.2443000004
-10627212.688,3464191.4285999984
-10626688.2923,3464118.076399997
-10626619.9245,3464118.8209000006
-10626551.5566,3464119.5649000034
-10626573.8335,3464071.7534999996
-10626714.3453,3464460.3215999976
-10603237.7164,3463226.5251
-10594350.07,3465716.5537
-10594285.3787,3465718.5703999996
-10594223.8182,3465632.167000003
-10594018.0119,3465513.186999999
-10594082.3672,3465449.6389999986
-10594214.491,3465193.961099997
-10593582.3772,3465438.005099997
-10593778.4159,3465516.9466999993
-10593920.1626,3465725.5605000034
-10593829.229,3465727.5361
-10593692.1698,3465729.5254999995
-10593628.7558,3465145.1955000013
-10624906.66,3487724.8818000033
-10619057.0758,3485736.202200003
-10619113.702,3485672.8017999977
-10614506.1281,3460487.7228000015
-10614777.4446,3460421.2585000023
-10614368.7624,3460426.901100002
-10614846.4399,3460168.6999000013
-10614822.485,3460070.8115999997
-10614718.3576,3460250.5429000035
-10614451.2155,3460256.1415000036
-10614539.9361,3460184.962099999
-10614556.4744,3460085.927199997
-10614502.3229,3460086.556599997
-10614536.9023,3459986.2597000003
-10614217.2343,3460175.797799997
-10614245.286,3460254.789300002
-10628942.4362,3477522.677199997
-10628898.5103,3477723.2145000026
-10611476.2369,3469814.741700001
-10611461.4486,3469856.8049999997
-10625995.5025,3464827.4488999993
-10626018.7976,3464779.262199998
-10625651.4441,3464483.099799998
-10609858.9042,3486311.4197999984
-10610084.4766,3486333.0647
-10609877.3137,3485543.9892000034
-10609965.6416,3485380.0112999976
-10609641.9877,3485858.8652999997
-10609685.0218,3486267.544399999
-10617205.9759,3483628.9271000028
-10617627.5535,3486744.3618
-10617527.2748,3486772.933799997
-10617559.5763,3486266.2119000033
-10617460.8448,3486361.2775000036
-10617421.4493,3486404.1043
-10617356.9147,3486174.515299998
-10629647.4756,3477696.0244999975
-10629710.2565,3477576.3113999963
-10629707.9335,3477326.9268999994
-10617251.1829,3484310.097199999
-10617464.9992,3484302.8378000036
-10613696.3091,3481120.0018000007
-10617949.9705,3484007.266999997
-10619301.1042,3481434.463299997
-10619346.3808,3481243.088200003
-10570152.7529,3470402.1674000025
-10570330.9257,3470511.4745000005
-10570334.1863,3470608.229800001
-10570087.4184,3470651.9926000014
-10627658.385,3469629.146899998
-10627666.4258,3469528.6027000025
-10627580.2557,3469529.606200002
-10627666.4155,3469125.875
-10627580.4141,3469593.5489000008
-10615825.4623,3465033.4240000024
-10615789.3042,3464860.5456999987
-10615830.1012,3464875.5561999977
-10615925.9532,3464260.8005999997
-10615945.6784,3464267.6868999973
-10616139.0146,3464335.359700002
-10616139.1156,3464272.9461999983
-10616151.5489,3464237.846500002
-10616001.9056,3463912.1296999976
-10625736.2565,3463968.343999997
-10627773.5691,3465156.928199999
-10633915.8678,3475002.6169999987
-10614934.2955,3485209.143799998
-10612876.3642,3464440.7569999993
-10612528.9907,3464299.976300001
-10612678.6118,3464177.2479000017
-10612501.5818,3464122.833999999
-10612782.8939,3463907.474600002
-10613016.4405,3464027.723899998
-10613074.9613,3463837.3532000035
-10613431.797,3463992.5961000025
-10613355.9355,3463833.052500002
-10613353.5636,3463769.5867
-10613762.6805,3463877.8555999994
-10613661.1088,3464220.634300001
-10613602.6842,3464201.2440000027
-10613464.7428,3464164.056599997
-10613048.5644,3464459.694600001
-10613108.1276,3464417.404799998
-10613100.7621,3464373.590499997
-10613730.8502,3463400.9448999986
-10614037.8628,3463403.8241000026
-10619815.5403,3484135.8269999996
-10619795.8923,3484193.6730000004
-10627635.3002,3465110.5364999995
-10627636.091,3465158.5879999995
-10627507.7745,3465226.4293000028
-10628172.7897,3478053.9984000027
-10628249.1765,3478158.9121999964
-10628346.6014,3478053.4346999973
-10628255.1339,3477771.3910000026
-10613183.7541,3486895.0889
-10613060.8161,3486710.9316999987
-10606044.9005,3473478.4394999966
-10606101.2856,3473342.5042999983
-10606098.8129,3473209.350100003
-10606137.0305,3473227.600100003
-10606237.9645,3473433.8100000024
-10606295.8351,3473356.1199999973
-10606028.2374,3473079.7590999976
-10605862.0389,3473459.7748000026
-10605784.4861,3473424.6098000035
-10605917.8492,3473329.1116999984
-10595931.0705,3465671.7575000003
-10595600.5849,3465629.4811000004
-10595830.1273,3465522.833999999
-10595767.1894,3465526.4082999974
-10595402.01,3465694.4886000007
-10595430.4143,3465619.910099998
-10595395.9564,3465574.1921000034
-10595431.3824,3465830.4505999982
-10595676.6291,3465851.1576000005
-10595672.9436,3465810.1523
-10595675.5438,3465915.9940000027
-10595886.2592,3465963.169500001
-10596015.5331,3466145.3400000036
-10596168.7739,3465757.259999998
-10596114.9477,3466364.6297999993
-10595993.4204,3466237.7036999986
-10595835.5298,3465389.0248000026
-10595528.607,3465452.5979999974
-10595546.6649,3465445.4438000023
-10595234.3729,3465635.2349999994
-10595834.0635,3465332.8559999987
-10595474.2085,3465378.316399999
-10616168.3265,3460119.7399000004
-10611197.0137,3482212.6445000023
-10611194.1745,3482178.113300003
-10630085.8603,3476694.6679000035
-10568399.2818,3470618.777099997
-10599689.4602,3464293.465999998
-10599514.6975,3464031.1736999974
-10599786.4158,3464061.7404000014
-10629746.4866,3466181.071800001
-10616864.178,3485444.5599000007
-10630019.7049,3474455.0295
-10606198.083,3484222.2117
-10606089.8672,3484351.103100002
-10606395.6588,3484575.1242000014
-10606342.6171,3484415.728600003
-10606385.6992,3484415.3937000036
-10613238.8264,3485065.3127999976
-10613075.6618,3485114.471699998
-10613170.6581,3485184.2924999967
-10613501.8394,3485185.5634000003
-10613939.4515,3486058.5226000026
-10613782.7357,3486182.3347000033
-10613602.0322,3486109.0019000024
-10627392.0472,3463995.8005999997
-10609388.4955,3480525.4724999964
-10609115.6215,3480398.1586000025
-10629206.1631,3481008.3385000005
-10626697.8337,3467143.5177000016
-10626869.1939,3467141.5273
-10626651.4572,3467078.4430000037
-10626948.4919,3467074.9694000036
-10626879.0664,3466966.269299999
-10598147.7873,3460692.137000002
-10598039.7833,3460751.7365000024
-10598012.3851,3460695.1926999986
-10624752.108,3460680.4864000008
-10624781.1556,3460900.931400001
-10625025.9558,3461052.472400002
-10625031.7904,3461223.2123000026
-10624771.5088,3461011.9789000005
-10624694.4375,3461148.9739999995
-10624663.2878,3461160.7233999968
-10624927.1496,3461292.845899999
-10625049.1953,3462143.9839999974
-10624806.0655,3462255.826899998
-10624982.9176,3462099.902099997
-10624646.6029,3461902.265900001
-10624520.3447,3461903.4055999964
-10624465.2075,3462011.656199999
-10624587.5911,3462323.020999998
-10602369.7374,3464055.7562000006
-10602346.9145,3464090.7314999998
-10602350.0005,3464012.5473000035
-10602483.2489,3463809.6701000035
-10602605.6104,3463814.5044
-10602875.9532,3463714.4921000004
-10602678.6912,3463957.4853999987
-10602597.0638,3463982.5694999993
-10602410.8792,3464113.1313000023
-10602525.4204,3464204.5538000017
-10602980.736,3463795.2515999973
-10602751.3256,3464152.2427999973
-10602635.8541,3464242.7316000015
-10602557.9322,3464380.420000002
-10602811.9461,3464229.728
-10603050.7135,3463990.8537999988
-10602952.8422,3464377.5622999966
-10603056.9417,3464237.096500002
-10603247.6902,3464085.4834999964
-10603360.442,3463845.4331
-10603318.5048,3464222.9213000014
-10603096.8931,3464388.1049999967
-10603215.7388,3464370.985200003
-10602425.6213,3464995.7139
-10602250.8741,3464748.6238999963
-10602535.0264,3464523.420900002
-10602386.9408,3464439.072800003
-10602263.6967,3464486.9624999985
-10604227.1539,3485144.710199997
-10603317.3839,3485214.4833000004
-10603683.635,3485259.3726999983
-10621700.1438,3477144.1261000037
-10621705.0496,3477085.199199997
-10621877.8592,3476880.067900002
-10621727.0166,3476856.8037
-10621226.4236,3476510.842500001
-10621224.5776,3476421.8874000013
-10621216.7208,3476057.5573000014
-10621281.3556,3475994.8298999965
-10622127.0152,3476137.2980000004
-10622733.0398,3476109.5775000006
-10622468.0168,3476330.7707
-10622563.3503,3476449.386699997
-10626819.9388,3467484.4076000005
-10626820.3755,3467507.4277999997
-10626903.6658,3467675.5188999996
-10616613.8243,3459321.8671000004
-10616632.5211,3459277.5239000022
-10616471.5877,3459105.0134000033
-10616530.2041,3459103.722900003
-10616718.0939,3459109.5006000027
-10616529.2208,3459059.827299997
-10616623.2355,3458839.1181000024
-10591209.8868,3461272.8878000006
-10590830.1836,3461327.9623000026
-10632556.5826,3480266.6564000025
-10597357.9137,3463298.4802
-10597166.8648,3463294.5502000004
-10597001.2484,3463469.8200000003
-10596900.8141,3463647.7983999997
-10596938.3222,3463222.6450000033
-10596994.1406,3463126.895999998
-10597008.0319,3462774.757100001
-10597185.1775,3463233.526799999
-10597449.4919,3463109.9121999964
-10597442.0436,3462704.4124
-10597442.6931,3462742.2415999994
-10571327.2935,3468204.8499
-10571343.6368,3468088.039999999
-10603428.1347,3469537.7986999974
-10603479.556,3470201.489500001
-10603480.2911,3470256.3608999997
-10603426.3816,3470536.7511000037
-10603543.5846,3470535.2612000033
-10603372.5036,3470635.592100002
-10603467.7424,3470633.502899997
-10603378.7837,3470396.0386999995
-10635886.4059,3484450.405699998
-10632037.881,3483676.364500001
-10632077.6775,3483839.790600002
-10624297.5879,3463689.9180999994
-10624158.8993,3463309.938699998
-10624028.6954,3463321.385499999
-10623827.2686,3463681.0533000007
-10624224.4158,3463498.4927999973
-10622762.3178,3464331.3762999997
-10622698.9426,3464015.035599999
-10622641.1403,3463867.196999997
-10622796.5898,3463865.092500001
-10623049.0692,3463871.029100001
-10623182.4752,3463808.367399998
-10626640.8628,3474561.5715999976
-10626700.296,3475108.142099999
-10626522.359,3475364.6943000033
-10626473.7251,3475247.7271
-10627316.804,3467537.2518000007
-10627338.9195,3467491.7880999967
-10627203.9941,3467428.519199997
-10628548.639,3479380.673100002
-10618050.6739,3477468.644100003
-10614103.6962,3465822.9547000006
-10612827.7561,3465447.0669
-10612862.0857,3465191.8473000005
-10616982.0343,3485681.683600001
-10616982.2936,3485704.5099000037
-10617066.0812,3485818.530199997
-10602174.3256,3474935.1098999977
-10601919.4151,3474773.6050999984
-10626030.2835,3488957.017999999
-10625832.5954,3488783.340499997
-10625930.6975,3489112.6114000008
-10626252.3307,3489062.5966000035
-10635464.4262,3478017.2167000026
-10634790.0836,3478026.339400001
-10625981.0941,3470096.0847000033
-10626014.1098,3470056.218699999
-10625975.7947,3469897.617399998
-10625972.4475,3469799.413400002
-10626017.6978,3469787.397699997
-10625688.7962,3469797.6385999992
-10625831.8776,3469747.7118000016
-10625761.5691,3469645.3308999985
-10625868.1397,3469588.043200001
-10625979.233,3469524.1187999994
-10626014.3461,3469089.8574
-10625984.9977,3469287.142999999
-10613740.6643,3458721.273699999
-10613465.4587,3458605.1164999977
-10614321.7528,3458572.0058000013
-10614123.4993,3458443.5024000034
-10613988.4709,3458456.5713
-10632534.6346,3476419.915100001
-10632403.6547,3476131.4441
-10632161.3755,3476174.5429999977
-10605108.7126,3483281.409199998
-10602494.8323,3461854.8539000005
-10601497.4237,3462873.1570999995
-10601460.564,3462625.826200001
-10601506.3434,3462625.4871999994
-10601413.74,3462564.4356999993
-10601573.0522,3462461.2409000024
-10601077.444,3462670.373999998
-10601258.063,3462628.1344000027
-10600833.8006,3462652.327200003
-10600833.4821,3462537.532499999
-10599601.6336,3463725.844499998
-10599557.3006,3463021.4419
-10599655.9355,3463596.077799998
-10599855.9451,3462978.0176
-10599925.8672,3462955.6811999977
-10599856.4893,3463376.5182000026
-10599754.5489,3463576.6216999963
-10599708.8078,3463739.0584999993
-10626694.9915,3466828.0099000037
-10626772.3358,3466821.2343999967
-10605671.0547,3483235.2630999982
-10598314.8679,3462026.5939000025
-10598273.5132,3462086.5711999983
-10597781.3352,3462066.297600001
-10598051.5304,3462083.4196000025
-10598022.9923,3462130.569799997
-10605609.1655,3453900.2912999988
-10605718.5198,3453975.1702999994
-10606128.4819,3454328.160599999
-10605778.3544,3454274.9826000035
-10605770.6464,3454411.054200001
-10606109.5919,3454463.4645000026
-10606208.7384,3454540.6625000015
-10605492.0691,3454742.3268000036
-10605566.5889,3454740.1960000023
-10606594.8364,3454728.5604000017
-10606794.8911,3454723.4707999974
-10606169.4289,3454811.5621000007
-10605194.1958,3454609.7311000004
-10605710.5957,3454873.224399999
-10606204.7594,3455000.6472000033
-10606128.3581,3455079.770800002
-10606283.2975,3455132.2305999994
-10605801.0504,3455140.159000002
-10605411.4165,3455088.593800001
-10605434.5379,3455223.8817000017
-10605122.2992,3455227.0650999993
-10605351.1132,3455414.898400001
-10605212.7183,3455416.2443000004
-10605435.7886,3455357.9235000014
-10605350.6849,3455358.834399998
-10605619.073,3455929.5442999974
-10605419.5943,3455932.101300001
-10605312.1756,3455886.121600002
-10605963.7533,3456108.6763999984
-10605383.8367,3456279.5050000027
-10605233.3626,3456281.7651999965
-10605211.7418,3456281.953900002
-10606184.4881,3456269.229199998
-10605106.2551,3456353.349200003
-10632988.6631,3478254.0753000006
-10633252.3541,3478154.2358999997
-10633113.0767,3478342.414800003
-10633535.8282,3478294.8647999987
-10633627.6964,3478722.968500003
-10624657.3744,3469637.0265000015
-10624591.9688,3469535.1833000034
-10624749.4817,3468943.3071999997
-10620464.1758,3489114.047600001
-10579478.108,3451163.9450000003
-10579124.2025,3451267.9431999996
-10589986.5226,3462143.842100002
-10590314.787,3462138.302000001
-10590635.515,3462132.8809999973
-10590886.1383,3462128.639399998
-10590911.7647,3462067.458899997
-10590633.8869,3462035.6450000033
-10590702.2382,3462034.4887999967
-10589847.6706,3462048.9196999967
-10589803.9546,3462087.7158999965
-10589757.7424,3462050.4349000007
-10590357.1029,3461943.060999997
-10589800.6894,3461892.7070000023
-10589777.9071,3461893.0908999965
-10620173.8135,3481071.994099997
-10633300.6764,3474010.1142000034
-10628305.2722,3464771.771300003
-10628362.7944,3470008.8364999965
-10628231.535,3470015.768100001
-10628194.4577,3470224.4978
-10628418.0147,3470216.7787000015
-10628439.4466,3470174.1318999976
-10628172.4167,3470439.8637000024
-10628374.4387,3470550.7418000028
-10628433.4914,3470660.0889
-10628244.3613,3470741.2287999988
-10628504.35,3470647.1787
-10628341.5819,3471539.5044
-10626546.2458,3465010.112800002
-10617934.7485,3487070.5583000034
-10599970.2411,3465605.932599999
-10622390.5333,3464383.6799999997
-10622484.5917,3463994.503899999
-10622616.1842,3463974.0007999986
-10622552.0478,3463600.1768999994
-10623107.8353,3463662.0381999984
-10622547.4897,3463390.4707999974
-10622806.615,3463702.2655000016
-10634405.3596,3472522.1203999966
-10634497.5068,3472447.028300002
-10634816.2327,3472429.901900001
-10614334.0845,3489028.7063999996
-10612733.0395,3489033.1284999996
-10612487.1347,3489033.567900002
-10613051.1316,3488961.1224000007
-10631060.9476,3475334.833999999
-10631173.4027,3475227.589299999
-10633522.7145,3477469.213200003
-10633452.5334,3477621.156499997
-10635794.1344,3472800.212200001
-10627246.3887,3466961.6799999997
-10597606.5741,3461798.766400002
-10597436.9701,3461994.8259000033
-10626118.4561,3467399.4927999973
-10625876.0026,3467400.664999999
-10633278.4558,3482486.5634000003
-10633334.7376,3482815.4619999975
-10631663.1732,3478063.5111000016
-10631758.7575,3478090.451899998
-10631686.681,3477736.379900001
-10631722.699,3477530.7487000003
-10629042.8869,3479675.436300002
-10615065.2778,3481798.6345999986
-10619851.9467,3482893.8083000034
-10619355.233,3486929.7507999986
-10619356.339,3487037.2892000005
-10600260.7027,3463671.0829000026
-10600414.9962,3463607.191399999
-10600352.7522,3463669.2958000004
-10600638.9678,3463546.718199998
-10635044.099,3477807.8743999973
-10635466.3756,3477803.890299998
-10625897.0753,3467554.554200001
-10625918.3377,3467509.7295999974
-10625743.8768,3467564.317599997
-10612217.0652,3487210.3751000017
-10612523.8254,3487204.733400002
-10588379.25,3464824.5535999984
-10588476.454,3464917.8215999976
-10611506.9595,3484321.6416999996
-10600782.3742,3477940.5634000003
-10600781.576,3477919.2700999975
-10624472.6377,3485907.806400001
-10624558.0883,3485714.648699999
-10624614.7059,3485854.9739999995
-10624734.2379,3485817.829400003
-10614526.4611,3494299.9750000015
-10614511.4795,3494559.9192999974
-10614590.9972,3494632.1609999985
-10609126.9277,3461881.7863000035
-10609289.1047,3461888.078599997
-10607237.9284,3482090.186800003
-10611311.8998,3460194.9406000003
-10611358.8307,3460327.0408999994
-10611171.5246,3460297.780699998
-10611357.8766,3460289.4956
-10610823.8991,3460245.4870999977
-10611252.4287,3460422.9081000015
-10610896.647,3460441.8543
-10610958.0472,3460406.5204000026
-10610864.0404,3460502.2547999993
-10611519.4946,3460533.376699999
-10611658.3338,3460475.0996999964
-10611653.5104,3460283.715400003
-10611509.8562,3460171.0064999983
-10611755.5393,3460128.6438999996
-10613053.1691,3460291.8232999966
-10612944.3322,3460294.3030999973
-10613230.6262,3460383.746600002
-10613166.7635,3460385.115699999
-10613252.1289,3460345.983400002
-10613317.5231,3460558.0556999967
-10627997.2514,3463878.610600002
-10627904.9439,3463880.5552999973
-10628202.0561,3463834.4777000025
-10627538.3473,3463844.3170000017
-10593652.3811,3466401.2032999992
-10593692.461,3466311.8131000027
-10612976.7611,3461048.157200001
-10612974.9129,3460985.826700002
-10612446.8851,3461217.1934999973
-10612750.6756,3461240.835500002
-10612772.1791,3461205.1137999967
-10612728.1677,3461198.1965000033
-10612408.2827,3461179.8586999997
-10612762.109,3461142.527999997
-10612260.12,3461676.5813999996
-10612302.5895,3461497.031800002
-10612076.106,3461427.4902999997
-10612100.556,3461213.412900001
-10612272.1368,3461122.6481000036
-10612202.7493,3461121.4419
-10612468.9869,3461020.291000001
-10611588.9492,3461296.5535999984
-10611808.6646,3461115.594800003
-10611896.0131,3461035.088100001
-10611918.0837,3460980.5600000024
-10611796.6735,3460948.969899997
-10613314.0741,3460760.6978999972
-10634022.1234,3472549.490699999
-10597750.373,3462344.0693999976
-10597753.7996,3462533.897399999
-10597655.9761,3462304.0675000027
-10597676.1667,3462303.7358999997
-10597448.3844,3462211.0103999972
-10597660.1685,3462206.9253999963
-10597541.1025,3462148.5665000007
-10597631.228,3462106.0097000003
-10626823.2645,3464997.3191
-10630149.5831,3478364.3694999963
-10630143.2823,3478962.8684
-10608110.6823,3493629.7656999975
-10625304.8008,3467041.090999998
-10610588.98,3454199.402599998
-10634168.3396,3477055.4865999967
-10633950.1046,3476995.912799999
-10627070.2261,3477993.965400003
-10606238.1822,3485107.8681000024
-10610623.9383,3460392.873499997
-10610147.6947,3460364.887699999
-10610576.173,3460208.848700002
-10610148.7199,3460202.3901000023
-10610209.6053,3460186.735799998
-10610329.2331,3460058.714599997
-10634738.9279,3478091.0508999974
-10634663.0905,3478409.7597000003
-10606132.2304,3472970.7016000003
-10627420.2086,3470730.7258
-10604708.3643,3485208.451700002
-10636053.4472,3485673.7766000032
-10586064.6627,3460011.8320000023
-10586011.4472,3460001.3615999967
-10589213.8454,3461380.287799999
-10589170.3874,3461381.2386000007
-10589249.52,3461020.0449
-10589204.6899,3460957.5923999995
-10589114.5732,3460811.5534999967
-10589087.9189,3460600.6960999966
-10589152.051,3460599.293200001
-10589250.3405,3460628.7575000003
-10589248.6101,3460547.7492000014
-10596709.4517,3463607.4202999994
-10596612.7571,3463480.3090000004
-10596613.8599,3463301.7633000016
-10596518.9541,3463288.1238999963
-10596321.9585,3463218.5588999987
-10596335.9244,3463001.163900003
-10596184.5281,3463031.955799997
-10589327.9274,3464567.9168
-10589284.747,3464505.235100001
-10619607.0487,3482583.4398000017
-10619494.8911,3482626.181599997
-10619540.5134,3482626.0933
-10619562.7618,3482626.1295000017
-10619588.2453,3482732.7184000015
-10619586.1474,3482808.3686000034
-10619441.3657,3482677.4146
-10619372.5311,3482479.0626000017
-10607577.6225,3482781.7148
-10607618.7093,3482382.729199998
-10607861.8875,3482264.3966000006
-10607578.0695,3482157.3178000003
-10637017.5005,3474164.5308
-10627366.0754,3477994.8078000024
-10596306.9969,3464237.5908999965
-10596350.2263,3464236.9363999963
-10596599.2625,3464080.769299999
-10596556.3856,3464128.8100000024
-10596519.2168,3464178.4931000024
-10629562.186,3477109.7864999995
-10629654.6796,3476617.036700003
-10618477.4342,3491165.8769999966
-10618476.9652,3491117.2886999995
-10618665.1961,3491358.082999997
-10618811.7096,3491039.1384000033
-10618723.0875,3491483.6106999964
-10618574.4027,3491460.262699999
-10587973.6392,3477480.7404000014
-10630762.4563,3477662.5521000028
-10630952.3791,3477219.690700002
-10630836.4764,3477187.659500003
-10631023.4357,3477048.0075000003
-10624072.5522,3463268.1273000017
-10624060.2818,3463174.8669999987
-10623943.8419,3463004.6674999967
-10623838.1607,3463124.7632
-10623843.2053,3463058.9206999987
-10631225.6576,3471273.1674000025
-10631263.8553,3471203.406199999
-10602786.4724,3458581.351400003
-10602219.2928,3458531.248499997
-10602512.7961,3458485.164800003
-10602575.6071,3458484.1501
-10602133.5916,3458430.5659999996
-10602111.5476,3458390.587899998
-10602132.0362,3458329.5124000013
-10602402.1738,3458221.8056000024
-10602570.5706,3458177.8357999995
-10602484.6521,3458115.6674000025
-10621450.1494,3481676.4824
-10621360.7766,3481678.918399997
-10621337.8183,3481642.5217000023
-10621398.2393,3481485.360799998
-10609595.0599,3497196.5024000034
-10609761.4946,3497073.1991000026
-10609458.9243,3497248.5582000017
-10603514.3967,3502492.5694999993
-10603445.7653,3502562.2568999976
-10617762.524,3486165.6833000034
-10618037.3931,3486378.1111999974
-10627548.875,3470507.460199997
-10571105.288,3471846.093999997
-10571152.017,3471727.6761000007
-10571124.6227,3471686.697300002
-10604355.8181,3483535.5609000027
-10603866.3907,3483680.108900003
-10603895.0309,3483539.2502000034
-10604122.1767,3483473.842500001
-10603686.0267,3483581.438699998
-10603665.6082,3483581.406300001
-10603645.132,3483581.4826000035
-10603391.9084,3483541.0678000003
-10603632.3075,3483670.6141000018
-10603413.367,3483477.092799999
-10615466.2718,3455482.7261999995
-10619840.8348,3485814.7032999992
-10619930.1715,3485870.4750000015
-10620000.6944,3485961.461099997
-10612550.1125,3476587.4623000026
-10629726.1405,3453828.126000002
-10628835.661,3454125.7541000023
-10628960.6033,3454058.306599997
-10628760.9664,3453951.5078999996
-10628843.4889,3453688.7700999975
-10629133.7714,3453618.634800002
-10628837.0253,3453360.8889999986
-10628521.9987,3454353.4913000017
-10588976.1764,3465279.2599000037
-10598088.4822,3461903.5590000004
-10597928.1571,3461785.949000001
-10607108.6484,3461145.0024999976
-10607005.5525,3461011.9526000023
-10582276.6978,3464095.2410999984
-10582184.914,3464096.923600003
-10582625.3035,3463989.3334000036
-10582674.527,3463852.112499997
-10582731.4916,3463851.0050000027
-10594432.2016,3460247.4723000005
-10627198.3332,3471699.6911000013
-10631370.6913,3476989.160599999
-10621216.302,3475352.6565999985
-10607776.1946,3475608.5160000026
-10619428.8651,3482990.336199999
-10619172.7214,3482779.3090000004
-10619302.3968,3482891.4919999987
-10619178.6211,3483047.1132000014
-10620004.1927,3482687.1411999986
-10619911.3365,3482623.477300003
-10619703.9429,3482583.048799999
-10610127.1343,3486122.4483999982
-10628971.8405,3479339.1472999975
-10613178.9488,3461307.2058999985
-10613209.9726,3461214.1268000007
-10613749.8037,3461501.184799999
-10613600.3593,3461375.433799997
-10613481.8828,3461335.8364000022
-10613256.3125,3461260.2032999992
-10620844.3549,3481878.240199998
-10620737.314,3481802.4416999966
-10629904.0875,3482407.5628999993
-10629963.934,3482278.619599998
-10630100.3373,3482149.3112000003
-10630050.7364,3482016.643600002
-10629927.0427,3481928.9871999994
-10630146.8368,3481954.3266000003
-10630111.9479,3481938.331799999
-10630256.0911,3481851.4434999973
-10630141.0277,3481530.5825000033
-10630048.9832,3481487.3796999976
-10629986.9936,3481474.843699999
-10629847.3385,3481376.9897999987
-10629863.1383,3481239.6088000014
-10630019.5036,3481174.3706
-10629822.9679,3481178.2260999978
-10632613.9527,3473649.4412999973
-10633044.0517,3473463.9243
-10632993.3484,3473613.900200002
-10630089.7858,3491894.436999999
-10631352.5715,3463583.822800003
-10616980.3754,3487190.839599997
-10618678.1725,3484898.406199999
-10618808.4809,3484635.956600003
-10618829.4336,3484635.7985000014
-10618697.591,3484736.549900003
-10618767.783,3484836.7744000033
-10618811.8464,3484836.2326000035
-10634800.4552,3482190.2113000005
-10634653.3597,3482314.705799997
-10634408.4214,3482368.149099998
-10631902.3415,3477835.109099999
-10631801.8115,3477941.9032000005
-10631841.0074,3477555.1092000008
-10636120.9022,3478953.0757
-10636458.9884,3478943.845399998
-10636178.3715,3478900.880900003
-10636704.6997,3479007.587099999
-10636901.3051,3478901.1044000015
-10571578.0432,3474217.9793
-10632872.7833,3473434.255599998
-10596627.5101,3462434.5178999975
-10596538.7808,3462703.9836999997
-10626538.9445,3460771.8369999975
-10626683.5811,3460515.8716999963
-10626423.4358,3460742.596199997
-10626845.0245,3460188.5517999977
-10625503.8731,3469093.238300003
-10614512.7398,3494069.7236
-10614661.5539,3494183.407700002
-10606803.8078,3482389.4301000014
-10607235.148,3482485.095200002
-10612480.9104,3460695.3830000013
-10612784.0285,3460588.8363000005
-10612697.4246,3460590.633100003
-10612695.0002,3460492.294399999
-10612472.8233,3460362.267099999
-10612494.0675,3460361.9076000005
-10612815.2285,3460355.150899999
-10613024.9138,3460643.6327000037
-10627154.6144,3463785.846000001
-10632010.9872,3476326.7704000026
-10635908.0789,3483963.8747000024
-10635942.3402,3483892.9475999996
-10635586.1458,3483727.3928000033
-10635913.75,3483653.1806999967
-10635956.8802,3483602.870099999
-10582176.9376,3488336.5590000004
-10582065.8914,3488260.6054000035
-10582064.1718,3488179.0983999968
-10582069.3645,3488399.5725999996
-10581933.5977,3488599.9573
-10581919.1451,3488356.1930000037
-10602416.602,3458727.9059000015
-10602079.6779,3458728.349299997
-10597325.5284,3462409.6567
-10597012.4003,3462401.2964999974
-10603474.6817,3485373.722000003
-10603319.1879,3485441.1884000003
-10622330.1292,3464243.7929999977
-10622361.3572,3464341.3077000007
-10609985.3672,3453925.0393999964
-10634412.7161,3477141.3967999965
-10634378.3866,3476988.994099997
-10634493.1534,3476922.910599999
-10634415.9694,3476760.3559999987
-10634303.1562,3476640.5469999984
-10634416.0871,3476641.992200002
-10626616.6284,3482456.514799997
-10626298.3701,3482701.283500001
-10626418.5321,3482496.1072999984
-10626530.7887,3482440.065899998
-10626324.3709,3482391.5757
-10626477.1217,3482326.477300003
-10626411.5902,3482284.889899999
-10626782.1996,3482351.2524000034
-10626538.2239,3482119.7444999963
-10626494.4389,3482114.743900001
-10626786.9834,3482089.8068000004
-10626315.8441,3481999.9387999997
-10626183.2621,3481905.473200001
-10626313.8647,3481861.5342999995
-10626402.4027,3481860.2776999995
-10627583.4615,3482564.7475000024
-10627435.1033,3482566.2051
-10627159.7719,3482492.727600001
-10627858.765,3482501.406800002
-10627815.2868,3482358.1859000027
-10627963.4914,3482356.538999997
-10627389.8169,3482401.840099998
-10627558.5929,3482299.5129000023
-10627558.1697,3482258.9491000026
-10627599.9766,3482258.6904999986
-10627898.3066,3482295.648599997
-10627856.3192,3482296.0486999974
-10627792.2429,3482256.152800001
-10627791.4669,3482189.7431999967
-10627736.3399,3482118.6312000006
-10627937.4467,3482142.9519999996
-10627156.3485,3482206.813699998
-10626955.988,3482091.721699998
-10627455.0479,3482063.216499999
-10627257.4469,3481988.6208999977
-10627130.7908,3481989.684100002
-10627005.0977,3481950.8637999967
-10627343.666,3481988.1103999987
-10627812.8936,3482036.8134000003
-10627692.3647,3481953.739500001
-10627932.1933,3481932.1061000004
-10627825.058,3481913.174999997
-10627034.2346,3481853.822300002
-10626960.497,3481794.624300003
-10601899.5421,3464496.404600002
-10601640.1588,3464055.077399999
-10602079.1655,3464022.146399997
-10601986.089,3464055.7010999992
-10601962.9096,3464091.2937999964
-10601939.6331,3464126.8078000024
-10601959.1464,3464026.9595
-10601882.4674,3464036.082199998
-10601787.7946,3464109.8949000016
-10610072.4191,3460324.1476000026
-10609832.2213,3460316.6357999966
-10610102.1042,3460471.4558999985
-10610321.6063,3459917.456699997
-10610306.088,3459852.531199999
-10609989.2259,3459834.034900002
-10610258.9581,3459764.3015
-10600230.6293,3462265.8748999983
-10634602.5201,3478036.3456000015
-10613018.7302,3487023.1096
-10613250.8767,3487138.0134999976
-10613004.758,3487079.451700002
-10613107.6039,3487114.589599997
-10612653.8833,3487226.8411
-10595460.8176,3465245.0463000014
-10595179.4852,3465454.031999998
-10595082.3458,3465412.9538000003
-10595020.1796,3465127.171099998
-10595036.4421,3465441.405199997
-10594896.3923,3465273.960500002
-10595348.4849,3465060.880400002
-10595596.6665,3466145.087200001
-10595443.6756,3465994.8280000016
-10595651.9321,3466334.9802
-10595464.9266,3466170.112800002
-10595220.5672,3466258.828900002
-10595240.7418,3466149.462200001
-10595085.2129,3466087.4804999977
-10630778.8905,3479009.462899998
-10630780.4531,3479159.847199999
-10631070.0452,3479066.8567999974
-10607075.2741,3481119.882100001
-10607161.3341,3481120.469800003
-10597876.9486,3462427.146899998
-10597788.2433,3462366.907499999
-10598119.6549,3462477.338100001
-10630917.2096,3476916.655000001
-10628196.8624,3473038.0425999984
-10628467.5749,3472800.1064999998
-10599431.8839,3462232.6291000023
-10599510.0432,3462103.889700003
-10599206.108,3462198.5436000004
-10625041.4383,3461484.770800002
-10619940.0739,3484650.6204999983
-10623719.1348,3462796.7418000028
-10623801.3679,3462994.3681000024
-10623384.7999,3463054.2903999984
-10623380.9714,3462629.9868
-10630044.3511,3474712.6833999977
-10629956.3502,3475177.8856000006
-10629830.3779,3474844.8210999966
-10632723.4357,3475435.933799997
-10632673.6484,3475318.6142000034
-10632596.5378,3475259.6287999973
-10581708.6258,3478417.1772999987
-10629395.9271,3474391.3411
-10617601.356,3459598.4299999997
-10617610.9525,3459400.639399998
-10617647.5713,3459056.418300003
-10617487.4076,3458959.0009000003
-10617555.0495,3458917.677699998
-10617700.1718,3458464.762500003
-10617620.3261,3458310.4257000014
-10617524.2253,3458312.149899997
-10617639.0467,3458211.7502000034
-10617465.0169,3458214.7577000037
-10617677.1542,3457942.156999998
-10617279.4834,3458303.4209999964
-10617326.7824,3457809.1005000025
-10631695.7921,3477163.4208000004
-10631525.1239,3477278.0042999983
-10631528.3349,3477123.9305000007
-10620112.7761,3483212.233000003
-10589503.0489,3465597.3324000016
-10627214.1585,3473311.3279
-10627347.4512,3473267.3972999975
-10596903.187,3461892.9849999994
-10597358.2856,3461886.048100002
-10597378.5969,3461825.1039000005
-10597271.4031,3461826.6755999997
-10597122.7352,3461829.7963000014
-10596903.9284,3461833.3900000006
-10634798.175,3475033.1476000026
-10624925.7572,3464297.100100003
-10628133.8914,3464263.649899997
-10628201.5807,3464017.097599998
-10601394.9577,3458838.945799999
-10601541.2014,3458795.9530000016
-10601963.9575,3458788.721500002
-10601434.4601,3458695.864
-10601347.8596,3458594.8521
-10601641.4706,3458589.929700002
-10601830.6305,3458417.6045999974
-10585569.6056,3460170.923100002
-10585590.3974,3460042.8027999997
-10606333.4937,3485378.214599997
-10606274.1907,3485430.8021000028
-10605901.0622,3485225.438500002
-10633611.054,3481814.708999999
-10633495.3048,3481780.7492000014
-10626301.4961,3469070.2949
-10609581.2965,3461695.550499998
-10609468.6543,3461766.2440000027
-10609449.7332,3461777.9777000025
-10609391.9326,3461765.047600001
-10616440.3807,3458660.9777999967
-10616748.4378,3458557.387500003
-10613401.1171,3461267.6829999983
-10613830.6343,3461122.618900001
-10613824.5786,3461016.494599998
-10613762.5157,3460953.6372999996
-10613961.8621,3460912.8611999974
-10614074.2602,3460885.6679999977
-10630451.4057,3470058.6668
-10630474.16,3470059.1996000037
-10630406.2956,3470121.460500002
-10630265.5235,3470237.9984000027
-10630381.9363,3470263.012500003
-10609537.7058,3486164.1076000035
-10609538.5907,3486314.8352999985
-10609454.5542,3485604.9896000028
-10609431.5526,3485697.9893999994
-10609432.3133,3486357.3642000034
-10609369.0167,3486271.023199998
-10609368.3226,3486029.4310000017
-10609368.3645,3485923.916000001
-10624474.6304,3465497.6379000023
-10626214.5564,3464661.8545999974
-10618517.0604,3488343.4661
-10627360.3397,3452811.280100003
-10627250.2759,3452770.8989000022
-10627423.246,3452704.9936999977
-10627221.8076,3452666.240000002
-10627347.4597,3452663.876199998
-10626398.2924,3452048.1182999983
-10633961.3987,3472257.0461999997
-10630021.6032,3479165.0986
-10629921.3188,3479106.3188000023
-10629778.3941,3479206.7327999994
-10629600.1765,3479110.0577000007
-10629572.5962,3479110.6611
-10629449.0529,3479112.1081999987
-10629678.8219,3479070.113499999
-10629473.0162,3479073.446800001
-10629472.6523,3479014.0288999975
-10622256.5001,3476771.7408000007
-10622813.5518,3477196.4736
-10623045.6257,3476980.7358999997
-10619050.1392,3485331.720899999
-10629947.1671,3479308.2409000024
-10596720.0394,3462360.5788000003
-10607321.457,3454590.686499998
-10607612.1778,3454644.2400999963
-10607420.8858,3454648.9111
-10605905.8854,3462064.2387000024
-10605781.4116,3461806.3055000007
-10611982.5955,3460567.208999999
-10612022.9373,3460506.5702000037
-10612316.2001,3460271.1084999964
-10612166.5149,3460216.6900999993
-10622153.8309,3463578.843500003
-10622153.9763,3463726.8255999982
-10622309.8273,3463680.833899997
-10622250.3805,3463799.2848000005
-10641478.6074,3473007.949199997
-10641464.8759,3473750.3691999987
-10641407.3634,3473652.208499998
-10628729.6981,3475621.0978000015
-10628851.0009,3475469.779299997
-10613384.6158,3488226.4390999973
-10613534.3686,3488043.9482999966
-10613250.3907,3488046.5797000006
-10613268.6283,3488001.2190999985
-10613207.6481,3487596.274700001
-10613282.0461,3487549.318099998
-10609436.8122,3462608.085000001
-10609478.1534,3462431.9746999964
-10605866.6831,3483392.2874
-10605241.0693,3473045.059299998
-10605182.4661,3473006.717799999
-10605332.8313,3472805.5666999966
-10639347.5402,3476792.5188999996
-10639277.4415,3477077.476800002
-10639278.6968,3477284.4310000017
-10639349.4028,3477219.3171999976
-10639263.255,3476781.3808000013
-10639365.3142,3477526.728600003
-10636621.7915,3477474.5957999974
-10589687.065,3465880.6797999963
-10589770.8311,3466183.6054999977
-10589676.1724,3466185.795500003
-10589671.8153,3465995.517099999
-10589634.5201,3465975.226599999
-10589635.0041,3465996.3685000017
-10589637.9084,3466123.220700003
-10589640.9331,3466322.705499999
-10589548.846,3466009.7304000035
-10600600.6001,3456717.068099998
-10600455.5594,3456819.8628999963
-10600810.7568,3456954.3422000036
-10600748.241,3456955.492899999
-10600397.2176,3456961.514399998
-10600234.5754,3456886.0429000035
-10600869.7133,3457254.802199997
-10600645.975,3457119.8671000004
-10600538.4015,3457261.8794
-10600773.6979,3457320.0018000007
-10600390.2541,3457365.585000001
-10600478.5322,3457465.343500003
-10600673.1881,3457562.7575000003
-10600439.7033,3457626.818400003
-10611510.6351,3481439.6604999974
-10606834.0375,3481035.106899999
-10606938.8494,3481001.2349999994
-10606887.8158,3480945.9412999973
-10617636.7552,3484075.4646999985
-10617586.8609,3484086.795900002
-10630648.6325,3473581.9565000013
-10630649.5239,3473724.4858999997
-10634577.5281,3473577.6868999973
-10630404.2297,3470558.4399000034
-10630481.1517,3470556.0238000005
-10630332.6556,3470977.6362999976
-10630397.6233,3471075.654600002
-10630481.1515,3471136.5229
-10630395.9878,3471248.7278999984
-10604057.7066,3483364.600900002
-10604396.8595,3483361.4453999996
-10603464.8899,3483278.342
-10593813.5409,3466087.4310000017
-10626158.4088,3488912.1981000006
-10626571.054,3489030.2206000015
-10626435.2381,3488937.2404000014
-10619064.6571,3482780.5911
-10630003.1666,3478776.682400003
-10630001.9575,3478660.400799997
-10630001.2974,3478637.5198
-10597418.8824,3475322.633100003
-10597427.5593,3475236.8883000016
-10597250.4111,3475290.886500001
-10597169.7003,3475460.9350000024
-10597465.6247,3475461.2859999985
-10597490.8001,3475430.6180000007
-10597487.2239,3475348.0719000027
-10613365.5675,3460466.3385000005
-10613429.1826,3460430.286799997
-10613529.2392,3460636.9793
-10613665.5058,3460594.351599999
-10613628.0937,3460679.1067999974
-10613626.9859,3460594.6586000025
-10637341.2244,3488776.6832000017
-10637066.0298,3488664.341600001
-10637040.0401,3488653.6018999964
-10636984.0538,3488631.401900001
-10638116.9081,3488821.624300003
-10637177.1397,3488797.115000002
-10637251.7926,3488827.8677999973
-10638603.1258,3488846.905500002
-10638078.1122,3488894.7624000013
-10637673.6703,3489014.8835000023
-10637590.8305,3489055.667300001
-10637918.4742,3488911.1248999983
-10638280.728,3489012.2995000035
-10637795.4668,3489278.458499998
-10637382.6585,3489807.9474000037
-10637109.0796,3489351.398000002
-10636792.5419,3489385.4915999994
-10636943.8002,3489159.9157000035
-10636745.3768,3489747.7739000022
-10636691.1203,3490031.100100003
-10603609.0507,3485599.2586999983
-10603205.2958,3485666.1300000027
-10603439.1955,3485665.324199997
-10603496.09,3485665.1275999993
-10628428.0834,3478441.462200001
-10595814.4137,3463761.5427
-10595903.1545,3463825.4768999964
-10595938.4885,3463846.3367
-10603959.6589,3461728.604800001
-10626283.5397,3452698.6878999993
-10630917.8266,3463246.2497000024
-10630985.1201,3463146.1701000035
-10631190.0679,3463159.4143999964
-10631029.5655,3463086.717699997
-10636969.7506,3479958.1356000006
-10636883.3745,3479845.5204000026
-10637549.2522,3479955.181599997
-10637909.7148,3479950.432099998
-10637760.8689,3479885.317400001
-10637781.6479,3479885.272399999
-10596346.2879,3462469.615000002
-10626184.77,3460522.4301000014
-10626456.167,3460592.6440000013
-10626422.5651,3460628.6975999996
-10626292.1634,3460218.822999999
-10626182.3673,3460176.3707000017
-10626291.5564,3460174.7365000024
-10599849.4818,3473133.298799999
-10599885.0515,3473212.5537
-10599910.4065,3473265.306599997
-10600157.9785,3473357.5112999976
-10600131.3938,3473012.027099997
-10600146.3348,3473027.579400003
-10629088.497,3464929.349100001
-10626249.9388,3507052.090599999
-10616934.3017,3459372.034500003
-10617259.6778,3459200.8192000017
-10616842.0572,3459315.2479000017
-10616924.5851,3458882.8224000037
-10631523.2773,3476666.420000002
-10631547.0646,3476601.892099999
-10595577.4033,3475910.4640000015
-10601078.8119,3458939.212399997
-10601132.1201,3458884.8769999966
-10600970.5277,3458847.6916999966
-10597278.7417,3462312.1366000026
-10597167.8382,3462115.2657999992
-10605593.2155,3461403.5133000016
-10605700.0754,3461374.6697999984
-10605948.6263,3461355.994900003
-10605911.928,3461255.680399999
-10605738.2913,3461153.2974999994
-10605660.0618,3461100.4447000027
-10615914.4164,3484417.6801000014
-10615955.4589,3484247.4838000014
-10615914.2199,3484202.0929000005
-10615975.3032,3484201.8194999993
-10622462.884,3463336.281000003
-10622410.7155,3463333.0785000026
-10631939.6102,3463008.971500002
-10631679.9262,3462846.985299997
-10631748.2687,3462811.071999997
-10631885.6007,3462660.8803000003
-10631628.3944,3462785.4258999974
-10631627.2672,3462715.9221
-10619894.5741,3482731.1856999993
-10600992.9594,3460976.0606999993
-10605612.6965,3473704.232900001
-10605589.5732,3473634.412799999
-10605543.874,3473630.8882
-10605620.8479,3473548.8025999963
-10605485.2899,3473423.6191999987
-10631345.1343,3463033.166000001
-10630826.2111,3463003.8734000027
-10630822.0044,3462729.5177000016
-10631141.3923,3462993.5154
-10631095.8209,3462989.6674000025
-10631026.8852,3462943.284500003
-10631072.4668,3462946.516099997
-10630930.9949,3462677.455499999
-10598031.1957,3462581.8477
-10597733.6755,3462637.6005000025
-10597801.8207,3462693.338799998
-10614883.8749,3458010.8106999993
-10598966.4394,3461944.0217000023
-10598782.5927,3461900.661600001
-10598860.3491,3461789.5626000017
-10626790.6528,3459988.3738999963
-10626741.0875,3459923.840800002
-10626278.0355,3459965.7356999964
-10626548.4929,3459961.9723000005
-10626277.3065,3459904.8216999993
-10626057.0611,3460008.5837000012
-10628897.1978,3474540.8905000016
-10628942.6526,3474610.1805000007
-10629104.7719,3474570.3672999963
-10569606.2301,3469650.4067
-10589584.82,3476102.4931000024
-10589408.8215,3476346.374499999
-10589863.4584,3476213.723099999
-10589774.3044,3476384.1630000025
-10590023.8505,3476159.840400003
-10590129.3312,3476213.0429999977
-10610387.835,3461036.025600001
-10610493.6442,3460947.4679000005
-10630443.3312,3474952.1133999974
-10630446.8364,3474559.1504999995
-10630336.9079,3474663.567400001
-10627282.8579,3463243.797200002
-10627206.1555,3463615.0555000007
-10615590.1851,3465115.2832999974
-10615648.6234,3465141.1723000035
-10615471.7246,3494473.5749000013
-10615617.1484,3494398.6391000003
-10621955.7266,3480466.700000003
-10621912.8896,3480431.095700003
-10621985.2051,3480373.659400001
-10569361.8587,3469374.9724999964
-10569365.8265,3469271.542300001
-10626497.9318,3459659.3625999987
-10626182.4102,3459621.795500003
-10626119.9909,3459647.592699997
-10597895.5007,3463129.6613000035
-10624568.041,3452739.6978999972
-10611313.3493,3461413.337700002
-10611180.0392,3461312.0521000028
-10611246.5801,3461314.220899999
-10611291.41,3461314.9824
-10589561.5887,3459909.5900000036
-10589581.1263,3459835.1956999972
-10596490.3547,3463584.4252000004
-10596060.09,3463494.5231000036
-10596099.4353,3463554.0011000037
-10596376.3064,3463520.7124999985
-10596061.2543,3463226.107000001
-10638851.4987,3479797.1155999973
-10607637.0556,3484752.8768000007
-10607523.7779,3484764.619400002
-10607615.2395,3484818.405000001
-10607392.4911,3484981.025700003
-10607655.5174,3485041.7634000033
-10607548.0647,3485085.8819999993
-10607591.3181,3485085.2216000035
-10607791.7838,3485583.399899997
-10607917.5863,3485569.2338000014
-10607341.3509,3485254.4474000037
-10607342.826,3485427.125
-10607343.1774,3485469.1849000007
-10607401.6615,3485704.699699998
-10607687.0045,3485703.4384000003
-10607922.1841,3486012.6867000014
-10607921.3625,3485989.678199999
-10607920.5494,3485817.460900001
-10607684.4634,3485809.033699997
-10607641.7578,3485809.1856999993
-10607409.2571,3486178.809600003
-10607587.6056,3486213.5645999983
-10607586.5469,3486374.611299999
-10607412.6685,3486571.2338000014
-10607516.4301,3486633.6401000023
-10608417.8938,3486490.8210000023
-10608302.8949,3486331.6969000027
-10608106.2055,3486392.3286999986
-10608179.4164,3486358.033699997
-10608233.7481,3486355.116700001
-10608678.6649,3486343.031499997
-10608631.9934,3486306.0644000024
-10608730.0771,3486163.091499999
-10608730.3566,3486209.8812000006
-10608731.904,3486323.0852999985
-10608502.2525,3486099.3083999977
-10608611.0093,3486097.5845
-10608179.5443,3485964.7861
-10608162.0827,3485901.0711999983
-10607980.7602,3485847.3439000025
-10608311.8781,3485752.846500002
-10608254.0817,3485616.273500003
-10608236.7052,3485674.2091000006
-10608184.5228,3485536.2139
-10608426.738,3485388.5283999965
-10608373.275,3485470.5869999975
-10608295.3157,3485385.4940000027
-10608026.2719,3485367.873999998
-10608182.1646,3485330.535099998
-10608296.4284,3485213.161899999
-10608600.2447,3485036.5539000034
-10608227.1197,3485009.0737999976
-10608282.7579,3484976.2409000024
-10608011.6217,3484705.2316000015
-10608398.3418,3484834.4147000015
-10616217.0476,3454049.3510000035
-10615992.0886,3453908.9081000015
-10601296.6073,3462328.1369000003
-10601397.1824,3462241.0923999995
-10601457.5179,3462203.009999998
-10601486.7335,3461959.5552999973
-10601372.8244,3462037.542300001
-10605707.0979,3461676.6054000035
-10621759.0846,3465050.1391000003
-10591360.5162,3485155.034000002
-10579836.5048,3473756.0983999968
-10598747.6804,3455667.151100002
-10598690.4861,3455787.7239999995
-10598864.2467,3455895.7695000023
-10597924.1536,3462776.9552000016
-10597759.5516,3462885.7503999993
-10613106.0161,3487261.0085000023
-10612891.7748,3487356.8127000034
-10613168.1029,3487312.950000003
-10625771.2144,3460845.424999997
-10625819.2905,3460675.630400002
-10625768.6648,3460634.3938999996
-10625866.7433,3460569.515900001
-10625842.199,3460569.8922000006
-10625600.3788,3460848.1317000017
-10625476.3587,3460744.577299997
-10626058.0876,3460440.6767999977
-10626005.371,3460441.4070999995
-10626003.9107,3460332.2135000005
-10625790.8727,3460226.0456999987
-10625508.4555,3460339.623499997
-10625429.842,3460340.758100003
-10625349.8691,3460297.480700001
-10625637.9628,3460228.5176
-10625610.7793,3460184.8999999985
-10625470.2823,3460121.2722999975
-10593916.2199,3465997.0890000015
-10593913.9458,3465855.7754999995
-10593788.4143,3465858.2040000036
-10593748.5725,3465771.690899998
-10619322.4265,3485995.473200001
-10619595.3324,3485798.201899998
-10619426.8805,3485695.3945999965
-10619266.2222,3485726.6752000004
-10621679.2542,3456408.088399999
-10621486.3061,3456391.250500001
-10621388.5871,3456411.1001999974
-10601116.6778,3463680.7211000025
-10601332.4051,3458496.3828999996
-10621719.9485,3479749.219999999
-10621741.4628,3479749.016099997
-10621759.4968,3479849.5442999974
-10622186.9228,3479745.7661999986
-10622295.4261,3479744.8477
-10622360.9539,3479784.188699998
-10622636.581,3479844.1272
-10622962.515,3479741.093800001
-10623485.4372,3479837.5486999974
-10623564.1204,3479640.921400003
-10623744.5791,3479492.2588
-10623782.2004,3479618.909000002
-10613922.0733,3460584.3007000014
-10614021.3948,3460480.081100002
-10610282.0001,3459718.8346000016
-10610344.5417,3459640.8354
-10569082.0606,3469141.7102999985
-10569019.9668,3469115.030299999
-10617436.8282,3462785.761
-10617381.1514,3462805.8259000033
-10617346.5837,3462844.159400001
-10617296.856,3462795.515299998
-10617284.8863,3462823.4038999975
-10629449.8024,3466301.1806999967
-10629472.1489,3466253.2038000003
-10629405.68,3466417.8893000036
-10629495.3931,3466369.1158000007
-10623548.4675,3464153.697499998
-10623417.9232,3464053.338600002
-10596251.5747,3462449.315399997
-10636775.7301,3477270.7967000008
-10636562.5713,3477148.1675999984
-10636669.4753,3477229.063500002
-10636628.3108,3477272.6450999975
-10600437.796,3462655.7967000008
-10600444.4996,3462464.130900003
-10613357.2468,3460137.2967000008
-10613321.4937,3459839.9618000016
-10599701.4023,3462552.619900003
-10624977.4706,3463199.4998999983
-10624450.2555,3463129.2622999996
-10624448.1937,3463080.2919000015
-10628544.5818,3463858.5310999975
-10628531.6008,3463736.4223999977
-10628434.3551,3463592.2084000036
-10628460.1043,3463592.779299997
-10628691.7252,3463602.8263000026
-10617326.7431,3486583.9023
-10623345.0808,3463717.6415000036
-10623629.7674,3463631.412799999
-10623525.1273,3463666.6319999993
-10623500.6415,3463812.197800003
-10623671.8552,3463803.3084999993
-10634155.8272,3478829.7415999994
-10634059.5342,3478830.3052999973
-10633956.2995,3479283.195600003
-10591171.6718,3460073.7392999977
-10591133.5191,3460052.1171000004
-10591097.7519,3459935.6999000013
-10632758.315,3462151.0458000004
-10632578.0337,3462189.8660999984
-10632667.2914,3462245.739699997
-10629169.0575,3466536.8192000017
-10629658.3,3466531.3583000004
-10628219.4065,3476202.725100003
-10628002.5584,3476208.374499999
-10628245.1216,3476158.382299997
-10627638.2497,3476442.7761999965
-10627813.6065,3476414.3696999997
-10598568.7698,3455976.389399998
-10598502.1218,3455865.5644999966
-10598564.0001,3455442.9702999964
-10598561.6227,3455397.0111000016
-10598025.895,3455351.545599997
-10598262.4892,3455340.7817
-10628229.3542,3473690.615500003
-10614488.8513,3458120.7458999977
-10614361.6545,3458071.626000002
-10614574.5967,3458053.0593999997
-10614393.2769,3457960.1472999975
-10614351.1697,3457959.8844000027
-10614465.2283,3457860.7480000034
-10603057.0322,3464545.864
-10603119.8045,3464496.275700003
-10602546.4611,3464949.6811999977
-10600493.6733,3458789.149899997
-10593060.1781,3466300.0102000013
-10592865.9361,3466205.180399999
-10592664.6849,3466209.3681000024
-10592644.7663,3466248.4580999985
-10592808.8834,3466098.6499999985
-10592672.3809,3465923.1674999967
-10592819.8475,3465983.5315999985
-10592840.2082,3465995.2009000033
-10592876.8681,3466016.0766000003
-10593471.4936,3465741.4869000018
-10592524.4183,3465624.594999999
-10593894.8671,3513105.0901999995
-10616875.4788,3486486.797799997
-10616780.8439,3486450.6743
-10616845.1364,3486372.387599997
-10616689.424,3486495.048299998
-10616709.3051,3486330.6908000037
-10616604.5002,3486448.6187999994
-10616510.4823,3486448.148000002
-10616687.1952,3486233.1812999994
-10616396.4198,3482011.589400001
-10616356.5823,3481955.9263999984
-10632161.664,3476892.266999997
-10642391.6974,3496211.549800001
-10642582.8965,3495718.7458000034
-10642049.8756,3495476.9745000005
-10642712.4391,3495632.9509999976
-10642301.6211,3496490.6849000007
-10641421.2953,3495380.961099997
-10649412.1507,3497475.2639999986
-10649373.753,3497484.6925000027
-10601884.6627,3462113.031499997
-10604955.5199,3473147.787900001
-10605013.0238,3473312.799999997
-10578842.3804,3461777.3927000016
-10624755.865,3478331.9346999973
-10624503.677,3478309.228600003
-10624310.6754,3478264.3915000036
-10624264.5535,3478339.4597000033
-10624024.0183,3478102.5659999996
-10623983.681,3478151.8015
-10630083.8765,3475687.3893000036
-10629957.3478,3475608.059299998
-10629959.63,3475527.912900001
-10630637.0132,3465647.384300001
-10630362.2292,3465543.278499998
-10630446.484,3465542.5348000005
-10630488.2939,3465542.2062000036
-10630322.6846,3465438.521899998
-10630411.359,3465437.2333000004
-10630527.0767,3465437.0122999996
-10630270.4055,3465316.7893999964
-10630523.7412,3465269.0790000036
-10630478.5519,3465262.5018000007
-10630487.844,3464781.789099999
-10630275.3933,3464720.9839999974
-10631005.7554,3464761.730700001
-10631052.4014,3464855.7356999964
-10630983.2361,3465058.1987000033
-10630776.6736,3465190.520499997
-10631207.0678,3465640.9585999995
-10631228.9415,3465534.8913000003
-10631131.7873,3465363.262500003
-10631018.2147,3465233.8025999963
-10631156.1119,3465109.331799999
-10631272.2763,3464928.9514999986
-10631414.908,3464653.008299999
-10631168.5756,3464549.2479000017
-10631364.7593,3464584.599600002
-10631427.8529,3464544.032899998
-10631238.8501,3464345.1982999966
-10631420.8904,3464301.0097000003
-10631402.2459,3464290.7287999988
-10631126.3929,3464233.3955999985
-10631069.4022,3464387.5407999977
-10631253.765,3464128.222000003
-10631552.1772,3464133.080499999
-10631516.9069,3464109.074199997
-10631561.9297,3464088.9931999967
-10631398.2668,3463916.9443999976
-10626835.6503,3459761.419500001
-10626694.0978,3459699.2322999984
-10626373.5665,3459762.297700003
-10626009.6046,3459706.1829999983
-10625682.0087,3460013.7597000003
-10625466.1529,3459817.1472999975
-10625669.2012,3459710.595200002
-10625285.4344,3459757.6001999974
-10601835.7996,3453932.905299999
-10602080.0653,3453981.798799999
-10601875.2097,3453832.1708000004
-10601948.8427,3453906.5978000015
-10602180.6057,3454075.2030000016
-10602062.7892,3453822.0599000007
-10602246.9833,3453988.991899997
-10602219.7129,3453540.4341999963
-10602286.3774,3453460.8561000004
-10602633.2362,3453933.552199997
-10602617.9946,3453886.7273999974
-10613876.2679,3484715.662299998
-10617254.1871,3458938.102300003
-10617246.111,3458582.3543
-10617063.4057,3458489.3598999977
-10617008.6223,3458548.4548000023
-10616917.1642,3458541.909199998
-10616880.808,3458500.6510000005
-10616825.0191,3458501.2875000015
-10616817.4079,3458123.938699998
-10616908.821,3458150.353100002
-10616874.8376,3458199.158699997
-10617001.1659,3458210.470200002
-10617059.8066,3458329.012599997
-10617183.5326,3458167.971500002
-10617184.1318,3457919.458999999
-10617063.2943,3457921.973899998
-10627766.8836,3468748.1114000008
-10627807.4555,3468709.2514000013
-10628242.4859,3468595.6801000014
-10627817.9249,3468611.0019000024
-10589323.189,3462193.5812000036
-10589383.382,3462000.1296000034
-10589317.2772,3461901.343500003
-10589251.7699,3461902.6819999963
-10589185.447,3461863.6723000035
-10589399.5326,3461650.666199997
-10621454.0644,3452703.5075000003
-10618656.7016,3485297.935999997
-10618796.235,3485242.087899998
-10601750.7561,3462436.025600001
-10601848.0542,3462536.0358000025
-10602009.7653,3462609.105899997
-10602171.9869,3462473.5587000027
-10607668.5179,3493758.331799999
-10607744.8971,3492822.8373000026
-10631961.1916,3481001.788999997
-10600461.3796,3473516.433600001
-10600713.9437,3473505.934600003
-10600653.4206,3473351.427199997
-10579659.656,3450881.592100002
-10605035.8309,3473108.1805000007
-10605555.4468,3472901.4519999996
-10600637.0165,3465018.7311000004
-10599115.2454,3461561.5385000035
-10615839.7356,3484185.225900002
-10585805.8238,3478097.2792000026
-10585744.4314,3478044.8756000027
-10586666.9504,3477382.4356999993
-10586288.0354,3477587.028999999
-10586524.8823,3477389.211099997
-10586845.0399,3477285.157399997
-10622129.0626,3456893.9946999997
-10609076.6196,3485429.2555000037
-10609076.5923,3485407.7117
-10609039.3412,3485622.1965999976
-10608943.0994,3485403.4811000004
-10633767.0675,3472573.0516000018
-10633865.6965,3472534.264399998
-10633766.5103,3472422.2820999995
-10633883.6328,3472261.5854
-10627252.2596,3460104.5869000033
-10627686.6684,3460131.436499998
-10627998.0946,3460145.8083999977
-10627948.3566,3460135.3275000006
-10627700.1635,3459868.048600003
-10627926.9429,3459998.258100003
-10628132.686,3459802.5063000023
-10627592.1301,3459808.145300001
-10628091.7303,3460173.1815000027
-10628064.0357,3460799.3254000023
-10628242.9345,3460622.5050000027
-10628302.667,3460356.040100001
-10628157.7089,3460468.667199999
-10628008.1748,3460471.769699998
-10628055.1206,3460410.8455
-10628822.1789,3460354.2651999965
-10628747.3414,3460249.2317999974
-10628505.5967,3460271.5742999986
-10628463.8674,3460429.159900002
-10600495.895,3458590.7032999992
-10600290.6644,3458528.0588999987
-10600558.3938,3458524.650200002
-10600842.5475,3458518.9011999965
-10600734.3009,3458520.897399999
-10600688.56,3458482.392999999
-10600709.6135,3458482.0627999976
-10600816.3767,3458479.9507
-10600451.1797,3458428.2360000014
-10600597.0218,3458227.538400002
-10600550.2741,3458089.0577000007
-10600740.5365,3458008.1855999976
-10600866.0169,3457963.840800002
-10600674.8063,3457865.9267000034
-10600716.8827,3457865.1305000037
-10601197.8587,3457895.6256000027
-10601264.4292,3457853.641900003
-10601107.3508,3457795.246100001
-10600630.6914,3457805.0095999986
-10600735.5863,3457762.7212999985
-10600556.43,3457696.853699997
-10600293.5622,3457707.0552999973
-10600279.49,3457874.2029
-10599891.1239,3457915.8698000014
-10599791.5302,3457716.274099998
-10609892.4028,3459920.825099997
-10609914.7969,3459914.7749999985
-10597207.5278,3461789.110299997
-10597030.6702,3461694.4368999973
-10596986.3686,3461595.279299997
-10597288.0586,3461590.720200002
-10582488.9132,3448260.2255999967
-10595807.5537,3463654.7179000005
-10595781.9346,3463540.2907999977
-10595779.8488,3463370.717
-10595872.3629,3463432.9834999964
-10628582.7089,3478503.8100999966
-10631901.5686,3476261.5081999972
-10618752.9853,3482683.843999997
-10618832.0079,3482580.6372999996
-10618860.2139,3482536.905500002
-10619013.791,3482640.2983999997
-10631414.222,3481045.8677999973
-10631350.7704,3481046.3812000006
-10631203.1026,3481046.909000002
-10631259.2819,3480796.1225000024
-10631529.3222,3480896.951399997
-10631619.7101,3480917.4152999967
-10631566.0741,3480820.5879999995
-10631685.6717,3480640.9941999987
-10631584.39,3480673.2663000003
-10631312.387,3480623.3572999984
-10631459.5328,3480582.3904
-10631621.8237,3480662.6633
-10631269.2421,3480505.5270000026
-10631585.4802,3480463.342799999
-10631605.1612,3480364.0676999986
-10631583.0495,3480303.9733999968
-10631496.7076,3480166.9768999964
-10631391.3049,3480167.7556999996
-10631121.0657,3480091.607900001
-10601211.0634,3470765.609700002
-10594266.4249,3464469.825000003
-10594284.0785,3464360.949500002
-10594303.6248,3464316.584899999
-10599533.7265,3472247.4724999964
-10599505.9031,3471707.357900001
-10599157.8404,3472175.431400001
-10599160.1933,3472246.3323
-10599223.3216,3472344.6435000002
-10599371.1161,3472204.5662999973
-10599356.9133,3472079.8162999973
-10599547.5886,3471895.193099998
-10599456.2847,3472036.2092999965
-10599485.978,3471864.344499998
-10599372.8984,3471979.288900003
-10620257.481,3454148.539800003
-10620411.4242,3454107.6850999966
-10620284.0264,3454548.4168
-10620413.1631,3454530.5217000023
-10631223.2311,3462574.897500001
-10588053.4534,3506194.413999997
-10588334.058,3506075.138899997
-10570544.9239,3471823.4804000035
-10636841.9879,3477696.6163000017
-10636907.0576,3477695.4521000013
-10636739.1297,3477807.772699997
-10636908.4304,3477869.6361000016
-10625910.9816,3459504.7641000003
-10600704.0537,3463057.6959000006
-10600659.2456,3463037.5500999987
-10600594.7281,3462994.1406999975
-10600555.3768,3463165.3082000017
-10600554.4051,3463101.3616999984
-10600492.6974,3463145.7369000018
-10604947.2899,3473465.534500003
-10605348.963,3473705.673299998
-10605308.857,3473670.2569999993
-10605114.743,3473577.2449999973
-10605132.5668,3473482.6972000003
-10605169.4419,3473389.0483999997
-10602156.0805,3458831.417300001
-10602219.5237,3458830.1472999975
-10602688.12,3458879.3396999985
-10570599.2822,3471716.0090000033
-10570573.1408,3471783.3910000026
-10615236.5507,3456628.043700002
-10615199.2784,3456686.974100001
-10615659.2901,3456630.1352000013
-10598337.7784,3455570.0812000036
-10598231.6804,3455574.923799999
-10597970.2477,3455541.1537000015
-10598055.4708,3455537.4958999977
-10624003.8357,3478399.4060999975
-10623955.3476,3478399.764700003
-10585274.8741,3460007.3813000023
-10585135.5958,3460060.594700001
-10613275.2652,3487371.067900002
-10613308.8309,3487422.6369000003
-10612763.308,3487400.0295
-10613117.7293,3487443.730300002
-10613040.7675,3487444.530199997
-10627732.7643,3463559.0879999995
-10627659.5357,3463503.1093000025
-10627466.7998,3463505.7568000033
-10627524.4273,3463462.9477000013
-10627758.2075,3463232.7629999965
-10627830.6946,3463021.0090000033
-10619808.9338,3492644.917000003
-10619413.3522,3492650.829599999
-10619216.4042,3492652.3913000003
-10619999.4862,3492539.6303000003
-10637544.6742,3473947.978100002
-10637649.2163,3473946.3049999997
-10637822.7898,3474181.6511999965
-10638219.9255,3474110.255400002
-10637829.4731,3474119.797600001
-10637713.4848,3473981.184100002
-10617251.1222,3457186.2007
-10617265.0942,3457319.5547999963
-10617269.1254,3457573.6724999994
-10617464.9466,3457696.4004999995
-10617501.8165,3457596.9450000003
-10617405.1501,3457559.9944999963
-10617539.4782,3457557.5521000028
-10617688.3026,3457463.9387999997
-10617577.1945,3457496.7300999984
-10617325.4561,3457477.6357000023
-10617461.1358,3457459.916100003
-10617418.2825,3457362.6106999964
-10617418.2769,3457263.7309999987
-10617610.5515,3457200.7685000002
-10617310.439,3457160.521300003
-10617434.5469,3457065.0587000027
-10617442.2196,3456909.338100001
-10621500.5914,3497317.962899998
-10621286.8883,3497424.4799999967
-10621286.8201,3497589.6410000026
-10599373.9951,3461826.8060000017
-10599397.7122,3461670.3853999972
-10593951.287,3464256.5755999982
-10593851.8747,3464368.0754999965
-10593696.5029,3464327.0659999996
-10593743.3381,3464544.124499999
-10593853.4862,3464650.276900001
-10593626.7299,3464261.0309000015
-10627923.0849,3476536.647699997
-10628168.4897,3476582.2606000006
-10629453.146,3479412.9954999983
-10629607.218,3479411.5198
-10629972.9626,3479406.014399998
-10630355.3799,3479408.0121000037
-10630143.1204,3479463.966600001
-10590292.2785,3476272.5537
-10590336.1914,3476231.4408000037
-10590462.3478,3476268.331799999
-10590609.9889,3476286.9463
-10590735.7883,3476242.3351000026
-10603777.5967,3478038.658399999
-10604088.6884,3477838.115000002
-10603967.368,3477740.851499997
-10604106.6549,3477699.847900003
-10604085.0715,3477541.3660999984
-10603824.3323,3477546.074199997
-10631390.8143,3463363.230700001
-10631390.5152,3463340.281499997
-10631449.2102,3462688.2348000035
-10631449.8102,3462635.4959999993
-10631472.1799,3462189.9001
-10631835.8717,3462477.5424999967
-10610900.7912,3461059.0062000006
-10600717.7428,3472822.4284999967
-10600654.063,3472971.419200003
-10600535.4964,3472937.6499999985
-10600577.4771,3472748.126500003
-10627045.8806,3481024.8581999987
-10627300.764,3480958.408399999
-10595326.5382,3463717.8928000033
-10595096.0018,3463774.098899998
-10595195.3107,3463792.142499998
-10599688.4702,3461713.148599997
-10599601.792,3461449.1164000034
-10599737.6664,3461500.194600001
-10630254.3381,3471497.1533999965
-10612918.8214,3459983.9900999963
-10613070.4951,3459942.6206
-10613134.4355,3459941.6264000013
-10598043.684,3463279.0544999987
-10606227.1256,3472763.7525999993
-10639039.7686,3474249.9584000036
-10639037.0084,3474181.1445000023
-10638953.4286,3473808.5874999985
-10580976.9881,3481366.226800002
-10633957.1521,3479398.7069000006
-10634207.1131,3479580.3616999984
-10634207.7524,3479718.3290000036
-10634284.4416,3479616.7564999983
-10634280.0146,3479881.2092000023
-10625385.7619,3482566.0561000034
-10625236.5013,3482489.159900002
-10625360.037,3482380.8751000017
-10625392.9181,3482231.1953999996
-10625715.6224,3482555.714900002
-10623627.2938,3482931.1050999984
-10623507.3894,3482826.6970999986
-10624004.6677,3482930.2520999983
-10636640.03,3474545.4552000016
-10616140.0331,3453633.6084999964
-10624563.4789,3454783.9142000005
-10625033.0471,3454166.7633000016
-10665195.0621,3476822.9328000024
-10623565.6881,3455474.4461999983
-10623585.6329,3455436.4400999993
-10623765.7142,3455339.594700001
-10623724.1733,3455142.8747000024
-10623663.4756,3455085.605899997
-10623440.9316,3455051.1647000015
-10623582.3736,3454991.2375999987
-10623609.1285,3454953.9953999966
-10623737.603,3454881.4482000023
-10623347.0989,3454878.2766000032
-10623392.6972,3455357.6000000015
-10623352.6341,3455403.3671000004
-10623389.5591,3455091.0837000012
-10623349.638,3455109.9940000027
-10623270.477,3455491.489500001
-10635854.5719,3474221.861299999
-10635526.5868,3473259.715099998
-10635615.207,3473694.9045
-10624813.0998,3463143.442400001
-10624744.8563,3462937.4450000003
-10572655.59,3471736.349100001
-10572634.5747,3471736.7065000013
-10572423.9431,3471742.331600003
-10572402.4491,3471647.0952999964
-10615496.0718,3456783.4962000027
-10605576.22,3460786.1259000003
-10605948.3518,3460867.1334000006
-10596063.38,3462472.127899997
-10629933.948,3470927.1922999993
-10630075.1093,3470985.511
-10630073.1092,3470775.1802999973
-10625433.3571,3454208.9618000016
-10625335.4461,3454233.061499998
-10625335.9571,3454271.160700001
-10630053.6126,3472266.8313999996
-10630019.7232,3472327.1516999975
-10644431.753,3515325.151299998
-10644404.0853,3515308.396899998
-10644346.47,3515134.8699999973
-10629981.9285,3470699.5003999993
-10629981.7531,3470599.3775999993
-10630010.5048,3470443.9794000015
-10620608.6208,3484587.957699999
-10635215.4568,3469574.0491999984
-10634869.0697,3469538.208899997
-10634895.3986,3469537.617399998
-10635175.1271,3469471.3863999993
-10604170.4926,3483982.552699998
-10604722.4122,3459951.3834000006
-10604939.5677,3460263.2761999965
-10604748.7308,3460541.9243
-10604946.4943,3460580.5771000013
-10615162.1753,3457928.1125999987
-10615236.3126,3457736.7205
-10615514.6077,3457704.3753999993
-10615226.2428,3457669.337099999
-10615186.0768,3457577.9869000018
-10615367.2026,3457565.9497999996
-10615549.0659,3457606.041699998
-10615432.1243,3457566.4294999987
-10615472.5186,3457566.6259000003
-10615733.4301,3457567.8982999995
-10615826.6534,3457593.862300001
-10615751.5302,3457469.042800002
-10615079.165,3457384.3775999993
-10615281.3041,3457269.7902999967
-10606658.4782,3461308.557099998
-10606524.9507,3461175.635499999
-10606660.3426,3461113.242200002
-10606425.1472,3461079.6668
-10606488.9854,3460590.3872999996
-10606715.7555,3461098.9187999964
-10606709.0422,3460799.331600003
-10606547.7876,3460710.2043000013
-10623942.3992,3479696.2358999997
-10624253.7583,3479780.3337000012
-10624208.0515,3479742.5874999985
-10624253.466,3479585.6209999993
-10624566.477,3479537.3007000014
-10624509.0399,3479679.0966000035
-10624557.223,3479676.159599997
-10624581.2094,3479774.7881999984
-10606123.039,3485682.2158999965
-10605873.7986,3485685.032200001
-10609022.6559,3498509.409599997
-10609150.9923,3498403.5555000007
-10609140.8574,3498360.9853999987
-10609328.3153,3486003.0534999967
-10609078.3585,3486033.9667000026
-10609077.0263,3485804.2378999963
-10609135.6635,3486030.366899997
-10613261.5623,3459667.0626000017
-10613201.7152,3459667.646399997
-10625340.6999,3459675.8081
-10626360.8114,3461013.973899998
-10626438.9354,3460995.242399998
-10599651.9624,3477173.971699998
-10628502.3071,3482136.6900999993
-10628250.3307,3482015.9530000016
-10628397.8359,3482014.7663000003
-10628926.6976,3481970.9011999965
-10628227.3265,3481847.241700001
-10628342.3905,3481592.7080999985
-10628126.6665,3481741.257799998
-10628253.6599,3481698.3879000023
-10628129.3053,3481699.0491999984
-10628375.1453,3481403.6071999967
-10628162.579,3481338.4208000004
-10628279.6796,3481277.208899997
-10628499.1154,3481003.8298999965
-10624420.5986,3454411.6308000013
-10624519.7876,3454578.844999999
-10624699.9006,3454072.7617999986
-10624481.3288,3454328.974200003
-10624731.4233,3454146.598099999
-10624757.6232,3454140.0737000033
-10623161.7344,3477442.080799997
-10623115.3018,3477328.2558000013
-10622864.4847,3477374.162600003
-10622910.0765,3477374.1318000033
-10622977.7222,3477260.7986999974
-10623400.5141,3477327.6384000033
-10623536.7887,3477258.720399998
-10632656.7216,3473017.0103999972
-10614599.6486,3461923.8254999965
-10614354.5434,3461736.295900002
-10614402.5109,3461648.224799998
-10614378.9733,3461536.177500002
-10614410.3484,3461506.3594999984
-10614486.706,3461532.156000003
-10614082.5896,3461804.2463999987
-10629915.0873,3471957.1611
-10630020.1457,3471765.274899997
-10632273.6825,3480662.6052
-10632328.4325,3480718.071800001
-10632740.6562,3480760.3976000026
-10632768.0908,3480717.471199997
-10632459.6196,3480882.650200002
-10632545.9116,3480931.6472000033
-10632923.4675,3484490.5375000015
-10605981.1015,3472666.277999997
-10605736.2457,3472524.576200001
-10605776.8647,3472364.339299999
-10605875.9239,3472223.270999998
-10569608.4662,3468199.429899998
-10597827.3454,3460896.765299998
-10634358.1757,3474975.3315000013
-10625726.1725,3461048.4184999987
-10625772.2463,3460939.991899997
-10569649.0045,3470256.2721000016
-10610230.1053,3461485.3781000003
-10610013.1135,3461542.7727999985
-10609850.1728,3461343.7287999988
-10628011.5104,3463692.927000001
-10627911.6667,3463518.8462999985
-10627920.6549,3463415.963399999
-10628058.7072,3463397.777800001
-10628195.2808,3463095.9284000024
-10627970.6685,3463238.406199999
-10628131.2699,3462982.3083999977
-10626649.3144,3488841.3841999993
-10635547.6606,3473852.219700001
-10635579.4949,3474064.748499997
-10635644.2566,3474119.0583999977
-10635674.4691,3474126.462700002
-10635618.8926,3474381.2185999975
-10635643.1211,3474326.098099999
-10635923.4395,3474447.1719999984
-10635825.7048,3474362.3197000027
-10608084.7626,3497942.6840000004
-10608086.0534,3497642.2608999982
-10608161.2604,3497836.7273999974
-10638375.3272,3474697.5574999973
-10638263.2718,3474583.1532000005
-10638196.3705,3474585.3037
-10638199.9479,3474763.5901999995
-10638080.1508,3474556.9064000025
-10636213.3719,3484130.1287999973
-10636266.4405,3484079.977300003
-10636195.588,3484080.727499999
-10624465.6847,3485692.661899999
-10603160.6901,3483162.4614999965
-10596816.7338,3476051.860799998
-10596965.9277,3476114.8827000037
-10623260.1947,3454426.418200001
-10623260.1559,3454408.5825999975
-10623542.3305,3454239.2876999974
-10623639.1171,3454336.350400001
-10623688.1076,3454433.819600001
-10623630.1848,3454434.184600003
-10623247.0768,3454145.7436999977
-10601366.227,3454538.0266999975
-10601288.0959,3454510.611100003
-10618917.9817,3486056.0452999994
-10618939.6604,3485995.914300002
-10627818.3802,3455312.2184000015
-10627547.4888,3455222.9003000036
-10627742.6084,3455203.541199997
-10627432.0729,3455114.6084999964
-10627598.2099,3455074.952200003
-10581131.6152,3492077.118900001
-10581200.0781,3492406.6203999966
-10619277.6913,3487813.6819999963
-10595648.0223,3463078.2484000027
-10625726.0261,3461159.5583000034
-10625857.4766,3461157.917800002
-10625982.4533,3461269.6609999985
-10612863.5644,3459358.795000002
-10613051.4129,3459067.852499999
-10612938.253,3459100.6037999988
-10634422.6771,3471931.905500002
-10598858.7792,3462032.8940000013
-10626215.0012,3456385.5944000036
-10626866.2125,3462755.529299997
-10623303.7785,3477990.218500003
-10623539.2098,3477875.817900002
-10623324.2343,3477837.8018999994
-10623445.4599,3477797.3774999976
-10623438.9801,3477931.414800003
-10623118.5598,3477894.8764000013
-10623195.2024,3477738.7540000007
-10593536.6284,3464217.9971999973
-10593561.3029,3464111.8285000026
-10593938.2996,3464068.4592000023
-10593861.6113,3464154.5952999964
-10593856.8109,3464061.597199999
-10627899.4272,3459622.7854999974
-10628064.3256,3459681.908
-10628790.2834,3459844.976400003
-10628830.0991,3459842.9979000017
-10628078.7617,3459378.3034999967
-10628401.2746,3459275.117200002
-10628451.3934,3459316.472000003
-10628409.6862,3459375.579599999
-10628337.2913,3459526.246799998
-10628981.098,3459162.9060999975
-10628983.7331,3459343.7070000023
-10629246.5499,3459485.417199999
-10629410.7954,3459005.125699997
-10629289.1024,3458841.492899999
-10629483.5385,3458715.095899999
-10629519.9079,3459274.2621000037
-10629878.1212,3459412.4705
-10629950.4816,3459369.3162999973
-10629852.0812,3459307.1336999983
-10629749.4288,3459202.684100002
-10629799.0179,3459097.065200001
-10630001.9823,3458771.5419000015
-10629976.18,3458762.328400001
-10630037.7855,3458875.123800002
-10629726.4765,3458640.648599997
-10629665.9688,3458659.060800001
-10629641.5854,3458585.2141000032
-10625362.1572,3461277.2408000007
-10625363.4055,3461388.7540000007
-10625639.2406,3461384.692400001
-10625676.6683,3461563.715499997
-10625583.7601,3461450.9152000025
-10625663.1145,3461449.1741999984
-10625779.2551,3461446.367899999
-10629412.2196,3466072.2949
-10604828.6691,3459902.877700001
-10599800.274,3462420.2145000026
-10619219.3624,3485380.6327000037
-10619165.1048,3485495.0305999964
-10624117.0686,3462713.8418999985
-10624181.3502,3462840.117700003
-10624178.1923,3462539.069799997
-10623957.8522,3462478.7941000015
-10623587.3245,3462419.7848000005
-10636277.2057,3457366.6435000002
-10640728.9304,3496117.6405000016
-10640527.0166,3496054.5405
-10640593.6578,3495943.820799999
-10618741.0896,3485954.9422999993
-10618825.7224,3485893.877700001
-10618846.9381,3485893.630099997
-10618868.9223,3485893.431900002
-10618546.6319,3485808.2314999998
-10618654.6795,3485795.4077999964
-10618695.0693,3485696.759300001
-10624797.0101,3456470.8746000007
-10624351.2133,3456479.0711999983
-10624750.0319,3456378.0842000023
-10624438.8939,3456234.8093999997
-10627547.0101,3481358.517999999
-10627514.2899,3481072.5298999995
-10627838.6369,3480945.7903999984
-10627955.0169,3481137.100100003
-10627914.5501,3481052.146300003
-10627663.0981,3481281.4438000023
-10627676.6682,3481333.7101000026
-10627702.1465,3481443.206699997
-10621328.5627,3452518.655199997
-10625191.6186,3479893.2431999967
-10625390.5468,3480017.5649000034
-10625104.6274,3479951.1237000003
-10625060.1159,3479987.766900003
-10625650.7228,3480075.3127999976
-10625837.2569,3480069.9552000016
-10625807.2668,3479885.8170000017
-10626110.594,3480157.447999999
-10634744.9206,3476806.545500003
-10599273.2583,3461396.846500002
-10606741.002,3460372.8728
-10606929.8027,3460470.6652000025
-10606599.8241,3460120.6613000035
-10606686.9312,3459901.7190999985
-10595447.3611,3463302.0569999963
-10595155.7314,3463431.6110000014
-10595157.9635,3463558.534400001
-10615064.0048,3457209.028300002
-10615456.9578,3457159.438500002
-10615337.2797,3457040.7060000002
-10615316.1522,3457001.7217999995
-10615820.0598,3457171.6911000013
-10615819.4865,3457126.5199000016
-10613205.0743,3458534.6889000013
-10629661.6526,3507415.0195000023
-10629002.2422,3506536.1099999994
-10644916.8006,3499648.603699997
-10644467.5292,3499368.3224000037
-10591526.4248,3516546.533500001
-10591610.0201,3516473.704999998
-10591668.0149,3516068.6987000033
-10591641.2847,3516206.3533999994
-10606647.1564,3479020.859099999
-10588640.4199,3506990.433799997
-10588687.856,3507130.6728999987
-10588441.0813,3506714.2277999967
-10588123.5413,3506573.862800002
-10588016.4455,3506695.8444000036
-10626519.8402,3454989.5305999964
-10626358.9972,3454992.0754000023
-10626450.333,3454948.7700999975
-10626565.8773,3455051.1665999964
-10592560.1108,3488284.0747999996
-10592451.2313,3488169.108000003
-10629488.1131,3481672.2749999985
-10629000.7579,3481646.2597000003
-10629075.7913,3481739.5496999994
-10629703.1448,3481572.133100003
-10629480.2025,3481497.9390999973
-10629741.7538,3481438.798799999
-10629223.8487,3481401.7106000036
-10629188.821,3481343.173600003
-10629518.4623,3481300.6724999994
-10629644.3411,3481251.7739000022
-10629622.5054,3481249.6158000007
-10628792.6165,3463812.783200003
-10628814.7992,3463602.900600001
-10628976.5032,3463556.6269000024
-10628938.9451,3463359.054200001
-10628887.6688,3463201.6499999985
-10612424.326,3460065.9077999964
-10612648.9459,3459998.8206999972
-10612578.9833,3460003.2836000025
-10612576.8422,3459905.752700001
-10612485.8845,3459907.8071999997
-10612667.096,3459771.857500002
-10612359.6704,3459772.179399997
-10612589.0077,3459767.5198
-10611951.4433,3459783.6554000005
-10611947.9977,3459880.335000001
-10612081.0252,3460013.665100001
-10612015.2901,3460014.5825000033
-10612174.3399,3459973.9507
-10637866.4659,3474016.1471000016
-10638140.6265,3474007.5689999983
-10639177.2223,3477394.9152999967
-10605174.6353,3461311.1225000024
-10605171.1308,3461100.7452000007
-10605332.4884,3461096.3619000018
-10605202.8199,3460997.8588000014
-10605225.3175,3460997.007799998
-10605372.7683,3460782.1141000018
-10605192.8054,3460638.638899997
-10666425.7946,3477877.3189999983
-10666379.7726,3476781.659400001
-10666318.0104,3476931.5295
-10612369.8483,3488168.9230000004
-10612801.0524,3488230.3192000017
-10612936.0932,3488275.5396
-10612955.3471,3488275.530699998
-10599181.6461,3465454.854699999
-10619972.3775,3482128.980300002
-10619888.0857,3482129.860600002
-10619747.3167,3482130.883299999
-10620132.9591,3482044.4409999996
-10620053.416,3482048.1758999974
-10605624.8454,3483168.3324000016
-10629808.9167,3464384.3818999976
-10630772.5786,3458398.411700003
-10630423.2051,3458542.054399997
-10630566.5414,3458496.719999999
-10630014.9233,3458294.3011000007
-10630087.1579,3458292.950099997
-10630661.3893,3458219.0371999964
-10630410.0344,3458223.7748000026
-10630461.1327,3458180.714400001
-10630585.8387,3458178.3731999993
-10630494.9053,3458011.069799997
-10630418.4289,3458012.096500002
-10630351.5225,3458093.2520999983
-10630353.2397,3458209.5544999987
-10630307.2435,3458062.662799999
-10630060.5551,3458124.1275999993
-10629673.106,3458025.480300002
-10629571.973,3458090.6479
-10629457.5532,3458514.4157000035
-10629378.6549,3458411.8791999966
-10629247.3639,3458138.956100002
-10629296.9871,3458095.472900003
-10629071.43,3458249.968800001
-10629074.5911,3458500.161700003
-10630429.8742,3457729.848700002
-10630597.0563,3457727.6052
-10628991.4364,3473456.261
-10629142.0881,3473208.4531999975
-10574062.3136,3470080.593500003
-10574092.384,3469885.4417999983
-10625280.3647,3459374.503700003
-10631189.3465,3470944.2501000017
-10624369.6809,3462840.318400003
-10624594.9151,3462921.3363000005
-10624650.58,3462954.195299998
-10624474.0533,3462691.3162999973
-10609391.7489,3461398.4386000037
-10609299.2541,3461336.901799999
-10609107.2878,3461409.7069000006
-10609111.6508,3461503.2798999995
-10637085.2375,3477204.2612000033
-10637070.7867,3477308.2480000034
-10637254.4453,3477170.7859999985
-10637263.5907,3477366.4426999986
-10580115.9737,3475871.0393999964
-10625108.9751,3478005.3457999974
-10625244.9911,3477810.7058999985
-10624980.2298,3477813.584899999
-10579427.6249,3474579.666100003
-10634962.8598,3462188.9158999994
-10634804.1514,3462459.6559000015
-10634290.8363,3462547.4548999965
-10634329.891,3462511.817400001
-10634626.8222,3462643.7446999997
-10634404.1122,3462733.0788000003
-10634648.2686,3462854.899599999
-10634688.5304,3462882.990500003
-10634289.3716,3462805.8105000034
-10634895.8567,3469435.020199999
-10635315.2806,3469162.390299998
-10634885.2952,3469169.5111000016
-10613934.9279,3508528.7939999998
-10613963.3425,3508434.5596999973
-10614208.2797,3508792.4751999974
-10583551.4333,3460458.393299997
-10583650.6677,3460344.2929999977
-10583453.1704,3460366.641999997
-10583292.8231,3460174.512199998
-10583515.143,3460171.5847999975
-10583490.4888,3460092.123300001
-10583296.7076,3460005.8188999966
-10583715.5786,3460069.1137000024
-10579912.1442,3488108.419399999
-10626169.974,3461158.7435000017
-10626455.5862,3461207.9927999973
-10627969.3711,3468830.2314999998
-10627986.7786,3468887.288999997
-10666282.4337,3479832.225900002
-10666136.4969,3479657.2924999967
-10570081.5537,3468390.2409999967
-10579590.9122,3474876.0527999997
-10579775.4842,3474951.0402999967
-10579685.9719,3474978.7770000026
-10632887.7326,3462463.742899999
-10632852.3995,3462529.0986
-10615735.344,3456592.586000003
-10619339.3319,3492484.1196999997
-10629320.8974,3459528.6467000023
-10630539.0698,3460472.3347000033
-10630329.6497,3460174.7514000013
-10630542.2322,3460129.102600001
-10630230.3768,3460222.8188000023
-10630641.8419,3459809.9179999977
-10630222.568,3459746.7365999967
-10630467.1384,3459643.6657000035
-10629384.6828,3459658.3814999983
-10629057.1207,3459765.1938000023
-10600977.2305,3456790.6472000033
-10601023.1436,3456945.136500001
-10601116.075,3457139.981700003
-10601440.9203,3457092.341499999
-10601912.9528,3457227.4558999985
-10601891.5681,3457187.2387999967
-10601570.8322,3457234.3312000036
-10601250.9963,3457200.0097000003
-10601107.1517,3457303.739500001
-10601830.5422,3457291.1635999978
-10602239.3977,3462297.8882
-10634855.553,3474030.436999999
-10609173.6772,3486171.7497000024
-10609079.4688,3486378.7993
-10608984.0937,3486130.5535999984
-10636810.2671,3478530.355700001
-10636914.5417,3478638.195299998
-10638970.8373,3486233.0698999986
-10639012.978,3486232.3945000023
-10639180.3037,3486119.0217999965
-10639304.6499,3485964.6965999976
-10638903.441,3485971.117399998
-10639072.2691,3485896.5481999964
-10639365.8534,3486333.5264
-10602699.6143,3474649.334399998
-10602808.2619,3475053.3068000004
-10602515.7555,3475004.8363000005
-10603296.6911,3474828.202299997
-10602905.9574,3474947.2437999994
-10603063.5897,3474945.683600001
-10603152.3596,3474944.8790000007
-10602678.1748,3474947.7114999965
-10603068.4863,3474882.5842999965
-10602811.3882,3474777.9716000035
-10602636.8225,3474736.4739999995
-10631664.8481,3470541.0639000013
-10631559.3312,3470756.5810000002
-10605682.7446,3483805.140299998
-10605855.151,3483917.9831999987
-10605633.5235,3483713.6137999967
-10605673.8281,3483475.021399997
-10603031.1978,3482796.7300999984
-10603350.1853,3482794.4908000007
-10603469.698,3482727.971000001
-10603357.7055,3482728.0239000022
-10603230.6683,3482683.603500001
-10638823.8871,3485806.259499997
-10639197.8052,3485840.6810000017
-10639111.5648,3485774.4853999987
-10639047.8667,3485662.705799997
-10638942.0761,3485617.8313999996
-10639150.3042,3485431.471500002
-10639233.7947,3485382.6005000025
-10638980.9607,3485386.2766999975
-10638874.2222,3485380.275200002
-10638883.2843,3485316.873800002
-10631784.5381,3465524.089299999
-10631667.0167,3465567.7427999973
-10631713.2592,3465502.3544000015
-10632114.5527,3465438.079400003
-10632346.7803,3465466.9886000007
-10632455.512,3465430.397
-10632129.387,3465334.001199998
-10632198.4159,3465337.145199999
-10631684.1814,3465334.876199998
-10631912.6535,3465239.087099999
-10632179.5892,3465272.571800001
-10632452.2616,3465319.9231999964
-10632561.9037,3465244.9332000017
-10631783.7832,3465152.928199999
-10631770.0846,3465091.159500003
-10632129.427,3465015.6955000013
-10632367.1051,3465040.1462000012
-10632798.2348,3464949.4952000007
-10632598.4359,3464890.953900002
-10632065.4573,3464953.5867
-10631957.602,3464960.297799997
-10631656.2988,3465010.225900002
-10631728.4228,3464933.740199998
-10631805.0035,3464870.3401999995
-10632366.7398,3464519.0085999966
-10632364.575,3464663.6331999972
-10631915.2544,3464516.2092999965
-10631993.8002,3464408.1850000024
-10632014.0262,3464341.740699999
-10631897.8872,3464133.472099997
-10602708.9505,3479465.3442
-10602449.5591,3479401.567900002
-10634303.5833,3479023.2567000017
-10634397.4592,3479221.7114999965
-10634419.8413,3479182.6833000034
-10634399.3814,3479319.434799999
-10634399.1148,3479281.227300003
-10628115.8848,3504911.2117
-10628181.8513,3505055.3411
-10627436.0142,3454661.9760999978
-10627272.5736,3454635.143799998
-10627337.3028,3454487.4736
-10627647.4463,3454708.3707000017
-10627709.4334,3454678.7590999976
-10635847.556,3478979.0412999988
-10599033.3137,3458718.599799998
-10598691.0982,3458690.275600001
-10599012.2336,3458679.686300002
-10598795.9393,3458629.268799998
-10598688.712,3458493.322800003
-10599004.1104,3458420.5019999966
-10598884.0645,3458430.602300003
-10599058.0132,3458370.0429000035
-10620443.2628,3491913.203599997
-10596929.9651,3462220.362300001
-10596953.4748,3462419.3249000013
-10626074.5335,3461285.235600002
-10635746.6118,3476613.6291000023
-10636414.4214,3483730.7474000007
-10636414.0895,3483635.401299998
-10636352.6879,3483648.4103000015
-10636369.7368,3483598.8213
-10639354.2423,3478354.238499999
-10642831.0465,3497147.392099999
-10642711.2386,3497052.392999999
-10642929.4699,3496825.681400001
-10642866.2533,3496828.378399998
-10588339.202,3465682.655000001
-10588277.1638,3465613.460500002
-10588276.6845,3465590.556400001
-10588275.2474,3465521.844499998
-10625717.0522,3461764.1162
-10625695.1096,3461827.932099998
-10636869.3362,3476762.625500001
-10636696.6155,3476760.6806999967
-10616431.3328,3500810.7519999966
-10621808.0948,3489747.9174999967
-10580996.6028,3447930.9206999987
-10580741.975,3447980.4738000035
-10580843.5876,3447910.354199998
-10639339.3312,3475489.0014000013
-10639339.9265,3475411.3779999986
-10639264.0733,3475101.824199997
-10620781.7356,3485144.030100003
-10620320.7941,3485045.5977
-10620728.1393,3484876.721699998
-10630302.2848,3484503.9196999967
-10630435.5513,3484705.0403999984
-10630504.6504,3484756.1646
-10637695.6447,3496515.8505999967
-10637696.4653,3496400.468999997
-10632466.193,3481285.257299997
-10623436.7239,3476968.2365000024
-10623347.8579,3476966.0091999993
-10623735.6509,3477371.342699997
-10606277.5695,3495298.9601000026
-10606664.1764,3495446.9499000013
-10606685.7298,3495347.6493000016
-10606408.1568,3495348.927500002
-10606569.9175,3495309.160099998
-10606381.3029,3495244.8539000005
-10606891.4583,3495252.4187999964
-10629800.199,3464006.767999999
-10643451.0417,3497023.9460999966
-10643786.5233,3497350.360200003
-10644273.7357,3497437.843999997
-10644186.6163,3497508.119400002
-10644092.8705,3498012.803000003
-10644536.8112,3498019.871299997
-10638771.3072,3475094.7391000018
-10638835.5797,3474912.3417000026
-10638970.9686,3474857.3197000027
-10639083.6384,3474855.3894999996
-10630109.9702,3478035.3869000003
-10630176.3309,3477790.2004000023
-10630222.9701,3477756.027599998
-10630223.3591,3477861.984099999
-10630223.7165,3477932.6044000015
-10616152.5812,3481908.3765999973
-10616115.0978,3454266.9990999997
-10624289.6352,3478437.4868
-10624426.5773,3478848.4733999968
-10624307.8482,3478767.6330000013
-10624240.7798,3478734.276100002
-10637182.24,3496370.0287000015
-10636752.9502,3496448.0781000033
-10616995.3539,3496068.8052999973
-10625873.8714,3462013.1186999977
-10625606.1982,3461978.104199998
-10625418.4992,3462044.5380000025
-10624556.2298,3478395.7991999984
-10574298.3532,3451772.398699999
-10614455.1105,3486544.8418999985
-10574197.3522,3469800.5700000003
-10574134.1198,3469696.5555000007
-10574263.1215,3469734.0024000034
-10625842.9908,3462203.5341000035
-10625311.8052,3462255.260300003
-10625420.3003,3462191.8794
-10625376.8618,3462247.4262000024
-10624041.6652,3455621.7817
-10623940.5569,3455622.9064000025
-10623999.5167,3455279.533699997
-10624063.2316,3455241.5015999973
-10623973.6501,3455139.744599998
-10623850.1949,3455045.8659000024
-10624021.1992,3454948.881099999
-10624343.2616,3456144.0451999977
-10624860.337,3456039.2524000034
-10624457.9507,3456012.2881999984
-10624622.4157,3455915.819799997
-10624315.7135,3455921.8862999976
-10624576.6411,3455858.0468999967
-10624507.4277,3455859.5042999983
-10624294.3231,3455863.342299998
-10627852.8729,3474383.6093000025
-10631278.0719,3469183.0977
-10631489.4329,3469056.586599998
-10631389.836,3469271.9398000017
-10631874.6165,3469506.061800003
-10631920.0727,3469287.5375000015
-10632071.2775,3469111.457999997
-10631906.8148,3469113.987400003
-10631579.2088,3468858.621600002
-10631323.0583,3468556.0080000013
-10632062.039,3468652.8171000034
-10636811.4684,3477582.8668000028
-10636574.3043,3477654.842100002
-10642459.0153,3496667.795000002
-10642367.2199,3496566.968199998
-10633615.7629,3465607.5009000003
-10633450.0092,3465574.1265999973
-10633479.3795,3465341.7409000024
-10633646.8527,3465499.480700001
-10633659.701,3465317.8655999973
-10633588.7383,3465430.646399997
-10633715.7318,3465004.307099998
-10633503.028,3464969.697800003
-10633421.2683,3464991.9165999964
-10601332.7499,3454479.4651999995
-10601423.3742,3454390.9465999976
-10601501.0557,3453987.7233999968
-10601278.8038,3454074.6819999963
-10601206.2769,3454003.5483999997
-10638287.5374,3473776.130099997
-10634695.5726,3465642.4016000032
-10634640.5619,3465595.960900001
-10634247.7035,3465647.2564999983
-10633789.3748,3465587.666699998
-10633674.5714,3465654.0754999965
-10633559.552,3465655.3527999967
-10634419.2567,3465532.270499997
-10634236.5194,3465534.2375999987
-10634131.2521,3465535.3121000007
-10635015.8746,3465524.6642000005
-10634894.7816,3465526.714299999
-10598174.7197,3462890.450199999
-10598174.1713,3462864.061300002
-10635798.0294,3472593.6812999994
-10635843.2039,3472408.195299998
-10636332.6355,3496301.762599997
-10569395.9165,3470389.2190999985
-10569306.3984,3470137.129900001
-10569276.6825,3470326.7348999977
-10620313.1943,3484415.3259000033
-10604779.417,3460964.235799998
-10604843.5828,3460750.399899997
-10604961.8118,3460895.9860000014
-10616242.3603,3484431.0577000007
-10615746.5232,3491345.527099997
-10615602.5902,3491246.9940000027
-10627073.6611,3462685.720899999
-10627149.7336,3462563.645300001
-10666435.4301,3476409.4240999967
-10624316.87,3506198.1783000007
-10624734.0371,3507054.8998000026
-10628354.139,3514021.2809000015
-10628358.3208,3513035.664499998
-10601812.7833,3457536.0270000026
-10624204.6725,3463902.8096999973
-10627300.932,3461120.6207000017
-10601342.9844,3457442.1636999995
-10601232.0538,3457444.6281000003
-10601011.8811,3457448.604800001
-10601326.0125,3457606.652599998
-10601513.3624,3457541.835900001
-10636210.6171,3477208.332699999
-10636081.1174,3477291.386
-10636440.7289,3477410.9701000005
-10636358.7366,3477410.847400002
-10626825.4111,3494920.093999997
-10615972.7453,3456495.815399997
-10615972.4078,3456458.772500001
-10641243.3971,3466239.767099999
-10641177.3737,3466317.1613000035
-10630787.0697,3509241.208800003
-10593438.8992,3464100.234099999
-10593200.0062,3463957.075099997
-10593220.2147,3463956.4430000037
-10593284.4699,3464119.8694999963
-10592866.1071,3464230.544500001
-10592961.946,3464007.2370000035
-10605998.2695,3460666.0483999997
-10605992.8141,3460508.6849000007
-10605795.6222,3460334.271300003
-10605861.2435,3460270.2478
-10605717.2147,3460273.475100003
-10626569.6091,3455586.578900002
-10626254.4171,3455591.7255999967
-10635897.6145,3478171.3413999975
-10635620.1279,3478270.8112000003
-10635619.339,3478220.155000001
-10628299.416,3505262.3884999976
-10628229.5024,3505361.9614999965
-10572610.9022,3471543.1235999987
-10569050.49,3469639.5003999993
-10568850.8162,3469651.160099998
-10569001.2921,3469362.5358999968
-10637299.8069,3478381.3210999966
-10637071.3905,3478434.0742999986
-10637348.891,3478537.723099999
-10628479.5567,3460970.317400001
-10635384.1164,3472315.289300002
-10635374.79,3472362.717500001
-10635383.3575,3472492.0172000006
-10627052.6016,3461589.2141999975
-10635449.2339,3483853.387599997
-10647081.1983,3499043.224200003
-10647066.5832,3499663.7871999964
-10635100.6323,3483889.471000001
-10588269.1972,3465161.3457999974
-10588270.3467,3465216.3137999997
-10588270.9214,3465243.797799997
-10625414.593,3462869.0984999985
-10595028.1909,3462689.495099999
-10594962.1168,3462619.2387000024
-10595688.9371,3463436.348700002
-10595654.8029,3463601.1894000024
-10595506.8509,3463519.3884999976
-10614411.737,3488418.3768000007
-10614639.1053,3488318.6899999976
-10614340.4662,3488224.1815000027
-10572697.0074,3470051.9767000005
-10572943.8229,3470103.032499999
-10572728.1128,3470107.6915000007
-10572564.4198,3470300.7863000035
-10572450.8516,3470301.796400003
-10630307.2359,3471877.3183000013
-10640845.1599,3496249.299900003
-10641294.0507,3496334.0539999977
-10640964.1411,3496535.8647999987
-10594674.881,3465751.3686999977
-10594674.4594,3465713.2880999967
-10594679.4598,3465406.851999998
-10594767.5239,3465414.758100003
-10594954.2459,3465512.5085000023
-10594712.8438,3465273.6850999966
-10630205.7605,3457800.2085999995
-10629844.2164,3457897.0424000025
-10629624.0252,3457857.1718000025
-10629167.2229,3457910.2104
-10630095.7267,3457612.7475000024
-10630096.5683,3457702.901900001
-10630054.6558,3457731.0606999993
-10630054.4329,3457709.1903000027
-10629983.502,3457613.5539000034
-10629771.4327,3457778.9023
-10629906.2949,3457586.8027999997
-10629501.3685,3457758.9614000022
-10629736.6742,3457500.449199997
-10629340.5551,3457607.855300002
-10629273.1071,3457808.531499997
-10629225.0631,3457496.2227
-10629839.3796,3457270.6537000015
-10629871.3198,3457132.5063000023
-10607277.6833,3492785.5978000015
-10635799.6655,3477350.896399997
-10593235.5667,3464365.955499999
-10593259.403,3464326.158500001
-10628999.8557,3460267.157399997
-10629499.0996,3460399.542199999
-10629400.2375,3460451.9893999994
-10629168.8791,3460350.563199997
-10629158.5267,3460283.602499999
-10629128.7193,3460280.9552000016
-10629482.8729,3460276.0945999995
-10629543.3116,3460029.5031000003
-10629166.8609,3459973.6449000016
-10615951.3505,3483628.030100003
-10615927.3048,3483628.1679000035
-10615903.251,3483628.2858999968
-10606514.7997,3462006.8825000003
-10606618.5202,3461972.0671000034
-10606812.2983,3462147.1291000023
-10602156.9964,3461394.3650999963
-10601997.1895,3461469.5173999965
-10635207.7312,3474280.7685000002
-10587622.5682,3506357.3533999994
-10587225.2758,3506213.9186000004
-10586680.4293,3506440.580499999
-10586892.6498,3506585.480700001
-10586505.8097,3506640.791699998
-10599697.1499,3462421.153499998
-10599641.9426,3462339.5199000016
-10599638.8951,3462112.513899997
-10599551.5147,3462394.922799997
-10595004.9059,3462975.5003999993
-10594942.658,3462807.974799998
-10627299.4223,3471021.5599000007
-10666207.78,3477236.877899997
-10624740.9306,3462764.8813999966
-10624833.5028,3462627.4417999983
-10594103.3631,3494876.9684000015
-10593773.9352,3494400.5678000003
-10613096.2282,3458439.267099999
-10626498.7239,3455543.436999999
-10601867.3617,3461732.787100002
-10613616.5526,3484881.077299997
-10636196.7172,3477519.6027000025
-10636250.9046,3477673.9592000023
-10578725.3594,3447642.304200001
-10629509.6351,3463738.0002999976
-10629310.157,3463739.517099999
-10572489.5663,3471899.8429000005
-10593450.5798,3464764.1790999994
-10612521.2315,3458611.330600001
-10612586.1871,3458494.918200001
-10612647.999,3458438.440200001
-10612862.9832,3458418.664499998
-10632535.7629,3475023.715999998
-10605527.1914,3499453.7908999994
-10596398.1143,3462256.154100001
-10622825.5433,3485004.400700003
-10630321.6522,3462511.3882
-10630696.4333,3462480.561800003
-10630575.9359,3462474.8610000014
-10630364.3243,3462436.7322999984
-10634759.429,3469132.739500001
-10631699.9612,3472746.8706
-10631666.0756,3472522.168899998
-10612034.285,3459570.655199997
-10612321.4176,3459564.2336999997
-10612550.2072,3459462.2195999995
-10611987.6867,3459512.391099997
-10612523.8323,3459403.1158000007
-10614841.6681,3507244.9488999993
-10614672.9069,3506929.8060000017
-10644624.8002,3496997.484700002
-10644226.0765,3497092.8418999985
-10635822.9576,3474530.1422000006
-10626964.4385,3462057.7392999977
-10626891.6814,3462180.936300002
-10626898.5457,3462323.0474999994
-10618950.8068,3491292.650700003
-10619085.5822,3491241.882299997
-10626372.5094,3455428.056599997
-10626628.2803,3455187.662600003
-10626629.6526,3455269.930200003
-10626432.7807,3455157.663900003
-10629220.3645,3463686.0591999963
-10629190.8855,3463599.9553999975
-10629037.7621,3463556.1393000036
-10629101.7941,3463495.556599997
-10628621.3047,3461179.741899997
-10637179.8625,3477859.4849999994
-10637280.2324,3477943.861299999
-10637207.8298,3478072.874499999
-10637185.6726,3478144.6067999974
-10649704.4876,3498347.0681999996
-10584504.5834,3446254.3880999982
-10584372.5223,3446239.3477
-10584539.9947,3445800.5094000027
-10608945.3185,3488549.0511000007
-10617894.3508,3485172.722599998
-10631396.6752,3476460.2312999964
-10631257.742,3476522.0675000027
-10594899.5236,3464231.2608999982
-10594878.4618,3464231.224399999
-10594984.3806,3464167.9266000018
-10594981.8021,3464070.382100001
-10572137.4209,3471903.777999997
-10572303.8084,3471899.689000003
-10619208.6755,3487339.6240999997
-10614264.4215,3483341.160599999
-10575685.8094,3473966.0791999996
-10634873.9626,3472093.7468999997
-10634969.9854,3471910.466799997
-10635199.7473,3471947.8356000036
-10635067.6154,3471692.346199997
-10634953.3303,3471629.775600001
-10590937.8213,3476229.394699998
-10622833.2855,3477491.0798999965
-10623568.3629,3491321.7562000006
-10613976.4918,3488304.3298999965
-10613802.1338,3488165.0041999966
-10613764.4404,3488317.903499998
-10581052.3612,3481404.637699999
-10581163.3426,3481591.6899000034
-10609651.2841,3461295.182599999
-10592988.9259,3464270.092
-10592866.5089,3464271.7528000027
-10593075.0984,3464330.0561000034
-10592807.9642,3464432.6252999976
-10595024.3044,3463359.277099997
-10624025.5531,3477437.2492000014
-10623949.9003,3477485.4601000026
-10626661.2884,3459294.2075000033
-10626587.2736,3459355.622100003
-10626731.9382,3459555.041100003
-10612955.9124,3457717.3342000023
-10612631.762,3457341.5229
-10612538.2928,3457247.4937999994
-10612474.8132,3457141.9363999963
-10612730.9534,3457208.399700001
-10612825.0761,3457032.1108999997
-10612914.4746,3457246.9026999995
-10608247.2553,3489298.5912000015
-10608191.1953,3489106.338200003
-10608367.3353,3488946.7419999987
-10608369.1675,3489026.6313999966
-10608600.0602,3489032.655500002
-10608254.4124,3489034.715300001
-10607967.4992,3489047.0253000036
-10607607.4403,3488704.7820999995
-10608288.4856,3488869.7698
-10608560.5056,3488618.9899000004
-10607810.0457,3488624.1828999966
-10608105.5827,3488620.925800003
-10608155.6868,3488597.762000002
-10607899.9454,3488347.9513000026
-10608185.1571,3488197.215599999
-10607991.4135,3488072.8183000013
-10607884.4146,3488137.5437999964
-10607777.9643,3488014.7907999977
-10607799.2975,3487881.7327999994
-10608164.3648,3487974.3882
-10608055.1639,3487917.6915000007
-10608051.4561,3487822.281300001
-10608223.6475,3487783.418300003
-10607942.9225,3487786.267999999
-10599363.3439,3461001.9597999975
-10630088.4178,3463605.5754999965
-10624614.2232,3456570.6560999975
-10624472.4104,3456573.4814999998
-10580843.4604,3449626.8401999995
-10580897.2397,3449700.854500003
-10581208.7793,3449835.840800002
-10621785.3886,3456439.936499998
-10622172.7769,3456255.2705999985
-10622216.4725,3456369.205799997
-10622079.9834,3456411.0264
-10622029.9826,3456550.8937000036
-10630093.6255,3460640.652800001
-10630089.0804,3460287.8834000006
-10630044.738,3460260.9305000007
-10629981.1023,3460236.863300003
-10629981.9812,3460290.8982999995
-10629683.9432,3460034.0546000004
-10629710.483,3459970.4047000036
-10629709.673,3459654.1283000037
-10636723.9084,3477983.454499997
-10615182.6073,3484454.162100002
-10601122.4025,3454148.5650999993
-10599227.1874,3461128.061999999
-10599225.8575,3461073.4919999987
-10599126.0292,3461093.402900003
-10611181.1887,3491238.0420999974
-10632610.0531,3481387.3386999965
-10632412.5673,3481599.946800001
-10632639.2792,3481658.712099999
-10632498.9657,3481661.2919000015
-10632414.4029,3481662.0791999996
-10632268.3491,3481749.826399997
-10636475.9749,3478373.994900003
-10639335.6273,3474183.9831999987
-10639262.755,3474126.1142000034
-10639262.295,3474040.694799997
-10642914.7305,3500437.3572999984
-10638416.6251,3474655.287600003
-10638740.7319,3474550.1238999963
-10638434.3761,3474822.5741000026
-10638632.0322,3474817.342699997
-10638596.477,3474655.640900001
-10638470.8137,3474617.5622999966
-10627828.3673,3505599.8907999992
-10626933.0829,3455834.0666000023
-10613436.5332,3457299.6401999965
-10613456.8611,3457240.086000003
-10613436.5642,3457240.019199997
-10613416.6663,3457140.5
-10613584.1122,3457103.454400003
-10613607.5237,3457106.6975999996
-10613637.6561,3457052.662100002
-10614152.1605,3457053.3347999975
-10613867.0714,3456969.9963999987
-10614052.6145,3457028.500500001
-10614093.7372,3457072.0512999967
-10627094.98,3461752.859099999
-10627134.6073,3461852.0068000033
-10630146.6318,3470441.3808000013
-10629839.6562,3470296.2542999983
-10617932.2466,3490031.8905000016
-10617819.3515,3490101.8040999994
-10601133.8959,3453603.313500002
-10600956.7768,3453595.5613999963
-10600815.2596,3453419.282200001
-10600950.2767,3453514.592100002
-10601140.8131,3453365.5452999994
-10601164.7309,3453188.975400001
-10601402.4702,3453296.547799997
-10601335.2186,3453101.7405999973
-10601273.4752,3453042.1755999997
-10600944.1457,3454182.1723999977
-10600914.1068,3454240.785599999
-10600810.6598,3454361.1252999976
-10600838.0124,3454240.645300001
-10600729.8972,3454200.2481999993
-10576464.5572,3474424.7245000005
-10576425.6665,3474443.7907999977
-10576672.2139,3474548.193099998
-10576589.2301,3474663.161200002
-10615742.0396,3491794.729199998
-10587915.16,3465273.0512000024
-10587935.1372,3465217.273400001
-10587977.9093,3465216.4474000037
-10628003.5031,3454729.384300001
-10629852.8046,3472525.393799998
-10597690.3521,3475584.1733999997
-10597812.861,3475279.6608999968
-10597616.0892,3476034.308799997
-10597218.0619,3476073.209399998
-10608030.6935,3503210.030500002
-10629244.019,3463295.8972999975
-10629212.6667,3463257.2356999964
-10629152.2207,3463061.8271000013
-10629010.0248,3462964.0331000015
-10598257.5437,3462730.1743
-10587845.0227,3465549.6931999996
-10587940.0356,3465743.2946999967
-10610972.6303,3479829.6394999996
-10610951.2681,3491399.8367
-10611059.9266,3491733.986299999
-10611014.5357,3491695.7051
-10627733.4913,3461023.445799999
-10627725.3186,3461130.8774000034
-10627703.1649,3461192.5595000014
-10634537.6289,3463021.2968999967
-10624696.7459,3477875.046400003
-10624648.1235,3477776.6740999967
-10624720.7769,3477776.163400002
-10624767.1231,3477616.126000002
-10590058.2194,3485655.2446999997
-10629302.0896,3460999.332699999
-10629156.2566,3461065.104699999
-10638061.273,3470190.2600999996
-10621905.932,3490318.5591999963
-10621536.4997,3490153.9892999977
-10621481.1808,3490213.2426000014
-10621602.1627,3490079.0265000015
-10621878.4052,3490054.1762000024
-10592591.6873,3464097.2239999995
-10592606.2814,3463941.8180000037
-10592803.9824,3463804.637699999
-10592767.6277,3463745.7709000036
-10593006.4164,3463642.200099997
-10592762.4835,3463646.1481000036
-10592705.2664,3463646.4930000007
-10630657.6535,3484668.5386999995
-10630755.1535,3484622.2206000015
-10632974.2439,3461479.7864999995
-10632990.966,3461223.0107000023
-10632717.0544,3461464.4914999977
-10610924.1433,3490863.1679999977
-10610807.0499,3490869.389700003
-10636078.6159,3474647.1706999987
-10636420.9223,3474567.214599997
-10636380.2388,3474664.710900001
-10636326.884,3474751.7463999987
-10627356.8385,3481749.3928000033
-10627590.1816,3481640.8527999967
-10627490.6624,3481567.8106999993
-10627480.8765,3481665.1119000018
-10627405.8955,3481695.982900001
-10612570.9545,3490039.2502999976
-10608833.5076,3462152.2929000035
-10608500.2862,3462071.4439999983
-10623515.8388,3484622.484099999
-10625991.2191,3456483.8746000007
-10626049.581,3456459.8554000035
-10626052.801,3456551.6859000027
-10625879.6005,3456392.2880000025
-10625812.0331,3456348.4102
-10625293.0423,3456470.7668000013
-10616856.5317,3488782.3581999987
-10616798.5567,3488711.342699997
-10616601.8951,3488772.4662000015
-10624978.1829,3478120.5507000014
-10637299.2664,3478951.9224999994
-10637361.6006,3478893.3357999995
-10637086.0338,3478820.366899997
-10637254.9532,3478767.655699998
-10637362.0296,3478694.7118000016
-10635020.0648,3468962.8127000034
-10619376.8841,3487803.417300001
-10618660.0184,3492536.653800003
-10618813.3988,3492381.811999999
-10594846.1936,3463360.4375
-10594768.4614,3463301.425499998
-10594716.6435,3463447.211199999
-10594716.3289,3463419.516099997
-10598837.0244,3461623.4015000015
-10624889.3488,3463972.1679999977
-10628746.9027,3461704.7446999997
-10628694.4173,3461830.200000003
-10637664.2718,3478774.4990999997
-10638119.659,3470335.347099997
-10638233.5293,3470346.6460999995
-10638178.9506,3470552.6257999986
-10590151.0031,3485616.411799997
-10589943.9132,3485591.579400003
-10590281.0822,3485555.481899999
-10590148.8384,3485515.846199997
-10613260.5605,3488478.784699999
-10613260.3978,3488587.536899999
-10613325.7445,3488739.156800002
-10613022.4242,3488403.696999997
-10612767.8315,3488521.842299998
-10613023.2502,3488739.7073
-10612407.3243,3488401.596900001
-10612688.0311,3488522.302500002
-10612656.4754,3488695.3825000003
-10612542.0869,3488804.130900003
-10622149.2874,3481783.7959999964
-10622776.0161,3481781.0449
-10623008.9579,3481842.2577000037
-10622939.2356,3481842.6501
-10623008.6434,3481883.2485999987
-10623032.9278,3481883.2555000037
-10622446.4585,3481844.2126
-10622208.9744,3481885.7569999993
-10621766.9402,3481886.3376
-10622176.642,3481947.4463
-10622587.0233,3481946.0222000033
-10622472.7431,3481946.4378999993
-10632298.9848,3463757.208899997
-10632378.6232,3463776.596699998
-10632802.1639,3463285.4459000006
-10632952.1201,3463283.8959000036
-10632738.3385,3463519.8937000036
-10632565.5992,3463481.8434000015
-10632610.5485,3463583.847099997
-10632717.5258,3463582.700199999
-10632931.3991,3463580.9562000036
-10633018.2211,3463773.6146000028
-10633017.7534,3463730.637599997
-10633078.2355,3463619.0703999996
-10633309.7407,3463299.204599999
-10633157.7684,3463090.0889
-10628808.8286,3462988.8857999966
-10624868.8203,3453604.3112000003
-10624780.8325,3453642.3791000023
-10624726.455,3453549.8977999985
-10624760.7068,3453138.3885999992
-10624821.3956,3453079.992200002
-10624610.6435,3453433.139899999
-10625039.6547,3453262.810800001
-10625040.9734,3453344.804899998
-10629235.7412,3462665.4217000008
-10629133.1354,3462567.457800001
-10629158.7432,3462567.1697999984
-10589493.6456,3465133.9680999964
-10631294.8221,3476574.1281000003
-10601956.8284,3457692.755099997
-10601392.8109,3457744.0917000026
-10601577.0219,3457829.8224000037
-10607158.4801,3495298.684299998
-10627313.6685,3464204.5618999973
-10625673.3049,3485311.6643999964
-10596603.4382,3461915.7492000014
-10596470.2852,3461883.777099997
-10596469.0598,3461815.6966999993
-10596503.5942,3461652.9064000025
-10596561.274,3461564.1319999993
-10596598.1834,3461542.464599997
-10596481.6284,3461188.3725999966
-10596597.2576,3461186.7102999985
-10588399.3767,3461795.625699997
-10588718.5112,3461693.3976000026
-10616208.4551,3500867.1314999983
-10624383.9476,3477877.342699997
-10624407.5546,3477817.6765
-10624263.5355,3477817.8367
-10624480.1816,3477778.3632000014
-10624191.1953,3477679.8583000004
-10637874.8379,3473328.692599997
-10635616.8348,3472049.3024000004
-10636198.743,3473564.9219999984
-10636081.36,3473695.6093999967
-10635983.6282,3473758.648500003
-10624289.0247,3456805.773199998
-10624817.1624,3456800.839299999
-10624589.4872,3456858.9108999968
-10632861.3269,3474795.7136999965
-10632742.6095,3474525.117200002
-10594765.8992,3466192.2060000002
-10594624.3976,3465949.2726000026
-10637621.0628,3516768.3756000027
-10637760.1624,3516671.9591000006
-10637769.0858,3516778.8545999974
-10574732.9414,3467471.764799997
-10574640.9175,3467266.751199998
-10574757.9368,3466997.927500002
-10574775.2735,3467162.5529000014
-10623843.3215,3453594.213299997
-10623951.4421,3453554.4340000004
-10624015.6936,3453494.0688999966
-10623722.1853,3453562.2590999976
-10634945.6751,3468663.6985
-10628127.1929,3461270.1274000034
-10628233.4278,3461348.3235
-10628077.5262,3461367.300300002
-10628005.2067,3461414.818099998
-10627909.1596,3461538.4997000024
-10627979.3817,3461548.6314999983
-10628236.6376,3461556.160599999
-10628035.1806,3461666.4230000004
-10628358.6604,3461697.9011999965
-10639049.6212,3475296.240699999
-10600471.3036,3482104.753899999
-10636194.0481,3474904.7185999975
-10636353.8946,3474869.252700001
-10636344.4711,3474937.8413999975
-10588469.0764,3477480.578900002
-10592370.3992,3474751.1648999974
-10592326.474,3474844.3101999983
-10592401.6953,3475160.546099998
-10592422.6876,3475368.9395999983
-10592458.71,3475275.093999997
-10629808.318,3460992.6648999974
-10629938.4318,3461054.214900002
-10623908.0742,3456274.6152999997
-10623999.2618,3456272.928000003
-10623978.4424,3456372.3693000004
-10623751.5161,3456474.9868
-10625795.494,3482626.222599998
-10625152.8351,3482659.7946000025
-10625094.9216,3482684.0869999975
-10633613.5346,3466237.3364999965
-10633583.3827,3466230.3945999965
-10633459.2122,3466159.0873000026
-10633525.3889,3466290.6238999963
-10633583.8802,3466610.0441000015
-10633492.4272,3466540.4469000027
-10633796.7068,3467110.683600001
-10635010.9488,3466961.5978000015
-10634867.2173,3466551.4350000024
-10602462.3146,3475139.8510999978
-10602287.8692,3475128.357900001
-10602656.2728,3475325.9004999995
-10608509.2481,3498464.9482999966
-10608382.2739,3498786.6335000023
-10608082.5544,3498293.6724999994
-10618279.039,3485959.4419
-10618516.0585,3485904.2480999976
-10638731.3041,3473745.6504999995
-10636423.725,3469998.3805000037
-10636675.6016,3470002.696999997
-10636500.9851,3470138.7452000007
-10636602.3988,3470208.0878000036
-10636728.8791,3470255.622100003
-10636629.3133,3470251.1702999994
-10636676.5344,3470361.4406000003
-10636366.3445,3469858.7978999987
-10636570.8025,3470624.7190999985
-10636594.826,3470670.2393999994
-10636567.5756,3470666.1303000003
-10636517.3767,3470937.354800001
-10636493.7724,3471160.1176000014
-10636800.618,3471638.906000003
-10636711.8326,3471328.6862000003
-10636526.4539,3471690.4641999975
-10636717.7146,3471962.154799998
-10636508.731,3472006.2731000036
-10636746.5987,3472255.0815000013
-10636776.0071,3472255.6467999965
-10636849.5359,3472559.9263999984
-10636689.0213,3472637.1010999978
-10637008.6251,3472507.0650999993
-10637292.2306,3472719.7364000008
-10637366.6673,3472634.595700003
-10637370.2907,3472605.7861
-10637365.3272,3472061.093699999
-10637305.2896,3472464.2095
-10637100.4175,3472340.5973000005
-10637258.3801,3472319.1297999993
-10637305.6427,3472024.003700003
-10637155.4984,3471946.7700999975
-10635720.9754,3471894.013700001
-10572124.9055,3472025.7685000002
-10572080.4163,3472026.8818999976
-10572247.4871,3471958.418200001
-10571836.2624,3471970.8213
-10600314.174,3461431.6934999973
-10600434.4485,3461749.3786000013
-10599534.8324,3464410.2542999983
-10594791.7633,3461924.8664000034
-10594796.0472,3461774.0496999994
-10594917.8028,3461312.7490999997
-10594633.2474,3461314.464299999
-10594596.3344,3461314.5015999973
-10633100.7205,3474967.913400002
-10633151.2532,3474862.0977
-10633049.4382,3474807.8506999984
-10637071.7337,3478390.4570000023
-10637095.6947,3478384.6279999986
-10628337.8867,3454407.1290000007
-10628295.3405,3454407.8464
-10628252.8778,3454471.8830000013
-10628258.9221,3454683.315399997
-10628215.2741,3454790.1516000032
-10626525.4906,3508387.0376999974
-10603260.9429,3463697.4299999997
-10595654.3086,3476438.0339
-10598613.6997,3456248.3957
-10633872.0803,3465495.8574
-10634989.7961,3465480.3539000005
-10634626.8566,3465418.382100001
-10634182.0741,3465423.0945999995
-10634028.4716,3465379.3166000023
-10633998.8471,3465316.6384999976
-10634900.9988,3465258.0961000025
-10634923.3001,3465193.4016999975
-10634697.2951,3465153.4368999973
-10634814.0193,3464940.9592999965
-10634954.954,3464815.991899997
-10634811.0807,3464836.038800001
-10634882.1652,3464615.577399999
-10633675.3812,3464645.2096000016
-10633644.2032,3464523.501199998
-10634425.4728,3464602.4596000016
-10635057.2423,3464508.2074000016
-10634608.2424,3464474.2273999974
-10634331.1332,3464454.9081000015
-10634480.5915,3464387.343999997
-10634924.6679,3464248.952399999
-10634402.3455,3464287.2434
-10634401.4917,3464244.727600001
-10634043.2531,3464231.7271
-10634807.9355,3464072.458999999
-10634718.28,3464114.6221999973
-10635378.7085,3465635.0310999975
-10635323.0598,3465501.0584999993
-10636011.6045,3465583.5711999983
-10636262.7516,3465461.786399998
-10636130.5306,3465507.514399998
-10635477.9655,3465478.473200001
-10635501.6411,3465258.8386999965
-10635526.0914,3465261.6176000014
-10635375.6981,3465144.3369000033
-10635958.1137,3465276.2639999986
-10636221.2857,3465234.9908000007
-10635573.4247,3465054.7119000033
-10635317.3989,3464954.9032000005
-10635536.7556,3464985.271499999
-10635541.0734,3464943.349200003
-10635862.1062,3464905.0649999976
-10636525.9414,3465197.1154000014
-10636424.3665,3465090.315399997
-10635600.9076,3464888.0945999995
-10635536.2457,3464837.3079999983
-10636245.6175,3464961.434299998
-10636584.2474,3465014.103
-10636315.9781,3464972.9121999964
-10636576.8878,3464853.045599997
-10635699.1804,3464646.2277000025
-10635676.2211,3464430.175999999
-10635384.1893,3464407.541199997
-10636194.2069,3464351.1327000037
-10636074.0012,3464558.8281999975
-10636399.6526,3464556.9595
-10636376.9334,3464553.752899997
-10636466.76,3464521.497100003
-10636490.9435,3464521.427000001
-10636466.8246,3464339.9831999987
-10636405.7614,3464339.2223000005
-10636300.7389,3464340.869599998
-10635854.3618,3464247.538800001
-10635704.9667,3464262.9663999975
-10635282.2989,3464122.7810999975
-10635792.5689,3464169.434299998
-10636016.3718,3464177.351400003
-10635832.8593,3464070.4483999982
-10635716.515,3464007.9092999995
-10635489.6545,3463986.4349000007
-10635336.7271,3463982.9613000005
-10635633.787,3463931.150799997
-10635840.869,3463755.372100003
-10635356.6611,3463761.0086999983
-10635421.9905,3463760.1937000006
-10635529.8172,3463758.9235000014
-10635375.3772,3463654.7902999967
-10635462.4644,3463653.931900002
-10635861.487,3463691.717100002
-10635794.5645,3463650.151900001
-10635276.2172,3463601.5156999975
-10635396.0168,3463485.7619000003
-10635374.1821,3463485.8967000023
-10635634.8647,3463441.3625999987
-10635792.4755,3463481.847000003
-10635880.3606,3463374.356399998
-10635438.8451,3463378.9574000016
-10632041.0092,3474286.5643000007
-10633005.3478,3460942.2283999994
-10632754.9765,3461058.1032000035
-10632634.7558,3460956.5964
-10609882.8477,3484262.1143999994
-10609734.0472,3484163.2498999983
-10609695.4205,3484163.5644000024
-10609587.789,3484464.5516000018
-10609498.362,3484355.424800001
-10606833.7573,3460931.652900003
-10586745.6738,3444074.5473999977
-10587074.4235,3444963.3183000013
-10586714.8156,3444653.5605999976
-10586996.5058,3444764.8594999984
-10586629.3522,3444309.955600001
-10634868.0122,3468900.8011000007
-10630559.286,3472418.216600001
-10630576.6143,3472439.1745999977
-10634502.9672,3501949.602600001
-10634734.3158,3501807.1591000035
-10628260.8634,3516532.4565000013
-10634670.2327,3500950.784000002
-10634597.9385,3500555.522399999
-10634310.0946,3500692.840400003
-10634498.4984,3500235.5842999965
-10634179.7311,3500600.880099997
-10633981.1705,3500306.713399999
-10598011.7234,3461329.7249
-10598127.7367,3461261.3193999976
-10631329.3881,3474710.896499999
-10588872.692,3464949.162600003
-10588731.8038,3464450.1674000025
-10588665.8111,3464410.9271000028
-10588718.867,3464903.3713999987
-10635200.1561,3473139.1032999977
-10646703.1078,3494962.1624
-10646624.453,3494846.410099998
-10626873.962,3456322.4157999977
-10626807.8539,3456292.7004999965
-10626270.0337,3456344.4087999985
-10639639.3415,3474308.8444000036
-10639915.355,3474060.0984999985
-10639633.9377,3474242.7014999986
-10639859.2803,3474197.9465000033
-10639858.8482,3474133.9575000033
-10639770.6997,3473882.2783999965
-10634543.3783,3469182.797600001
-10634375.9744,3469354.269199997
-10634462.7738,3469087.4530000016
-10634486.9797,3469087.4848000035
-10634179.1523,3468992.5339
-10634328.4565,3469151.025700003
-10630465.6711,3459468.2951999977
-10630548.1642,3459403.789800003
-10630421.3921,3459299.3528999984
-10630272.5481,3459301.1022000015
-10630671.4017,3459183.8253000006
-10630781.2038,3458870.1043
-10606032.4345,3495414.1797999963
-10605776.05,3495334.5012999997
-10629203.9983,3461275.6515000015
-10629205.4717,3461381.4871999994
-10627481.5893,3461929.3994000033
-10636098.2495,3475002.893600002
-10636254.692,3475016.478500001
-10636377.1007,3475073.152800001
-10629513.6421,3461312.3189999983
-10629803.1476,3461309.0132
-10630063.1067,3461095.146499999
-10629591.7329,3461374.6482999995
-10578735.7099,3447682.0797000006
-10580280.1477,3447980.280699998
-10636275.4294,3478550.7101000026
-10636490.3052,3478631.0896999985
-10633100.8743,3475013.645499997
-10633053.1608,3475124.5015999973
-10634178.4302,3473149.5089000016
-10571690.92,3471665.361100003
-10571479.598,3471666.5869999975
-10571704.9895,3471628.940200001
-10571474.7706,3471573.021300003
-10596588.6872,3460893.8686999977
-10636240.8079,3473963.5106000006
-10636452.5083,3474086.0019999966
-10635995.3209,3475041.0024999976
-10636176.4033,3475102.8957
-10636280.8398,3475103.8834000006
-10629332.0914,3462895.7980000004
-10629373.0664,3462599.210500002
-10629463.82,3462539.8368000016
-10634647.8801,3468574.184299998
-10590057.0884,3485254.7317999974
-10590345.1485,3485313.763700001
-10601196.0435,3506469.9092999995
-10632225.8857,3472935.850400001
-10595595.4253,3463384.4279000014
-10595560.4543,3463384.637500003
-10594580.3496,3462683.313500002
-10594680.2527,3462623.6423000023
-10594676.6447,3462396.395300001
-10638691.9061,3473308.360299997
-10618752.5481,3494028.1121999994
-10618821.9675,3494088.4337000027
-10618824.2096,3494260.6084999964
-10618757.2347,3494380.385499999
-10634004.531,3501981.863499999
-10633922.8258,3501985.634999998
-10633900.23,3501570.0102000013
-10633961.4602,3501492.7672000006
-10599095.9311,3476895.5918999985
-10599094.4575,3476795.0486999974
-10628374.3231,3462876.2541000023
-10601708.8107,3458219.7804000005
-10601833.3033,3458197.735799998
-10601509.2456,3458208.5424000025
-10601473.6505,3458164.726300001
-10601552.2444,3458307.0459999964
-10601317.3197,3458310.969999999
-10601381.6942,3458271.9956
-10601447.6299,3458375.8225999996
-10594921.4218,3476459.7255999967
-10594804.8148,3476577.809799999
-10594810.7856,3476536.9098000005
-10594748.8589,3476641.035099998
-10637716.5334,3478737.1220000014
-10637822.6177,3478881.5037999973
-10628232.4559,3461804.5815000013
-10628047.263,3461777.7656000033
-10635491.3484,3474950.0584999993
-10596512.0065,3483040.068099998
-10596921.04,3482796.377899997
-10596232.5832,3482935.892999999
-10605104.6379,3460576.9624999985
-10605127.036,3460471.0420999974
-10605311.3475,3460464.8857999966
-10605363.7974,3460210.029299997
-10605242.6507,3460213.2206000015
-10605046.7316,3460535.619900003
-10605339.63,3460147.757100001
-10609600.0426,3494770.495099999
-10609667.916,3494964.202399999
-10609624.8711,3494965.038999997
-10609845.3176,3494963.4650000036
-10609884.5502,3495152.2080999985
-10602370.1452,3454189.471000001
-10610503.3238,3486116.7993
-10608574.6761,3491137.6143999994
-10608489.4861,3491138.921400003
-10608556.4458,3491080.6435000002
-10608587.8,3491041.344499998
-10608604.501,3490684.275799997
-10618944.7636,3487431.155199997
-10637055.161,3474397.0864000022
-10628926.7993,3460900.088799998
-10629022.1348,3460898.6361000016
-10635874.2244,3479267.8589999974
-10630049.014,3461622.7995999977
-10630053.1171,3461727.699000001
-10629923.8856,3461919.5003999993
-10638741.3745,3474814.017499998
-10638796.0362,3474755.268100001
-10606570.062,3454413.020300001
-10606682.4927,3454409.545500003
-10606683.1743,3454458.608599998
-10606825.9852,3454622.9464000016
-10606898.961,3454401.3819999993
-10606848.6279,3454255.3171000034
-10606848.2061,3454218.770499997
-10606779.6439,3454097.136699997
-10606949.2774,3453835.863300003
-10575671.3257,3473472.9812999964
-10575686.0202,3473404.0376999974
-10629371.3244,3462441.314000003
-10629483.1465,3462336.640900001
-10629404.8451,3462236.8408999965
-10638434.4045,3473282.3423999995
-10638310.9295,3473223.8554000035
-10638192.421,3473393.6138999984
-10638414.294,3473394.2577000037
-10635203.2186,3468463.3703000024
-10634982.0122,3468382.4486000016
-10634958.8312,3468241.1761000007
-10602812.604,3508300.9626
-10602680.2319,3508071.014899999
-10602674.9792,3507986.9997999966
-10616574.9052,3488294.384499997
-10616538.5899,3488035.0033000037
-10616846.0792,3488282.7424999997
-10616478.6173,3488486.780100003
-10575633.7415,3454410.1743
-10575932.5908,3454315.983400002
-10629751.75,3463480.1103999987
-10614168.4384,3456726.3849000037
-10613494.4945,3456586.537900001
-10613428.8278,3456532.5195000023
-10614053.0622,3456387.115199998
-10589074.2954,3510419.1181999967
-10588037.6259,3510493.1812999994
-10596135.03,3464809.1309999973
-10619469.8365,3488162.302500002
-10619129.3894,3488195.307099998
-10618970.9297,3488196.3165000007
-10619107.7824,3488044.0392000005
-10580960.2076,3481405.780000001
-10581011.464,3481512.7668000013
-10580954.4401,3481621.6818000004
-10634576.2336,3473942.780000001
-10626986.41,3472317.833800003
-10628879.0433,3461175.1687999964
-10627898.7987,3462071.9834999964
-10628121.2648,3461972.344499998
-10638107.9484,3470022.982500002
-10627799.1422,3462525.103699997
-10624412.1533,3482729.9614000022
-10598735.0616,3482723.0675000027
-10639119.8994,3478588.9180999994
-10588908.3738,3461785.973700002
-10589395.2412,3444269.238300003
-10576434.6791,3474668.7524999976
-10626123.6939,3485307.6964000016
-10569110.2153,3470956.505900003
-10569121.4965,3470701.412799999
-10569053.1399,3470968.2485999987
-10569170.7586,3470638.403999999
-10631377.4974,3474342.566399999
-10634248.9608,3473569.409199998
-10634203.2049,3473491.9563999996
-10639020.3285,3475091.4098000005
-10628653.6143,3462936.2356999964
-10590963.3003,3496767.0028000027
-10591406.3832,3496828.624499999
-10590571.0695,3496790.1437000036
-10590439.2528,3496721.8110999987
-10590181.6759,3496615.976300001
-10590102.1513,3496731.6207000017
-10589704.4585,3496852.646899998
-10589677.406,3496853.0163000003
-10569987.8434,3475211.5091999993
-10636677.5407,3474917.8065000027
-10636565.5281,3475409.6908000037
-10636735.0141,3475370.9331
-10637382.2545,3474667.0309000015
-10637184.4121,3474655.315399997
-10636998.4201,3474747.141900003
-10606843.384,3461780.1423000023
-10606829.5079,3461887.4826999977
-10595382.819,3476870.7299999967
-10594787.496,3476692.2092999965
-10625990.6463,3482836.517999999
-10601996.1655,3507963.976400003
-10601781.7415,3508335.296599999
-10601448.9938,3508258.0845
-10601582.4848,3508439.6767999977
-10640524.0481,3474502.2761999965
-10640529.7497,3474783.8637000024
-10640908.8369,3474574.527099997
-10640974.0586,3474683.7427999973
-10640647.9006,3474859.802199997
-10577510.9591,3447768.3718999997
-10577882.5403,3448166.282899998
-10577809.3216,3448276.8861000016
-10577735.8075,3448326.7880000025
-10577672.7871,3448335.525200002
-10577707.1892,3448429.3840999976
-10577739.7366,3448507.371600002
-10577989.1092,3448471.531000003
-10646285.3424,3517595.8038000017
-10646191.293,3517649.5671999976
-10646130.4117,3517438.9667000026
-10646240.044,3517681.2939999998
-10583072.8577,3459516.2826000005
-10583263.9115,3459270.5951000005
-10583431.2213,3459255.328599997
-10583587.9228,3459413.5864999965
-10629005.6102,3461490.668399997
-10628848.0705,3461492.8500000015
-10575046.7423,3473900.6740000024
-10574812.8104,3473841.396300003
-10590312.0963,3487919.179399997
-10614437.3392,3466685.5656000003
-10596294.5144,3460899.1224000007
-10600875.7347,3510418.1999000013
-10577373.7066,3457046.6942000017
-10602860.7136,3475403.2388999984
-10602948.5841,3475422.4482000023
-10613494.4459,3456626.363300003
-10613500.2491,3456841.8555999994
-10640968.7824,3474112.3853999972
-10640639.6539,3474251.3884000033
-10640657.0657,3474165.768299997
-10628059.9679,3462595.111299999
-10628143.8794,3462475.7842999995
-10629790.782,3462472.5832
-10629821.7582,3462652.596199997
-10629033.9345,3461637.334399998
-10634494.1141,3474404.2775000036
-10602928.0221,3462426.6356000006
-10602689.5831,3462001.1807999983
-10602765.1257,3461911.9897999987
-10636455.8598,3474298.249300003
-10636456.2036,3474340.4690999985
-10636143.2488,3474293.279799998
-10635987.9766,3474335.351999998
-10636144.3913,3474335.3618
-10636175.2471,3474335.0600000024
-10635589.5811,3477950.1292999983
-10635687.9364,3477842.4971999973
-10619096.8808,3488494.8408999965
-10601515.358,3507590.615699999
-10600926.2047,3508162.078599997
-10601068.2856,3508813.6718999967
-10601276.2189,3508891.751699999
-10601353.4388,3508708.9953000024
-10600862.3425,3508714.650600001
-10600690.967,3508886.722000003
-10623588.8228,3454596.267999999
-10628667.8695,3454590.9010000005
-10628865.4984,3454609.6868999973
-10628879.3263,3454827.1867000014
-10628422.1516,3454848.6821999997
-10628728.8065,3454780.1846999973
-10579963.5035,3475649.3769999966
-10568940.4757,3470205.7808
-10568977.0175,3470404.9284000024
-10624045.1344,3482736.5317
-10623838.8642,3482705.128700003
-10638729.5462,3474103.0869000033
-10638092.6403,3470766.9865000024
-10638320.359,3470793.716300003
-10638318.8627,3470857.8659000024
-10638252.2382,3470952.912900001
-10622636.8674,3509038.3258000016
-10596371.852,3461654.893100001
-10596316.2375,3461839.5003999993
-10596310.9979,3461520.238499999
-10596308.9061,3461352.761500001
-10591414.6568,3440361.3549000025
-10590901.1576,3476263.722900003
-10594323.8104,3460355.7104
-10633399.1531,3461366.3046000004
-10633300.3898,3461274.0913999975
-10621714.1846,3481996.6018999964
-10622483.5878,3481987.092100002
-10622633.0938,3481986.6221999973
-10622809.2615,3481985.777900003
-10622521.0911,3482068.499499999
-10622325.3449,3482049.6674999967
-10622131.3777,3482151.3125
-10621726.0588,3482156.5358999968
-10603243.745,3475357.4768999964
-10631815.9533,3473992.581799999
-10631780.1109,3473835.952299997
-10631893.7706,3473855.9469000027
-10646463.6138,3472709.710699998
-10646358.1748,3472709.919399999
-10629601.7888,3463150.1872000024
-10629946.2558,3463023.0617000014
-10629861.8982,3463051.278800003
-10629707.1669,3463086.3224000037
-10630178.1164,3462749.569600001
-10629580.4814,3462390.434600003
-10629687.7221,3462525.0741000026
-10638485.3711,3475697.951700002
-10638734.6708,3475526.9443000033
-10638532.7603,3475528.086000003
-10576358.2568,3474230.907300003
-10595346.6446,3463107.445799999
-10649281.1382,3497231.628200002
-10644005.0454,3472423.405699998
-10644012.0027,3472890.248800002
-10605886.544,3488963.909900002
-10580527.4087,3448013.184799999
-10580486.4688,3448085.516400002
-10580439.169,3448192.9394000024
-10580375.8387,3448237.3999999985
-10580161.0165,3448243.027599998
-10580038.2141,3448417.983000003
-10580113.8452,3448459.3303999975
-10580423.1785,3448437.279600002
-10643231.307,3496724.105800003
-10590307.0995,3511509.0996999964
-10590083.048,3511585.197800003
-10586609.3021,3511051.989699997
-10637712.9575,3477356.472099997
-10637443.9818,3477053.837399997
-10637360.7435,3477160.108900003
-10625417.511,3453591.6733999997
-10625538.5363,3453306.038900003
-10625480.6024,3453196.2650000006
-10625327.5092,3453198.018100001
-10625235.5043,3453139.1445999965
-10625301.0399,3453099.9213000014
-10597764.1059,3461834.689000003
-10598733.5348,3458197.5478999987
-10598783.6338,3458196.5605000034
-10599301.5275,3458221.3668000028
-10599131.0099,3458282.297600001
-10599341.5587,3458161.4940000027
-10624168.5562,3453452.601499997
-10624101.2092,3453393.2973999977
-10623840.4342,3453396.8456000015
-10623992.163,3453355.009300001
-10624013.8212,3453354.656499997
-10623860.6409,3453257.344899997
-10624012.6967,3453255.6345999986
-10623990.7203,3453196.1564000025
-10624032.5875,3453094.565899998
-10624827.9055,3457359.4241999984
-10624829.261,3457459.830600001
-10624682.3668,3457199.284599997
-10624315.2024,3457285.8007000014
-10624419.776,3457263.046599999
-10624644.8676,3457278.6435000002
-10623980.0235,3456957.724399999
-10624198.8996,3457191.4887000024
-10623951.7874,3457120.4619000033
-10623974.3685,3457221.0150000006
-10624100.5677,3457258.8325000033
-10598377.4132,3452464.1215000004
-10598536.0285,3452478.3857000023
-10594341.4635,3476776.099100001
-10628041.2412,3482466.3550999984
-10628363.502,3482521.119599998
-10628426.7024,3482520.773500003
-10585787.6364,3509266.889899999
-10639781.7034,3474391.4821999967
-10639741.6353,3474503.9601000026
-10639577.3781,3474504.9453999996
-10639607.4084,3474789.7744000033
-10568786.3482,3469903.599100001
-10636132.5673,3478799.644299999
-10636329.1229,3478835.530000001
-10636353.7945,3478729.2256999984
-10586204.0193,3444901.2841000035
-10586255.9538,3445038.214299999
-10586036.1276,3445195.2665000036
-10586098.8298,3444961.009800002
-10585993.0217,3444924.650899999
-10585789.5262,3445000.190700002
-10628771.7054,3454992.155199997
-10628429.2175,3454986.170000002
-10628426.5965,3455133.0270000026
-10628769.2865,3455140.160599999
-10628442.9094,3455318.730700001
-10640680.9379,3473752.1234000027
-10623134.2186,3454224.516099997
-10630536.9193,3461511.2393999994
-10630387.8901,3461259.961099997
-10630485.0836,3461301.1164999977
-10630337.2905,3461197.590599999
-10630237.3782,3461199.0381999984
-10630721.8193,3461086.0244999975
-10641154.9552,3473315.0907000005
-10641169.303,3473223.7773
-10619039.0318,3493506.0059999973
-10605963.4792,3453377.0091999993
-10605525.0057,3453543.4297999963
-10605745.0125,3453479.1279999986
-10605742.5618,3453281.6526999995
-10593987.5173,3460180.3149000034
-10594267.0064,3460077.717699997
-10587844.0332,3464835.6648999974
-10596221.0016,3462039.3800000027
-10596196.6402,3460834.476999998
-10600548.8863,3461735.613300003
-10600690.9326,3461643.711599998
-10576313.9759,3474224.7590999976
-10576203.5457,3474198.7432999983
-10595233.4322,3460890.4504999965
-10595296.7466,3460824.6757000014
-10640591.4584,3475021.6096
-10640734.0658,3474942.4448999986
-10640810.7358,3475029.627899997
-10632334.3368,3482002.2776999995
-10632562.6919,3482016.329400003
-10632691.855,3481960.1829999983
-10579697.6428,3475030.6274000034
-10584439.0884,3460379.1418000013
-10584323.2661,3460343.7443000004
-10584440.7814,3460280.5711999983
-10584396.6287,3460242.4394999966
-10584600.5052,3460149.349799998
-10584325.4051,3460146.4562000036
-10583990.7919,3460032.631099999
-10583983.665,3460009.5574999973
-10584104.0351,3460052.2456
-10584086.3939,3459992.2414000034
-10584429.5822,3460002.215300001
-10584755.5301,3460042.2480000034
-10584841.7,3459881.6701000035
-10642977.1749,3500671.8242999986
-10643526.0635,3500198.1963
-10632369.5967,3475226.405100003
-10632372.0643,3475313.2167000026
-10576728.0498,3455135.8589999974
-10576354.6799,3454640.7541000023
-10602872.4404,3470110.552000001
-10588123.4719,3447788.0500999987
-10588296.9774,3447822.2985000014
-10588872.4051,3448100.1999000013
-10588951.0017,3448120.523199998
-10614106.5314,3492414.1908000037
-10614039.2372,3492449.4246999994
-10614170.8274,3492616.3303999975
-10613740.3371,3492627.6983999982
-10633340.8917,3481047.6787
-10633448.1088,3480892.968699999
-10633268.6479,3480865.7722000033
-10634335.6333,3475324.6076000035
-10620557.0555,3491251.5376999974
-10596485.7525,3482934.664300002
-10596200.0019,3482869.4082999974
-10596244.2884,3482786.2468999997
-10596276.2115,3482768.4558999985
-10638305.7341,3471139.9711000025
-10638318.4606,3471224.095899999
-10638349.3376,3471182.5670000017
-10638128.894,3471306.1881000027
-10638519.4146,3471415.2523000017
-10620022.8932,3487215.2126
-10631063.0385,3461080.7031000033
-10630941.8609,3461082.3303999975
-10631153.8781,3461142.8686000034
-10631004.3975,3461187.283
-10631162.5284,3461290.6062999964
-10630851.6291,3461507.269199997
-10631313.6869,3461338.6336999983
-10642127.7865,3498194.8662
-10623937.4955,3454529.974600002
-10598649.3835,3452270.5150000006
-10598715.9516,3452199.476400003
-10625874.0664,3484740.9956
-10625847.7281,3484740.976400003
-10599293.9934,3477027.128200002
-10640163.3168,3476757.663800001
-10640384.2987,3476756.090400003
-10640441.6873,3476756.2326000035
-10640292.2413,3477165.8781000003
-10640111.0913,3477343.2815999985
-10626996.4203,3513965.442400001
-10626895.358,3513069.6960999966
-10626888.3963,3513412.773699999
-10627206.6081,3513970.599200003
-10626933.3367,3514113.4739999995
-10600892.3073,3507459.472199999
-10600681.1173,3506932.481700003
-10614308.4242,3457430.5108999982
-10614312.5331,3457396.4953000024
-10614212.1985,3457387.797700003
-10614676.073,3457226.6152999997
-10614385.5717,3457213.4356999993
-10614264.7977,3457153.768799998
-10634599.7278,3501254.781800002
-10631898.3274,3474378.2920999974
-10575861.916,3473501.5680000037
-10575931.109,3473477.7858000025
-10593469.1078,3465636.228500001
-10632050.7756,3456792.034599997
-10632050.5124,3456674.6225999966
-10632101.5937,3456487.4305000007
-10588145.1875,3448031.6367999986
-10587941.7198,3448278.623300001
-10588678.8085,3448821.479500003
-10588850.6301,3448729.784699999
-10588850.9619,3448697.1055999994
-10588799.8018,3448637.5556999967
-10588916.5275,3448483.5178000033
-10588407.9098,3448506.014899999
-10588295.8869,3448302.804200001
-10589140.8067,3448291.740699999
-10588786.2666,3449075.3249000013
-10589085.279,3448790.8074999973
-10589019.2191,3448665.0056999996
-10589339.5229,3448538.0530999973
-10589321.2767,3448553.127899997
-10589230.0734,3448630.3429000005
-10625792.4986,3456613.4162999988
-10625768.2816,3456614.0533000007
-10625850.8004,3456746.603
-10625580.3103,3456857.8554000035
-10625743.9178,3456892.8606999964
-10637121.1477,3475018.8069999963
-10637071.1859,3475019.7660000026
-10637132.0449,3475081.2892000005
-10636999.211,3475179.5710000023
-10637422.1275,3475046.4760999978
-10637397.0631,3475241.223700002
-10593612.6347,3464720.9054000005
-10635087.0743,3466762.168700002
-10634888.8151,3466275.9453999996
-10634956.3073,3465911.0766000003
-10635013.7697,3465910.487300001
-10641893.9315,3473638.733000003
-10622642.0596,3454159.378899999
-10622803.0931,3454375.6840000004
-10622903.996,3454559.3167999983
-10622902.1008,3454452.659699999
-10622740.2743,3454609.918300003
-10607482.4267,3490660.490699999
-10607580.4417,3490659.627899997
-10607617.9729,3490872.5627999976
-10608247.5759,3490850.2575000003
-10608146.0316,3490986.880900003
-10607811.657,3491075.393299997
-10607893.2598,3491298.592699997
-10624655.2458,3512101.734099999
-10624517.3985,3512032.5217000023
-10624600.7111,3512418.213600002
-10609963.1004,3457203.1877000034
-10628428.8895,3483759.8334000036
-10628227.8634,3483692.0780000016
-10628399.5246,3483574.1653999984
-10628297.609,3483445.712399997
-10628430.3702,3483431.707999997
-10628327.3289,3483546.8457999974
-10628362.7856,3483514.7360000014
-10588745.3007,3465589.374499999
-10633058.9434,3480650.9899000004
-10628718.0716,3473757.012199998
-10628837.5887,3474015.4575000033
-10628922.6097,3473770.476599999
-10612517.2045,3490272.8373000026
-10612564.4531,3490370.252899997
-10612816.7312,3490458.0113999993
-10612783.9192,3490423.550499998
-10612696.2714,3490533.1305000037
-10612940.6647,3490536.8906999975
-10585960.3271,3444783.8082000017
-10585622.0513,3444466.8646000028
-10589721.9449,3448137.566200003
-10589631.9804,3448023.788999997
-10589866.6851,3447964.7765000015
-10589746.7497,3447781.927199997
-10589455.86,3447657.440399997
-10589513.3681,3447902.1739000008
-10589426.3169,3447753.266999997
-10589439.8365,3447446.359099999
-10601547.4585,3452883.6567
-10601693.5108,3452912.0107999966
-10601894.7646,3453109.4782000035
-10601556.9073,3453190.905000001
-10601890.4613,3453350.253700003
-10630484.8232,3484835.4836999997
-10630888.5193,3484876.2026000023
-10630697.7286,3484993.001000002
-10630436.2465,3484895.0271999985
-10630303.8602,3484835.336199999
-10644523.1599,3516495.3527000025
-10633811.6366,3481207.1262999997
-10633649.265,3481415.9492999986
-10619371.0401,3488770.0161999986
-10619370.813,3488828.950099997
-10619323.8134,3488829.0361
-10619246.3839,3488704.228699997
-10594899.6139,3477039.141900003
-10640945.3945,3475268.980300002
-10640994.3995,3475368.4712999985
-10640645.5671,3475442.8228999972
-10640964.2597,3475329.863499999
-10641004.7237,3475464.617200002
-10640952.0596,3475469.222599998
-10640646.3432,3475503.4783999994
-10640753.0288,3475579.463600002
-10640748.7065,3475684.3822000027
-10640542.2248,3475362.534199998
-10640545.3265,3475500.155299999
-10620983.5,3489676.0129999965
-10620962.422,3489676.3134000003
-10621063.9943,3489912.2408000007
-10621031.505,3490118.9217000008
-10621064.9563,3490115.4529
-10620877.422,3490181.7964999974
-10620432.0291,3489411.333499998
-10620513.0614,3489955.9953000024
-10620592.7496,3489933.879900001
-10620507.0357,3489813.7534999996
-10620640.1737,3489680.4135999978
-10620719.615,3489657.4990999997
-10644126.6262,3504577.6675999984
-10580293.9403,3449265.449500002
-10579838.0236,3449349.752899997
-10579696.2712,3449175.9553000033
-10579770.8576,3449058.224799998
-10609384.4114,3487451.6569000036
-10609463.167,3487680.5121000037
-10602302.805,3475395.3260999992
-10602205.4776,3475252.287799999
-10602116.6986,3475252.6903000027
-10602076.4404,3475366.6314999983
-10602051.3099,3475366.8752999976
-10602206.6307,3475430.1960999966
-10601961.481,3475431.4297999963
-10601801.1291,3475197.965400003
-10600611.2005,3454486.3861000016
-10600560.5635,3454483.7968999967
-10600436.1982,3454445.776799999
-10634744.0395,3474309.490000002
-10636926.3902,3478766.6965000033
-10633505.1516,3461356.506099999
-10633684.3871,3460929.7087000012
-10633574.1114,3461031.0188999996
-10633547.2178,3461131.7506000027
-10633626.6487,3460832.483900003
-10633880.8839,3461333.530500002
-10633933.4064,3461290.762699999
-10633931.8519,3461228.436300002
-10633931.2646,3461188.7444999963
-10633981.1171,3460934.071800001
-10615706.5276,3456344.029100001
-10615726.6956,3456141.8893000036
-10638469.1139,3471596.1423000023
-10638128.5331,3471781.324500002
-10630382.3107,3474192.7559999973
-10632278.4283,3456729.5077000037
-10577876.0197,3455354.6369000003
-10577687.6717,3455656.2902000025
-10577639.0066,3455778.9054000005
-10630662.8057,3461639.351999998
-10630663.6469,3461687.940399997
-10631093.1898,3461713.712399997
-10630844.3381,3461718.5494000018
-10630666.5605,3461882.479199998
-10630802.0284,3462129.9601000026
-10623078.8541,3455453.794399999
-10622724.9622,3455643.744099997
-10622923.0685,3455587.9553000033
-10622659.6262,3455582.509499997
-10622591.5733,3455543.5837000012
-10622671.7207,3455445.3809999973
-10622970.7113,3455391.6801000014
-10632377.8932,3480024.938199997
-10642731.2982,3473530.5780000016
-10642684.8331,3473532.8928999975
-10642513.3591,3473457.8093999997
-10636262.6996,3480510.795400001
-10636205.5938,3480404.3396999985
-10636313.9169,3480184.230800003
-10636315.7344,3480275.767099999
-10636629.0758,3480222.802199997
-10622330.2224,3490227.9191000015
-10622292.3525,3490090.4003000036
-10634696.3604,3480928.923600003
-10634679.0066,3480748.3554999977
-10634427.4354,3480946.456100002
-10588740.6386,3500484.992399998
-10587480.7517,3499913.968500003
-10587246.5775,3500011.475400001
-10587011.0808,3499946.5627999976
-10636272.7419,3473335.3390000015
-10636206.353,3473227.4293000028
-10613645.2485,3492628.5636000037
-10613449.5661,3492763.164800003
-10568902.2595,3470645.293899998
-10628792.7678,3482621.8669999987
-10628117.0182,3482866.372299999
-10628427.4198,3482653.1081999987
-10628277.4457,3482807.4438000023
-10628599.4236,3482805.679399997
-10628749.5741,3482902.523199998
-10628488.5526,3482271.6382
-10640302.0975,3476649.642099999
-10640182.355,3476479.273199998
-10640235.178,3476437.402099997
-10640074.4787,3476262.3066999987
-10640450.996,3476586.836199999
-10640421.8508,3476586.4641000032
-10640394.9726,3476268.7704000026
-10640444.7378,3476226.6598000005
-10640470.8421,3476226.866700001
-10640074.9027,3475995.983000003
-10640170.5292,3476041.967500001
-10591191.8007,3480187.6856999993
-10591077.6994,3480450.004900001
-10642261.4267,3473431.2968999967
-10642074.935,3473122.3184999973
-10642035.8372,3473153.871799998
-10622202.4122,3482750.2529999986
-10622828.0625,3482879.628899999
-10622853.5814,3482838.126699999
-10622444.011,3482654.6970999986
-10621837.4569,3482629.9641999975
-10621734.9833,3482746.8059
-10592884.8823,3465291.302500002
-10579410.1402,3449318.103600003
-10579460.9472,3449316.9426999986
-10627273.4344,3485565.3171999976
-10627141.7325,3485414.8737000003
-10627366.997,3485349.395300001
-10632496.5063,3456785.951700002
-10632676.0865,3456849.3254999965
-10632877.9199,3456780.638700001
-10633086.9061,3456781.291100003
-10633081.6744,3456888.834399998
-10632628.058,3456484.8537999988
-10632887.9672,3456588.6983999982
-10632548.9791,3456784.0845
-10632794.0532,3456706.617899999
-10632800.8379,3456571.512199998
-10568875.3218,3470787.201200001
-10567887.3249,3477295.815899998
-10567875.0645,3477163.4868
-10575831.6743,3450193.098899998
-10575781.2718,3450281.5151999965
-10575599.7658,3450478.822999999
-10575472.2878,3450407.5168000013
-10575821.3368,3450055.207800001
-10576511.0806,3449916.8175000027
-10588242.1232,3460836.6633
-10588344.5788,3460946.078900002
-10580217.2107,3448923.295900002
-10580024.8448,3448572.479699999
-10580095.6352,3448797.359700002
-10641479.7777,3474989.674900003
-10641218.4695,3475119.847400002
-10641436.0539,3475246.8060000017
-10641412.2348,3475247.0249999985
-10641338.2832,3475254.138700001
-10613301.1229,3456404.345899999
-10613494.2078,3456387.6084999964
-10614097.14,3456289.201399997
-10613169.4925,3456307.0452999994
-10613695.7329,3456298.806599997
-10613534.4745,3456221.2591999993
-10629427.108,3473094.827799998
-10598984.1329,3452213.025600001
-10599062.0375,3452129.7665000036
-10598941.0188,3452171.795500003
-10599291.7353,3452029.7698
-10599231.5816,3451855.6510000005
-10599159.9911,3451788.2753000036
-10587280.9479,3509196.9430000037
-10588238.7725,3509341.3159999996
-10587987.5341,3509276.1246000007
-10628403.6174,3514681.5631000027
-10628517.6804,3514647.121100001
-10628647.4203,3514637.0671999976
-10590082.5039,3511381.2968999967
-10602567.7636,3508694.3081
-10602524.0268,3508959.2951999977
-10602265.6353,3507718.036399998
-10603120.0159,3508796.3122000024
-10641527.3089,3474843.0890000015
-10635681.4392,3480069.1499999985
-10635674.8094,3480153.7097000033
-10635631.7937,3480210.0742999986
-10635832.3855,3480344.5776999965
-10635540.3191,3480097.079099998
-10613790.2573,3492174.6908000037
-10625924.5554,3485528.398000002
-10626019.4482,3485527.560800001
-10625957.1169,3485637.4518000036
-10631993.3117,3472732.2223000005
-10591367.6671,3460939.1045999974
-10591235.9473,3461165.769199997
-10576921.9618,3474758.0754999965
-10622796.9364,3483505.0166999996
-10622722.0848,3483452.8439000025
-10622818.3506,3483340.609099999
-10622522.5201,3483281.707199998
-10622428.2786,3483510.4277999997
-10622871.9265,3483573.1812999994
-10622724.0828,3483574.887500003
-10622380.2552,3483580.3614000008
-10621793.3939,3483505.6150999963
-10569203.3649,3468123.8549000025
-10631449.2276,3470889.7924000025
-10631387.2036,3470890.394100003
-10631355.1275,3470751.7441999987
-10631512.325,3470651.8561000004
-10594210.0524,3459922.5288999975
-10585707.3087,3444782.8957
-10585609.5661,3444812.549800001
-10585531.3588,3445005.8373000026
-10585312.0132,3444226.670599997
-10642653.3748,3502692.179700002
-10642735.6761,3502632.7568999976
-10642821.8582,3502492.236100003
-10649712.3514,3481982.4866999984
-10586661.6334,3509212.161799997
-10586247.1266,3509425.389799997
-10587047.675,3509433.530299999
-10641727.0778,3497292.9936999977
-10641636.5231,3496725.3731999993
-10589934.984,3521061.2488999963
-10625634.1793,3486039.819799997
-10625419.957,3486216.6121999994
-10625372.1211,3486225.3335999995
-10587317.8784,3515298.5091999993
-10623031.2204,3489823.7663000003
-10622949.3482,3489789.0680000037
-10595404.2182,3462005.9142000005
-10595530.7973,3461891.931599997
-10595637.175,3461950.1520000026
-10596303.2761,3462180.9706000015
-10596303.7278,3462204.221699998
-10596114.1181,3462159.746799998
-10596057.7843,3462228.9547000006
-10587962.5537,3460779.2026000023
-10587842.8671,3460683.5221000016
-10587641.4309,3460681.3462999985
-10587715.8861,3460746.0851000026
-10587638.3798,3460790.119599998
-10594458.0469,3476943.9124
-10594980.218,3477277.228100002
-10588474.049,3500210.4296000004
-10588867.599,3499471.887699999
-10624997.4613,3462509.963299997
-10624801.2902,3462570.5111000016
-10624996.7822,3462469.418300003
-10624731.1943,3462529.9551
-10624643.8677,3462473.2431999967
-10624528.4304,3462464.168899998
-10579704.0276,3475237.366700001
-10615739.5518,3455639.7294000015
-10620528.1747,3454959.5551000014
-10620461.1255,3455167.7239999995
-10620627.4152,3455281.2338000014
-10620589.023,3455305.259300001
-10620693.6251,3455222.471699998
-10620693.6359,3455308.7559999973
-10620563.6636,3455362.9290999994
-10620418.1484,3455213.1771000028
-10642632.2345,3473106.563199997
-10596174.9286,3461403.2995000035
-10596103.078,3461702.515900001
-10607921.4209,3490784.374300003
-10639768.6023,3474828.847900003
-10639702.8927,3474930.2956999987
-10639738.0122,3474991.033
-10639488.4311,3475032.3442
-10639544.249,3475092.9957000017
-10620283.192,3490017.604800001
-10620227.1501,3489636.035099998
-10620187.5262,3489880.6203999966
-10620187.2661,3489838.335900001
-10620125.1936,3489503.3603999987
-10620084.2585,3489503.733400002
-10620026.9227,3489841.1942000017
-10602272.7894,3509036.4488999993
-10602204.6214,3509037.4433000013
-10602985.0735,3509026.8128999993
-10602639.9468,3509030.813500002
-10635160.862,3479561.249300003
-10635094.379,3479707.5485000014
-10632713.6607,3500906.474399999
-10633412.0402,3501706.153300002
-10633528.3049,3501633.8232000023
-10633432.9682,3501637.6341999993
-10633400.9045,3501461.386500001
-10633174.1626,3501327.0064999983
-10633333.2068,3501140.497100003
-10633207.4014,3501138.912799999
-10633053.1382,3500823.594300002
-10633189.6034,3500597.942599997
-10633369.7653,3500825.6799999997
-10633389.8083,3500585.179399997
-10633650.9619,3500437.8451000005
-10633710.5734,3500607.766099997
-10633674.0406,3500902.2863000035
-10637055.7626,3475316.903999999
-10608289.3907,3494079.690700002
-10608375.0328,3494014.0609000027
-10608508.0242,3494129.523599997
-10628455.5934,3486143.3184999973
-10605509.3566,3490373.4179999977
-10605117.9495,3490315.702399999
-10578286.1037,3483309.5227999985
-10578363.9275,3483459.076399997
-10578051.0807,3483465.409000002
-10577872.3585,3483468.0779
-10570408.9724,3471142.6834999993
-10587631.3045,3461022.4279000014
-10587633.7217,3461051.6881000027
-10635245.393,3480097.4662000015
-10635282.5585,3480345.0790000036
-10635149.488,3480457.839400001
-10635080.6788,3480210.1405000016
-10635090.1308,3480457.587099999
-10615808.8306,3455814.8325999975
-10615722.8496,3455856.5766000003
-10622230.9348,3482787.805200003
-10622089.5028,3482857.7305999994
-10632918.6779,3480493.976400003
-10633367.2786,3480543.855300002
-10636934.4642,3471711.604199998
-10599297.5746,3451487.3062999994
-10599236.4389,3451552.2874
-10599693.5295,3451426.8483000025
-10599876.6277,3451602.1193000004
-10599810.5208,3451403.462099999
-10572044.0839,3479569.2700999975
-10619549.8111,3488080.4221
-10650891.1249,3499952.5874999985
-10650869.1961,3499821.2124999985
-10633265.6361,3480381.0141000003
-10633117.7584,3480271.3193999976
-10640651.8636,3465286.764700003
-10640531.3523,3465480.9548999965
-10640457.8387,3465427.284000002
-10640369.1451,3465422.343699999
-10640520.2674,3465222.3827000037
-10640432.9918,3465184.5775000006
-10638332.7874,3472238.6916000023
-10638444.0685,3472309.617700003
-10638277.7472,3472337.179899998
-10638361.0415,3472351.4103000015
-10638251.1546,3472439.8769999966
-10638282.462,3472552.2864999995
-10588230.6289,3461798.853699997
-10588160.3196,3461659.6362999976
-10632919.8725,3456944.1406999975
-10633130.0658,3457088.023500003
-10633244.2623,3456834.909699999
-10629320.1321,3484123.5837000012
-10629001.8331,3483613.6054000035
-10628833.1259,3483570.747100003
-10629298.5971,3483359.5854
-10629308.818,3483315.1426
-10629301.0156,3483165.1286000013
-10629069.8382,3483176.1257999986
-10629112.1089,3483234.9174000025
-10609894.6837,3484428.9211999997
-10620504.0744,3494676.2167000026
-10620183.899,3494186.594700001
-10620360.3408,3494183.164800003
-10615253.3098,3506737.4223999977
-10615137.8171,3506722.1133999974
-10615007.2097,3506947.8655999973
-10641543.8156,3473454.190200001
-10641542.9286,3473415.731200002
-10641630.825,3473448.284199998
-10641794.6748,3473118.392999999
-10641872.8088,3473089.3922000006
-10641673.8425,3473159.7334999964
-10641956.2711,3472966.2644999996
-10641849.7565,3473987.494599998
-10641854.4217,3474015.968999997
-10641943.3486,3473680.981700003
-10641826.8864,3473686.7497000024
-10628767.9942,3474034.8861000016
-10605845.7944,3453260.5627999976
-10605570.4444,3453245.657700002
-10595672.8149,3477226.1081999987
-10622297.4675,3509982.9922999963
-10621976.4313,3509125.8131000027
-10621946.5935,3508831.1728999987
-10621909.0488,3508934.6873999983
-10620023.9924,3489504.6093999967
-10611979.4991,3489337.3901999965
-10611914.9307,3489297.351800002
-10611621.8087,3489071.847900003
-10611915.8372,3488870.5606999993
-10611597.3524,3489022.9509000033
-10611825.9065,3488833.809100002
-10611893.2072,3488734.2951000035
-10611690.224,3488676.4294999987
-10592347.4135,3475515.8027999997
-10592353.615,3475726.9299999997
-10592464.7613,3476310.6811999977
-10592422.3758,3476182.4258999974
-10592561.3416,3476283.6687999964
-10592912.4451,3476443.749499999
-10592922.3305,3476059.610200003
-10602839.9615,3462936.9584000036
-10633515.911,3476896.270999998
-10585801.6763,3508582.4023
-10625390.874,3495990.369099997
-10585374.8912,3444598.7695000023
-10585180.513,3444860.4914999977
-10585197.3766,3444595.786399998
-10584987.0446,3445027.0524000004
-10641279.8183,3475484.423799999
-10641538.7017,3475389.070100002
-10616009.6141,3455754.545500003
-10615912.4073,3455454.438000001
-10635632.5722,3479098.5917000026
-10635734.0961,3479168.1974000037
-10635488.0258,3479051.6279999986
-10639237.5269,3465055.238300003
-10639315.4628,3464994.1771000028
-10639085.9419,3464997.659199998
-10639150.5907,3464957.9877000004
-10639275.0682,3464896.8290000036
-10600345.0895,3451618.577399999
-10600351.9869,3451812.002899997
-10600321.1375,3451844.882100001
-10599760.3828,3451219.151100002
-10638205.8953,3472722.102600001
-10624299.5189,3483548.7930999994
-10624278.452,3483549.123499997
-10624468.1651,3483479.3706
-10623789.1054,3483547.2902999967
-10623683.6941,3483548.401100002
-10623956.9724,3483482.5813999996
-10623424.7004,3483485.394299999
-10621484.6016,3506908.716799997
-10621582.1208,3507013.7541999966
-10621159.4729,3507096.6176000014
-10634684.5081,3481909.9896000028
-10634453.3219,3481665.4333000034
-10634595.1767,3481662.7498999983
-10634755.9982,3481528.0628999993
-10634616.4733,3481376.6081999987
-10640429.3962,3474860.892499998
-10640201.1336,3474979.413400002
-10640101.3533,3474937.2360000014
-10640100.3976,3474636.654299997
-10640050.572,3474469.497299999
-10640427.1948,3474734.1389999986
-10640492.7351,3474923.3999999985
-10640491.5318,3474871.071800001
-10640491.0023,3474844.8972000033
-10610302.3381,3494489.224200003
-10610249.136,3494391.2449999973
-10610130.997,3494224.0156999975
-10610432.833,3494329.9236999974
-10610243.4373,3494071.6750999987
-10623881.543,3509306.492399998
-10623701.2618,3509168.250699997
-10623771.7006,3509125.2870000005
-10623581.1286,3508862.4582
-10623443.4128,3508695.5747999996
-10625518.2585,3485746.3555999994
-10633305.1552,3457135.616700001
-10633043.8985,3457258.5720999986
-10633192.8314,3457255.918300003
-10632882.1242,3457368.9023
-10632953.7988,3457418.2586999983
-10640335.0875,3465027.9733000025
-10640262.5246,3465028.909699999
-10640647.0666,3464970.8774000034
-10640208.303,3464908.9663999975
-10640258.462,3464831.543200001
-10640361.0028,3464790.6238999963
-10640281.2651,3464732.7277000025
-10625607.1362,3488344.163999997
-10625607.1834,3488307.093500003
-10625847.2685,3488247.393299997
-10625663.9615,3488147.6226999983
-10625599.6794,3488147.5106000006
-10625707.9906,3487987.418700002
-10625439.8138,3488133.0187000036
-10625441.1182,3487924.6965000033
-10640919.0594,3464316.3882
-10635202.8576,3473302.637000002
-10588110.3851,3465179.1384999976
-10588139.2148,3465084.0710999966
-10642794.7438,3472533.9448999986
-10642356.3941,3472688.1137999967
-10642524.6068,3472592.268299997
-10642488.6692,3472777.1812999994
-10642488.9595,3472530.121299997
-10602064.4401,3508412.8192000017
-10582478.7106,3448373.3567999974
-10582361.446,3448520.3620000035
-10600582.2548,3461420.9998999983
-10632761.6699,3480605.341799997
-10632719.4514,3480606.228100002
-10595890.8777,3482852.8989000022
-10596054.379,3483110.152400002
-10642510.9572,3473930.4679000005
-10642582.1886,3473729.5088
-10642408.2346,3473785.3746000007
-10602471.2648,3509093.987800002
-10602448.5512,3509241.792000003
-10602102.1504,3509206.8911999986
-10601638.3784,3509743.704400003
-10602268.2302,3509379.8840999976
-10602050.7821,3509557.429899998
-10601825.3613,3509559.4428000003
-10625789.4928,3452671.3466000035
-10625574.9732,3452565.8386999965
-10625944.6677,3452762.8079999983
-10626040.3687,3452786.2963000014
-10625986.0161,3452663.973099999
-10626052.217,3452405.8505000025
-10625507.1697,3452502.5957999974
-10595944.1813,3461616.5591999963
-10595756.4736,3461501.7348999977
-10595785.5554,3461558.9011999965
-10610433.8816,3491445.1407999992
-10610752.0137,3491441.173299998
-10610729.177,3491441.4584000036
-10622658.4565,3490112.4575999975
-10622630.8783,3490143.8113999963
-10622815.4287,3490146.355899997
-10622843.6712,3490181.650600001
-10622743.5939,3490117.295500003
-10622759.4778,3490242.2974999994
-10622751.4034,3490340.9252000004
-10628722.2773,3486591.7657999992
-10628275.98,3486478.962200001
-10620339.6639,3492918.829599999
-10620391.4096,3493081.204999998
-10620244.174,3492809.154799998
-10620216.8967,3493039.730700001
-10620147.2402,3492938.5044
-10620145.893,3493172.0342999995
-10642564.4854,3470762.2974999994
-10642288.4486,3470770.7302
-10642174.4538,3470761.9905999973
-10642080.4641,3470815.737499997
-10642476.2682,3470869.9089
-10642131.3019,3471021.491899997
-10642000.8596,3471181.9487000033
-10642496.5095,3471008.8906999975
-10642299.596,3473130.172200002
-10641574.1186,3473870.7251999974
-10641571.9626,3473761.5015999973
-10596450.54,3464299.9575000033
-10596452.7012,3464447.671099998
-10617068.8061,3488433.4189999998
-10617115.0288,3488397.5529000014
-10617091.4758,3488341.8202000037
-10617044.8325,3488342.343699999
-10600498.8958,3452732.9381000027
-10589845.3671,3447234.692900002
-10589922.5092,3447363.3589999974
-10590072.1448,3447222.9213000014
-10590125.2877,3447432.283200003
-10590150.9196,3447583.244599998
-10590116.3198,3447824.141099997
-10590351.4035,3447549.2678999975
-10590363.5325,3447503.847099997
-10590491.3503,3447595.789099999
-10620082.181,3494550.483599998
-10620150.7431,3494510.765900001
-10620053.9783,3494343.2978999987
-10619796.2767,3494226.108599998
-10639209.3092,3464858.6286000013
-10639108.2649,3464800.8088999987
-10635043.7032,3480161.0653000027
-10634846.3189,3480209.6357000023
-10634851.4555,3480334.6428999975
-10639517.879,3475232.599299997
-10639642.7304,3475332.0095999986
-10639546.8247,3475495.8592000008
-10639712.5106,3475537.0018000007
-10586038.5176,3502021.900899999
-10588013.8947,3501811.965300001
-10641937.0492,3472241.1662999988
-10642207.9302,3472072.719499998
-10642078.8651,3472044.6801000014
-10642407.1763,3472126.7485999987
-10642464.1736,3472289.3879000023
-10642079.4645,3471982.174800001
-10643143.6471,3474774.4217000008
-10643350.3537,3474775.2590999976
-10643675.709,3474465.4218999967
-10644661.691,3475058.1389999986
-10644490.2157,3474903.8335999995
-10644448.6333,3474721.3642999977
-10644387.5125,3474932.1093000025
-10620035.1534,3489060.6477999985
-10619993.6305,3488729.6040999964
-10619974.3559,3488953.5556000024
-10619939.751,3489061.3232999966
-10619882.2972,3489045.6345999986
-10619868.466,3488637.7883
-10619958.6686,3488362.963399999
-10619779.6113,3488387.034599997
-10619717.4972,3488000.5133000016
-10619837.8912,3488039.472900003
-10594307.911,3477229.782300003
-10594830.1762,3477272.037100002
-10594595.3109,3477375.7946999967
-10639239.509,3464600.2981999964
-10636045.5359,3472875.8993000016
-10622242.2555,3482193.2525999993
-10622164.2826,3482303.125500001
-10622194.2556,3482258.468699999
-10623029.7136,3482366.1092000008
-10622923.118,3482366.724100001
-10587874.7743,3501447.0242
-10587911.7894,3501158.5503999963
-10587917.895,3501562.1680999994
-10640412.2625,3474396.8805000037
-10640331.5808,3474034.306599997
-10640314.1558,3473812.934100002
-10640107.0064,3474290.9268999994
-10640154.9825,3474088.9843000025
-10640064.6796,3473847.4509999976
-10640145.9917,3473876.4888999984
-10640207.4081,3473866.9914000034
-10587359.7713,3506691.4191000015
-10591466.2367,3476233.6960999966
-10591500.3408,3476153.896499999
-10591545.5169,3476469.9311999977
-10601532.1815,3474851.327299997
-10601296.4722,3474852.648000002
-10585478.3068,3445091.1040999964
-10585172.2641,3445007.2075999975
-10613165.1425,3490459.093500003
-10613123.6618,3490460.2946000025
-10613240.1822,3490433.4337000027
-10613201.1627,3490261.9189999998
-10621948.9064,3489816.5353000015
-10622021.0025,3489721.054200001
-10622309.9052,3489673.015299998
-10636104.5217,3472287.1785999984
-10568373.7494,3470973.527900003
-10568421.5377,3470896.8599999994
-10568553.2414,3470753.2047000006
-10633234.2161,3456288.9497999996
-10632984.8493,3456330.285400003
-10632982.994,3456238.4285999984
-10632962.0596,3456238.3915000036
-10632854.9403,3456240.417000003
-10625941.676,3504436.9169000015
-10624512.9015,3478801.9258999974
-10567232.3999,3477506.421099998
-10567142.5068,3477456.074699998
-10580898.8343,3462573.9565000013
-10576634.022,3474881.7167000026
-10622873.7817,3489734.0471
-10575936.9589,3481746.311300002
-10576109.4618,3481445.233400002
-10585534.2931,3515349.940899998
-10585722.2207,3508368.3532999977
-10585799.1289,3508325.5385999978
-10585724.9483,3508231.9092999995
-10619375.6128,3470358.1750999987
-10642977.6954,3473162.3836999983
-10642892.6859,3473164.0059999973
-10643006.4577,3473202.5803999975
-10643174.5546,3473401.1859000027
-10643368.8188,3473399.3323
-10643368.6864,3473459.8734000027
-10642866.3692,3473464.7776999995
-10599954.2475,3450864.575199999
-10600119.2597,3450935.6039000005
-10600393.1161,3451213.6150999963
-10644011.4304,3471397.5691
-10643843.4542,3471194.405500002
-10643707.0063,3471134.5383
-10643276.9253,3471141.8841999993
-10642970.5606,3471312.294399999
-10643129.3842,3471226.194799997
-10596665.2881,3444815.7902000025
-10596543.7506,3444804.195100002
-10596529.8535,3444774.1467000023
-10629024.035,3487411.3949000016
-10629013.746,3487475.7753000036
-10578210.0379,3455912.771300003
-10578096.717,3455914.5490999967
-10577546.8965,3448054.516099997
-10644080.7995,3473712.671400003
-10643654.1014,3473132.981899999
-10643601.2134,3473270.1614999995
-10643699.4683,3473397.9108999968
-10643700.2873,3473426.3937000036
-10643858.4784,3473478.6400000006
-10615685.1899,3455740.534199998
-10640981.017,3463960.285099998
-10626281.3629,3475054.3194999993
-10628511.3579,3487104.7934999987
-10628447.2083,3487068.9974000007
-10628200.9949,3486863.1407999992
-10590156.7999,3448910.4864000008
-10589972.2649,3448528.8106999993
-10590298.6162,3448822.4596000016
-10590512.2572,3448692.7907000035
-10590275.426,3448612.621100001
-10590126.4343,3448638.188199997
-10590378.8318,3448659.6624
-10590484.0247,3448844.685800001
-10588814.7881,3462623.9378999993
-10588631.224,3462564.2969999984
-10588632.5227,3462627.7097999975
-10588496.8452,3462681.509499997
-10588721.0755,3462499.8796999976
-10588719.3163,3462414.0091999993
-10588538.3789,3462482.5128000006
-10588124.8901,3461352.7413000017
-10588286.4574,3500327.2897000015
-10588273.0556,3500741.822300002
-10588144.8876,3500767.9305000007
-10610261.6516,3491546.8778000027
-10610518.3549,3491706.2502999976
-10623323.7328,3489689.0537
-10623323.3237,3489625.1961999983
-10623138.7266,3489695.9962000027
-10623116.4818,3489696.2744000033
-10622962.8134,3489697.866899997
-10623160.1225,3489603.3850999996
-10642843.4045,3495706.0216000006
-10600725.3397,3452629.4827999994
-10601012.2142,3452621.3911999986
-10601054.1394,3452718.5102000013
-10625999.3028,3505638.6149000004
-10626024.3073,3505981.9047000036
-10626219.4262,3505769.4548000023
-10595860.7553,3461404.054899998
-10629355.7542,3486785.4474000037
-10629455.3763,3486834.397399999
-10588646.4234,3500984.258299999
-10588550.1234,3500898.9180999994
-10640745.0822,3466012.2722000033
-10639612.1868,3499621.3765999973
-10639558.8313,3499969.8455
-10639475.0442,3499789.0763000026
-10634958.9211,3479535.8849000037
-10610417.2222,3493933.2617999986
-10610411.0547,3493450.4102
-10594168.4907,3476553.3126000017
-10594208.9321,3477191.7551999986
-10624359.8755,3457448.6071000025
-10600467.4506,3474544.6105000004
-10600493.5716,3474648.9399999976
-10600388.1761,3474769.9760999978
-10610295.5495,3486054.584899999
-10610234.9381,3485884.106899999
-10577470.3913,3448310.6121999994
-10577486.1822,3448412.5003999993
-10639112.8801,3464301.407499999
-10639330.6796,3464281.964599997
-10639298.9357,3464135.527599998
-10639245.6118,3464042.0552999973
-10643456.7927,3473500.0782999992
-10643329.0976,3473599.302699998
-10643011.0551,3473564.3440999985
-10643123.2663,3473703.7949
-10635266.1146,3479344.285599999
-10635354.0683,3479102.4086000025
-10619912.6454,3493131.036799997
-10619929.2101,3493368.891099997
-10619866.0375,3493427.9998999983
-10620052.6068,3493331.593500003
-10620092.7057,3493142.8867999986
-10619985.7333,3493085.030299999
-10639702.8832,3463201.1006999984
-10640967.8405,3465032.4356999993
-10641036.9066,3465031.4733000025
-10641134.9119,3464680.4324999973
-10641178.0446,3464850.2355000004
-10641034.7435,3464809.4461999983
-10641077.8184,3464956.8861000016
-10640933.6532,3464852.846199997
-10640933.2174,3464810.5935999975
-10639933.9026,3464848.641599998
-10639953.1561,3464750.3021000028
-10639995.1329,3464749.8879999965
-10640016.2001,3464749.694600001
-10640096.9273,3464928.8139000013
-10640094.8469,3464731.740500003
-10639593.1078,3464754.4175999984
-10639753.7721,3464653.587700002
-10639801.7532,3464790.684299998
-10639754.5866,3464752.3571000025
-10626372.3514,3475040.4948000014
-10590689.8588,3447388.3844000027
-10590424.6904,3446848.0436000004
-10590482.834,3447377.656800002
-10590358.5215,3447120.396899998
-10590210.4536,3447100.9624999985
-10590464.3834,3447028.3872999996
-10590442.2198,3446975.514200002
-10590300.6355,3446973.8844000027
-10590010.3375,3446855.710699998
-10590084.8831,3446878.4954999983
-10589968.3046,3446970.615699999
-10640912.0317,3463922.2786
-10640953.6031,3463828.9350999966
-10640800.0684,3463848.4016000032
-10581328.507,3477782.600400001
-10639302.2804,3459341.3153000027
-10600676.3104,3451633.175800003
-10600770.3584,3451626.9064000025
-10600797.2592,3451444.208899997
-10600763.3448,3451411.768100001
-10600823.989,3451415.5820999965
-10600965.3652,3451467.276299998
-10625129.0322,3485979.8791999966
-10626596.9499,3506017.5995000005
-10626716.7351,3506052.2128000036
-10612901.1239,3490579.7952999994
-10612591.9973,3490644.7452000007
-10612552.9265,3490844.6384000033
-10612992.1626,3490737.9892000034
-10613014.6812,3490776.953900002
-10613245.9897,3490789.161200002
-10623178.3755,3489453.8614000008
-10622760.4706,3489459.599399999
-10622716.0626,3489467.461000003
-10623263.2267,3489288.2858000025
-10623228.1198,3489287.8699999973
-10622936.399,3489302.490699999
-10622630.6463,3489295.1296000034
-10622509.788,3489352.5112000033
-10636941.609,3472751.0178000033
-10622598.4646,3468267.357900001
-10623382.6037,3503944.9372000024
-10623279.3672,3504080.4793
-10623490.7109,3504116.141400002
-10623377.5067,3504182.484700002
-10623336.8797,3504276.419399999
-10623377.1506,3504255.3303000033
-10623413.765,3504230.2968999967
-10623652.8241,3504101.867700003
-10639877.4888,3462985.727499999
-10639824.5291,3462885.3950000033
-10639904.595,3462691.6460999995
-10639865.2412,3462702.591499999
-10613580.308,3492072.0033000037
-10613425.4733,3491966.5353000015
-10613504.8055,3491965.4130999967
-10613428.0225,3491904.3589999974
-10613447.9092,3492283.0063000023
-10627633.4732,3487371.5055000037
-10627866.9785,3486998.017999999
-10577608.8786,3448723.6621999964
-10621158.7907,3507399.2628000006
-10621121.5764,3507291.5187000036
-10621362.832,3507367.956699997
-10621538.3115,3507663.699199997
-10638597.1788,3464507.7738000005
-10638573.47,3464451.348200001
-10638615.7809,3464407.7036999986
-10638690.0703,3464111.9010000005
-10633154.6394,3516489.3249000013
-10632711.3115,3516598.2321999967
-10632755.6211,3516656.721199997
-10632436.9524,3516940.462099999
-10633357.105,3516882.2553000003
-10636221.714,3479538.1054000035
-10636296.7783,3479567.724200003
-10636370.4102,3479520.0437999964
-10636538.2599,3479562.7700999975
-10636530.9196,3479620.1400000006
-10636544.372,3479693.885499999
-10636332.4596,3479724.097599998
-10636314.7358,3479724.2223000005
-10568734.2933,3469679.6724999994
-10620600.5705,3491489.761699997
-10620561.9049,3491490.0517999977
-10624209.1157,3512312.2522
-10619890.0508,3492825.9505999982
-10619851.6928,3492759.6599999964
-10619657.5396,3492789.0063999966
-10619600.8946,3492933.0759000033
-10641137.173,3463845.206699997
-10641120.2638,3463537.892499998
-10640836.0873,3463446.718699999
-10642491.146,3498795.5929000005
-10586450.6726,3501757.0481999964
-10585609.8604,3501504.2842999995
-10586438.5676,3501546.835699998
-10586870.3884,3460253.3373000026
-10587001.1941,3460261.6969000027
-10587396.4461,3460187.9543000013
-10587262.3639,3460284.5627000034
-10587374.3702,3460246.018600002
-10587370.1631,3459997.465800002
-10645971.1844,3469823.7685000002
-10645661.5944,3469782.206299998
-10645742.7187,3469883.9865000024
-10645925.5287,3469882.0737000033
-10645902.8991,3469920.639899999
-10645794.7587,3470080.468199998
-10645952.7952,3470274.862400003
-10592790.5917,3475897.484099999
-10592896.1259,3475925.3642000034
-10587971.3107,3461186.655500002
-10587705.5268,3461259.9968999997
-10587806.543,3461401.841499999
-10575862.9149,3481110.7666999996
-10576025.5807,3481228.8429000005
-10642127.3451,3471429.9252000004
-10642144.656,3471614.645499997
-10635037.0311,3473490.208800003
-10622315.8319,3469287.6959000006
-10622278.2875,3469287.4244000018
-10622277.5842,3469233.4262000024
-10622277.4993,3469226.904799998
-10622180.712,3469254.161200002
-10632366.754,3461337.9580999985
-10632216.4746,3461065.185800001
-10632362.347,3460915.059799999
-10632466.7057,3461019.6336999983
-10632490.5248,3460955.7973000035
-10632488.0067,3460849.927000001
-10592040.7998,3463483.6162
-10591786.3643,3463447.588399999
-10591806.1074,3463222.0273
-10591850.093,3463221.1218999997
-10591897.7715,3463501.543399997
-10640522.6603,3464522.275899999
-10640276.2701,3464358.6261000037
-10640253.0173,3464319.5556999967
-10640507.2278,3464317.513700001
-10640589.7525,3464254.503700003
-10589688.2078,3449025.576399997
-10600752.5828,3452589.8078000024
-10601215.7109,3452596.6516000032
-10600907.3452,3452585.096199997
-10601373.7605,3452724.4701000005
-10601325.1699,3452461.6186000034
-10601093.6432,3452482.1843999997
-10601071.4866,3452482.7326999977
-10600933.1842,3452524.609099999
-10622597.1844,3482483.590400003
-10622533.9763,3482426.5977
-10623028.7898,3482476.2129999995
-10622095.7317,3482477.7886999995
-10642581.4718,3498009.1032000035
-10582515.3112,3449087.9202999994
-10582376.8114,3449082.5687000006
-10582758.2755,3449106.338100001
-10582506.0452,3449155.968999997
-10582477.4439,3449161.3012999967
-10582347.7504,3449177.292300001
-10582640.3789,3449201.9574000016
-10582030.8268,3449048.0766000003
-10582314.2062,3449387.719899997
-10582274.2194,3449471.8879999965
-10582383.1992,3449305.519699998
-10582449.7311,3449294.741899997
-10639709.3053,3463393.8337000012
-10639629.4637,3463455.983599998
-10639630.8581,3463432.767099999
-10639486.4618,3463394.9089
-10639515.4967,3463435.9531000033
-10639872.2053,3463454.0622000024
-10639991.3482,3463531.6833000034
-10630459.0516,3487307.8647999987
-10630832.9662,3487007.5132
-10630660.5985,3486991.754900001
-10630293.4689,3487164.380099997
-10630506.6387,3474040.9673999995
-10630331.1114,3473546.3134000003
-10638718.9664,3470116.097099997
-10638824.0603,3470159.924900003
-10638769.83,3470157.3423999995
-10619226.1945,3493137.8013999984
-10595864.0292,3486600.8698000014
-10634724.288,3479725.208300002
-10635162.3493,3478993.3955999985
-10635146.9702,3479112.6635000035
-10583129.9886,3459935.6947000027
-10623228.57,3489188.7141000032
-10623140.5567,3489224.9817999974
-10622654.895,3489085.585199997
-10623070.4752,3489037.811300002
-10623148.6595,3488974.3122999966
-10622726.5348,3489184.102300003
-10625290.1917,3484567.242700003
-10619702.7299,3493015.683799997
-10619688.9152,3493165.6621999964
-10616994.6052,3488028.974200003
-10616949.249,3488215.4640000015
-10614325.5018,3457094.9944999963
-10614344.9582,3457094.979699999
-10614371.9213,3456632.3610000014
-10614288.2329,3457005.7644999996
-10614320.8971,3456708.3373000026
-10614325.1034,3456809.9645000026
-10614447.2033,3456994.9602999985
-10614472.3372,3456738.7277000025
-10575634.2936,3474219.663999997
-10575593.7025,3474345.017099999
-10575572.8095,3474451.099299997
-10609892.7834,3486528.5392000005
-10609931.9897,3486581.0111000016
-10610236.6084,3486637.1259000003
-10609957.9013,3486805.3863999993
-10609937.5036,3486863.7934999987
-10609770.619,3486891.3618
-10609627.3898,3486793.231200002
-10609589.922,3486696.380099997
-10609640.4613,3486530.3169
-10647903.2746,3517595.5842999965
-10571984.5392,3472127.009300001
-10571971.0341,3472102.9570000023
-10595884.6591,3459487.7468999997
-10595850.7755,3459276.1589
-10568645.2796,3469472.6274000034
-10568538.6714,3469706.5244000033
-10605427.2303,3484362.129900001
-10605537.8326,3484360.2529999986
-10605348.5528,3484424.0447999984
-10596052.3499,3444196.9804000035
-10596305.1881,3444291.4169000015
-10596335.7434,3444256.0358999968
-10596000.9571,3444304.814000003
-10603593.0534,3502017.9086000025
-10624301.8733,3509422.523400001
-10624087.4012,3509628.457800001
-10624656.4474,3508848.2566
-10636814.5731,3479526.7563999966
-10636740.3136,3479526.918700002
-10593603.0322,3477232.923299998
-10593716.716,3476792.3037
-10593692.9838,3476792.6547000036
-10593717.9702,3476834.3583000004
-10593791.7418,3476936.718199998
-10593936.1329,3477035.4809999987
-10593866.4178,3477098.769299999
-10593746.6925,3477100.418200001
-10593700.6335,3477307.2534999996
-10629432.832,3486972.3354
-10629398.0938,3486995.846900001
-10629509.259,3487039.267499998
-10629680.3019,3486777.6783000007
-10610537.0272,3491924.077799998
-10610652.3602,3491916.4453999996
-10610535.9838,3491748.9821999967
-10610448.9698,3491750.6361000016
-10610857.8014,3491699.0407000035
-10610742.083,3491877.2832999974
-10610801.522,3491902.579499997
-10611061.8684,3491933.5056999996
-10625328.9385,3506316.1831
-10625524.4729,3506461.905699998
-10625647.0665,3506653.0461999997
-10625586.2324,3506151.1292999983
-10625519.7554,3506251.4168
-10639423.0011,3464044.0425999984
-10639848.1176,3464135.116899997
-10639973.8955,3464133.9902999997
-10639603.9885,3463980.3390000015
-10639560.7286,3463980.8725000024
-10639472.845,3463981.730800003
-10639972.2107,3463975.4826999977
-10639866.2189,3463878.218800001
-10639580.7466,3463882.1238999963
-10639732.7358,3463781.8621999994
-10639535.7907,3463783.7211000025
-10639968.4994,3463673.7650000006
-10616122.863,3455037.813699998
-10616031.7743,3455110.4919999987
-10615936.741,3454996.9618000016
-10615844.981,3455129.4309
-10568671.6385,3470313.2449999973
-10632210.3821,3501417.6978999972
-10632491.4151,3501458.4394999966
-10636446.1304,3481010.6897
-10636730.7509,3480735.1081999987
-10641494.2732,3464406.7346
-10641582.5296,3464200.7978999987
-10641661.8117,3464247.399099998
-10641376.8088,3464141.653300002
-10643640.5324,3471403.5469999984
-10643302.7773,3471348.2842999995
-10643394.1183,3471347.3298000023
-10628808.2025,3487703.2760000005
-10628731.7535,3487696.818400003
-10640145.0091,3466255.339599997
-10627291.2976,3483943.246299997
-10638990.566,3458871.283
-10639008.1193,3458851.472900003
-10638907.8643,3458869.905500002
-10639612.542,3458827.2841000035
-10647563.0601,3498072.2656000033
-10647428.0303,3498198.3786000013
-10647248.559,3498367.853500001
-10647169.0174,3498082.9817999974
-10588374.05,3464556.586599998
-10634914.5483,3473575.289800003
-10634991.014,3473652.231899999
-10619746.5917,3494572.9899000004
-10619539.7663,3494438.0077000037
-10619723.3998,3494404.173100002
-10619405.9799,3494287.9393000007
-10619466.0912,3494219.109099999
-10619267.8796,3494492.0715000033
-10619331.9091,3494157.4486000016
-10634572.8894,3460684.8726999983
-10634375.8617,3460630.8884000033
-10634746.1066,3460509.001199998
-10635187.2851,3461083.2496000007
-10635663.224,3460840.327299997
-10635796.7549,3460648.7893999964
-10635943.7042,3460449.155299999
-10635611.8523,3460454.6130999997
-10635494.4924,3460417.8478000015
-10635202.8039,3460461.626500003
-10635914.7289,3460350.522699997
-10620454.4745,3512701.389700003
-10620299.8263,3512787.6608000025
-10620313.0323,3513023.3910000026
-10620278.9272,3512928.1543999985
-10620424.4331,3512989.3637000024
-10620442.7617,3513009.559799999
-10627615.9928,3487515.9636999965
-10600742.4226,3451187.188699998
-10600790.0325,3451242.690399997
-10600300.9214,3450648.469999999
-10600427.359,3450402.8260999992
-10600696.1771,3450963.8101999983
-10601000.0707,3451229.5879999995
-10570404.723,3472421.0490000024
-10570114.0568,3472475.6679000035
-10622535.4788,3509895.737800002
-10622326.4661,3510027.2338000014
-10622736.7099,3510328.2797000036
-10622655.4922,3510316.498300001
-10622572.3015,3510537.9456999972
-10622793.9558,3510183.0264
-10622776.3878,3510155.2798999995
-10623722.5264,3504030.289300002
-10623776.8773,3503812.4010000005
-10623794.2968,3504140.7893999964
-10623994.3571,3504088.2964999974
-10624062.7941,3504189.412100002
-10642102.6601,3499056.3060000017
-10651925.4716,3500617.9023
-10605217.1974,3490072.1294
-10619534.9432,3493302.9998999983
-10619393.7456,3493275.2613999993
-10619189.0704,3493388.369099997
-10619277.3352,3493581.3315000013
-10619128.3332,3493317.978699997
-10619566.5659,3494086.3888000026
-10627533.1003,3486904.5317
-10641536.6281,3464967.6021
-10641598.9948,3464969.2282999977
-10641605.5688,3464893.5464999974
-10641478.628,3464786.3932000026
-10641404.0569,3464714.479000002
-10641402.3458,3464780.816200003
-10641377.6908,3464762.925999999
-10568823.554,3475994.152800001
-10622865.5645,3488817.0692000017
-10622179.2294,3488869.3073000014
-10622509.2378,3488867.851499997
-10622563.1509,3488869.5135999992
-10622256.7688,3488723.9570999965
-10622437.7122,3488690.570299998
-10622847.3351,3488723.534599997
-10622113.3208,3488679.959899999
-10622075.6863,3488706.1482999995
-10622091.9752,3488650.8323
-10622110.0441,3488638.612499997
-10622126.2784,3488557.599600002
-10598100.6591,3502801.8499
-10636985.2545,3479585.594800003
-10636962.8545,3479649.6906000003
-10637013.2839,3479621.6137000024
-10619082.67,3506916.5922000036
-10619217.7097,3507023.584399998
-10595221.4276,3477085.3237999976
-10595274.5398,3477203.6613000035
-10595367.7127,3477218.581600003
-10629754.675,3486845.253399998
-10634623.6111,3479678.3522000015
-10634643.1956,3479657.7738000005
-10634641.5387,3479513.5508999974
-10634757.4835,3479386.2282999977
-10634762.4588,3479291.241899997
-10626560.1803,3506323.9438000023
-10626728.325,3506175.5610999987
-10626465.8574,3506418.9645000026
-10626572.4383,3506440.6592999995
-10626444.4177,3506534.5489000008
-10626840.7061,3506352.8134000003
-10626838.6362,3506410.1247000024
-10626818.1708,3506428.3949000016
-10626524.4325,3506572.787299998
-10626606.5316,3506651.6657000035
-10642154.772,3471176.043399997
-10642499.8585,3471355.9376000017
-10642479.4636,3471240.3347999975
-10642430.8504,3471866.4239000008
-10642352.595,3471685.8175000027
-10642446.2569,3471696.8325000033
-10642472.9493,3471696.790600002
-10642451.488,3471514.6881000027
-10640876.9649,3463347.3779999986
-10641167.2133,3463244.1171000004
-10640868.6525,3463189.5427
-10640889.554,3463189.1894999966
-10641082.2005,3463087.804700002
-10640809.9578,3463090.9799000025
-10605108.6258,3484659.5605999976
-10605108.8547,3484680.9957000017
-10605109.7062,3484794.2991999984
-10605110.0804,3484816.8853999972
-10605242.8432,3452993.787600003
-10605166.7407,3452956.0551000014
-10605267.454,3452954.5053000003
-10605116.9946,3453154.4060999975
-10605328.5175,3453545.1283000037
-10579275.8571,3475370.952799998
-10621637.6437,3507821.2727999985
-10621030.7019,3507889.9011999965
-10621189.789,3507829.0812000036
-10621172.2343,3507801.742899999
-10569720.4584,3473715.9399999976
-10569703.2431,3473981.4146
-10611850.4855,3491201.6686000004
-10611810.0907,3491259.8883000016
-10611856.7197,3491353.882799998
-10611927.0392,3491580.206699997
-10612122.6714,3491576.706100002
-10612014.812,3491616.0807000026
-10611777.5255,3491620.2949
-10586954.8127,3459976.878700003
-10587442.8493,3460091.1184
-10587685.4217,3459716.1137999967
-10600087.8281,3452975.9899000004
-10600061.6081,3452916.4729999974
-10600883.8169,3452881.4016000032
-10596612.3032,3450582.318599999
-10596800.2412,3451011.0854
-10596683.1314,3450686.2590999976
-10596902.3705,3450919.0801
-10596819.0609,3450745.168899998
-10596835.7366,3451134.3024000004
-10596971.4533,3451279.3641000018
-10597117.7635,3451275.667000003
-10597022.8882,3451196.8801999986
-10597033.5146,3451107.074500002
-10634569.0931,3462098.4821999967
-10639685.3112,3499905.1895999983
-10639881.661,3500056.7722999975
-10640168.8864,3499942.3132999986
-10639991.1271,3500039.041100003
-10640310.4377,3500111.3762999997
-10587904.5997,3464516.8281999975
-10587872.5252,3464703.6190000027
-10587915.1117,3464423.3731999993
-10588280.7592,3464347.476599999
-10576955.7243,3478019.970399998
-10577077.4328,3478394.083999999
-10594797.2423,3442590.6919
-10594994.7308,3442778.281499997
-10595020.8737,3442750.8505000025
-10594883.4976,3442619.8774000034
-10594817.7138,3442418.751699999
-10595106.2816,3442549.153999999
-10595097.9203,3442453.264799997
-10639354.4412,3462567.082199998
-10639355.3285,3462646.360200003
-10639540.3552,3462642.8765999973
-10639802.0187,3462464.4125000015
-10639457.5183,3462590.093999997
-10639498.8138,3462546.104199998
-10639351.5574,3462355.800800003
-10639435.2806,3462444.325199999
-10639475.7726,3462333.1049000025
-10639802.4255,3462334.9530000016
-10639843.4047,3462331.5485000014
-10625258.5436,3506013.9354000017
-10625417.0325,3506048.9723000005
-10625347.9861,3506038.5559
-10632600.5168,3517191.419399999
-10633187.1563,3517319.703400001
-10631233.4171,3473682.3040999994
-10631395.2544,3473608.2947999984
-10588028.794,3461414.3440999985
-10638991.0816,3470285.726400003
-10638670.6161,3506513.0012999997
-10638511.0324,3506235.5700000003
-10638357.5186,3506090.605800003
-10638449.8608,3505806.539999999
-10638319.0147,3505833.9108999968
-10638339.3193,3505820.438199997
-10627661.7858,3483965.492899999
-10627556.2481,3483885.7961999997
-10627168.3574,3483895.0505999997
-10626905.6832,3483847.102600001
-10615159.5501,3488556.1083000004
-10643281.9005,3495742.8090000004
-10643181.6174,3495693.496799998
-10643276.6704,3495442.3907999992
-10643396.7623,3495610.4120000005
-10643237.1475,3495817.0989999995
-10643346.7385,3495814.8233999982
-10629701.1873,3487432.9606000036
-10629873.6888,3487383.994599998
-10629823.8767,3487425.2063999996
-10629864.7714,3487469.501500003
-10630016.1266,3487546.1904999986
-10630174.9076,3487419.8812000006
-10590363.8115,3485152.3907999992
-10590326.7529,3485152.6834999993
-10589969.273,3485113.3883000016
-10589772.9337,3485149.6787
-10590214.418,3485053.719800003
-10589054.6669,3449373.0486999974
-10589436.2016,3449452.1000000015
-10589577.8237,3449490.821999997
-10619807.127,3507242.4628000036
-10619762.8532,3507328.415600002
-10619809.802,3507537.907399997
-10618759.1972,3509293.199699998
-10619034.4911,3509517.6943000033
-10619163.4875,3509576.472000003
-10619060.7119,3509324.9464000016
-10619055.3055,3509162.149599999
-10634965.1056,3473476.2458999977
-10627600.1184,3470695.514799997
-10639492.8391,3459515.2324
-10639728.8924,3459421.076399997
-10639422.0337,3459278.923799999
-10639596.0428,3459053.094999999
-10639581.3991,3458972.2678000033
-10625629.8489,3466170.686800003
-10625797.4583,3466168.3775999993
-10625625.0673,3466231.5584999993
-10625625.173,3466239.311999999
-10614288.3504,3456236.5769999996
-10614221.4947,3456434.565899998
-10624364.4443,3509077.6762000024
-10624827.0324,3509244.261699997
-10624572.2924,3508882.238499999
-10624635.9262,3508601.5375000015
-10632824.0031,3503701.8216999993
-10581177.6713,3463600.7502000034
-10594832.8512,3512223.523500003
-10594975.2576,3512288.4667000026
-10594730.6282,3512528.286700003
-10628135.4655,3487882.3049999997
-10627118.326,3487967.9214999974
-10575457.0609,3474820.4081000015
-10575603.5295,3474652.2919000015
-10634682.7343,3479229.8127000034
-10634579.9047,3479315.5625
-10634519.7484,3479182.320100002
-10631061.6252,3486988.416000001
-10630885.9962,3486908.2019999996
-10630696.2391,3486810.4714
-10630826.7734,3486809.672799997
-10643583.6002,3475036.1991000026
-10640079.3158,3516655.4214999974
-10656288.5492,3503895.0891000032
-10626488.1695,3452561.9244000018
-10626272.4805,3452504.9504000023
-10626345.9977,3452401.5823
-10626228.9462,3452403.5669
-10626495.2096,3452297.934100002
-10632883.5429,3500555.3060000017
-10632953.1675,3500509.899700001
-10632820.1112,3500348.031300001
-10632834.1439,3500214.7858000025
-10632812.9487,3500178.914300002
-10632594.0306,3500245.4109999985
-10632793.0649,3500560.102300003
-10632593.4262,3500514.282700002
-10632414.2475,3500425.159000002
-10631686.035,3501021.645300001
-10631929.3666,3500874.6635000035
-10631588.8754,3500760.7239999995
-10631572.713,3500894.8781000003
-10631716.1715,3500548.2124999985
-10607479.3979,3488323.6701000035
-10607345.6967,3488365.7229999974
-10607385.5378,3488172.3589999974
-10607385.5841,3488130.673299998
-10607281.3187,3488152.5628999993
-10607636.2696,3488017.5780000016
-10607666.9435,3488032.769299999
-10607648.076,3487866.8856000006
-10607599.866,3487820.3803000003
-10607480.1149,3487632.6871000007
-10607410.8822,3487720.636
-10591921.7859,3476175.9267999977
-10591685.3341,3476353.3464
-10591957.6267,3476235.4434999973
-10592277.1296,3476215.934100002
-10587383.1304,3499847.8118999973
-10621932.129,3489215.9518000036
-10621575.8258,3489421.4865000024
-10621537.1553,3489392.723200001
-10635309.3967,3507262.0764999986
-10635510.1559,3507145.255099997
-10621948.9433,3488601.6243999973
-10622044.864,3488390.610100001
-10621960.3115,3488391.8122999966
-10621807.9064,3488264.5815000013
-10621558.3845,3488031.9672000036
-10621656.5962,3488027.2533000037
-10621721.2633,3487977.6168000028
-10621853.0773,3488203.8988000005
-10621797.2358,3488204.804700002
-10621975.6532,3488165.967100002
-10621993.235,3488165.6401000023
-10621734.5481,3488074.3259999976
-10621814.3178,3488021.7421000004
-10634626.7106,3481277.9236999974
-10634582.7691,3481140.654100001
-10634404.6257,3481079.314000003
-10566684.1313,3473984.8143000007
-10638153.5001,3505677.2353999987
-10638134.7692,3505492.8017000034
-10638089.3079,3505400.3368000016
-10638036.5854,3505435.320299998
-10637983.8666,3505469.729699999
-10638165.9725,3505370.2617999986
-10638118.5869,3505128.1982999966
-10638056.8847,3505177.472199999
-10637779.283,3505018.5907000005
-10637967.4985,3504972.442400001
-10637572.8831,3504955.7915999964
-10632688.7914,3472210.4993999973
-10656597.5206,3514594.999499999
-10599567.8916,3452875.8341000006
-10599615.288,3452918.9529
-10599613.2272,3452969.2739000022
-10599894.0002,3452901.345399998
-10599919.6104,3452806.036799997
-10599773.929,3452658.8440999985
-10600179.6127,3452698.6308000013
-10600066.1821,3453053.018799998
-10600015.7287,3453286.0807000026
-10632917.1176,3473770.419200003
-10632819.64,3473872.9290999994
-10632794.2395,3473775.2956999987
-10630812.9978,3488350.2480999976
-10627357.9191,3473785.646899998
-10638185.751,3462252.311499998
-10638318.0182,3462441.211199999
-10638197.2719,3462504.2446999997
-10638409.8954,3462441.3696999997
-10638550.8523,3462478.2650000006
-10640425.8136,3466410.873999998
-10569559.9809,3473773.538800001
-10569427.2529,3474042.536399998
-10569478.1194,3473937.1440000013
-10612150.1809,3491765.9904000014
-10612062.3546,3491804.3222000003
-10612107.7378,3491898.697499998
-10612005.1494,3492049.997100003
-10612524.5675,3492119.075199999
-10612370.7462,3491691.619400002
-10612314.2726,3491893.8959000036
-10612411.7244,3491555.4329999983
-10623938.9863,3492633.7760000005
-10623782.813,3492768.689000003
-10623671.0227,3492777.596900001
-10623603.342,3492737.2663000003
-10624426.272,3492729.222900003
-10624384.211,3492787.739
-10624323.2332,3492825.3281999975
-10624151.9406,3492827.7309999987
-10624088.1703,3492828.6247999966
-10623858.2228,3492795.1114000008
-10624109.0908,3492791.597900003
-10623639.4601,3493264.9425000027
-10623676.582,3493179.297700003
-10623748.2917,3492926.6296999976
-10623750.9076,3493115.5626000017
-10623752.9538,3493263.355700001
-10623754.0919,3493345.552000001
-10623786.5904,3492926.093999997
-10624152.7443,3492885.6460999995
-10624194.1861,3492921.7990999967
-10624369.2728,3492977.269299999
-10623924.0883,3492983.5097000003
-10624366.453,3493166.633100003
-10624613.1156,3493163.1692999974
-10638828.7201,3470586.3682999983
-10638803.2552,3470754.0556000024
-10630065.1001,3502858.190899998
-10630083.8476,3503046.1338
-10630017.2161,3503222.5107999966
-10628928.2933,3486842.048100002
-10629290.2119,3487053.8923999965
-10639421.5677,3478608.462200001
-10639460.9856,3478615.768799998
-10635987.38,3481286.5392000005
-10635918.1279,3481113.0775000006
-10627120.5452,3484148.7892000005
-10627064.5299,3484209.0759999976
-10626834.5478,3484242.0533000007
-10626779.792,3484145.1309999973
-10626772.4381,3484031.1340000033
-10589994.0384,3446527.429200001
-10589929.0563,3446581.923600003
-10589960.4252,3446270.7629999965
-10589663.4989,3446673.981200002
-10589372.1431,3446748.371799998
-10589356.2972,3446628.0151000023
-10589804.9096,3446497.2413000017
-10589525.315,3446484.7246999964
-10589416.8367,3446516.3884999976
-10589420.3829,3446469.4812999964
-10589523.2864,3446444.391599998
-10589338.4174,3446563.0130999982
-10589559.5259,3446379.2342000008
-10589428.3938,3446401.848899998
-10589312.3199,3446405.1401999965
-10589369.4678,3446378.1731999964
-10589547.1785,3446191.6224000007
-10589360.8331,3446295.7677000016
-10589224.1751,3446383.6966999993
-10626530.3321,3506970.7092999965
-10627046.954,3506871.5694999993
-10626993.6342,3506976.843699999
-10602996.0473,3447259.9258999974
-10602494.4477,3447102.847599998
-10603070.3094,3446616.7827999964
-10600609.4654,3450500.590300001
-10600560.1505,3450453.0681999996
-10600477.3621,3450270.6862000003
-10600281.5593,3450152.9488999993
-10601199.0392,3451046.2167000026
-10601233.9819,3451079.338100001
-10600577.4772,3450320.9211999997
-10601062.9594,3450714.967
-10601110.5954,3450691.624300003
-10601165.523,3450876.9584000036
-10601358.6851,3450844.0867
-10601998.4874,3484145.524700001
-10602178.1938,3484101.4098000005
-10601792.9524,3484307.5534999967
-10601812.8719,3484107.3945000023
-10601530.4219,3484061.690899998
-10601715.1612,3484048.8073000014
-10601692.8786,3484010.630099997
-10601831.2901,3483938.9026999995
-10601764.744,3483947.252899997
-10595664.1695,3459323.543399997
-10583477.4361,3486425.9755999967
-10583498.4014,3486425.601800002
-10583817.844,3486419.9275999963
-10641960.6118,3464875.9802
-10641987.5827,3464754.2760000005
-10641949.0173,3464730.1679999977
-10641936.2524,3464984.8078999966
-10642109.1077,3464906.684100002
-10642111.4529,3464941.164300002
-10619460.0155,3493599.843999997
-10619925.5196,3494050.606200002
-10619997.4452,3493904.8202000037
-10619856.7854,3493969.148500003
-10619465.8669,3493745.394100003
-10619966.3855,3493623.9450000003
-10607549.8204,3503532.3083999977
-10636831.0324,3458447.706600003
-10636820.4322,3458749.2607000023
-10636707.6993,3458770.4839999974
-10636773.4913,3458558.714900002
-10636755.0181,3458423.4373999983
-10636730.7182,3458556.794500001
-10636695.7472,3458720.8772
-10636666.2993,3458513.9558999985
-10636626.1806,3458584.0798999965
-10636623.1767,3458610.3632000014
-10597018.6108,3458022.520800002
-10640311.5169,3500155.041699998
-10639884.747,3500277.0813999996
-10640203.8,3500487.0339
-10600395.5764,3510079.5143000036
-10600373.4025,3509908.516400002
-10600462.1623,3509867.705799997
-10600433.6135,3509443.0205999985
-10600413.014,3509378.983000003
-10600106.0811,3509874.463799998
-10600018.186,3509853.5075000003
-10600366.9061,3509802.9777000025
-10600423.519,3509762.057400003
-10600290.485,3509755.421400003
-10600539.9139,3508950.2206000015
-10600475.8775,3508849.6630999967
-10599817.3636,3484828.002700001
-10632341.17,3517620.708899997
-10633255.1986,3517513.0979999974
-10632515.9191,3517718.2831000015
-10632521.8414,3517900.4736
-10632562.141,3518029.589900002
-10603942.0705,3485069.2863000035
-10603681.6352,3484959.203599997
-10603697.1715,3485098.402400002
-10631097.8078,3487528.1388000026
-10631241.0612,3487605.2939999998
-10630960.0137,3488202.468999997
-10596216.0673,3457114.3853999972
-10596522.1079,3457138.985600002
-10596498.6202,3457106.8589999974
-10596288.9062,3457083.4651999995
-10596325.1497,3457041.4047000036
-10596267.1535,3456999.4382999986
-10596140.7324,3457000.769100003
-10596322.7384,3456923.2245000005
-10596078.8601,3457114.9804999977
-10596114.3438,3456753.1231999993
-10632439.6321,3501803.311499998
-10632468.8487,3501955.7488999963
-10632496.2645,3501940.594899997
-10646623.4217,3470366.559100002
-10646498.0235,3470295.9569000006
-10646950.9968,3470270.9443999976
-10646694.1745,3470202.3764000013
-10646622.5424,3470202.7277000025
-10646531.642,3470160.596199997
-10646570.3541,3470102.8879999965
-10627101.4871,3505862.7030000016
-10627235.6487,3505968.3966000006
-10627257.2324,3506004.471500002
-10625862.2519,3507103.030500002
-10626020.654,3507003.8813000023
-10639065.98,3472150.107000001
-10636838.4271,3480589.6613000035
-10636926.7093,3480730.9921000004
-10632452.1634,3519667.9087999985
-10632570.6219,3519963.465999998
-10632525.273,3520122.532700002
-10632629.4328,3520034.2009999976
-10639711.8775,3460803.2480000034
-10639608.2021,3460945.0584999993
-10640072.8664,3461203.169399999
-10639612.0418,3461155.3704999983
-10639909.4307,3461447.6592999995
-10639889.3511,3461289.890900001
-10587996.4918,3502868.2559999973
-10587592.6813,3502828.7158999965
-10587184.6807,3503099.489500001
-10587008.4126,3503092.5266999975
-10637033.8431,3480442.9811000004
-10637032.021,3480924.6603000015
-10637132.8406,3480407.710900001
-10601936.1107,3447492.0764999986
-10601543.6728,3448299.354699999
-10601597.4561,3448707.2238000035
-10601476.7295,3448612.876000002
-10601112.3312,3448265.8555999994
-10601426.8638,3447908.6488000005
-10601751.0972,3447583.3574
-10659342.9327,3475302.0559
-10659677.073,3474782.408500001
-10659509.8623,3474898.6709999964
-10659655.5863,3474885.6538999975
-10659729.6957,3474987.570299998
-10659588.6204,3475282.554899998
-10628643.7462,3507393.1384000033
-10628574.0568,3507338.177699998
-10628731.9429,3507631.0613999963
-10628635.7404,3507697.3566000015
-10628611.7196,3507712.545400001
-10628458.209,3507801.9257000014
-10628452.2322,3507725.2074000016
-10628326.9683,3507522.9356999993
-10638948.1114,3462947.4214999974
-10638801.0796,3462924.147399999
-10638943.5595,3462838.3017999977
-10638865.519,3462826.0782999992
-10586846.8922,3502473.083800003
-10643755.4697,3466448.5496999994
-10643756.0781,3466469.594499998
-10643658.7489,3466624.1648999974
-10643363.2983,3466628.548100002
-10643518.2383,3466660.7479000017
-10643246.9118,3466685.6159999967
-10643166.8672,3466593.908699997
-10643203.055,3466460.1316
-10643224.8018,3466749.1111999974
-10643108.9449,3466676.887599997
-10643067.0757,3466485.979699999
-10643010.6641,3466677.6202000007
-10642812.5589,3466641.102499999
-10642811.1087,3466509.5190000013
-10643427.9818,3466309.080600001
-10643327.2329,3466343.179399997
-10643326.202,3466236.924900003
-10643348.4867,3466184.3332
-10643253.2941,3466088.5604000017
-10643560.91,3465940.5568000004
-10643522.7551,3465938.383100003
-10643491.4165,3465845.512199998
-10643378.3726,3465892.784500003
-10643489.9541,3465805.5631000027
-10643513.0977,3465805.1937000006
-10643635.6207,3465798.4607999995
-10643275.3399,3465755.6296000034
-10643270.77,3465641.753399998
-10643410.719,3465670.044399999
-10643635.3941,3465686.3144999966
-10643200.5224,3465832.7238000035
-10643171.6874,3465832.908200003
-10643141.0331,3465796.0996999964
-10643128.501,3465753.240199998
-10642094.0365,3475555.1218999997
-10642087.1148,3475510.4016000032
-10642166.1704,3475482.8967999965
-10642165.4524,3475533.838799998
-10642384.2001,3475526.8310000002
-10642321.9846,3475463.2682000026
-10642157.7928,3475421.650799997
-10642362.7148,3475364.2324
-10642332.3754,3475235.6357999966
-10642082.323,3475302.7968000025
-10642131.3153,3475255.6472000033
-10582229.3878,3448797.399099998
-10581913.6914,3448931.4047000036
-10582108.4492,3449018.1745000035
-10582252.724,3449076.8280000016
-10637738.953,3499965.6658999994
-10637674.5144,3499974.5
-10637486.2763,3499866.9023
-10637452.3242,3500136.664999999
-10637644.7212,3500497.479500003
-10637617.0959,3500489.149599999
-10637562.1966,3500521.593500003
-10637076.1085,3471039.802699998
-10637096.7442,3470442.496799998
-10595194.4907,3442969.6055999994
-10594688.6356,3442703.422799997
-10618904.2543,3513257.579400003
-10618860.0397,3513358.0675000027
-10618730.3372,3513580.847400002
-10616276.0036,3509247.6886000037
-10616047.0264,3508886.594300002
-10616058.0872,3509295.6335000023
-10616149.657,3509237.6719999984
-10615860.2704,3508968.8647999987
-10615959.52,3509399.1865999997
-10615971.6594,3509417.8264999986
-10615207.6769,3509233.298299998
-10615652.4195,3509270.8242999986
-10615683.8,3509188.5081999972
-10615626.7449,3509090.7650000006
-10615625.2787,3508984.715999998
-10615520.0497,3508935.6953999996
-10584667.8503,3443916.095200002
-10614863.8913,3506385.979199998
-10600368.3248,3453309.5966000035
-10600176.824,3453415.1257999986
-10613342.306,3457200.7764
-10613245.233,3457100.211199999
-10636240.115,3459043.891599998
-10635743.6205,3459077.961000003
-10628696.2351,3488568.9202999994
-10628143.8774,3488466.481700003
-10628709.4397,3488228.5939000025
-10628584.927,3488655.4846
-10628471.3136,3488641.7514000013
-10635659.1275,3460316.428000003
-10635583.7658,3460219.357900001
-10635681.3195,3460217.4931000024
-10635939.0688,3460213.391999997
-10635606.5867,3460119.6467999965
-10635911.2626,3460055.9997999966
-10635853.9,3459760.347000003
-10635531.0276,3459726.656800002
-10635569.4128,3459666.3959000036
-10635356.4641,3459669.4641999975
-10635424.4069,3459630.0571999997
-10635549.9552,3459568.8285000026
-10635503.7479,3459569.469999999
-10639552.5781,3501248.1094999984
-10639471.3166,3501142.3911999986
-10626299.5476,3483728.579099998
-10625703.7437,3483680.8998000026
-10625578.2813,3483680.2377000004
-10625578.9281,3483745.907499999
-10625492.4406,3483774.1268000007
-10625439.8746,3483802.505099997
-10625582.0703,3483594.8194999993
-10625860.2374,3483593.713799998
-10626008.8797,3483536.968000002
-10625523.9803,3483538.0468999967
-10625433.212,3483447.293399997
-10605241.476,3505316.209399998
-10605634.7135,3505284.4868
-10619153.4006,3507271.1406999975
-10611607.571,3492063.962700002
-10611584.8725,3492004.0458000004
-10611489.3178,3491909.0165000036
-10611415.1405,3491779.443599999
-10611565.91,3491623.8752999976
-10611435.4082,3491626.5933
-10611591.1117,3491488.9415000007
-10631384.1114,3502090.3496999964
-10631508.1888,3501936.9026999995
-10588029.3095,3464305.9266000018
-10588382.9206,3464299.9218000025
-10588387.6864,3464235.5666999966
-10639996.5625,3460334.755900003
-10639780.6881,3460827.7563999966
-10595683.1932,3477908.9692
-10595869.3057,3477724.656199999
-10595713.8778,3477833.083300002
-10595818.4457,3477687.8457999974
-10616972.6212,3488708.0414000005
-10636176.7994,3476993.954499997
-10602538.4008,3447734.557599999
-10597226.5755,3451405.424999997
-10597340.6909,3451162.107900001
-10597469.9006,3451344.9865999967
-10597699.5321,3451398.4497999996
-10597580.4701,3451002.473099999
-10597686.6198,3450925.789300002
-10597683.5746,3450861.8115999997
-10627018.7763,3505352.1384999976
-10626940.1218,3505439.8276999965
-10633706.6935,3474542.9946999997
-10623218.1471,3456264.048600003
-10623211.8703,3455963.8687999994
-10623212.6102,3455999.0801
-10622495.3219,3456481.776799999
-10622604.0041,3456577.605700001
-10622426.7934,3456540.9230000004
-10622461.7071,3456540.5121000037
-10622678.002,3456544.3910000026
-10612566.8302,3491306.6428000033
-10612733.655,3491305.9897999987
-10613160.1562,3491169.918399997
-10612948.2005,3491208.811999999
-10612884.6724,3491267.0571999997
-10613212.6318,3491301.677199997
-10640007.184,3459601.8923999965
-10639780.8936,3459507.5212000012
-10639902.5907,3458981.604699999
-10639891.5827,3459043.3244000003
-10639872.0323,3459203.9306999967
-10640023.5091,3459151.7309999987
-10567340.5366,3473748.4526999965
-10591703.0893,3463531.1576000005
-10591661.2086,3463601.2880000025
-10591579.6401,3463602.7440000027
-10591615.6559,3463443.5253000036
-10582743.3248,3449811.3769000024
-10582589.2757,3449992.3298000023
-10582516.2867,3449949.3364000022
-10630121.6749,3503806.7140000015
-10630351.0749,3503652.244099997
-10647265.1908,3498622.7400999963
-10647314.8967,3498626.5934000015
-10647107.323,3498795.2239999995
-10605654.5711,3485014.4705
-10640036.3986,3500651.101800002
-10639899.7906,3500674.0018000007
-10639911.7097,3500784.0403999984
-10619973.3027,3512992.621100001
-10619901.1922,3513010.0217000023
-10619930.7898,3513262.6745999977
-10620092.2778,3513120.1037999988
-10619731.1354,3513047.7271
-10620136.6031,3513266.561800003
-10585876.8988,3512104.673799999
-10632756.723,3502193.114
-10632833.7804,3502201.242200002
-10630883.3396,3460607.193599999
-10630831.7461,3460565.173600003
-10630907.5512,3460567.858000003
-10631115.0767,3460283.6646
-10630904.8741,3460247.2277000025
-10630930.9508,3460242.1149000004
-10631015.8435,3460241.9833000004
-10630852.6406,3460027.5424000025
-10630901.311,3460026.831100002
-10630900.4635,3459968.7809000015
-10622778.1337,3452130.2387999967
-10595287.3083,3442196.6767000034
-10595335.1745,3442331.8263000026
-10595479.2447,3442415.8433
-10595514.7331,3442352.632100001
-10595546.6079,3442263.3280000016
-10631514.6841,3501003.3690000027
-10631443.4849,3500997.8606999964
-10631257.5763,3500985.942900002
-10637366.3319,3471703.276299998
-10637233.3459,3471726.2104
-10607807.0402,3487587.0205999985
-10607898.5871,3487592.1736999974
-10608188.8378,3487628.0081999972
-10608005.5958,3487591.871600002
-10608285.8614,3487524.445299998
-10608116.7674,3487530.4133
-10608040.5497,3487531.077200003
-10608020.6456,3487294.3170000017
-10631586.5099,3493670.4211999997
-10631580.302,3493554.2119999975
-10631390.6219,3493412.513899997
-10627669.6264,3488266.9311000034
-10628053.0284,3487976.815200001
-10641576.7575,3461594.153499998
-10641490.7207,3461564.514700003
-10641527.252,3461887.8818999976
-10641555.5468,3461789.546599999
-10641574.1326,3461456.5798999965
-10641598.2056,3461097.884999998
-10641738.1923,3461189.5441000015
-10641562.5968,3461128.7035000026
-10641487.7027,3461102.337399997
-10641773.7177,3461094.524599999
-10641752.845,3460977.9804000035
-10641567.9827,3460811.1943999976
-10641869.1466,3461870.584899999
-10641932.3563,3461826.531999998
-10641966.2367,3461660.1697999984
-10641814.5451,3461540.340099998
-10641962.7635,3461090.7580000013
-10631055.1644,3486501.9900999963
-10631057.3511,3486708.0802000016
-10631212.8792,3487226.769699998
-10631157.804,3486440.1494000033
-10636269.5215,3472655.4421000034
-10636368.248,3472710.9535000026
-10636383.6397,3472867.3258000016
-10636295.5793,3472857.7294000015
-10636290.8066,3472828.6256000027
-10636155.0524,3472467.4459000006
-10636070.8595,3472468.799800001
-10594344.33,3442487.212200001
-10594583.6976,3442514.3121000007
-10594473.3901,3442442.181599997
-10594469.9057,3442436.282200001
-10594610.8598,3442279.112400003
-10640197.9451,3460460.4914000034
-10639836.711,3460511.6655
-10639790.2863,3460786.362999998
-10635103.3253,3490027.432400003
-10603590.2119,3484708.236100003
-10603440.6451,3484771.0068000033
-10632336.3516,3500341.6642000005
-10632152.9784,3500406.961599998
-10632115.0087,3500309.2073
-10632425.3048,3500179.1577999964
-10632486.6236,3500017.7348999977
-10632203.3807,3500212.8896000013
-10632587.5437,3499694.3345
-10632340.3526,3499666.7842999995
-10632202.7616,3499754.206600003
-10632075.6691,3499817.3559999987
-10631840.9765,3500221.927199997
-10631622.4684,3500359.714299999
-10631604.8625,3500035.838600002
-10631798.601,3499906.9045
-10631340.5443,3500303.9988999963
-10631314.8238,3500318.9641999975
-10631268.435,3500299.0212000012
-10631564.3154,3500092.4834999964
-10631074.9125,3500299.821999997
-10631050.773,3500314.893600002
-10646666.7845,3498626.343800001
-10646877.9775,3498752.1032000035
-10596301.4619,3444459.9499000013
-10596325.8064,3444409.032499999
-10594293.17,3477460.2465000004
-10594436.7801,3477655.1983999982
-10594488.551,3477423.1190000027
-10594798.8689,3477588.106899999
-10594571.6682,3477492.4356999993
-10594159.7885,3477495.4597000033
-10593995.8662,3477653.246299997
-10593994.2679,3477696.826200001
-10593899.5406,3477587.7983999997
-10593894.234,3477652.3988000005
-10593844.5133,3477774.512599997
-10594303.1564,3477774.547700003
-10594281.5337,3477774.4496000037
-10594157.3044,3477774.1867000014
-10594550.3448,3477776.0562999994
-10590618.8495,3463613.723200001
-10590419.8014,3463506.952299997
-10590461.0926,3463441.581299998
-10590352.9843,3463443.8797999993
-10590592.6089,3463394.7282000035
-10587747.3544,3463325.715499997
-10587914.0687,3463321.8664000034
-10626917.2195,3487398.233400002
-10627235.1372,3487323.829099998
-10627321.593,3487219.0097000003
-10627258.3406,3487212.342100002
-10626979.4189,3487102.330799997
-10626711.5562,3487165.766599998
-10601893.4494,3484783.7129999995
-10601883.1379,3484851.428000003
-10628256.8758,3508080.4936999977
-10628290.4521,3507861.7211000025
-10606548.6701,3484588.7368
-10606465.0482,3484974.432599999
-10606745.9502,3484815.8708000034
-10596327.4532,3464360.882799998
-10596398.1457,3464434.840999998
-10596814.9167,3458262.9668999985
-10596952.0416,3458441.8955999985
-10596955.7208,3458364.8062999994
-10623910.1182,3503770.8923000023
-10624167.0697,3503517.235200003
-10624078.7396,3503853.4908000007
-10624220.2034,3503706.7331999987
-10624210.7393,3503949.621600002
-10631409.6228,3487640.523599997
-10631422.5928,3487782.3225999996
-10631316.4153,3487913.508299999
-10631740.4981,3487896.1313999966
-10631530.5536,3488004.6081999987
-10613776.285,3455716.539999999
-10613955.2699,3455510.8302000016
-10613880.3602,3455510.4398000017
-10607088.6488,3461963.8944000006
-10607158.3924,3462066.664999999
-10607130.3147,3462095.458899997
-10607271.9041,3462057.184799999
-10631137.7504,3488140.0565000027
-10631041.0038,3487981.9133
-10631389.1686,3488355.9505999982
-10623580.9932,3490207.0555000007
-10623765.3163,3489684.733400002
-10623870.7721,3489588.9505999982
-10623534.4274,3489630.178199999
-10623492.6591,3489499.4570000023
-10642024.5502,3475225.373300001
-10642006.905,3475302.6811000034
-10641861.3374,3475210.827399999
-10641814.7774,3475299.7644999996
-10641780.9267,3475217.3288000003
-10641780.7455,3475259.240199998
-10641742.3831,3475223.744900003
-10641584.284,3475232.9267999977
-10641585.1446,3475342.0352
-10641696.5289,3475461.0348000005
-10642025.8244,3475597.164499998
-10641702.2067,3475638.555200003
-10641662.623,3475566.7343999967
-10641618.54,3475600.972099997
-10641589.6747,3475594.6438999996
-10641590.2812,3475640.556599997
-10619095.4457,3509207.250699997
-10619549.119,3508950.8122999966
-10625956.1752,3507312.9086000025
-10626173.7396,3507354.7021000013
-10642914.6663,3463139.225900002
-10642641.4138,3462917.077200003
-10642674.3754,3462865.800999999
-10642791.6789,3462578.3483000025
-10642494.9014,3462469.3698000014
-10642246.1281,3462942.5820000023
-10642017.0361,3462786.0040000007
-10642039.0766,3462746.726800002
-10642038.0302,3462686.630599998
-10641896.6659,3462687.6674000025
-10636212.886,3458356.1625000015
-10636594.531,3458290.509999998
-10636476.5057,3458281.9570999965
-10636475.8425,3458172.7092999965
-10636476.7281,3458225.5185000002
-10643777.8957,3495485.8765999973
-10644195.2347,3495479.4158999994
-10644236.5242,3495782.2255999967
-10644448.4327,3496220.036200002
-10644446.6876,3496137.931400001
-10644271.1557,3496398.572300002
-10585359.6798,3505272.466799997
-10585176.0938,3505375.914999999
-10637591.7735,3488389.069600001
-10637442.7624,3488501.3033000007
-10637416.9314,3488494.9839999974
-10588409.4641,3464189.2534999996
-10588444.2947,3464122.8781000003
-10646391.9685,3513553.149899997
-10599925.2451,3475790.1711999997
-10599925.207,3475767.4915999994
-10600128.224,3475641.677699998
-10638281.8213,3462924.2405999973
-10638179.1391,3462943.5680000037
-10586794.3763,3499409.212899998
-10643972.9056,3474637.7792000026
-10631419.1066,3460344.1538999975
-10631212.1692,3460359.2907000035
-10631257.4103,3460450.8464
-10631262.5989,3460563.123499997
-10631387.2088,3460593.514700003
-10631513.6115,3460692.2687000036
-10631466.2749,3460581.158399999
-10639646.8301,3478404.568400003
-10587327.8413,3499575.6516999975
-10587069.4565,3499579.1859000027
-10605668.3058,3484579.4428000003
-10605208.2469,3484696.9334999993
-10595057.5396,3458210.536899999
-10595196.3113,3457969.6319999993
-10595064.1742,3458064.8029000014
-10595063.1445,3457971.1111999974
-10592777.9717,3464613.5412999988
-10638291.5865,3506205.1933000013
-10634794.2798,3489588.9641999975
-10634991.3434,3489514.447999999
-10635152.7711,3489571.3606999964
-10635095.1641,3489576.8113999963
-10588337.453,3507187.9878999963
-10639158.5078,3471958.4274000004
-10638612.4113,3472092.8435999975
-10638742.0979,3472027.380400002
-10638634.4741,3471918.965099998
-10625505.3201,3452293.8672999963
-10626034.2601,3452304.9888999984
-10626014.7846,3452264.5525999963
-10626053.2986,3452264.5429999977
-10625698.2792,3452164.5720999986
-10625658.6517,3452104.4965000004
-10626135.7146,3452201.5952999964
-10626235.8009,3452159.0854
-10633286.4364,3507581.9976999983
-10632980.9222,3507740.6286000013
-10633236.949,3507675.1789999977
-10617148.9729,3488579.854199998
-10600814.2992,3449971.3007000014
-10632575.3719,3460585.487400003
-10632569.9426,3460191.048799999
-10632628.6204,3460334.869099997
-10632627.8479,3460382.095700003
-10632787.3828,3460433.8550999984
-10632951.4609,3460531.027900003
-10634283.4822,3481859.8389
-10637329.8253,3480379.7474000007
-10594984.6638,3443040.602300003
-10594950.9492,3442954.773199998
-10595081.1926,3443216.810999997
-10594539.4918,3442920.9310000017
-10594629.2571,3442948.5358999968
-10594792.7794,3443247.4601000026
-10594732.3521,3443189.954499997
-10594438.9493,3442911.5574999973
-10616363.3006,3488099.7474000007
-10627471.0459,3513793.4048999995
-10627471.104,3513768.289800003
-10627404.4032,3513694.2030000016
-10627404.1641,3513797.2795
-10627299.1732,3513800.001000002
-10584477.346,3505348.7113000005
-10638451.4972,3462716.8716999963
-10638709.0282,3463060.867200002
-10638638.3627,3463039.1345999986
-10638372.2979,3463052.4614999965
-10600800.1796,3451809.159699999
-10600969.0243,3451867.7556999996
-10601341.0568,3451804.3013999984
-10601063.4481,3451764.245099999
-10629473.5744,3472873.2705999985
-10622892.5756,3456416.8334000036
-10623000.3342,3456750.8043000028
-10623162.3545,3456777.2289000005
-10623010.7257,3456653.7861
-10622969.2062,3456549.077399999
-10623124.5088,3456477.296400003
-10623231.3359,3456580.5868000016
-10595059.6752,3477338.286700003
-10594958.0733,3477420.0020999983
-10594980.6035,3477427.0273
-10595235.2067,3477410.8332
-10595215.2469,3477377.099799998
-10633202.6853,3517712.9224999994
-10632970.4954,3517760.7920999974
-10633117.4819,3517832.1169999987
-10633008.397,3517960.540100001
-10633237.0719,3517972.9954999983
-10633399.0174,3517834.9026999995
-10632746.2196,3518477.4274000004
-10646610.3699,3469907.3461000025
-10646175.4919,3470115.988300003
-10646347.5921,3469785.281800002
-10646484.4605,3469828.029600002
-10646506.0396,3469837.7551999986
-10646191.7195,3470304.8944000006
-10646321.5149,3470483.142499998
-10646110.644,3470378.3791999966
-10646111.1493,3470478.1724999994
-10624907.4271,3506897.0737000033
-10624972.2282,3506998.4148999974
-10625098.6704,3507100.6863999963
-10625304.1113,3507228.4323000014
-10625237.1133,3507475.7885000035
-10625265.4972,3507463.1272
-10625406.0774,3507294.1094999984
-10625134.7297,3506865.3910000026
-10632652.163,3502356.7492000014
-10666279.5429,3477114.857000001
-10596795.8592,3450660.466499999
-10596829.562,3450699.4526999965
-10596940.0834,3450816.666699998
-10597157.0104,3451044.2084000036
-10597968.1154,3450793.6106999964
-10597899.818,3450700.5481999964
-10597121.1044,3450921.475100003
-10597343.798,3451009.4794000015
-10597319.0768,3450980.1215000004
-10597231.1016,3450751.197499998
-10597605.5709,3450784.372299999
-10597580.3566,3450612.6312000006
-10597671.5225,3450421.590400003
-10597862.8014,3450507.1696999967
-10597787.5344,3450246.799800001
-10597739.7285,3450349.836599998
-10597677.8698,3450311.4492999986
-10597833.4832,3450307.1054000035
-10597477.6797,3450320.2409999967
-10597559.676,3450364.3583000004
-10597241.7197,3450352.5517000034
-10597110.1724,3450489.5647
-10597253.6097,3450417.4338999987
-10597247.8879,3450466.8376
-10597073.252,3450724.4155
-10597124.4844,3450582.5803999975
-10597099.3975,3450607.0623999983
-10596916.7676,3450650.1559000015
-10596810.5618,3450464.2074000016
-10588025.3473,3464643.110299997
-10612760.497,3459235.097400002
-10613345.1372,3491190.1481000036
-10613496.5713,3491145.764200002
-10614098.4643,3491263.0102000013
-10624378.83,3509765.7946999967
-10624271.7956,3509977.7378999963
-10624644.8527,3509924.523199998
-10624626.7386,3509691.8144999966
-10629517.0696,3487664.044500001
-10641660.4324,3471602.732000001
-10641574.9588,3471508.0132
-10641525.2143,3471411.9397
-10641416.6343,3471460.3972000033
-10641703.5218,3471292.8078999966
-10641579.6675,3470859.2026000023
-10646473.4392,3474751.521899998
-10646112.5305,3474780.2271
-10646325.7321,3474973.4102
-10646412.6598,3474877.3477
-10646587.9438,3474912.409900002
-10570389.3825,3470806.9915999994
-10570359.4379,3470811.7480999976
-10570294.1945,3470741.1105000004
-10626719.4279,3472668.878700003
-10626624.9755,3472680.8237000033
-10626673.0732,3472717.220399998
-10637312.8094,3471023.7613999993
-10637285.8757,3471023.994900003
-10637240.1824,3470788.6466000006
-10582246.7957,3450000.1547000036
-10582192.1568,3449850.4284000024
-10665705.5603,3476809.286700003
-10665810.7375,3476854.4773999974
-10629469.484,3508561.5790000036
-10629489.0605,3508549.0288999975
-10629271.5339,3508330.916199997
-10629128.4388,3508548.3257
-10629043.9683,3508359.3633999974
-10629029.5401,3508294.820299998
-10629266.2929,3508803.018100001
-10628601.329,3508249.5555000007
-10628752.1804,3508284.778499998
-10631696.5513,3493357.962700002
-10631954.1735,3493818.0018000007
-10631760.6965,3493507.892999999
-10635389.261,3471425.1149000004
-10635376.7967,3471539.092799999
-10635338.1736,3471371.7458999977
-10614615.0047,3456449.6994000003
-10639660.2112,3472391.2161
-10639858.2642,3472126.8933999985
-10639730.3789,3472299.088399999
-10639659.0771,3472301.5100999996
-10641456.6273,3470323.9695999995
-10641400.0393,3470485.8203999996
-10641301.7764,3470294.024099998
-10641303.0892,3470425.0737000033
-10641125.6523,3470427.197800003
-10641071.2531,3470620.463100001
-10641460.5401,3470603.9952000007
-10641452.0238,3470741.8505999967
-10596498.1513,3457856.9804999977
-10596055.6522,3457813.923299998
-10595823.473,3457817.8127999976
-10596138.6151,3457776.637199998
-10595930.79,3457867.5393999964
-10631596.7189,3487409.7958000004
-10631655.3958,3487520.0522999987
-10631597.6853,3487671.7930999994
-10631633.6109,3487777.799999997
-10605398.2777,3485055.723200001
-10605336.1386,3485117.577799998
-10584583.4886,3492910.358099997
-10583696.4985,3493313.8778000027
-10583560.8248,3493178.1407999992
-10583827.1044,3493271.011
-10583817.2814,3493199.9767000005
-10584496.7638,3493212.462099999
-10584480.2241,3493004.7837999985
-10584458.0863,3492282.268100001
-10584547.727,3492335.9870000035
-10584229.7357,3492355.784400001
-10584329.2028,3492327.7118000016
-10584169.8373,3492558.7727999985
-10583376.9609,3492623.6987000033
-10583224.1404,3492838.3065000027
-10583697.0375,3493041.8537999988
-10587307.2401,3451012.483599998
-10587350.3601,3451131.8638999984
-10587141.5684,3451093.5643000007
-10586978.8392,3451117.962399997
-10587169.323,3450776.7129999995
-10586953.8764,3450972.1204999983
-10587200.4505,3450574.878700003
-10587137.7971,3450668.731200002
-10587278.8294,3450416.969499998
-10630588.0756,3503906.6406999975
-10630589.7198,3503933.9328000024
-10630476.5186,3503665.9592999965
-10630572.0259,3503643.7961999997
-10630695.1557,3503928.9667000026
-10630744.2408,3504002.7705999985
-10630776.3311,3504071.6114000008
-10630717.9599,3504110.900899999
-10630892.8402,3504030.359099999
-10587749.5095,3452320.528800003
-10588055.634,3452246.546599999
-10587840.0873,3452184.0381999984
-10587632.195,3452285.878899999
-10587393.7502,3452185.061800003
-10587733.4601,3452036.2173999995
-10587397.7657,3452022.9628000036
-10587516.0113,3451956.265900001
-10587817.6923,3451878.777099997
-10587496.621,3451896.8238999993
-10587429.5863,3451869.6181999967
-10587579.0874,3451715.7432999983
-10587344.5084,3451721.1115999967
-10587654.0731,3451682.6291999966
-10648699.8673,3482699.3746000007
-10628132.9724,3507289.6613000035
-10628027.4089,3507238.483599998
-10627894.69,3507293.0788000003
-10627654.1356,3507296.068400003
-10627799.6375,3507642.9219999984
-10627697.1458,3507622.1155999973
-10644233.2056,3496288.7074000016
-10644165.6697,3496030.1899000034
-10644126.1536,3496025.3325000033
-10644079.1186,3496419.5264
-10644040.2656,3496065.137000002
-10643711.7207,3496306.261500001
-10643567.6773,3496444.4952000007
-10643884.3482,3495863.5691
-10643720.7448,3495986.3505000025
-10643636.421,3495944.2038000003
-10643850.6597,3495939.5675000027
-10642808.7094,3496252.5047999993
-10642861.9937,3496179.8797999993
-10642806.338,3496033.7488999963
-10643263.5722,3496162.039800003
-10643189.3896,3496104.6379999965
-10643189.3455,3496060.5562999994
-10643439.5373,3496057.6204999983
-10643498.2056,3496165.505099997
-10643364.275,3496429.741700001
-10643081.1664,3496282.0166999996
-10638632.1283,3496814.4891000018
-10638785.9132,3496911.6383000016
-10638872.0566,3496864.331299998
-10639590.339,3496849.8614000008
-10639436.6391,3497258.924900003
-10636353.8228,3481517.2041999996
-10636393.9963,3481544.4174999967
-10607475.5009,3491021.4400999993
-10607470.9133,3490987.9596000016
-10642303.7732,3463246.4899000004
-10642358.2738,3463202.561800003
-10642322.7611,3463075.3825000003
-10642287.988,3463075.6959000006
-10642458.4123,3463029.806400001
-10642479.6411,3463248.341300003
-10642152.4073,3463143.4897999987
-10642074.4769,3463173.4944999963
-10627813.641,3487422.5273
-10627667.5624,3487846.939199999
-10627460.4584,3487762.195299998
-10627506.6162,3487819.5737000033
-10627553.4306,3488024.5425999984
-10627776.461,3487971.494900003
-10633977.445,3462767.029299997
-10635488.2851,3459303.3025999963
-10635303.4368,3459094.412299998
-10635480.6349,3459213.737999998
-10635233.249,3459208.3959000036
-10635138.8172,3459265.0102000013
-10635474.277,3459004.8320999965
-10635903.6483,3458162.916199997
-10635891.7001,3457825.8170000017
-10642098.6727,3501116.601400003
-10641791.2166,3500960.3478000015
-10642016.1752,3500972.034500003
-10641385.8275,3500987.8345
-10641541.3726,3501207.8928999975
-10641388.0193,3501251.921099998
-10641467.3608,3501294.7290999964
-10641180.0193,3501659.2666999996
-10641076.5761,3501758.4089
-10641061.4621,3501780.083499998
-10641466.853,3501933.8007000014
-10641497.3659,3501954.490000002
-10641450.4794,3501578.0058000013
-10641475.7579,3501520.6855000034
-10641649.6878,3501491.8246000037
-10641541.7234,3501391.0754000023
-10642012.9373,3501158.8241000026
-10659842.7822,3474782.0232999995
-10660046.3747,3475487.4826999977
-10660275.5217,3474946.1771000028
-10660225.2722,3475274.632799998
-10660350.0473,3474709.273400001
-10660371.1906,3474893.9892000034
-10660442.2182,3475108.820299998
-10660786.953,3475140.3686999977
-10635378.952,3505745.929899998
-10635808.3099,3505464.8342999965
-10642174.1745,3460719.6926999986
-10642569.631,3460764.4201999977
-10642586.1118,3460748.640900001
-10642544.1506,3460930.543200001
-10642686.1579,3461270.4443999976
-10642813.9857,3461227.4015000015
-10642284.4454,3461139.0028000027
-10642381.5953,3461007.3391999975
-10642217.9698,3460996.045000002
-10642305.3321,3461074.7607000023
-10642277.3396,3461053.6635000035
-10642300.2193,3460489.7967000008
-10626701.2635,3509438.0286
-10626668.3349,3509247.916199997
-10626536.3159,3509279.3603999987
-10647765.6128,3483108.1393000036
-10647863.9557,3483257.0512000024
-10591055.6046,3463322.6806999967
-10591147.1199,3463541.3769999966
-10590926.7187,3463500.154100001
-10567172.4506,3474103.168899998
-10645923.3995,3475303.077799998
-10645958.0713,3475238.3737000003
-10599154.6496,3509798.1987000033
-10599013.9017,3509734.404799998
-10598614.4364,3509651.522699997
-10598036.3872,3509897.3181999996
-10598112.1934,3509652.8118999973
-10599051.7653,3509905.160099998
-10598627.2973,3509955.163900003
-10627933.1533,3466599.8149000034
-10602729.9481,3502429.2624000013
-10602568.3766,3502599.6701000035
-10602568.5539,3502617.8856000006
-10602612.0684,3502350.8791999966
-10602520.7285,3502362.074199997
-10599909.9691,3450971.7036999986
-10599946.997,3450933.171599999
-10600069.6265,3451040.1369000003
-10629513.7827,3472358.197300002
-10595583.5266,3441992.7716000006
-10595499.3822,3442708.346000001
-10628019.4077,3514497.5780000016
-10628178.7539,3514541.244400002
-10628265.8074,3515009.907200001
-10628120.8437,3514959.9460000023
-10628290.2828,3514765.9733000025
-10627862.9222,3514628.4624999985
-10600064.0816,3510037.5461999997
-10599595.0628,3509768.1088000014
-10599925.4875,3509476.690399997
-10599917.6993,3509250.1851999983
-10630137.1577,3494477.2881999984
-10629865.8086,3493888.111299999
-10629880.2228,3494068.032200001
-10629860.2459,3494134.4624999985
-10629604.1205,3494176.8523999974
-10629912.4046,3494630.166199997
-10605705.0332,3505378.617899999
-10605830.4237,3505386.005400002
-10605853.815,3505378.1106999964
-10606059.1416,3505542.3105999976
-10606059.2225,3505516.1711999997
-10606059.2223,3505491.093199998
-10606036.4601,3504996.9082999974
-10606057.5176,3504982.7053999975
-10598881.9577,3484669.8282999992
-10598579.7944,3484857.208800003
-10598803.002,3484868.351599999
-10619689.5988,3508877.3806999996
-10619728.3497,3508947.1287999973
-10619706.0429,3509134.7525999993
-10619705.9711,3509269.9540000036
-10619845.3283,3509386.535400003
-10619933.9639,3509358.8672999963
-10619971.1392,3509335.2537999973
-10619794.9641,3509315.215099998
-10619766.6891,3509131.5698999986
-10620107.2928,3509133.232900001
-10620095.792,3509114.603699997
-10655424.0244,3475165.270300001
-10655568.974,3475168.1000000015
-10655529.3054,3475437.475100003
-10655422.8322,3475005.2621000037
-10655465.447,3474953.8184999973
-10655558.3347,3474852.3746000007
-10655550.9047,3474652.2194000036
-10578467.5491,3458152.4650000036
-10578477.7426,3458196.3562999964
-10578327.0491,3458202.7025000006
-10631964.3533,3499744.7578999996
-10631909.5591,3499500.6598000005
-10632056.749,3499424.515900001
-10632150.0926,3499191.2515999973
-10631809.7774,3499357.496600002
-10586802.5448,3492907.1313000023
-10586487.1782,3492894.8616999984
-10586442.9911,3492684.483400002
-10586849.5143,3492364.287299998
-10586944.8394,3492840.6696000025
-10628521.9749,3488002.125699997
-10628725.689,3488151.501699999
-10628726.0419,3488116.039999999
-10636880.7615,3481171.7062000036
-10583835.1443,3493690.4976999983
-10583955.6026,3493794.307099998
-10584085.2299,3493880.7553000003
-10583897.9058,3493970.5446999967
-10583950.9685,3494266.8435999975
-10583848.3596,3494146.0348000005
-10583736.7787,3494065.5944000036
-10583705.0011,3494394.459399998
-10583939.1078,3494476.5825000033
-10584061.6566,3494368.5392000005
-10584236.0922,3494588.4104999974
-10584337.7025,3494501.7983999997
-10631628.3333,3499919.0337999985
-10631703.1428,3499609.6719999984
-10631164.2838,3499996.732900001
-10631288.3285,3499863.8219000027
-10633228.2321,3460113.576200001
-10633267.7363,3460183.8999999985
-10632757.9827,3459954.5603
-10632983.5927,3460119.2415999994
-10632890.2125,3460121.202399999
-10632568.7758,3460104.2397999987
-10632568.2505,3460068.3861000016
-10656361.7677,3504167.4750000015
-10595629.1529,3444064.600900002
-10595837.6191,3443961.942900002
-10595896.7271,3443877.5130999982
-10595930.9097,3443544.190399997
-10632314.2839,3459961.3051000014
-10637348.8089,3500933.5113999993
-10637403.3968,3501000.813699998
-10637457.6346,3501058.0534000024
-10637513.347,3501178.9055999964
-10637728.7727,3501379.713399999
-10625780.3681,3493950.1794999987
-10625795.8442,3493975.162900001
-10625579.3024,3493838.3783000037
-10625943.2633,3493715.4816000015
-10626129.6775,3494023.022399999
-10626019.6237,3494137.6840000004
-10626255.2748,3494068.3805000037
-10587699.5391,3462056.826899998
-10587647.8539,3461999.172200002
-10617281.6488,3485954.276900001
-10617284.2838,3486095.8718999997
-10583805.5382,3495043.6714999974
-10583842.3323,3494878.1604999974
-10583788.9973,3494982.1379999965
-10583794.5729,3495163.824699998
-10584014.7473,3495100.652800001
-10584231.8616,3494981.724399999
-10584188.0153,3494821.806400001
-10635942.9343,3458700.181599997
-10635843.659,3458896.293700002
-10635603.8735,3458842.2399000004
-10635567.6842,3458741.460500002
-10635697.4586,3458651.2798999995
-10635678.73,3458532.096500002
-10635518.3595,3458598.3005999997
-10635096.4184,3458351.7905
-10635190.5694,3458427.3192000017
-10635197.2136,3458338.110299997
-10635301.2358,3458321.1603000015
-10638146.2668,3488217.9814999998
-10638119.8517,3488218.3104000017
-10638635.8666,3488419.5380999967
-10638443.5278,3488404.1536
-10638496.4753,3488397.513700001
-10638472.8562,3488581.8037
-10638242.0186,3488625.2612999976
-10637861.7182,3488694.177699998
-10637448.9746,3488783.7139
-10638583.081,3488645.9513000026
-10638709.9644,3488627.635300003
-10637971.8358,3488755.6335000023
-10638130.0057,3488736.654799998
-10637798.3929,3488788.4870000035
-10655217.8564,3477724.7018000036
-10655264.9082,3477675.3539000005
-10655217.6303,3477623.0574999973
-10655217.8301,3477558.6876000017
-10655217.757,3477520.537799999
-10655264.516,3477470.2641000003
-10655213.4627,3477418.0033000037
-10655233.1174,3477316.150899999
-10655044.6491,3477663.159699999
-10655031.5871,3477356.0609000027
-10655069.2089,3477765.5045000017
-10654846.0887,3477715.449199997
-10654529.5194,3477706.2964999974
-10654508.0591,3477244.1987000033
-10654468.8495,3477249.746100001
-10654358.2287,3477867.2032999992
-10654247.2586,3477704.9069000036
-10654245.1443,3477495.5544999987
-10654299.9344,3477188.3791999966
-10654956.6759,3477208.2476999983
-10600555.5341,3450003.9390999973
-10601254.9869,3449695.380900003
-10601255.9154,3449549.794500001
-10601466.2829,3451876.0942
-10601548.5811,3451812.7956999987
-10601260.0338,3451542.534400001
-10631485.9929,3502075.5024000034
-10631433.5404,3502298.7326000035
-10631458.5509,3502358.7453999966
-10631444.997,3502412.537900001
-10631561.1155,3502189.0141000003
-10636341.3738,3457675.563500002
-10636289.1592,3457851.5680000037
-10636375.6259,3457862.492200002
-10636619.4967,3458153.9003000036
-10636824.9845,3458014.185800001
-10636835.7749,3457595.5146000013
-10636768.4333,3457981.751000002
-10636700.4451,3457625.8879000023
-10626761.2265,3487278.9993999973
-10626645.7405,3487408.025899999
-10626671.5037,3487415.792000003
-10626743.1253,3487424.9685999975
-10626681.5889,3487378.8180000037
-10626631.5823,3487369.4131999984
-10626855.3417,3487584.877700001
-10626301.369,3487076.8940000013
-10626385.4765,3486983.8608999997
-10626101.082,3487158.783699997
-10626167.6953,3487298.659000002
-10586052.3804,3493678.9729999974
-10585862.1179,3493648.5841000006
-10631607.1736,3478525.6319999993
-10642068.565,3464077.0671000034
-10642027.0326,3464081.3611999974
-10642161.8281,3464037.791000001
-10642242.9967,3464124.0286
-10642259.0557,3464165.1928000003
-10642270.5949,3464164.916199997
-10641919.0532,3464043.8834000006
-10626796.097,3480821.0824000016
-10626841.6563,3480786.898699999
-10626536.789,3505821.5446999967
-10600043.2602,3453617.8345
-10599457.4363,3510426.6071999967
-10599496.5088,3510515.6806999967
-10642373.4361,3502203.8784999996
-10642216.4068,3502339.411899999
-10642331.6951,3502373.6686000004
-10642394.7256,3502376.9398000017
-10642500.4877,3502425.195100002
-10644791.9574,3498016.156499997
-10644745.2406,3498046.9937999994
-10644519.4211,3498157.632600002
-10644867.6316,3498158.5825000033
-10644621.0054,3498183.4378999993
-10644978.7255,3498250.231899999
-10644884.3331,3498281.3061999977
-10633634.4532,3474113.261699997
-10633617.9422,3473829.4958000034
-10587993.1609,3463655.1380999982
-10588085.9022,3463653.2655000016
-10588108.6873,3463652.802500002
-10588118.4725,3463504.0383
-10656071.6793,3474988.2568999976
-10655914.621,3475421.7236
-10655886.9463,3475528.7063999996
-10632879.2112,3505558.465800002
-10633046.3654,3505838.971000001
-10632773.5999,3505911.820299998
-10632954.4883,3506085.820600003
-10632896.4011,3505713.5692000017
-10632771.1599,3505571.295599997
-10631869.204,3493330.2331999987
-10631933.0439,3493258.293899998
-10631967.2407,3493115.026299998
-10632061.6275,3493175.7380999997
-10632167.5512,3493498.768299997
-10631994.0634,3492826.717
-10631886.9015,3492987.7409000024
-10586741.9482,3459426.786899999
-10586738.3386,3459278.6106999964
-10587229.3341,3459474.179700002
-10587196.5369,3459601.6379000023
-10587109.4472,3459500.4952000007
-10587063.4204,3459478.5266999975
-10587044.0562,3459539.3109000027
-10587024.7635,3459599.373800002
-10587085.4539,3459057.3786000013
-10587096.4748,3458956.297600001
-10628407.0488,3509160.0310999975
-10628922.7003,3508804.6965999976
-10628668.3007,3508994.9180999994
-10628428.1972,3509010.9858999997
-10628414.3658,3508992.4092999995
-10628398.2425,3508802.954599999
-10628478.7866,3509000.0217000023
-10628616.3084,3508833.570600003
-10628242.8935,3508731.0292000026
-10627999.0871,3507899.3144000024
-10627872.73,3508208.413900003
-10627632.2271,3507878.781199999
-10627936.2069,3507931.8894999996
-10627952.9768,3507956.306599997
-10627997.9847,3508028.6382
-10627975.015,3508068.3198999986
-10627674.0526,3507916.048600003
-10628077.8749,3508359.6833000034
-10628105.0579,3508405.8401999995
-10633357.2499,3490848.6670999974
-10633554.2407,3490933.807099998
-10633547.6015,3491109.127700001
-10633478.5041,3491438.686499998
-10633347.3282,3491484.871100001
-10633388.8931,3491535.4465000033
-10633288.9271,3491584.4164000005
-10633229.8029,3491315.3566000015
-10633146.6602,3491348.3242999986
-10633151.7529,3491477.4952000007
-10633149.1256,3491161.3127999976
-10633247.0143,3491073.683799997
-10633069.4375,3491640.833999999
-10632942.8724,3491480.417800002
-10632990.5041,3491462.6055999994
-10632990.6498,3491483.6789999977
-10632935.5874,3491165.0081999972
-10595059.3264,3457623.7358999997
-10595061.3491,3457807.768799998
-10595289.3836,3457828.1319999993
-10595231.3704,3457572.5088
-10601641.8145,3451956.728500001
-10601533.1296,3451939.169399999
-10601583.589,3451982.9575000033
-10601635.1232,3451812.8884999976
-10601738.0877,3451858.8879000023
-10602026.3875,3451589.293700002
-10602331.137,3451338.5146000013
-10601923.4814,3452085.9940000027
-10601862.3823,3451895.7163999975
-10602091.1711,3451790.7146999985
-10642782.0179,3464974.664499998
-10642792.3037,3464974.4996000007
-10642662.0443,3464853.0603
-10642741.3182,3465068.3105000034
-10642853.2261,3465183.0012999997
-10642976.1611,3464610.827299997
-10635360.769,3470592.049800001
-10635365.9016,3470890.032300003
-10640880.7207,3497402.5243000016
-10640879.9299,3496996.7396000028
-10605331.7603,3496066.7518000007
-10605292.2634,3496274.7655000016
-10605410.2768,3496124.2370999977
-10605399.7735,3496208.829400003
-10605713.0777,3496218.9724999964
-10605744.2169,3496173.5847999975
-10605346.4449,3496633.5835999995
-10605053.3774,3496609.7179000005
-10605041.1228,3496663.163900003
-10604950.4583,3496401.4695999995
-10605251.1624,3496875.4701000005
-10642729.9055,3501030.0168000013
-10642455.9,3500947.8677999973
-10636835.7921,3472920.7360000014
-10636899.6652,3473145.8778000027
-10636887.4862,3473184.252899997
-10636763.5926,3473198.8610000014
-10636792.9749,3473166.4235000014
-10616242.2837,3492623.945100002
-10638945.7751,3470974.3238999993
-10638861.5468,3470924.878200002
-10638889.9338,3471076.4996000007
-10631667.7947,3488197.2321999967
-10631614.5776,3488425.725299999
-10586538.8883,3512975.9201000035
-10586695.1942,3513149.0571999997
-10586625.0417,3513150.7458999977
-10586336.0172,3512971.8628999963
-10586599.5942,3512673.8181999996
-10586509.0018,3512640.938199997
-10586541.5654,3512864.7541999966
-10586621.2609,3512834.3765999973
-10622023.0788,3488988.6052
-10621679.7168,3489107.2427999973
-10641295.1097,3502722.478699997
-10641137.4823,3502592.9551
-10640883.4906,3502814.967
-10641376.9307,3501934.396499999
-10641346.2149,3502037.975400001
-10641066.1989,3502103.465499997
-10640851.1987,3472133.6418000013
-10641195.8331,3471741.9975000024
-10641251.2298,3471712.054200001
-10640660.4144,3471520.090300001
-10640881.4239,3471380.5447999984
-10632702.1316,3501426.3357999995
-10634121.7683,3505158.5380000025
-10633915.1984,3505228.8100000024
-10633949.6081,3505191.9236999974
-10633982.8405,3505156.2190999985
-10634187.7941,3504625.0631000027
-10633806.7156,3504997.5502000004
-10633957.4315,3504904.277599998
-10634043.6329,3504536.706799999
-10596087.9888,3443295.2446999997
-10595957.1531,3442910.5835999995
-10595955.0252,3442834.5669
-10632401.1585,3484152.2963000014
-10632242.1145,3484152.9623000026
-10632894.9589,3471540.693599999
-10619842.4224,3513417.538800001
-10619697.2145,3513415.2624000013
-10619732.5241,3513453.6837000027
-10619509.7385,3513587.8605000004
-10619725.1458,3513605.5178999975
-10619345.3025,3513406.704499997
-10619751.7127,3513688.083300002
-10619484.184,3513650.672700003
-10639102.7036,3463959.1423999965
-10639279.4695,3463892.7555000037
-10635018.6547,3471145.1428000033
-10634799.8228,3471031.327799998
-10626115.5081,3505436.236100003
-10626201.3342,3505647.472099997
-10626250.4015,3505731.0760999992
-10626201.5352,3505454.2722000033
-10626358.317,3505798.6790999994
-10589694.8125,3496742.6066000015
-10589915.62,3496696.9848999977
-10589953.312,3496631.6850000024
-10589542.5896,3496320.9412999973
-10632840.2767,3507725.3625999987
-10633521.8139,3508346.039800003
-10632602.5405,3508413.2995000035
-10630725.5449,3488973.2101000026
-10630688.8559,3489072.6555999964
-10641378.3029,3471257.7754999995
-10641257.486,3471385.9736
-10641144.4093,3470971.858000003
-10641151.5154,3471075.098200001
-10641136.4992,3471174.941399999
-10635512.2507,3481244.9082999974
-10635364.3813,3481283.4560000002
-10635300.7082,3481268.1969000027
-10635165.2462,3481115.087399997
-10635255.854,3481243.8222000003
-10596176.5253,3458420.7742
-10595852.4273,3458251.977300003
-10595986.9975,3458300.7635999992
-10625371.747,3471779.3694999963
-10609526.9758,3491499.357500002
-10609572.7387,3491496.7512999997
-10609611.1373,3491207.032499999
-10609611.2428,3491117.6646
-10609555.6335,3491082.1492
-10609268.7941,3490810.6407999992
-10609069.2359,3490879.102600001
-10609003.2826,3491068.9375
-10609068.803,3491070.4596000016
-10608997.56,3491104.067400001
-10609074.8744,3491166.4431999996
-10609040.3689,3491180.3137999997
-10609409.6371,3490854.341600001
-10609443.012,3490803.6138999984
-10609486.166,3490836.0697000027
-10609485.2166,3490846.1859000027
-10609481.8716,3490784.688000001
-10616423.9418,3509586.3153000027
-10616465.9114,3509576.2947999984
-10616236.6231,3509640.3065000027
-10616411.2973,3509692.0687000006
-10607135.6113,3487832.888899997
-10607140.0592,3487533.667000003
-10606731.0681,3487967.284199998
-10606686.3707,3487983.225400001
-10606723.8198,3487861.6772999987
-10606758.1379,3488317.852600001
-10591751.4765,3505516.2594000027
-10591855.1827,3505593.2947999984
-10591814.7674,3505681.973700002
-10591940.3397,3505784.2881999984
-10592190.646,3505708.454099998
-10592039.3155,3505756.400700003
-10591938.9355,3505652.673799999
-10592021.6009,3505702.1977000013
-10596124.8813,3458604.978500001
-10583899.8378,3495789.4526999965
-10583727.8992,3495697.076899998
-10583918.6252,3495593.8825000003
-10584185.0039,3495670.407300003
-10584326.4838,3495290.689000003
-10584415.6556,3495060.678199999
-10584574.4307,3495025.2819000036
-10584985.6678,3494215.399899997
-10584970.4346,3494347.6987000033
-10584915.0378,3494445.3389
-10584773.2805,3494549.2267000005
-10584714.2124,3494295.822800003
-10584466.0273,3494026.418300003
-10584493.5148,3493837.6358999982
-10584232.6807,3493811.599399999
-10584416.2176,3495747.986100003
-10584446.0244,3495661.169399999
-10584834.8296,3493363.0709000006
-10584836.8935,3492753.4575000033
-10584891.5647,3492994.0759000033
-10630257.1551,3515977.1270999983
-10630081.8026,3516236.418700002
-10633534.2694,3470605.2321000025
-10633535.1596,3470656.1763999984
-10633517.5571,3470804.6416999996
-10631015.558,3514773.641400002
-10631408.8258,3515107.849200003
-10593040.6022,3503999.380400002
-10593026.5777,3504264.7952999994
-10592646.1213,3504394.5265000015
-10592659.557,3504860.3891000003
-10592566.6981,3505407.467500001
-10592606.7878,3505522.6256000027
-10592618.7059,3505734.089900002
-10635339.3499,3473213.350100003
-10637098.5849,3473331.472099997
-10637081.9991,3473329.3687999994
-10637116.6666,3473218.6427000016
-10637139.9717,3473045.3110999987
-10636541.6376,3482302.934100002
-10636588.7824,3482204.4751999974
-10636336.5693,3482369.3658000007
-10636461.7795,3482435.9202999994
-10636472.3307,3482473.898599997
-10636472.483,3482501.6125999987
-10636359.8733,3482502.6801000014
-10636450.338,3482568.365699999
-10636457.329,3482606.396300003
-10635783.6084,3515949.0112000033
-10635927.8595,3515951.3840000033
-10636060.1927,3515665.107500002
-10636389.8906,3515934.0446000025
-10636088.4601,3515607.9189999998
-10630804.186,3500999.6208999977
-10630428.0961,3501236.1850000024
-10630543.3151,3501301.593999997
-10630706.8933,3501138.1319999993
-10630960.3844,3501174.520800002
-10631191.6479,3501287.068099998
-10630898.3108,3501347.221699998
-10631579.7114,3460378.4353
-10632453.4059,3505742.8818999976
-10632296.2868,3505583.207699999
-10632376.3557,3505978.659900002
-10632343.3699,3506035.530299999
-10632226.9324,3506081.3796999976
-10632424.8608,3506045.294399999
-10632189.2287,3505847.726300001
-10632227.5813,3505704.0694999993
-10632149.7734,3505699.4909999967
-10635293.6022,3471546.6264000013
-10635222.8524,3471494.3676000014
-10635163.1839,3471338.4875999987
-10634845.2045,3471297.190899998
-10634824.0671,3471294.490699999
-10634873.4495,3471353.1828000024
-10635153.2825,3471229.766900003
-10635148.0526,3471284.8444000036
-10635070.501,3471371.842
-10634985.3283,3471310.0890000015
-10634957.0299,3471264.996600002
-10598362.5412,3451379.4574000016
-10598294.3398,3451387.4011999965
-10598224.7666,3451296.1489999965
-10598445.5532,3451314.8237000033
-10598496.2591,3451371.7009999976
-10598516.7904,3451288.143600002
-10598833.0845,3451460.0449
-10598931.4421,3451570.3879999965
-10598963.0664,3451592.7161
-10598804.2195,3451761.026100002
-10598051.6263,3451692.398199998
-10598183.3995,3451678.103500001
-10598259.8657,3452022.034199998
-10666077.2954,3477006.8518999964
-10665871.4238,3476923.9601000026
-10665850.4749,3476915.239500001
-10665680.3105,3476921.1110000014
-10665877.5102,3477026.9386000037
-10665865.9021,3477318.920900002
-10637317.0583,3471231.230700001
-10637190.6207,3471302.9540000036
-10637178.7617,3471394.581100002
-10637241.1911,3471393.918899998
-10637201.2676,3471441.1860999987
-10637287.3447,3471497.3686000034
-10637310.1984,3471542.251500003
-10637324.5921,3471582.2224999964
-10637352.3625,3471593.6098000035
-10600526.6931,3511095.816200003
-10600413.1651,3511163.958300002
-10600339.9015,3511150.9978
-10600095.4743,3511079.8346000016
-10599985.7442,3510961.0944000036
-10642924.2382,3461192.556900002
-10643036.0219,3461099.723700002
-10642954.422,3461626.7360000014
-10642851.3352,3461534.7584000006
-10643192.1409,3461655.861100003
-10642979.3398,3461376.4934
-10643349.4384,3461524.101999998
-10643249.0478,3461470.2585999966
-10643328.2252,3461395.092699997
-10643528.4302,3461055.7612999976
-10643477.4886,3461214.345200002
-10643224.4592,3460996.215499997
-10643471.0313,3460980.7278999984
-10643414.4376,3461003.780500002
-10643263.5477,3460950.730300002
-10642195.4713,3460375.4268999994
-10580379.8476,3480790.575000003
-10624484.5629,3470076.6837000027
-10624427.8932,3470077.5473999977
-10624466.8969,3470256.3992
-10624380.2127,3470266.7258
-10624376.2953,3470070.415600002
-10624434.3236,3470185.923100002
-10600331.6627,3475873.1208000034
-10600267.626,3475834.1871000007
-10600657.5661,3475558.439000003
-10600668.9739,3475842.547799997
-10600682.4326,3476023.0640999973
-10600677.8981,3476111.941399999
-10632998.2522,3487023.113300003
-10632960.9333,3487089.108900003
-10634264.8828,3474119.6805000007
-10634302.8576,3474119.098700002
-10646665.6862,3482813.708300002
-10646204.649,3482990.9081000015
-10646152.6852,3482984.137599997
-10646385.1754,3483098.588100001
-10646436.3061,3483064.1379000023
-10646363.9212,3483201.6472999975
-10646578.1308,3484320.0600000024
-10646418.1504,3484043.531000003
-10646587.9886,3484044.0703999996
-10646265.6679,3483958.9206999987
-10646229.8067,3484200.1537000015
-10646225.1309,3484270.570600003
-10646294.3943,3484630.9395999983
-10646299.5895,3484288.279600002
-10595862.6938,3457693.2414000034
-10595946.0228,3457638.6855999976
-10627353.6851,3512777.3188000023
-10627266.3276,3513612.645300001
-10626988.032,3513378.2029
-10626973.684,3513332.8735999987
-10627032.4037,3513247.8769999966
-10627119.895,3513420.1132000014
-10627086.1796,3513207.202399999
-10627140.4042,3513300.6966999993
-10613923.009,3509020.833999999
-10614083.6684,3508956.3761000037
-10613682.7548,3508554.9350999966
-10613530.3013,3508564.2903999984
-10613679.3338,3508596.5275000036
-10643034.0091,3464415.755599998
-10643074.8331,3464343.8906000033
-10576981.5006,3447517.436300002
-10639303.4985,3472140.550800003
-10639295.4079,3472206.958300002
-10639367.6613,3472300.727300003
-10629200.6189,3484630.9629999995
-10629264.931,3484494.4037000015
-10629244.1927,3484400.214400001
-10629279.7904,3484452.431900002
-10629384.474,3484390.905199997
-10629429.5279,3484411.5160000026
-10629563.2677,3484569.5002999976
-10629548.7647,3484620.5265000015
-10636971.7297,3480193.2228000015
-10636738.3597,3501683.542199999
-10636420.85,3501267.149899997
-10636386.3105,3501332.974600002
-10636311.529,3501178.5173000023
-10636566.5989,3501139.5922000036
-10626749.8195,3497926.561499998
-10626770.5924,3497963.3444000036
-10626875.1615,3497961.7386000007
-10627008.0967,3498033.9058
-10626816.0293,3498212.6536
-10626917.7983,3498086.371600002
-10626562.9501,3498216.522
-10626414.3341,3498087.661600001
-10626342.4418,3498143.3863999993
-10626614.4239,3497863.7837999985
-10626635.5746,3497532.7421000004
-10626634.9839,3497493.8835999966
-10626623.6957,3497246.907399997
-10626704.4772,3497746.3888000026
-10626821.7763,3497329.7463999987
-10626980.2401,3497347.0643000007
-10626979.9169,3497325.869099997
-10626836.5635,3497176.3061999977
-10638757.7802,3505216.6982000023
-10638610.5382,3505288.543700002
-10638651.3908,3505218.7422999963
-10638435.383,3505230.7129999995
-10638602.8559,3505788.4284999967
-10601617.1107,3451662.038999997
-10601571.5687,3451424.719700001
-10601542.1945,3451105.9860000014
-10603622.8487,3501324.7519000024
-10645214.6292,3495686.8684
-10645252.0352,3495868.848700002
-10645171.6391,3495528.060800001
-10645049.5125,3495371.088299997
-10645026.3927,3495371.3511999995
-10644525.4077,3495651.234099999
-10644520.0017,3495951.4971999973
-10644811.776,3495835.579599999
-10644772.5406,3495553.5626000017
-10644804.3193,3495530.4510999992
-10644677.0024,3495839.6221999973
-10639477.3967,3471129.215499997
-10639327.7796,3471155.384300001
-10639437.2062,3471116.241899997
-10639329.4806,3471069.422200002
-10600431.2936,3508698.575099997
-10600496.0418,3508699.8772
-10600293.272,3508618.8746000007
-10615256.2653,3509587.6314999983
-10615277.6189,3509586.1740000024
-10615442.3815,3509814.0168000013
-10615035.6035,3510105.307400003
-10615113.8134,3509979.784599997
-10614744.7609,3509704.275899999
-10614994.9852,3509542.3260999992
-10615086.4776,3509599.920000002
-10614962.2095,3509490.846000001
-10608347.8123,3504605.230800003
-10608766.8036,3504649.043200001
-10608938.6941,3504651.003700003
-10608663.7159,3504881.0621000007
-10619059.0549,3509086.7786
-10619571.069,3508673.0464999974
-10619677.0248,3508564.8835999966
-10619126.5032,3508736.2179000005
-10619067.5835,3508628.1865999997
-10618955.5082,3508641.537100002
-10618904.6071,3508911.9761999995
-10601232.7531,3449866.034599997
-10601360.0275,3449917.660400003
-10601320.7295,3449964.4849999994
-10601398.3435,3450014.0908999965
-10601179.9201,3449211.9526999965
-10601565.1701,3449770.4635000005
-10640449.2922,3472118.376699999
-10613156.9754,3489958.546599999
-10612875.9763,3489989.804399997
-10660517.3733,3475354.990000002
-10660658.8595,3475338.9201000035
-10660765.1981,3475348.3659000024
-10660637.4396,3475658.701200001
-10660568.536,3475540.6796000004
-10660572.6768,3475683.535400003
-10659959.2724,3475591.671599999
-10660047.2204,3475589.830600001
-10660156.8012,3475575.4104999974
-10659917.7493,3475632.4795999974
-10659848.161,3475735.178199999
-10660031.0105,3475796.4293000028
-10659446.6666,3475443.742399998
-10635922.2563,3505884.5036000013
-10635954.0709,3506168.892999999
-10636226.5247,3505888.656000003
-10636244.7322,3505912.6881000027
-10635851.1759,3507050.8927000016
-10635887.9588,3506991.255099997
-10636489.8998,3506597.404799998
-10636750.3693,3506816.626199998
-10636695.4222,3507106.0456999987
-10641957.2228,3462610.7569999993
-10641957.0147,3462596.673299998
-10641901.7719,3462589.740000002
-10641868.4303,3462596.9717999995
-10641904.9555,3462557.9650000036
-10641814.6331,3462491.6911000013
-10641739.9963,3462633.111299999
-10641703.2153,3462593.7294000015
-10641711.5747,3462525.1242000014
-10658415.3755,3473922.1987000033
-10658527.9787,3473896.556900002
-10630948.0157,3484489.650200002
-10637433.1713,3501377.2260999978
-10637436.6622,3501485.9870999977
-10637324.7184,3501542.9059000015
-10634616.9307,3490019.218500003
-10634347.9568,3489842.5023000017
-10634243.8346,3489869.474399999
-10634245.4042,3490029.9177
-10634182.2699,3490002.604199998
-10634138.2362,3489923.0587000027
-10634070.262,3489446.261699997
-10634390.007,3489629.016099997
-10646275.7668,3470081.5967999995
-10646227.0648,3470077.3791999966
-10646100.1639,3470064.0424999967
-10646205.1063,3470000.189000003
-10646458.9704,3470033.9985999987
-10636900.1982,3471539.6426
-10631883.7689,3462127.449500002
-10631888.6336,3462174.2032999992
-10631850.3134,3462077.8593000025
-10645943.415,3469104.3801999986
-10618913.6015,3510757.9526000023
-10618209.9701,3511384.4821999967
-10618021.5202,3511294.5502000004
-10617857.8846,3511524.513899997
-10618170.6413,3511547.2074000016
-10618129.1158,3511463.814000003
-10618171.5669,3511480.6043
-10617945.7291,3511678.5622999966
-10630984.2579,3499820.195799999
-10624069.9116,3489871.5037999973
-10623983.1773,3489873.923299998
-10623997.9948,3489586.0275000036
-10623913.2591,3489530.6274000034
-10624099.6767,3489489.5851000026
-10624016.9011,3489491.976499997
-10623815.1578,3489312.4497999996
-10623549.2599,3489424.2541999966
-10623654.3342,3489314.6067999974
-10623759.6191,3489373.6920000017
-10624233.8506,3489579.6816999987
-10624276.8227,3489519.8619000018
-10632964.7172,3502372.6867000014
-10639441.3252,3503880.3880999982
-10639197.2782,3503643.6718000025
-10639271.1003,3503711.2361999974
-10639269.5668,3503832.5358999968
-10639390.2142,3504363.3134000003
-10639365.5567,3504363.295400001
-10639162.3451,3504503.3088999987
-10588527.9295,3461287.5439999998
-10639112.7715,3489360.7360000014
-10638372.1523,3489292.9856999964
-10638508.8366,3489331.244900003
-10638986.1178,3489826.383299999
-10638984.2055,3489618.7113000005
-10638513.0652,3489525.8918000013
-10638305.6365,3489567.527999997
-10638731.9786,3490103.4937999994
-10638329.5188,3489637.9065999985
-10638434.0331,3489628.9758
-10638622.4054,3489635.124300003
-10638598.2387,3489850.3889999986
-10638751.3389,3489950.969899997
-10638532.2213,3489008.1372999996
-10638504.4557,3489012.8989999965
-10638972.0051,3489171.105300002
-10638868.6063,3489131.340800002
-10638525.5832,3489136.703599997
-10639049.5768,3488887.751500003
-10638991.516,3489260.8775999993
-10623903.0382,3493456.971199997
-10624031.2543,3493585.8922000006
-10624173.9321,3493550.0451999977
-10624238.5267,3493472.7102999985
-10624030.9906,3493472.268100001
-10624633.419,3493552.3342000023
-10624756.8391,3493521.350299999
-10643064.7585,3474530.0261999965
-10643105.2039,3474724.644100003
-10643634.9184,3469971.480800003
-10646018.9655,3474282.337899998
-10646309.5166,3474223.9692
-10646381.3253,3474295.7465000004
-10646331.7891,3474517.537100002
-10594004.5984,3442725.543300003
-10593680.3385,3442654.9843999967
-10593809.1818,3442654.4974000007
-10593601.4325,3443068.622299999
-10631926.1785,3501903.646300003
-10632281.4618,3502189.5842999965
-10633358.0453,3472283.4548999965
-10590954.0064,3463210.615000002
-10599714.9189,3512308.1066000015
-10599800.2668,3512244.2502999976
-10599848.0835,3512244.0385999978
-10633984.0524,3471468.1898000017
-10633921.6027,3471446.6385999992
-10599314.8641,3510709.217699997
-10643126.0838,3472664.6648999974
-10643018.3906,3472540.771899998
-10637003.8024,3471207.270300001
-10632067.8931,3492731.762599997
-10631974.5026,3492789.2568999976
-10631904.8036,3492624.322999999
-10631919.5004,3492733.4426999986
-10631783.9031,3492911.4601000026
-10631499.1375,3492911.5260000005
-10631595.8362,3492874.0491999984
-10631686.9663,3493127.6850999966
-10631271.3044,3493085.590400003
-10631315.1395,3492912.9235000014
-10631315.4393,3492971.9509000033
-10631452.2591,3492815.190700002
-10631365.5545,3492817.2766999975
-10631345.3782,3492817.520499997
-10631454.7145,3492720.7026999965
-10631324.4215,3492684.840499997
-10631214.4226,3492626.403300002
-10592521.8594,3505844.1510000005
-10592492.6092,3505309.0403999984
-10592458.9233,3505288.1466000006
-10592538.1576,3505357.755099997
-10599402.2213,3450204.210199997
-10599992.4078,3450656.851599999
-10599452.0199,3450103.0385000035
-10599579.7403,3450140.6105000004
-10599543.2142,3450254.5583000034
-10599717.5318,3450168.2528000027
-10599954.349,3450056.5693000033
-10599992.2171,3450091.9902999997
-10599937.4881,3449955.173100002
-10593054.117,3464467.111100003
-10600047.1885,3508663.398500003
-10581691.5592,3462555.9011999965
-10581695.1606,3462738.8126000017
-10581625.5886,3462677.2613999993
-10590132.2265,3463472.3255999982
-10590170.7887,3463471.732000001
-10589975.594,3463549.307099998
-10590187.4618,3462984.3889999986
-10633902.5852,3462822.117399998
-10634011.0396,3471312.710000001
-10599336.1067,3511761.779799998
-10599570.9521,3511881.3037
-10599917.4789,3512030.7764
-10599537.563,3511986.860200003
-10599563.9394,3512203.0317
-10599702.8859,3510143.2151999995
-10599485.3234,3510198.362800002
-10599513.3733,3510336.7256999984
-10599732.5703,3510475.577399999
-10599550.1521,3510538.5908999965
-10596545.1787,3457423.5023000017
-10646294.4172,3488363.152099997
-10646135.2817,3488198.427000001
-10583773.8552,3446105.4175999984
-10583838.7679,3445983.9180999994
-10584028.2202,3446209.6696999967
-10583980.2651,3446370.6427000016
-10583977.334,3446378.8999999985
-10584150.9026,3446373.6799999997
-10616917.0514,3509796.1185000017
-10616620.7696,3509808.3276000023
-10616806.6285,3509768.906999998
-10616951.6062,3509957.577799998
-10617097.0348,3510085.225400001
-10617241.8391,3510334.2951000035
-10616987.9253,3510105.9338999987
-10616564.2802,3510203.6658999994
-10616336.2464,3509851.1894000024
-10616289.0166,3510266.899099998
-10615976.981,3510092.9162999988
-10626383.6258,3497644.2558000013
-10626262.8526,3497428.110200003
-10625660.686,3497941.4984000027
-10625749.6866,3497960.9802
-10625785.1371,3498053.0517999977
-10625703.9785,3497819.8729000017
-10626218.6425,3497525.449000001
-10626134.4143,3497399.6674000025
-10593110.6796,3477430.7008000016
-10593182.7228,3477506.5669
-10593102.1243,3477804.0527999997
-10593205.5503,3478181.777999997
-10593175.0145,3478057.6108999997
-10592779.6269,3477611.7412
-10592688.2885,3477641.6319999993
-10592637.0066,3477618.4321999997
-10592404.2991,3477709.9070999995
-10592497.4878,3477831.648400001
-10592563.3749,3477737.849799998
-10626531.9309,3497180.901100002
-10625985.4527,3497801.3071999997
-10626333.4875,3497184.009800002
-10625931.481,3497780.418300003
-10625864.7007,3497577.235299997
-10625882.6388,3497603.615000002
-10625785.0225,3497709.3211999983
-10636446.2002,3464007.3442
-10594622.5531,3457743.9426999986
-10594623.5565,3457835.5194000006
-10594717.421,3457765.788999997
-10594771.9739,3457626.923299998
-10594816.0916,3458161.9526999965
-10594775.2609,3457926.5725999996
-10633864.3219,3507358.8007000014
-10633962.781,3507296.8662
-10633928.3927,3507011.5050000027
-10633975.3242,3507103.3379999995
-10634061.0942,3507164.1287999973
-10634118.1247,3507324.146300003
-10633741.3672,3507243.0420999974
-10633347.7355,3507142.0380999967
-10633292.3564,3507194.9453999996
-10633458.57,3507543.477499999
-10633388.6862,3507463.3241000026
-10633748.3985,3507471.7092000023
-10633733.8185,3507553.8746000007
-10630445.5497,3504322.511
-10630955.8141,3504531.1096
-10630665.1833,3504320.3803000003
-10630846.2614,3504175.156000003
-10630799.4648,3504302.6799999997
-10630768.3609,3504348.1961999983
-10630943.1204,3504310.6521999985
-10640933.7505,3471050.5605999976
-10640862.2143,3471048.9540000036
-10656124.2019,3475458.934299998
-10656154.8402,3475267.3083999977
-10656291.4624,3475154.373499997
-10656251.3377,3475231.318400003
-10656331.071,3475072.0973000005
-10656203.3583,3475198.6164999977
-10656142.2027,3475089.6771000028
-10648218.5816,3483223.8483999968
-10648014.8464,3483443.4350000024
-10648117.3044,3483583.0331000015
-10648649.4502,3483282.917000003
-10648589.537,3483396.546400003
-10648474.2857,3483262.755599998
-10648249.5163,3483357.9443000033
-10648283.9733,3483323.0658000037
-10643664.0794,3472219.9899000004
-10643708.6934,3472310.861100003
-10643561.4498,3472461.6853
-10572219.1197,3473431.8144000024
-10646230.0855,3473714.0999
-10646267.5207,3473612.456699997
-10646130.4114,3473734.1877000034
-10646140.1973,3473808.952299997
-10646168.7367,3473665.5446999967
-10645895.9284,3473836.5662999973
-10645832.2129,3473936.262000002
-10645870.6369,3473922.911899999
-10645743.2613,3474332.349200003
-10645599.4699,3474386.6027999967
-10627684.7096,3470798.079499997
-10594934.8194,3477540.1832000017
-10595074.6231,3477585.6648999974
-10595332.8807,3478012.407399997
-10595149.948,3478032.0222000033
-10595151.1231,3478095.673299998
-10595152.8479,3478181.3110999987
-10594981.9074,3477726.293899998
-10595010.3506,3477638.034599997
-10595228.223,3478073.7996999994
-10629242.6739,3508852.9461999983
-10629150.4941,3508817.25
-10628996.2256,3508796.0122999996
-10626382.6373,3493690.467699997
-10626430.0366,3493868.1937000006
-10626355.3709,3493967.225299999
-10625945.7381,3494233.5636000037
-10625935.8446,3494302.906000003
-10626452.4016,3494252.0419000015
-10626176.3933,3494346.1215000004
-10626285.642,3494487.0308
-10626293.2903,3494718.849399999
-10626458.3943,3494849.8210999966
-10599030.721,3510447.0332999974
-10598961.7724,3510530.520999998
-10598657.9767,3510364.321800001
-10598756.5919,3510275.8084999993
-10659318.5497,3474291.4311000034
-10659390.1149,3474290.3616999984
-10659516.4243,3474364.3134000003
-10659749.5383,3474269.979800001
-10660152.8611,3474168.9381000027
-10587555.2575,3451424.0085000023
-10587437.2509,3451471.6196999997
-10587406.9393,3451331.9367000014
-10587613.7034,3450450.4460000023
-10585215.6681,3494515.6334000006
-10585194.3063,3494725.3329000026
-10585278.2646,3494953.0639000013
-10585400.8719,3494694.6482999995
-10585129.3785,3495437.2096000016
-10584931.7487,3495465.5018000007
-10585197.3004,3495029.800300002
-10585114.2649,3494898.978500001
-10585004.9728,3494724.519100003
-10584882.9983,3495077.8871000037
-10584679.4268,3495238.421400003
-10584813.6259,3495528.2586999983
-10584608.7756,3495565.762599997
-10640708.3526,3471984.684299998
-10640767.0052,3472072.5684999973
-10638650.2821,3472613.6313999966
-10640267.7991,3459188.296099998
-10632364.9401,3458417.936499998
-10632390.6922,3458356.5425999984
-10632411.7081,3458356.256099999
-10632305.9293,3458317.4165999964
-10632222.2648,3458113.829999998
-10632951.6528,3458043.2290999964
-10632908.6638,3458043.845700003
-10633119.6975,3458351.844800003
-10632894.8876,3458410.704499997
-10632691.8609,3458346.0935999975
-10632650.6684,3458325.495099999
-10588136.4926,3463975.969700001
-10588124.4936,3463828.4334999993
-10588069.2559,3463839.530500002
-10631372.3572,3474789.845399998
-10632184.275,3457802.024599999
-10632758.8527,3457566.2141999975
-10614543.5845,3455517.3407000005
-10614589.8085,3455502.492399998
-10644393.3755,3498358.6721
-10644534.2238,3498527.3263000026
-10610542.6441,3505269.207999997
-10610499.27,3505111.2478
-10610632.9482,3505045.662600003
-10610378.8342,3505076.1977000013
-10610225.9041,3505028.324199997
-10610300.7258,3505491.7192
-10610294.2694,3505727.916000001
-10610337.3325,3505727.1849000007
-10610292.791,3505832.0183999985
-10646263.7146,3470704.0797000006
-10588518.2254,3452356.6247999966
-10588315.5221,3452281.0549999997
-10588457.7355,3452323.4866999984
-10588495.5462,3452152.336599998
-10588218.4784,3452059.6230999976
-10588285.3703,3451772.1199999973
-10588460.0031,3451707.5113999993
-10588249.7247,3451630.2810999975
-10632279.3273,3493735.276100002
-10632557.2498,3493741.059600003
-10632420.3323,3493456.8511999995
-10632265.5421,3493434.1415000036
-10632258.0533,3493454.5733999982
-10632423.9772,3493619.7295999974
-10632363.3253,3493790.4755999967
-10613794.6799,3509988.2612999976
-10613993.1966,3510232.1394999996
-10613866.4823,3509905.016900003
-10640909.534,3503593.7047000006
-10640946.8454,3503507.3128999993
-10641038.3559,3503784.425300002
-10641047.668,3504028.7754999995
-10641280.8576,3503821.4055999964
-10641105.3885,3504043.360799998
-10641188.8709,3503849.8708999977
-10641223.2123,3503988.4540000036
-10641384.2459,3503930.3510999978
-10621442.2456,3469914.2058999985
-10600078.9426,3509160.9381000027
-10599989.8086,3509236.486299999
-10634788.2507,3474534.846900001
-10575386.6502,3473014.7446999997
-10575236.2258,3473014.9257000014
-10598592.2035,3510497.467600003
-10598212.1541,3510404.430200003
-10598293.275,3510206.9290999994
-10598014.1122,3510183.1164999977
-10629265.3818,3507623.623800002
-10629198.9555,3507253.3772
-10629147.9169,3507418.7184000015
-10613037.728,3491444.4236999974
-10613036.246,3491566.218199998
-10612928.1846,3491929.078599997
-10612906.0939,3491892.5358000025
-10612989.3502,3491736.1900999993
-10612680.4196,3491700.5517999977
-10612960.5089,3491541.745099999
-10597228.4113,3476844.7632
-10597114.8248,3476511.6859000027
-10597507.1076,3476695.1900999993
-10597303.1572,3476680.344999999
-10597198.1591,3476504.735299997
-10629233.9892,3494166.708800003
-10629213.7849,3494208.1717000008
-10629394.1025,3494067.0709000006
-10629216.6211,3493764.5864999965
-10629500.7834,3493887.8121000007
-10629300.6852,3493620.8122000024
-10629231.309,3493460.1331999972
-10629073.446,3493924.2870000005
-10628425.8063,3489067.9290999994
-10628371.5558,3488978.362400003
-10629227.3264,3489053.520199999
-10629185.8146,3489035.8730000034
-10659603.9828,3473844.832800001
-10659670.594,3473780.369900003
-10659802.9339,3473652.7498999983
-10660379.6088,3473755.261500001
-10660376.9754,3473700.400799997
-10660210.3812,3473565.7272000015
-10660193.0602,3473582.0758000016
-10596190.9512,3443905.567900002
-10596214.7846,3443684.3188999966
-10596166.6023,3443530.763899997
-10642868.8485,3464786.6735000014
-10596655.2921,3504257.637599997
-10596538.9022,3504096.8198999986
-10596336.9033,3504323.5062000006
-10596256.9899,3504287.0451999977
-10596276.0127,3504388.9285999984
-10596279.4568,3504121.9532999992
-10596696.3435,3503792.2038000003
-10596484.3008,3503785.1653999984
-10596550.6364,3503731.349799998
-10596822.144,3503731.043300003
-10657669.8011,3474273.9618000016
-10658238.5996,3474120.322300002
-10658043.8354,3474193.4865999967
-10657824.7964,3473808.601300001
-10657972.5201,3473761.6379000023
-10658048.4495,3473841.1089999974
-10657438.2585,3474111.086599998
-10657772.9141,3473923.4409999996
-10657714.376,3474026.412900001
-10657442.3942,3473905.7934999987
-10657774.9744,3473769.952799998
-10599847.4519,3511625.1828000024
-10599658.6888,3511390.4996000007
-10599618.7102,3511367.1262999997
-10599584.778,3511589.4853999987
-10599100.9319,3511611.9865999967
-10598961.0316,3511393.482000001
-10598941.2297,3511569.1467999965
-10599046.9496,3511677.3154999986
-10645794.6455,3484288.9834999964
-10645937.6537,3484655.452299997
-10645998.3096,3484756.3347999975
-10646009.6772,3484777.3809999973
-10646149.0662,3484866.394100003
-10646168.7055,3484112.8884999976
-10645962.0611,3484215.026100002
-10645938.6923,3484255.6444000006
-10591290.9643,3504023.9192999974
-10591347.5523,3503950.782499999
-10591338.6407,3504115.031499997
-10591393.4724,3504053.324199997
-10591543.3433,3504016.0698999986
-10591645.962,3503919.0845
-10591655.1281,3504042.049800001
-10591522.6827,3503853.712099999
-10639797.9499,3471759.3055000007
-10639951.6572,3471429.5760999992
-10639873.6657,3471536.5103999972
-10639735.7871,3471424.392099999
-10625263.7834,3507518.0581
-10629790.1606,3503347.400399998
-10629848.0059,3503546.238499999
-10629575.2585,3503448.7515999973
-10629647.6654,3503565.1203999966
-10630256.739,3504098.2633000016
-10630204.3953,3504121.201399997
-10629984.602,3504565.5754999965
-10629888.0098,3505223.7929000035
-10629895.1964,3504726.6853
-10629955.1784,3504660.5128000006
-10630212.3898,3504579.616700001
-10630422.8178,3504365.248300001
-10629744.0203,3505281.2805999964
-10599654.609,3500331.7410999984
-10599611.4903,3500005.026799999
-10599611.8262,3499865.8191
-10566716.5294,3474236.9124
-10566580.6377,3474413.6428999975
-10566583.2044,3474644.2092999965
-10611097.5372,3505333.766999997
-10610953.6606,3505426.2864999995
-10611100.8467,3505491.3232000023
-10572483.7748,3473254.4864000008
-10572358.6512,3473110.3153000027
-10572193.0035,3473113.890900001
-10640300.8813,3471904.4990999997
-10640324.4094,3471834.3210999966
-10640363.2124,3471870.127700001
-10640316.4166,3471736.4375
-10640235.0288,3471733.025799997
-10640459.8917,3471666.662600003
-10640461.0909,3471736.904600002
-10594178.9794,3457803.1318000033
-10594298.3851,3458161.6238999963
-10594056.9532,3458183.8901999965
-10594045.1583,3457996.5244999975
-10594011.1071,3458208.7201000005
-10641396.8812,3470179.1426
-10641205.3169,3470228.101999998
-10627154.99,3483641.757600002
-10627154.8033,3483607.093500003
-10627242.9446,3483667.3737000003
-10627317.8389,3483667.4448999986
-10627336.4765,3483667.4749
-10627498.6683,3483516.671599999
-10627275.7121,3483551.0019999966
-10639949.9563,3466594.2431999967
-10639920.3595,3466679.5111000016
-10569883.9479,3473579.7682000026
-10647354.108,3498034.512000002
-10630276.1745,3507729.2030000016
-10629823.7023,3507057.177699998
-10632775.6127,3491591.470899999
-10632722.1532,3491393.0471
-10632676.654,3491485.1404
-10632628.8636,3491418.753399998
-10632619.8203,3491554.2102999985
-10632582.6686,3491507.7092000023
-10632582.5102,3491485.5627000034
-10632289.305,3491651.5913999975
-10631977.2892,3491480.0511000007
-10632029.9793,3491453.579599999
-10632262.4547,3491283.947800003
-10632484.3386,3491105.0967999995
-10632711.3784,3491229.661200002
-10630917.0891,3500873.8770999983
-10630726.9424,3500781.667300001
-10630544.6436,3500529.9714
-10630472.1727,3500262.5790000036
-10646696.6489,3483987.8237999976
-10639676.6933,3466299.843199998
-10639675.1097,3466246.2236
-10639728.622,3466216.4619999975
-10639639.2889,3466461.7705999985
-10639590.6381,3466217.150700003
-10639675.7062,3466121.0650999993
-10639797.5009,3466043.4461999983
-10639802.6997,3465917.9651999995
-10623497.117,3489182.6361000016
-10624365.078,3489352.2251999974
-10623979.8995,3489117.4069000036
-10623977.6684,3489022.845700003
-10623490.1671,3488970.8083999977
-10631202.6697,3489312.6366000026
-10631138.3775,3489361.3532999977
-10631140.4785,3489123.972199999
-10631158.9796,3489061.905199997
-10631180.3556,3489018.007600002
-10631201.0604,3488957.0380999967
-10631217.0885,3488777.6384000033
-10630879.3949,3488869.9218999967
-10601586.079,3450016.381099999
-10601945.3422,3449866.1248999983
-10627600.3637,3514384.407200001
-10627469.4029,3514416.5856000036
-10627709.6509,3514585.3960999995
-10612598.5295,3508531.542000003
-10612681.8501,3508475.2918
-10612639.0836,3508486.3761000037
-10612878.8432,3508468.7602000013
-10613064.3997,3508442.058799997
-10612863.1929,3508311.4886000007
-10612945.7737,3508792.0722000003
-10613256.7455,3508915.593199998
-10613280.0417,3508915.251699999
-10613299.9748,3508710.3012000024
-10587119.676,3448440.336099997
-10587081.0535,3447882.8418999985
-10587026.9651,3448174.719499998
-10586966.4908,3448314.4104999974
-10587074.9449,3448283.6966999993
-10587235.29,3448070.500699997
-10645177.7699,3498642.7324
-10587345.0633,3462598.3281000033
-10587305.6366,3462736.541500002
-10587203.1068,3462692.7114999965
-10650871.2741,3482491.219899997
-10595303.9416,3458514.013700001
-10595279.3738,3458457.9231999964
-10594852.5892,3458372.5143000036
-10594692.8062,3458501.130400002
-10645522.2922,3495445.0867
-10631655.0935,3488889.8039000034
-10631550.4957,3488950.114
-10631427.6067,3489091.9541999996
-10631650.3168,3488823.2902000025
-10631612.5199,3489043.105300002
-10631763.955,3489126.0451999977
-10631740.1362,3489190.8878000006
-10631657.074,3489298.340400003
-10619372.2725,3509753.6533999965
-10619526.9902,3510252.2168999985
-10619487.8287,3510160.704400003
-10619474.7643,3510220.3747000024
-10619552.1727,3510145.3101999983
-10619621.4919,3509971.3702000007
-10619599.7739,3510018.0036000013
-10619675.5709,3509942.0050000027
-10588665.9197,3460644.7141999975
-10631291.7752,3459870.7158999965
-10631332.3686,3459963.3281999975
-10636962.7931,3519560.148599997
-10636777.278,3519308.041000001
-10636635.1053,3519361.8219000027
-10636770.3308,3519625.7311000004
-10636777.8138,3519749.660400003
-10636528.7952,3519757.644199997
-10598143.5801,3512430.7010999992
-10598772.5365,3512590.5111000016
-10598729.5842,3512527.5640999973
-10598819.1001,3512433.1040999964
-10598754.2566,3512892.831799999
-10639239.5363,3466476.9472000003
-10639303.7655,3466230.208800003
-10639286.3199,3466230.232000001
-10639190.2622,3466195.5798999965
-10635296.4333,3458676.5381999984
-10635329.4277,3458611.1802999973
-10635104.9123,3458651.962700002
-10596313.054,3458529.6313000023
-10596310.8678,3458344.2782000005
-10596301.4571,3458247.7277000025
-10590124.9125,3463763.9640000015
-10590025.6298,3463746.6889000013
-10647998.5269,3483631.408
-10647975.2496,3483666.287299998
-10648336.3227,3483860.225400001
-10648412.5691,3483795.2293
-10648231.8781,3483854.9201000035
-10641961.8045,3501710.5681999996
-10642000.8284,3501373.3324000016
-10642264.1407,3501711.3731999993
-10642248.8731,3501438.875699997
-10621491.0988,3476015.8659999967
-10644092.038,3474455.177500002
-10644166.6766,3474507.3368000016
-10644158.3079,3474464.651299998
-10600426.8085,3510575.0178999975
-10600471.1822,3510797.896899998
-10600097.1209,3510656.546599999
-10600004.1536,3510579.1305000037
-10600066.4098,3510537.7541999966
-10598931.3013,3511722.6878999993
-10599159.4843,3511881.5933
-10597265.8891,3479143.0045000017
-10625129.2527,3493540.9136999995
-10624224.1364,3493840.032300003
-10624075.3737,3493830.4957000017
-10624075.6312,3493942.8301
-10624678.9676,3494084.307599999
-10625161.3145,3494076.6903000027
-10625376.6405,3493964.3642999977
-10625286.1353,3493920.600900002
-10625124.283,3493674.769199997
-10625200.5068,3493579.3376
-10624399.8883,3493891.2585999966
-10624518.1307,3493820.5896999985
-10624664.3497,3493782.020300001
-10624669.9067,3493802.7721000016
-10624729.5709,3493964.0339
-10624787.946,3493986.2211000025
-10624872.674,3493837.6806000024
-10624882.2957,3493985.8099000007
-10624916.5512,3493895.424800001
-10624895.8156,3493770.7052000016
-10625106.5991,3493959.045000002
-10636171.9998,3457570.9618000016
-10636627.9164,3457482.7047000006
-10636329.9895,3457487.4848000035
-10635947.0124,3457494.4331
-10588757.4865,3463560.561499998
-10629040.9798,3508535.8594999984
-10628901.9079,3508687.0425999984
-10628637.6159,3508646.097099997
-10628670.9154,3508750.9842000008
-10628802.2113,3508639.377899997
-10588205.3699,3462773.5908999965
-10588154.9451,3462747.446800001
-10644497.3018,3498575.5922000036
-10644750.7325,3498689.5358999968
-10588437.2621,3451284.3140999973
-10588324.799,3451193.867700003
-10588181.7597,3451101.768600002
-10588321.3504,3451082.1723000035
-10587976.3434,3451138.3193999976
-10588251.3801,3450867.4629999995
-10587954.1123,3450601.501699999
-10587986.2932,3450811.6765
-10588273.0497,3450692.6854000017
-10587899.3547,3450749.345399998
-10587750.9973,3450508.1411999986
-10588442.3301,3450378.787299998
-10632676.2057,3459803.2751
-10632751.7556,3459802.0154
-10632868.854,3459741.8489999995
-10632924.8042,3459863.2095
-10633122.8236,3459860.4355999976
-10632983.1531,3459696.5055000037
-10633263.873,3459487.9834999964
-10633069.0955,3459491.1055999994
-10632945.029,3459492.6457
-10633324.5919,3459533.009499997
-10582168.2744,3448894.032499999
-10589836.2431,3449652.0244000033
-10589759.7367,3449974.635300003
-10589769.4165,3449820.1982000023
-10590078.3509,3449603.662900001
-10590282.4471,3449477.217100002
-10590499.6431,3449116.6066000015
-10590547.5396,3449070.4135000035
-10590731.0887,3449343.6761000007
-10590728.7877,3449017.6363999993
-10590762.0392,3449216.1049999967
-10590132.1742,3449795.4692
-10622307.7619,3464937.6137000024
-10631943.2816,3487537.855899997
-10632046.628,3487399.858099997
-10632287.3157,3487489.640299998
-10632321.644,3487607.518100001
-10632261.7518,3487738.9729999974
-10632325.4895,3487833.083999999
-10632366.111,3487831.5483999997
-10632416.7743,3487879.7502000034
-10634191.7384,3471152.5480000004
-10629486.3118,3494784.7589000016
-10629211.8422,3494716.408399999
-10629235.0596,3494776.3162999973
-10629371.4401,3495180.4936999977
-10629399.0111,3495118.2672000006
-10629351.9107,3495118.9614000022
-10629164.8115,3495120.797700003
-10629352.5734,3494914.1718000025
-10598515.6758,3510891.5059999973
-10598688.9211,3510884.7355000004
-10598822.7166,3511149.648699999
-10598770.6042,3511765.5308
-10598798.6139,3511776.344700001
-10598795.9809,3511819.4773999974
-10598447.4641,3511495.7766000032
-10598697.2129,3511190.7673000023
-10598586.9239,3511196.2600999996
-10598371.2579,3511285.0019999966
-10598357.3346,3511019.4893999994
-10598331.0212,3511113.014899999
-10598121.8061,3511254.711599998
-10598292.536,3511009.8008999974
-10598155.9264,3510948.1207000017
-10656043.458,3473829.8883000016
-10655795.8818,3473481.672700003
-10656015.8363,3473685.8003999963
-10656071.795,3473686.1677
-10656118.8789,3473736.065399997
-10656182.2524,3473713.1005000025
-10656102.9372,3473629.636500001
-10656431.2336,3474059.3742000014
-10656298.9593,3474251.9333999977
-10656404.5068,3474369.101300001
-10629291.785,3472349.0791999996
-10629407.776,3472345.920900002
-10601544.8165,3484013.7324
-10601429.5719,3484274.304899998
-10601428.0117,3484188.282300003
-10601427.3055,3484095.8127999976
-10601388.6864,3484068.7004000023
-10601329.3029,3484148.0595000014
-10601095.6841,3484158.3297000006
-10600931.3188,3484207.7518000007
-10601432.7458,3483955.9399999976
-10601050.7877,3483960.967799999
-10640048.5192,3466761.8315000013
-10639986.7004,3466901.267999999
-10636188.1453,3464097.6841999963
-10644370.422,3496733.2070999965
-10644374.163,3496692.7619000003
-10614781.3479,3455396.1438999996
-10614231.778,3455372.650200002
-10575083.4733,3474424.9623000026
-10575238.3943,3474439.4422999993
-10575001.0465,3474475.669399999
-10645957.8751,3482857.180399999
-10645904.2631,3483068.3555999994
-10646261.0964,3483494.492899999
-10648595.8592,3465685.6790999994
-10648615.5698,3465704.266599998
-10648296.3745,3465739.068099998
-10648368.5762,3465978.6423000023
-10650861.5224,3481997.8083999977
-10586144.8343,3492483.718000002
-10667005.4814,3477970.302500002
-10667004.907,3477916.022
-10592128.3664,3477741.079400003
-10592223.3426,3477738.6054000035
-10591850.0833,3477858.5407000035
-10591847.3012,3477771.3140999973
-10592321.7216,3477645.3342000023
-10592397.9022,3459938.1242000014
-10592330.3114,3460141.6454000026
-10592068.2625,3460183.8398
-10592139.4455,3460126.8147
-10592137.5571,3460087.2700000033
-10629449.6128,3472658.1459000036
-10626127.3964,3508435.2522
-10626016.2302,3508466.1394999996
-10625856.1803,3508642.1448
-10625795.8163,3508669.090800002
-10626011.7314,3508676.3307000026
-10625927.6974,3508768.199000001
-10647922.518,3484474.753200002
-10647979.7149,3484273.8993000016
-10648365.6051,3484226.033699997
-10648246.1352,3484391.526799999
-10648243.1674,3484278.7437999994
-10648541.0049,3484301.7522
-10648106.5845,3484532.210900001
-10645542.9926,3488371.963299997
-10645810.8801,3488686.222900003
-10645712.4699,3488688.083499998
-10645461.8163,3488571.1959000006
-10645823.0378,3488751.9240999967
-10645751.4831,3488752.6878999993
-10645850.2161,3488797.803000003
-10645478.3153,3488688.3073000014
-10645545.3168,3488967.586599998
-10644112.2607,3466468.847000003
-10643901.859,3466471.016999997
-10643973.4926,3466033.199199997
-10643854.3315,3465964.580799997
-10648506.6551,3482474.046599999
-10648508.5837,3483006.976499997
-10648267.6937,3482438.529600002
-10648359.107,3482516.3922000006
-10648325.0512,3482640.7299999967
-10648452.0461,3482784.463399999
-10647886.3671,3483068.670599997
-10648099.0521,3482760.089299999
-10647960.2942,3482700.6837000027
-10647875.7851,3482644.5823
-10647962.7121,3482608.917800002
-10648093.3278,3482608.354699999
-10629266.8288,3472411.4069000036
-10629422.0004,3472452.5534000024
-10629404.7203,3472524.4521000013
-10631258.316,3493397.4727
-10631169.0135,3493302.389899999
-10631073.673,3493010.451399997
-10631011.8476,3493010.386
-10631054.9391,3492977.030500002
-10602647.5382,3452182.766599998
-10602664.7125,3451755.296400003
-10602637.518,3452084.081299998
-10602654.7138,3451928.1510000005
-10602592.5653,3451884.3456000015
-10602544.9426,3452057.0754999965
-10602324.5809,3452029.7668000013
-10602262.4486,3452001.1262999997
-10602145.9137,3452027.5383
-10602170.4098,3451979.6761000007
-10602043.1218,3452195.7551999986
-10602189.8492,3451875.190399997
-10602507.0143,3451727.398599997
-10649904.824,3465656.4253999963
-10649825.5156,3465619.1303000003
-10649490.6858,3465974.9727
-10649593.3011,3465576.833999999
-10649655.6727,3465718.3852000013
-10649689.6389,3465981.1789000034
-10649658.3479,3466021.579099998
-10649947.2765,3466003.4455000013
-10617671.4638,3511729.030500002
-10617804.624,3511946.942599997
-10617817.359,3511884.740500003
-10617921.9986,3511794.9316999987
-10617936.5417,3511877.6274999976
-10617993.3051,3511956.152800001
-10597758.6974,3479081.8923999965
-10597370.9379,3479179.060800001
-10650533.4236,3482846.723899998
-10650534.0866,3482905.032200001
-10650601.0357,3483118.5559
-10650596.2391,3483330.4513000026
-10650782.9497,3483523.9214999974
-10650658.0568,3483825.4606000036
-10646681.6226,3474630.4236999974
-10646647.4509,3474597.4826000035
-10601934.4442,3451367.005599998
-10601919.0168,3451265.1740999967
-10601953.28,3451298.055200003
-10601746.1853,3450852.4421999976
-10601886.1218,3450828.6833000034
-10584455.8796,3462350.235100001
-10584645.9207,3462382.4510999992
-10584582.831,3462383.8078000024
-10584640.8111,3462165.492399998
-10599017.3074,3500527.1363999993
-10599490.6438,3499701.0217999965
-10599074.9663,3499997.7544
-10599108.0768,3499967.968199998
-10599590.7223,3499611.7331999987
-10639736.7783,3470447.6794999987
-10639621.2136,3470475.7305999994
-10639537.5648,3470482.965300001
-10639645.0522,3470304.5737999976
-10640025.8346,3471119.2874
-10631435.8883,3459949.056400001
-10588583.6427,3462735.7465000004
-10611041.3671,3504907.117200002
-10610758.1609,3505079.6881000027
-10611095.7471,3505180.5738999993
-10659760.0477,3474206.8281000033
-10659561.6832,3473966.305200003
-10659960.3814,3474097.6542000026
-10659945.4294,3474112.0304000005
-10659829.2378,3473989.5069999993
-10660243.2117,3473406.4771
-10660124.1153,3473415.8527000025
-10660159.1767,3473384.386699997
-10648455.6672,3466672.782499999
-10648085.7058,3466498.6777999997
-10648217.4505,3466446.017499998
-10648090.2004,3466613.4091000035
-10648025.5484,3466896.2092000023
-10575328.6685,3481497.7949
-10575342.6139,3481350.0680000037
-10575487.2467,3481493.8345
-10575768.9853,3481420.1985
-10585731.9172,3445390.0327999964
-10585668.1897,3445413.9340000004
-10642115.1732,3474512.2211000025
-10641976.8307,3474570.3781000003
-10642039.0377,3474296.4870999977
-10642038.5675,3474247.3510000035
-10642076.839,3474227.1445000023
-10592980.2325,3505992.6492
-10593340.9252,3505655.594700001
-10593538.4109,3505794.7946999967
-10658440.0031,3473705.6833000034
-10658560.0447,3473586.6296000034
-10630149.0431,3500238.715999998
-10629864.4115,3500096.032899998
-10629912.744,3500168.340499997
-10629948.9488,3500222.5527999997
-10614482.0552,3509989.960500002
-10614521.1727,3509966.1325000003
-10614526.0554,3510100.7744999975
-10614593.5254,3510118.3649000004
-10614628.2489,3509747.7826000005
-10614570.1649,3509659.845899999
-10614421.1732,3509424.4936000034
-10639813.5828,3466765.215599999
-10639727.0661,3466621.5856000036
-10639729.6883,3466782.6460999995
-10639645.5909,3466787.6247000024
-10639647.4578,3466902.3418999985
-10639675.8157,3466705.1655
-10639593.9206,3466845.496299997
-10580639.3739,3480773.7452000007
-10626607.1587,3452296.1037999988
-10626930.0329,3452302.1380999982
-10595210.8145,3443563.464299999
-10595116.0696,3443474.2871999964
-10595289.9221,3443415.6488000005
-10587440.6183,3462699.0326000005
-10587564.0005,3462696.6400000006
-10637690.1155,3505705.621299997
-10637903.4883,3505720.4393000007
-10639174.5829,3466139.2412
-10639252.7349,3466138.3188000023
-10639368.7,3466103.8774999976
-10639135.6214,3466020.1393000036
-10596472.7211,3512319.270800002
-10596736.3234,3512398.5802000016
-10596867.0279,3512879.8831999972
-10596696.5085,3512908.4684000015
-10596646.186,3512815.352300003
-10596765.5119,3512791.4848999977
-10596932.6773,3512633.5398999974
-10597054.3258,3512526.9047000036
-10597108.0435,3512816.947800003
-10597246.5454,3512614.169399999
-10597119.1488,3512731.5315999985
-10597215.9336,3512832.5273
-10597027.8621,3512994.8812000006
-10598586.4809,3484520.7490999997
-10598267.7296,3484628.0077000037
-10595435.654,3442862.2978999987
-10631544.8326,3459173.5583999977
-10631488.4571,3459030.8213
-10630958.875,3500128.5253000036
-10630932.0601,3500069.7880999967
-10630706.2003,3500144.7214
-10643315.283,3464794.9707999974
-10643286.8739,3464679.908699997
-10643198.086,3464515.088600002
-10643300.3116,3464434.4236999974
-10643377.4178,3464198.707800001
-10643314.278,3464148.7819000036
-10600181.6469,3507863.795500003
-10600325.3306,3507826.5031000003
-10597009.5387,3510962.762699999
-10597021.5373,3510592.9946999997
-10596651.527,3510773.1317000017
-10597291.6241,3510896.5151999965
-10597290.0156,3510941.3043000028
-10597216.8948,3511057.6514
-10597475.7201,3511075.738300003
-10597507.6136,3511079.8588000014
-10625991.7576,3487577.8281000033
-10626093.8975,3487702.963799998
-10626423.5974,3487585.8007000014
-10642656.4872,3501175.1872999966
-10642654.7202,3501237.9023
-10642985.9074,3501171.621100001
-10592514.2427,3442644.544500001
-10592596.1851,3442772.2119000033
-10592601.3347,3443120.6859000027
-10592523.8298,3443089.633100003
-10592518.8011,3442853.0415999964
-10593018.1857,3443127.049999997
-10592991.2441,3443292.020199999
-10592937.42,3443112.8106999993
-10638617.4355,3471768.1159000024
-10599262.1965,3458606.2971
-10631085.8452,3477281.7805999964
-10645510.5824,3483705.431599997
-10645785.305,3483574.2968999967
-10645934.6049,3483720.173100002
-10645872.6896,3483696.5474999994
-10645849.0307,3483648.7546999976
-10645782.2346,3483777.7465000004
-10645781.7905,3483737.606899999
-10645976.1613,3483938.295000002
-10645868.8152,3484012.656300001
-10645633.7102,3484032.0459999964
-10645591.8342,3484172.442599997
-10645634.2722,3483930.5934000015
-10646070.5854,3483807.905100003
-10645966.9657,3483806.830600001
-10643589.4372,3464651.074000001
-10643591.0231,3464750.7179000005
-10643481.7954,3464205.2600999996
-10643583.3997,3464179.439000003
-10594386.6268,3457933.552000001
-10594241.489,3458356.9285999984
-10593900.8527,3458409.3586999997
-10638326.9335,3495893.7063999996
-10638238.7777,3495846.3165000007
-10638280.4551,3495847.0517000034
-10638305.0929,3495851.2512999997
-10587907.3321,3464243.721900001
-10630482.7446,3501149.945600003
-10630480.9334,3501071.156300001
-10626066.0756,3508939.733900003
-10630354.1465,3476336.8056000024
-10630305.0136,3476337.021499999
-10636652.772,3503935.9318000004
-10636434.6551,3504297.4069000036
-10636466.8618,3504148.9822999984
-10636560.2612,3503899.2880999967
-10636060.6627,3504081.6010999978
-10636388.591,3503618.5327999964
-10636169.9023,3503365.475400001
-10636123.3824,3503554.8126000017
-10636117.2868,3503783.125
-10657295.2577,3474046.6670999974
-10657196.73,3474280.4020000026
-10657159.1011,3474193.576899998
-10636288.6846,3464176.6292999983
-10636280.9754,3464176.6116999984
-10636264.0791,3464178.554899998
-10629168.892,3470728.454599999
-10629099.657,3470703.7224999964
-10629101.2839,3470673.8346000016
-10629099.3805,3470644.842299998
-10629134.7219,3470666.2150000036
-10629203.0118,3470641.899899997
-10659195.1601,3477255.536799997
-10659456.3434,3477516.188500002
-10659642.2798,3477241.5028000027
-10659547.5057,3477980.528499998
-10659628.7196,3477871.955600001
-10659535.0434,3477811.2705999985
-10646675.0174,3483391.0222999975
-10646692.4147,3483618.377899997
-10646565.5811,3483421.3768000007
-10646301.6093,3483586.4224999994
-10665959.0481,3477357.828900002
-10665704.1803,3477414.452799998
-10665848.0903,3477703.400899999
-10665826.4255,3477932.2003000006
-10666037.9155,3477983.8510000035
-10645414.0825,3489702.642499998
-10644790.0431,3489418.369099997
-10644897.1437,3489371.117399998
-10645157.9432,3489459.8508
-10646111.9653,3495826.1052
-10646034.6667,3496187.090099998
-10646011.615,3496055.537600003
-10645996.6428,3495969.410599999
-10646183.6339,3495967.9958999977
-10657935.8314,3473622.5113999993
-10658020.3614,3473000.9245000035
-10657992.6104,3473431.561300002
-10658029.4084,3473381.8537999988
-10657928.3923,3473244.904799998
-10657921.5157,3473039.9827999994
-10657715.5542,3473087.9378999993
-10594553.8199,3458948.3863999993
-10629259.5186,3489157.587899998
-10628906.9778,3489404.1554000005
-10629017.8544,3489465.286700003
-10629211.1833,3489492.147
-10629347.5979,3489797.3847000003
-10629059.3184,3489693.440700002
-10628996.1953,3489715.1893000007
-10647995.8453,3464789.0156000033
-10647839.1423,3464798.465599999
-10656660.5262,3475595.607000001
-10657084.5876,3475536.9023
-10657010.3361,3475518.783699997
-10656920.7521,3475607.0622000024
-10656848.5387,3475630.3885999992
-10656993.4782,3475399.4635000005
-10656993.2745,3475345.675999999
-10656664.5216,3475423.1875
-10657097.1606,3475186.5601999983
-10657044.1716,3475186.7629000023
-10634401.7735,3504938.8237000033
-10634727.7281,3504754.2053999975
-10660905.4383,3478559.664800003
-10660442.7693,3478643.209399998
-10660641.8031,3478734.480700001
-10660272.7873,3478741.2506000027
-10660231.6709,3478790.336000003
-10660443.3442,3478738.6860999987
-10660208.6709,3478950.1525000036
-10660182.9505,3478369.175300002
-10660282.8766,3478347.0495000035
-10660360.1564,3478365.034699999
-10660903.5656,3478384.5735
-10660682.0444,3478220.7073
-10660852.2979,3478352.4399000034
-10660703.4163,3478448.2190999985
-10634789.041,3475235.942900002
-10634629.5918,3475356.7973999977
-10642061.8646,3460192.080799997
-10641855.3088,3460391.4447000027
-10641764.6695,3460563.975400001
-10641838.3952,3460346.2918
-10641887.3837,3460339.873300001
-10641774.9137,3460222.1231999993
-10650235.7017,3465558.7206000015
-10619898.8909,3510063.1664000005
-10620022.5477,3510165.409199998
-10620020.7845,3510281.6772999987
-10629062.0566,3493758.9558999985
-10628971.3513,3493952.257600002
-10632940.9031,3457760.0670000017
-10633002.9554,3457839.5578000024
-10590531.9939,3462816.6545
-10590501.3708,3462941.8669999987
-10649412.1963,3464897.0371999964
-10649688.8107,3465018.9749
-10650538.0856,3482079.8841999993
-10650690.742,3482018.1997999996
-10650522.1678,3482116.4218999967
-10638774.4431,3494788.4883999974
-10639064.7323,3494566.027999997
-10639187.7986,3494550.020999998
-10639117.9235,3494698.658399999
-10639425.4609,3494460.025600001
-10639303.1956,3494350.5940999985
-10639081.115,3494210.8769000024
-10639022.8365,3494292.069600001
-10638918.7818,3494338.4893999994
-10639008.7392,3494181.505400002
-10625539.7362,3466927.371600002
-10631152.4252,3503585.7277000025
-10631143.8892,3503643.798799999
-10631150.1553,3503718.789800003
-10631149.3884,3503771.8039999977
-10630978.8893,3503842.026100002
-10631463.8997,3503834.0605999976
-10631405.7785,3504079.3444000036
-10659976.5098,3473270.1136000007
-10627325.5627,3480830.485799998
-10636019.8202,3489199.724600002
-10636177.1035,3489063.092299998
-10643589.0529,3469908.717699997
-10612591.1081,3508827.5529000014
-10611857.2687,3509048.8665999994
-10612314.4211,3508970.384300001
-10611965.6182,3508985.2996999994
-10611879.9851,3508907.6718000025
-10612426.4317,3508489.2581999972
-10612154.84,3508706.7192
-10612114.9278,3508718.3608999997
-10612171.9418,3508606.006099999
-10612366.3157,3508370.0210999995
-10611773.2008,3508620.2255000025
-10611842.6619,3508565.9037000015
-10612004.0797,3508402.317400001
-10612165.7084,3508322.3904
-10612055.7281,3508324.1708000004
-10643836.4871,3468773.8325000033
-10643836.6797,3468721.9913000017
-10643695.1115,3468844.188199997
-10643460.9881,3469029.0003999993
-10643489.0387,3469209.025200002
-10643603.6696,3469206.733099997
-10629451.5867,3489420.5007999986
-10629387.2329,3489351.313199997
-10629860.1179,3489356.0973000005
-10629904.8925,3489355.6171000004
-10629969.3537,3489216.475400001
-10629547.2368,3489079.5974999964
-10629869.5879,3488893.5414000005
-10629948.6242,3488979.0023000017
-10629591.7033,3488946.8803000003
-10629448.8572,3488948.299900003
-10629544.9116,3488928.169500001
-10631297.7123,3459175.7097000033
-10631191.0219,3459176.291000001
-10631332.039,3459085.1138999984
-10596717.5812,3510642.4297999963
-10596899.4433,3510359.7053000033
-10596876.1986,3510340.5064999983
-10596855.6051,3510319.527099997
-10639200.0767,3466866.0243000016
-10639406.0793,3466960.116700001
-10639344.7419,3466962.3320000023
-10639350.8414,3466601.7518000007
-10597628.4365,3509255.6702999994
-10643398.0232,3502462.6428999975
-10642705.1653,3502734.6740999967
-10643178.7276,3502332.8998000026
-10646826.2871,3502637.6997999996
-10647309.946,3502719.1294
-10647114.5767,3502733.5689999983
-10647070.1192,3503037.6132000014
-10646884.0826,3503261.355899997
-10646735.6142,3503412.0503999963
-10646858.9544,3503202.5304000005
-10646870.475,3503010.7726000026
-10646868.3792,3503063.063199997
-10646658.4063,3503276.6292999983
-10642512.6433,3501923.9936000034
-10642054.4206,3501958.8170000017
-10641952.2691,3502032.6006999984
-10587488.8925,3447834.5945999995
-10587467.9331,3447548.4641000032
-10587842.2259,3447493.837200001
-10629137.3998,3471103.9099999964
-10596309.461,3503160.5671000034
-10596317.883,3503103.5478999987
-10596268.4541,3502912.0141000003
-10596230.4239,3503015.282899998
-10596161.0354,3503136.2544
-10595922.444,3503039.655100003
-10596099.9232,3502385.2793999985
-10595951.6195,3502591.3407000005
-10596026.8618,3502603.2378999963
-10596399.3601,3502714.1273000017
-10600766.5139,3475820.933600001
-10600894.0034,3476053.671099998
-10600972.7095,3475830.6457
-10640344.7566,3471380.3445999995
-10631612.8457,3474727.3706
-10632736.4359,3457477.222099997
-10632733.5053,3457364.5002999976
-10632841.1114,3457143.751199998
-10602031.2586,3449980.1611
-10601609.5835,3450387.662600003
-10601680.2257,3450528.2370000035
-10599740.273,3449714.5446000025
-10600008.672,3449881.5403999984
-10600076.9341,3449614.704599999
-10600197.9436,3449739.156300001
-10600361.4628,3449831.184299998
-10600605.9089,3449666.076200001
-10600199.5174,3449593.741899997
-10600294.6907,3449494.0555000007
-10600042.9497,3449462.2408000007
-10630151.4784,3494832.942400001
-10630500.3806,3495165.2239999995
-10630452.4723,3494921.363300003
-10630422.8413,3494994.5978000015
-10630239.8207,3495066.5408999994
-10630292.0728,3495068.556400001
-10632245.1704,3459208.8707000017
-10632356.2287,3459207.8035999984
-10632026.9697,3458998.1691000015
-10632046.7402,3458998.211599998
-10632033.2027,3459164.460199997
-10632124.0513,3459127.8641000018
-10601240.2724,3452108.389200002
-10587381.0769,3448320.8532000035
-10587471.4768,3448148.5577000007
-10587453.1121,3448139.9739999995
-10587517.6284,3448182.406800002
-10587376.0826,3448074.048299998
-10587245.4795,3448313.1775999963
-10642189.0871,3503059.8880999982
-10642055.1033,3502997.054700002
-10642173.7785,3502668.7409999967
-10641865.8793,3502419.9802
-10641528.3312,3502497.9993999973
-10641590.0785,3502819.500500001
-10652309.0639,3481045.4745000005
-10652464.5609,3481044.6934999973
-10652398.0277,3481144.3254000023
-10652575.4458,3481204.5393999964
-10652583.685,3481438.4386000037
-10652391.6336,3481538.8407000005
-10652342.866,3481500.5242
-10652323.1922,3481698.4152999967
-10652238.189,3481465.5786999986
-10597108.5087,3504193.2903999984
-10597092.2129,3504293.0446999967
-10597190.2111,3504337.920500003
-10596957.8332,3504496.3720000014
-10597029.6258,3504647.3128999993
-10597291.2628,3504669.940399997
-10644596.188,3467952.5983999968
-10644424.8639,3467919.8237999976
-10644436.1774,3468148.1415000036
-10632391.3228,3458504.714599997
-10632286.2005,3458506.2003000006
-10632383.5522,3458805.398199998
-10632085.6282,3458725.6801000014
-10632492.756,3458856.341300003
-10632086.6879,3458862.6648999974
-10632034.0133,3458863.3073000014
-10632300.6061,3458958.869400002
-10599821.0361,3490794.1147999987
-10600102.9029,3490601.4565000013
-10600158.8543,3490436.2013000026
-10600149.7127,3490355.5305999964
-10600196.3646,3490446.6472000033
-10648292.4201,3464469.994099997
-10648197.9624,3464452.4092999995
-10649628.0744,3465413.9768999964
-10650310.9822,3501993.2434
-10640517.2372,3507721.791000001
-10593293.0971,3504855.4020000026
-10593206.83,3504658.4333999977
-10593213.9969,3504442.3555999994
-10593334.8021,3504754.1652000025
-10593307.8236,3504744.0824000016
-10632602.3197,3507215.0636000037
-10625707.7763,3467395.1032000035
-10625681.3487,3467455.5693000033
-10625741.6876,3467216.9311999977
-10643617.4801,3463078.246600002
-10643394.0008,3463081.6234000027
-10643647.5279,3463010.1154000014
-10643517.9129,3462925.8022999987
-10643249.2384,3462814.8254999965
-10643221.073,3462125.9843000025
-10643314.8154,3462216.4444999993
-10643411.4644,3462243.9926000014
-10643382.0304,3461984.110299997
-10643705.8904,3462153.9790999964
-10643598.3073,3462074.3069999963
-10643534.2871,3462020.729500003
-10643575.9702,3461983.4302999973
-10643221.1278,3462598.1745000035
-10648313.6457,3484574.2003000006
-10648180.91,3484891.4822999984
-10648180.4545,3484783.8302000016
-10648276.0936,3484977.199000001
-10648406.7802,3484739.7993
-10648747.5321,3484704.524899997
-10648672.1952,3484844.8993000016
-10648545.6133,3484808.383299999
-10648777.3899,3484807.3840999976
-10648458.9809,3484999.357500002
-10648673.2574,3485093.7370999977
-10595322.1172,3478273.2118000016
-10595384.705,3478307.794500001
-10595299.1735,3478310.949500002
-10613410.5327,3509524.8779999986
-10613119.9833,3509219.140900001
-10613263.7135,3509366.8955999985
-10613326.0574,3509335.781000003
-10613303.1256,3509166.3214000016
-10646763.9599,3474866.961599998
-10593817.4117,3459001.074699998
-10594169.7514,3458829.490000002
-10629930.5546,3507011.158399999
-10630052.234,3507191.7985000014
-10630467.8825,3507808.824699998
-10630445.4821,3507613.0923999995
-10630541.5634,3507757.9191000015
-10630213.816,3507055.8550999984
-10630010.8495,3506927.2537999973
-10632104.4136,3505400.3850999996
-10648540.4311,3464337.7410999984
-10648512.8964,3464550.875699997
-10648537.0735,3464650.0385000035
-10648694.2014,3464624.353500001
-10648488.0526,3464365.9946999997
-10618443.0637,3511671.248800002
-10618540.8264,3511642.442900002
-10618486.7447,3511561.8193999976
-10618538.1169,3511934.858900003
-10618505.6735,3511785.3210000023
-10618631.959,3511705.7564999983
-10618695.4114,3511551.375500001
-10618575.0154,3511853.7797000036
-10618637.8156,3511133.704400003
-10618352.012,3511397.1856999993
-10618704.7722,3511431.8455
-10618768.7794,3511458.817400001
-10618938.4386,3511540.9245999977
-10575234.547,3474937.408399999
-10575161.0437,3474938.357900001
-10574998.0495,3474941.034000002
-10574825.4914,3474944.350400001
-10574721.3718,3474810.309299998
-10574828.555,3474726.2864999995
-10574980.5765,3474817.9470999986
-10575207.0916,3474780.0458000004
-10574922.8787,3474867.1611
-10574922.4551,3474845.1357999966
-10618090.7966,3509449.0801
-10617818.704,3509787.2654
-10617523.9365,3509628.5053000003
-10617639.1605,3509809.4812999964
-10617733.8866,3509532.530500002
-10617680.7712,3509602.6235999987
-10617703.5611,3509614.844700001
-10617776.0848,3509674.733599998
-10635931.1327,3467769.547600001
-10646215.7096,3473387.207699999
-10646177.8046,3473387.590099998
-10646101.4345,3473339.201899998
-10646324.2776,3473231.711000003
-10596401.135,3479415.578599997
-10596225.7532,3479404.8774999976
-10596202.9983,3479404.6900999993
-10596180.3115,3479404.4650000036
-10596307.4896,3479575.3291999996
-10596409.2589,3479562.046400003
-10596639.2081,3480064.6334000006
-10595996.7454,3479988.6371000037
-10596087.2558,3480040.8030999973
-10596170.857,3479983.225100003
-10596690.9587,3479698.2424999997
-10596726.0303,3479756.7365999967
-10596877.8048,3479895.229000002
-10625863.0141,3465922.0961000025
-10637349.8937,3470742.662799999
-10637272.2544,3470684.4487999976
-10637282.6279,3470375.898599997
-10637341.9176,3470325.851999998
-10642487.7102,3517938.8884999976
-10642531.0953,3517569.0336000025
-10642595.049,3517365.842100002
-10605407.573,3497094.960500002
-10604791.2734,3497428.7951999977
-10604670.8401,3497375.9377000034
-10604770.9672,3497284.827399999
-10604738.706,3497159.963299997
-10635604.8765,3501691.243900001
-10640255.7861,3471239.1290000007
-10633807.0597,3463495.9821000025
-10633831.3854,3463452.6931999996
-10660707.0892,3474632.2523000017
-10659981.8751,3474631.0239000022
-10659511.4198,3474702.8928999975
-10644303.3147,3488962.5754999965
-10644014.6139,3488643.581600003
-10644118.3646,3488695.2506000027
-10644111.2601,3488642.6335999966
-10644348.192,3488639.3757999986
-10643919.012,3488654.103
-10643687.8076,3488952.014200002
-10643591.7201,3488685.972599998
-10643556.2455,3488830.2043000013
-10639658.022,3470045.4504000023
-10639839.9266,3470220.1115999967
-10639677.9866,3469973.0304000005
-10640344.5913,3470767.9909000024
-10640059.0201,3470830.7569999993
-10640173.6207,3470763.0486999974
-10640183.0204,3470553.1493000016
-10640223.1522,3470668.603699997
-10640193.7745,3470447.7657999992
-10599915.1196,3489764.6246000007
-10600439.4733,3489995.6230000034
-10600215.2814,3490043.3809999973
-10600102.6809,3490063.787799999
-10600500.1816,3489862.1853
-10600444.723,3489886.747299999
-10600391.1519,3489906.2717999965
-10600291.3349,3489930.2509000003
-10600316.4834,3489828.739
-10600286.4731,3489796.8891000003
-10600073.7617,3489712.158699997
-10600171.9252,3489711.1481000036
-10600228.5061,3489708.2722000033
-10600270.5928,3489701.979699999
-10600461.1872,3489619.6499999985
-10600336.7062,3489623.4535000026
-10600295.4942,3489637.8906000033
-10600195.206,3489654.6526999995
-10600010.5793,3489655.271899998
-10634600.4669,3471419.608099997
-10634652.4327,3471350.9635000005
-10636559.2916,3464117.3435999975
-10636518.533,3464175.3800000027
-10636398.8986,3464109.146300003
-10636474.0005,3464073.7930999994
-10636458.1243,3463924.0891000032
-10584434.8232,3459845.082199998
-10584466.6402,3459794.0562999994
-10584413.8934,3459630.282499999
-10584410.0874,3459537.6538999975
-10584451.5957,3459493.4878999963
-10632706.7348,3488283.3049999997
-10632910.8316,3488165.7343999967
-10632663.5107,3488411.0517999977
-10632514.2602,3488325.778499998
-10591952.797,3463700.521399997
-10591744.748,3463759.856200002
-10591851.0238,3463870.344300002
-10591914.587,3463916.056900002
-10592042.1617,3463974.190899998
-10593785.6683,3504461.409900002
-10638465.0568,3495739.143600002
-10638422.3089,3495938.4184999987
-10638584.7247,3495719.787100002
-10638636.2262,3495942.135499999
-10639834.7423,3470892.9846
-10639857.919,3470777.7619000003
-10639689.6819,3470827.5381999984
-10631048.2347,3474687.9952000007
-10631329.9344,3458853.0033000037
-10631312.5834,3458941.849399999
-10582209.5533,3447769.5287000015
-10634618.939,3489294.4311000034
-10646149.3126,3475372.5108999982
-10645862.448,3475519.7572000027
-10645907.1321,3475486.7409999967
-10645765.8437,3475460.2462000027
-10660450.6457,3474383.740000002
-10660490.9733,3474365.487400003
-10660501.813,3473784.1982999966
-10660680.937,3474037.8949000016
-10660656.2415,3474074.6275999993
-10660760.4146,3473955.2673999965
-10660778.1383,3473942.0659999996
-10661116.7638,3473870.515900001
-10640053.4293,3499402.1268000007
-10640118.8192,3499532.975299999
-10639898.769,3499582.8071999997
-10639826.363,3499398.858900003
-10630450.3459,3500521.300499998
-10630250.2838,3500549.5090999976
-10637226.6739,3481275.3949000016
-10651516.2801,3487610.3706
-10651452.6188,3487723.152099997
-10651626.0314,3487888.4464000016
-10652016.8409,3487692.7150000036
-10652091.1377,3487746.6306999996
-10626845.2833,3495209.9595
-10626676.4193,3495314.3576000035
-10626769.5038,3495422.322999999
-10626860.1331,3495438.962700002
-10626648.781,3495451.920900002
-10627007.6379,3495382.0349999964
-10590388.7836,3448286.900899999
-10590615.2212,3447958.8159999996
-10590453.3533,3448001.2480000034
-10590565.6467,3448541.6598000005
-10590657.0217,3448370.2531000003
-10590724.1699,3448270.2568000033
-10590375.665,3448418.9814999998
-10590771.0354,3448573.6565999985
-10590650.1851,3448208.1413000003
-10648781.505,3466967.7522
-10628922.8027,3458045.9250999987
-10628924.1176,3458165.8896000013
-10591701.1322,3477858.2327999994
-10591660.478,3477730.4378999993
-10591663.9685,3477859.639799997
-10591384.5769,3478104.5116000026
-10591299.6012,3477826.5217000023
-10591297.8726,3477783.724399999
-10591520.536,3477939.0072000027
-10591478.0196,3477691.5835999995
-10591420.4246,3477671.407200001
-10590951.7919,3477931.0957999974
-10590987.1008,3477929.953400001
-10591033.3935,3477599.3417000026
-10591036.8164,3477745.5647
-10632766.6065,3490922.4406000003
-10632747.9785,3490827.5381999984
-10632283.5588,3491031.545000002
-10632176.8684,3491110.220200002
-10632197.2412,3491015.561999999
-10632144.6352,3491176.6137999967
-10631856.3526,3490985.643600002
-10632046.4332,3491059.292800002
-10651288.8147,3477654.093699999
-10651851.319,3477660.3847000003
-10651806.398,3477420.2905
-10651619.2654,3477324.4443000033
-10651617.8077,3477461.2914000005
-10595244.7717,3459177.619400002
-10584487.1746,3461844.2974999994
-10584446.2599,3461899.5094000027
-10584531.1595,3461933.9575999975
-10584362.1621,3461989.8197000027
-10584427.1754,3462024.8593000025
-10631507.5621,3458994.3510000035
-10645275.6621,3495973.0781999975
-10645190.2604,3495974.967
-10645264.2008,3496090.0185000002
-10645265.4223,3496160.795599997
-10645130.6845,3496234.339400001
-10645129.8086,3496164.086000003
-10645169.7883,3496186.585000001
-10645032.4422,3496238.9452000037
-10644744.7867,3496285.963399999
-10644560.1337,3495980.8183000013
-10626580.2342,3505420.6128999963
-10626572.7508,3505288.775399998
-10626647.1919,3505241.7342000008
-10645845.9796,3467907.655500002
-10645724.1392,3467908.259999998
-10645683.0339,3468406.8015
-10645804.4623,3468567.2707
-10645870.453,3468297.9893999994
-10645798.5665,3468162.8059
-10645799.2851,3468247.589599997
-10656993.2944,3487639.275200002
-10657006.701,3487478.686999999
-10656635.9054,3487580.543300003
-10656518.296,3487359.6665999964
-10594937.2303,3459435.9529
-10594765.3563,3459227.5222999975
-10618668.0895,3508928.9617
-10627299.0761,3508377.5782999992
-10627252.357,3508167.7707
-10626993.4484,3508207.5358999968
-10596977.5929,3504977.8347999975
-10596968.0922,3505066.2126
-10596836.8099,3504771.307099998
-10596726.4541,3504786.3616999984
-10596639.5297,3505141.9565000013
-10596821.2973,3505117.4252000004
-10633624.0688,3507834.875500001
-10633973.933,3507929.4657000005
-10633745.5052,3507738.5287000015
-10633869.3453,3507723.3334000036
-10633985.1154,3507745.8543
-10634265.4961,3508008.044500001
-10634029.6253,3508481.0812000036
-10634124.0165,3508163.2211000025
-10633926.4239,3508313.514200002
-10633853.6454,3508271.8779999986
-10634181.1278,3508173.8726999983
-10634181.4089,3508147.2140000015
-10634165.5695,3508044.1763999984
-10633948.2248,3508064.2019999996
-10583829.6904,3460643.5621000007
-10583695.213,3460706.4799999967
-10576426.9705,3450101.7184000015
-10576391.0725,3450194.706100002
-10659837.7305,3473297.9243
-10659792.6356,3473273.0155000016
-10659697.8631,3473347.766099997
-10659597.3758,3473284.533500001
-10659575.3589,3473281.169399999
-10659328.5676,3473277.2716000006
-10659637.9313,3473579.3029000014
-10659389.1568,3473525.2512999997
-10659438.8872,3473451.3835000023
-10659351.6235,3473622.9979000017
-10597931.9381,3484330.7414999977
-10597877.6839,3484095.228600003
-10597662.216,3484025.7621000037
-10597039.1485,3484391.457199998
-10597404.8384,3484130.7397999987
-10597205.1916,3484239.082699999
-10597232.6253,3484132.679200001
-10596988.7677,3484304.4948000014
-10598164.0179,3484328.800300002
-10595582.1847,3451416.753899999
-10595471.0919,3451481.8007000014
-10598951.5416,3451524.729000002
-10598851.1356,3451428.708300002
-10599076.343,3451565.764399998
-10598957.9242,3451449.4482999966
-10599009.996,3451373.4241999984
-10598450.5927,3451034.4932999983
-10598549.6705,3451018.6636999995
-10598327.8792,3450945.75
-10598239.8728,3450840.1248999983
-10598017.9589,3451279.586599998
-10583610.457,3462200.5737999976
-10583611.5004,3462242.3122999966
-10592991.1537,3443021.5023000017
-10593194.5539,3443388.4394999966
-10592826.7901,3443488.9265
-10633083.9583,3502856.9309
-10633220.2168,3502972.0073999986
-10633301.1049,3503045.6850000024
-10594896.8085,3459180.265299998
-10592834.7981,3506384.6853
-10592665.8046,3506535.5521000028
-10592580.6903,3507156.7905
-10600374.7628,3452180.246600002
-10600625.5634,3451894.7223000005
-10643845.3612,3468190.170400001
-10643594.6362,3468201.7524999976
-10643743.5393,3468141.0481999964
-10643477.7619,3468205.9595
-10643213.5391,3468157.848899998
-10643542.5451,3467881.3922000006
-10643417.178,3467919.2007
-10643166.4648,3468006.503200002
-10643431.2249,3467835.4469000027
-10643640.6288,3467882.3105000034
-10646895.1753,3499304.5006000027
-10646583.1782,3498789.502899997
-10646592.5175,3499336.8149999976
-10644143.9505,3465357.7797000036
-10643991.3529,3465234.9338999987
-10644012.3319,3465175.484700002
-10643942.0484,3465176.653800003
-10642535.3405,3464661.762199998
-10642193.2529,3464866.3324000016
-10630102.5076,3499771.6428999975
-10630229.8245,3499691.9536999986
-10629654.4331,3499779.2452000007
-10629780.8376,3499865.806900002
-10629855.9632,3499738.653999999
-10629952.7371,3499603.1314999983
-10629829.5571,3499371.7990999967
-10629860.3428,3499386.3708999977
-10629681.2545,3499395.781199999
-10596215.6811,3504002.1758999974
-10596251.5742,3503923.788900003
-10618337.3707,3492299.0551000014
-10618376.4523,3492183.404100001
-10618255.553,3492101.7344999984
-10618213.8851,3491881.943599999
-10618312.2501,3491885.5304000005
-10618329.8181,3491885.3852000013
-10618863.7766,3491882.4597000033
-10618844.5134,3491882.728
-10618668.9426,3491883.2678999975
-10640529.0279,3476056.240000002
-10640494.5942,3476000.2136999965
-10656362.3009,3504377.9717999995
-10656362.7481,3504554.537299998
-10654876.4369,3514319.2348999977
-10641935.7873,3520495.636699997
-10641855.8996,3520383.809100002
-10641200.7764,3476341.857900001
-10641292.4433,3476432.415600002
-10641250.0758,3476468.4839999974
-10640767.6582,3476116.628200002
-10641015.7576,3476378.275600001
-10640803.2749,3476346.274099998
-10640718.6969,3476341.2885999978
-10640633.816,3476363.3276000023
-10630586.0796,3493276.7356999964
-10630747.8948,3493108.231700003
-10630843.5897,3493179.099299997
-10630936.9649,3493016.603500001
-10630840.358,3492862.8505999967
-10605260.7902,3485043.276799999
-10651171.8217,3481897.9728000015
-10651114.1823,3482060.779799998
-10622256.3475,3465268.6636999995
-10638963.0908,3494016.9099999964
-10638781.8275,3493820.9662000015
-10638663.5961,3494008.3550999984
-10606426.3237,3498812.2358999997
-10606207.7008,3498816.452799998
-10606101.1462,3498848.7994000018
-10606007.6143,3498765.5556000024
-10606147.5294,3498653.0728999972
-10606174.5757,3498612.197800003
-10606245.0162,3498652.5023000017
-10606509.3077,3498555.549800001
-10606451.7278,3498278.6752000004
-10606093.0208,3498367.4048999995
-10651115.9695,3482358.766999997
-10651292.8264,3482357.4865999967
-10651321.8504,3482830.9164000005
-10651218.2078,3482940.640299998
-10643734.8842,3468449.2092000023
-10643262.4324,3468465.3065000027
-10643747.1297,3468502.4421000034
-10641497.4869,3470534.6467999965
-10641580.6955,3470371.155000001
-10641655.4573,3470632.2150000036
-10642043.6337,3470731.123999998
-10642022.9651,3470653.1110000014
-10642143.9229,3470375.3260999992
-10641857.7466,3470320.329099998
-10632880.761,3502845.8285000026
-10632793.5924,3503009.734700002
-10595833.0044,3512354.2361999974
-10595419.4497,3512294.0793000013
-10595931.002,3512212.5033000037
-10595479.4582,3512122.3592000008
-10595480.6085,3511976.5380000025
-10595805.5285,3511785.9362000003
-10595932.0392,3511839.944799997
-10619692.628,3513781.398699999
-10619622.888,3513899.9252000004
-10619889.7469,3513900.157200001
-10620170.1637,3513739.6877000034
-10620182.4693,3513578.587899998
-10620362.5795,3513350.2555000037
-10620522.5516,3513433.2448000014
-10620471.4999,3513474.1717000008
-10620632.4768,3513591.685800001
-10620979.6598,3513390.192599997
-10620211.6288,3513872.500500001
-10639269.8134,3481874.8128999993
-10639014.8967,3481772.1411999986
-10639225.3722,3481824.6340000033
-10639187.6779,3481824.1229000017
-10639052.2065,3481648.7114000022
-10592005.6487,3447240.593000002
-10591963.6839,3447124.9162999988
-10591638.9039,3447366.4499000013
-10591658.3511,3447511.420000002
-10591789.4596,3447696.934100002
-10591758.587,3447592.1272
-10591853.3798,3447605.441200003
-10591994.4104,3447651.9125000015
-10592074.2032,3447663.0609000027
-10592141.4758,3447876.302500002
-10591968.5671,3447875.322499998
-10660703.7585,3473381.901299998
-10660517.352,3473380.996799998
-10660709.7649,3473444.061800003
-10660851.5646,3473355.6010999978
-10599831.8993,3510331.7387000024
-10600052.4476,3510256.4909999967
-10599924.4032,3510246.3364000022
-10600188.0084,3510232.105700001
-10600369.9584,3510248.493900001
-10638475.7417,3504641.1448
-10638394.3188,3504740.7590000033
-10638412.0306,3504498.9334999993
-10638845.2206,3504287.4896000028
-10639012.2112,3504538.4844999984
-10594066.9506,3464830.0491999984
-10594014.7243,3464810.9866999984
-10646459.7154,3474149.936499998
-10646797.6682,3474110.2941000015
-10646723.8078,3474056.666500002
-10654052.0805,3512204.1391000003
-10647072.8683,3497050.169500001
-10655203.391,3514946.5568000004
-10605365.837,3500848.1718999967
-10605344.7411,3500848.3389
-10605699.1991,3500618.905500002
-10605442.683,3500554.893299997
-10605474.3751,3500554.416000001
-10605756.9917,3500506.9926000014
-10646203.1864,3495351.714599997
-10646237.3055,3495413.8959000036
-10646432.7284,3496065.402800001
-10646342.7893,3496231.726999998
-10646377.684,3496626.438699998
-10646569.8474,3496646.2413000017
-10646601.6232,3496467.5113999993
-10574678.2921,3474043.072499998
-10574756.4819,3474010.224299997
-10574594.143,3473915.893100001
-10574699.9297,3473861.1204999983
-10574541.3084,3473848.912299998
-10574386.6457,3473694.2324
-10633605.4424,3508244.6462000012
-10633444.8617,3507997.0512999967
-10632675.057,3508525.7569999993
-10633295.8235,3508073.3301
-10633241.4487,3508059.9417999983
-10633025.9207,3508223.784900002
-10639744.112,3498804.933799997
-10639726.5275,3499002.8413999975
-10639699.8516,3499052.3769999966
-10639615.2402,3499100.120099999
-10639824.7734,3499082.4993999973
-10639877.3756,3499102.4701000005
-10635862.2347,3504211.842100002
-10635514.4622,3504184.463299997
-10635765.4997,3504027.543700002
-10632668.9483,3506607.1184
-10632680.124,3506673.1555999964
-10619763.7303,3463664.0530999973
-10619803.5238,3463703.0483999997
-10657191.0655,3473259.8260999992
-10657255.0493,3473513.3022999987
-10657206.3335,3473154.2488999963
-10657355.2439,3473210.754900001
-10657570.4707,3473423.5040000007
-10657115.4091,3473191.0952999964
-10657114.0974,3473160.1919
-10642265.7938,3470630.273699999
-10642387.9141,3470571.0605000034
-10642456.2174,3470531.661700003
-10642272.9346,3470476.216799997
-10642340.6918,3470436.8694999963
-10642315.6104,3470284.162600003
-10628023.8478,3487379.011699997
-10633015.7816,3497302.524700001
-10632965.022,3497098.7915999964
-10632944.7644,3497315.0856000036
-10632536.4779,3497357.7145000026
-10632589.5722,3497259.5736000016
-10632530.3967,3497298.0273
-10632410.8403,3497375.3079999983
-10632681.2142,3497000.5088
-10632600.549,3496944.7572000027
-10632450.8715,3497574.7797000036
-10632348.1885,3497412.8510000035
-10632310.2928,3497353.7463999987
-10627703.9731,3488873.8621999994
-10627489.525,3489151.894199997
-10627544.3687,3489121.2126
-10627931.0378,3489237.6763999984
-10627480.2298,3488841.5842000023
-10667719.4732,3479865.7572000027
-10667316.352,3479602.954099998
-10667275.5094,3479814.596699998
-10667401.8393,3479904.8517000005
-10644597.0582,3468445.5248000026
-10644357.0442,3468373.2643000036
-10644540.9068,3468337.275799997
-10644405.1687,3468292.0129999965
-10644414.1497,3468441.186800003
-10644510.1238,3468789.205799997
-10644599.4129,3468865.478500001
-10644599.5927,3468883.032499999
-10644362.7647,3468833.8751000017
-10644027.1542,3503584.7717000023
-10644272.1704,3503311.717
-10644265.5788,3503253.652999997
-10643197.3905,3503489.8310000002
-10643237.7492,3503325.2994000018
-10643184.5614,3503153.1630999967
-10643141.5994,3503133.8959000036
-10633062.9699,3459395.653800003
-10598106.9552,3476244.6462000012
-10598187.3935,3476067.7934999987
-10598029.1391,3476075.153300002
-10598215.8737,3475798.416000001
-10644315.9521,3489396.1520000026
-10644063.4205,3489441.153499998
-10644350.6547,3489146.341600001
-10644058.5238,3489127.394100003
-10644021.2482,3489222.336000003
-10644236.2068,3489301.6454000026
-10644411.7855,3489100.967699997
-10644099.3872,3489069.727600001
-10643924.6782,3489139.786600001
-10643929.7332,3489455.3817000017
-10643827.2599,3464775.3883000016
-10643885.0405,3464638.817400001
-10643809.1788,3464831.8215000033
-10643827.5147,3464862.8605000004
-10644174.4142,3464865.4855000004
-10644103.1062,3464866.152099997
-10643995.6109,3464867.116899997
-10644120.4844,3464830.144699998
-10619129.2552,3513561.005400002
-10619204.9314,3513645.406499997
-10618373.01,3514112.1300000027
-10619431.6934,3513805.2961999997
-10612509.1984,3492311.341600001
-10612795.8737,3492419.402900003
-10612886.6446,3492914.844800003
-10612889.1354,3493002.184299998
-10612728.3997,3493079.2026000023
-10612539.5865,3493108.2238000035
-10612429.8276,3493167.5505999997
-10612407.5907,3493167.7085999995
-10612515.6587,3492506.6292999983
-10612802.8576,3492591.4946999997
-10612627.1028,3492655.205600001
-10612803.8777,3492649.389899999
-10612583.8765,3492693.0282000005
-10612695.3126,3492784.9280999973
-10612701.327,3492842.7589000016
-10612722.8093,3492841.9425000027
-10612788.276,3492839.880099997
-10612442.38,3493014.3977999985
-10579203.1945,3447569.079400003
-10636675.4779,3464527.9569000006
-10636786.0853,3464776.529299997
-10636808.3942,3464900.032499999
-10636608.1023,3464957.046099998
-10636774.1987,3465084.0854
-10599329.6855,3500608.7616000026
-10599466.1117,3500654.068400003
-10648099.3548,3488347.1455999985
-10648379.0884,3488466.6964000016
-10648454.606,3488412.220899999
-10648380.3705,3488371.4124
-10648701.0083,3488492.6845000014
-10648612.1933,3488247.3620000035
-10648610.851,3488531.6862000003
-10664578.3662,3505801.9508000016
-10664848.001,3506563.215300001
-10664869.106,3506563.0276999995
-10664805.2066,3506468.904100001
-10664910.7296,3506467.8113999963
-10665079.5661,3506466.0613999963
-10645044.9027,3514962.1745000035
-10639515.3836,3494239.091300003
-10639608.4061,3494219.1780999973
-10639437.8028,3493765.4408000037
-10639224.9592,3493842.9431999996
-10639134.7779,3493856.413400002
-10639542.5241,3493694.0464999974
-10639039.4987,3493795.3790000007
-10638628.8668,3494382.397500001
-10646834.1005,3482809.1165999994
-10646992.8412,3482752.9472000003
-10646811.6538,3482647.524599999
-10587398.1737,3462321.0266999975
-10587408.6332,3461708.3005999997
-10638823.7879,3466957.280199997
-10638822.4261,3466876.6077999994
-10638821.3595,3466812.239
-10638865.43,3466509.419200003
-10638808.5243,3465992.5429000035
-10638841.9277,3465809.2712000012
-10638859.1151,3466117.4931999967
-10593353.3757,3478127.281300001
-10592564.2284,3478121.1479
-10593877.5716,3458303.2509000003
-10626893.0914,3496725.0195000023
-10626795.6428,3496940.8354
-10626435.3274,3496754.1900999993
-10626621.1867,3496950.474200003
-10626620.7935,3496883.2939999998
-10626129.5496,3496939.5569999963
-10626304.0122,3496797.2250000015
-10626281.4849,3497040.4284999967
-10625829.8131,3497086.770300001
-10625784.8927,3496731.614
-10625699.5815,3496893.6191999987
-10625601.1939,3496706.651900001
-10616385.4339,3508950.142099999
-10616491.292,3508814.8257
-10616222.3832,3508832.8871000037
-10616590.4641,3508978.251699999
-10627924.8542,3497675.7430000007
-10627588.9943,3498115.8034000024
-10627592.0516,3497818.7924999967
-10627634.8677,3497983.652900003
-10632215.9162,3487236.3215999976
-10648568.0601,3485131.2523000017
-10648800.2503,3485225.5535999984
-10648737.0365,3485225.826700002
-10648694.7357,3485188.946999997
-10648758.7643,3485379.2775000036
-10648917.9659,3485458.162799999
-10648156.4045,3485480.6149000004
-10648372.3362,3485312.110299997
-10649555.6186,3467796.078599997
-10649615.0924,3467669.5539999977
-10649933.2931,3467589.2437999994
-10649928.9227,3467400.9570999965
-10649839.9196,3467329.886
-10649787.6277,3467406.4378999993
-10649871.2184,3467419.7581999972
-10649605.6151,3467388.546099998
-10625098.2826,3492724.0412999988
-10625297.5085,3492721.710900001
-10625585.9648,3492572.911600001
-10613995.0973,3455206.349200003
-10614085.5745,3455372.402900003
-10613806.8652,3455193.9368999973
-10636647.0338,3482546.7436999977
-10637215.703,3482739.9355000034
-10637026.5327,3482826.1889000013
-10637353.8024,3482705.592
-10636993.7503,3482660.8709999993
-10637031.1197,3482265.8783000037
-10637258.8614,3482262.3642999977
-10569222.6034,3474097.8232999966
-10569874.9826,3474113.720399998
-10641438.4281,3463076.574199997
-10641587.9251,3463273.4389000013
-10641586.6213,3463188.2368
-10572083.7409,3473440.138700001
-10572051.117,3473284.516900003
-10572016.7106,3473538.1846999973
-10593605.3975,3502322.5494000018
-10593644.471,3502750.2951999977
-10593639.3823,3502533.2414000034
-10592001.9587,3459260.2541999966
-10592042.5619,3459259.6642000005
-10592056.6333,3459182.4201999977
-10592199.7305,3459413.657499999
-10592086.0221,3459585.5955
-10591941.6257,3459231.2299999967
-10591943.2261,3459296.4971999973
-10591946.3444,3459443.853
-10591849.8731,3459253.896499999
-10591814.797,3459381.8713999987
-10596307.5075,3458206.9168
-10596324.1748,3457943.646499999
-10596329.0953,3458133.8527000025
-10596237.2233,3458009.5625
-10596557.2248,3458153.072999999
-10639865.1212,3459849.604699999
-10639532.9067,3459831.6735000014
-10639580.5391,3460091.3655999973
-10601530.4525,3452121.4315000027
-10638743.2326,3466892.472900003
-10638768.9105,3466894.214299999
-10638654.7145,3466779.8561000004
-10638621.9798,3466652.6653999984
-10638574.3822,3466811.455499999
-10638572.5712,3466637.5161999986
-10638572.3432,3466621.798100002
-10638540.2722,3466606.6625000015
-10638458.6686,3466894.5613999963
-10638405.8691,3466835.472000003
-10638560.6012,3465881.990500003
-10638697.8661,3466323.3435999975
-10638701.5312,3466529.146899998
-10638649.4943,3466372.4805999994
-10638617.7044,3466357.1960000023
-10638694.473,3466039.1903000027
-10648836.6371,3464672.5606999993
-10648917.6495,3464718.1657000035
-10648993.7144,3464720.020199999
-10635478.6929,3507002.9919999987
-10635600.1857,3507200.486299999
-10637530.4684,3517584.1318000033
-10637547.4356,3517713.8500000015
-10637630.5977,3517884.242700003
-10637649.8525,3517908.721900001
-10637562.8778,3517964.840499997
-10637685.0007,3518238.521499999
-10637696.8119,3517601.4758
-10641511.1371,3472125.8521
-10641740.5193,3472040.2546000034
-10641673.4912,3471897.366899997
-10641569.8385,3472205.9189999998
-10655814.9388,3473381.766099997
-10656391.9812,3473874.298299998
-10656853.6514,3474553.479199998
-10656488.3995,3473847.152800001
-10656029.1132,3473360.4224999994
-10655776.2378,3473195.6577999964
-10648867.5373,3465761.947499998
-10648400.8675,3465451.143600002
-10648333.4299,3465537.1008
-10648746.662,3465788.2892000005
-10648700.0597,3465911.050999999
-10648840.2609,3466012.6240999997
-10582257.6576,3480479.5
-10582565.4612,3480458.244400002
-10583018.3548,3459893.770199999
-10582941.1838,3460156.7326999977
-10582823.3575,3460009.7321999967
-10582870.0177,3459858.123999998
-10643261.9207,3471764.4359000027
-10643139.8614,3471972.6780999973
-10643037.5339,3471853.190700002
-10643123.8749,3471824.1991000026
-10643087.9276,3471754.7038000003
-10643021.5685,3471556.9793
-10619107.8669,3496862.235299997
-10643308.1394,3465316.171099998
-10643362.0799,3464872.2075999975
-10643352.5251,3464998.883100003
-10643409.1703,3465078.7929000035
-10650580.772,3465575.463299997
-10650397.565,3465548.085199997
-10645938.1186,3489673.986100003
-10646034.0376,3489774.522
-10636774.8566,3506727.5130999982
-10636787.2322,3507447.405299999
-10640649.8666,3462976.531800002
-10640497.916,3462831.9421999976
-10667323.8054,3477702.7476999983
-10641463.1038,3472823.1209999993
-10580083.8842,3449752.6952000037
-10636777.1047,3503539.2687000036
-10636614.668,3503363.240699999
-10636340.7176,3503548.1613000035
-10636364.7428,3503336.2250000015
-10636246.4866,3503443.8637000024
-10594562.0469,3459185.159599997
-10594676.2168,3459122.446999997
-10637012.2301,3462968.329099998
-10636958.6485,3462813.8747000024
-10636989.9347,3462859.155199997
-10636956.4669,3462987.054200001
-10637153.1035,3462756.1181999967
-10637030.7916,3462706.2981999964
-10647531.8903,3482737.628700003
-10647384.7098,3482785.5480000004
-10647467.8624,3483017.3816
-10647674.4067,3482885.297799997
-10627847.2482,3515146.078599997
-10628057.0821,3515028.1067999974
-10627542.1295,3514902.929899998
-10627201.8976,3514794.0688999966
-10596732.1518,3477397.268799998
-10596792.7455,3477519.977499999
-10596443.1717,3477458.9782999977
-10596524.129,3477460.1790999994
-10596250.4478,3477573.739699997
-10596380.8325,3477480.6785999984
-10596574.5644,3477639.6471000016
-10596479.8254,3477658.349600002
-10596335.8162,3477751.968699999
-10596797.1265,3477617.3709999993
-10597291.0974,3477154.1261000037
-10597022.1185,3477330.5381999984
-10596861.0734,3477268.914300002
-10597482.0402,3477107.5270000026
-10596198.0393,3477562.6369000003
-10596089.4393,3477662.4509999976
-10596114.5146,3477660.2282999977
-10596107.8155,3477699.042000003
-10596034.1102,3477694.3153000027
-10640616.0745,3462512.619900003
-10640264.7533,3462567.875
-10640356.8941,3462785.859700002
-10640246.9074,3462796.786799997
-10640527.1525,3462436.1670999974
-10640174.0185,3462697.6418000013
-10640273.956,3462053.467299998
-10640274.177,3462416.5898
-10640271.8043,3462364.1460999995
-10640276.4108,3462229.2065000013
-10640337.0573,3462110.2920999974
-10640336.4001,3462145.4433000013
-10640525.0182,3462341.088600002
-10640645.0162,3462143.216300003
-10646764.3447,3518057.7075000033
-10646674.893,3518498.3479999974
-10646716.543,3518361.530100003
-10655215.5715,3478352.110799998
-10655098.0751,3478372.3822000027
-10655133.8827,3478294.318099998
-10655115.6599,3478304.864699997
-10654938.6854,3478235.8131000027
-10654852.7822,3478231.7523000017
-10655067.6529,3478183.5489000008
-10655289.8288,3478170.2386000007
-10655194.2125,3478041.1881000027
-10654861.8904,3478477.694600001
-10654778.933,3478391.7881999984
-10654466.5873,3478482.2124999985
-10654687.8633,3478323.514200002
-10654688.4313,3478108.232900001
-10654445.3782,3478184.6235999987
-10654650.9467,3478369.592500001
-10654595.8495,3478351.3838
-10654516.8249,3478183.949000001
-10654741.7251,3477944.1316
-10654354.1111,3478095.641900003
-10654361.6544,3478041.4277999997
-10654397.8139,3478002.3690000027
-10654299.7114,3478295.7052000016
-10622661.695,3456771.8347999975
-10623238.7833,3456925.7387999967
-10623135.2691,3456909.5744000003
-10623056.2323,3456978.645300001
-10622769.7345,3456845.3022999987
-10623048.4197,3457037.9324999973
-10646057.0117,3489028.0983999968
-10645301.0518,3488485.5452999994
-10645262.445,3488588.348899998
-10645099.038,3489176.8017999977
-10645080.6907,3489124.524899997
-10644876.3641,3488748.661200002
-10591364.7796,3448011.643600002
-10591201.966,3447891.652900003
-10591436.6097,3448174.048799999
-10661254.0772,3474066.8418999985
-10661243.9638,3474046.8674999997
-10660975.3641,3473794.5584999993
-10660803.9221,3473876.168700002
-10661145.5116,3474253.309799999
-10660940.3254,3474147.3079999983
-10596628.6269,3479346.909000002
-10596701.1196,3479283.414800003
-10595987.3616,3479213.2179000005
-10596345.9365,3479281.902999997
-10596088.541,3479172.569799997
-10591383.5598,3457535.5834000036
-10591413.8635,3457795.1941
-10591534.2574,3457663.5451999977
-10591674.1054,3457643.402099997
-10591671.5201,3457494.0544999987
-10591692.7822,3458176.2463999987
-10591891.7041,3457945.2809000015
-10643592.9847,3471840.024700001
-10643515.2496,3471829.9727
-10643637.1837,3471675.9290999994
-10646269.0629,3475189.115500003
-10645986.1113,3475077.2854999974
-10643418.7173,3471597.1462000012
-10643442.9897,3471569.1784000024
-10643296.2513,3471956.720200002
-10643314.1281,3471599.297200002
-10643335.1136,3471627.023699999
-10638399.922,3496958.797600001
-10638526.5456,3497037.157499999
-10627648.5277,3508657.5517999977
-10627644.705,3508616.3222000003
-10627414.529,3508519.342100002
-10627613.7039,3508922.283500001
-10627562.8913,3509141.7892000005
-10627750.771,3508951.238300003
-10626789.2944,3508311.6908000037
-10627058.069,3508380.779799998
-10627059.0656,3508468.1630000025
-10601436.2202,3450624.9557000026
-10601516.2453,3450648.8363000005
-10601470.372,3450615.5442999974
-10642995.5998,3468776.6828000024
-10643087.4987,3468243.5402000025
-10642978.5553,3468151.3347999975
-10643028.3969,3468248.3143000007
-10642927.4024,3468335.3193000033
-10642923.6918,3468126.0891000032
-10642899.6284,3468432.417300001
-10642978.4014,3467985.737800002
-10642922.566,3468011.5064999983
-10629080.1815,3488252.3527999967
-10628992.6423,3488586.847599998
-10584070.2905,3459651.752700001
-10584052.6777,3459553.507299997
-10584456.4693,3459331.6120999977
-10584338.48,3459382.6297999993
-10584298.5027,3459400.396399997
-10584217.4922,3459330.582199998
-10583913.7911,3459311.706799999
-10597155.3567,3504832.6965999976
-10597226.9407,3505203.9645000026
-10596914.6467,3505418.203599997
-10596744.903,3505511.929200001
-10596885.4085,3505303.679899998
-10596910.6273,3505268.4346999973
-10596630.2245,3505178.522500001
-10596551.5231,3505353.226599999
-10596546.8763,3505241.8030999973
-10631243.8599,3458758.5261999965
-10631524.4988,3458755.4592000023
-10631523.6786,3458707.7842999995
-10578097.241,3480716.668300003
-10578292.7329,3480561.0018000007
-10636330.9302,3489907.1943999976
-10632108.3061,3501757.485600002
-10632053.3545,3501848.0544999987
-10656583.4475,3487212.0067000017
-10656660.4144,3487099.1555999964
-10656826.9526,3487237.3901000023
-10656899.1406,3487144.9442000017
-10657069.6847,3487249.028300002
-10656927.6823,3486915.0644000024
-10656964.9728,3486850.5474999994
-10625221.3041,3490662.4714
-10625222.4436,3490760.576899998
-10625141.7533,3491234.083999999
-10634748.7532,3488242.2135000005
-10634691.9819,3488390.1943000033
-10634692.0391,3488266.6966999993
-10634655.5417,3488338.141999997
-10643466.3236,3469540.664800003
-10643331.4916,3469544.7260000035
-10643350.2479,3469495.0332999974
-10643545.6794,3469456.639899999
-10643623.5147,3469240.956299998
-10643350.6252,3469249.9368999973
-10643733.0201,3469236.735799998
-10643710.4119,3469236.626699999
-10654803.0706,3514716.343000002
-10654977.7196,3514812.4262000024
-10654840.0982,3515523.9285999984
-10655069.7597,3515723.461000003
-10654996.8132,3516154.027099997
-10655151.5898,3514001.000699997
-10596065.2804,3458088.8641000018
-10596058.4342,3457934.842100002
-10594127.968,3463236.014399998
-10677514.5423,3511597.2079000026
-10593662.2871,3443665.2707
-10593691.1538,3443627.2792000026
-10593906.8914,3444084.105700001
-10594080.2852,3443956.5680000037
-10594051.3941,3444055.393600002
-10593580.2726,3444140.6736999974
-10593506.3476,3444150.936499998
-10593866.0034,3444117.956100002
-10626701.7693,3486828.329499997
-10626884.564,3486743.7216000035
-10626567.9241,3486692.553199999
-10627322.2445,3506467.0058000013
-10646780.7818,3474370.615199998
-10646865.9572,3474363.9858999997
-10635531.6932,3489884.5204000026
-10635349.9706,3489869.291199997
-10596887.67,3512067.9487000033
-10596615.7657,3511970.6532000005
-10596898.2549,3511857.348200001
-10596619.7189,3511692.267499998
-10596830.314,3511227.5658000037
-10596947.5704,3511469.6789999977
-10597119.2015,3511726.3993000016
-10596898.0328,3511338.842299998
-10597231.6845,3511458.7566
-10597216.4859,3511523.4020000026
-10597238.1433,3511694.7849999964
-10597287.181,3511661.8772
-10587302.7529,3447619.7639999986
-10643426.7476,3470509.8056999967
-10643600.9061,3470359.4618000016
-10643560.4675,3470622.1972000003
-10643490.7943,3470622.9443000033
-10643842.3883,3470484.5782999992
-10643724.7305,3470465.829599999
-10643685.3746,3470492.6284999996
-10643692.4381,3470475.3444000036
-10643786.212,3470373.6198000014
-10643861.8657,3470274.7541000023
-10646186.8622,3485107.2564999983
-10592702.9815,3477125.432599999
-10592634.1684,3476931.085699998
-10592618.9745,3476543.4274000004
-10592446.2462,3477098.0974999964
-10592552.3171,3477365.599600002
-10592487.811,3477295.659199998
-10592539.5489,3477168.6613000035
-10592608.3246,3477121.203900002
-10659742.8927,3477259.4191000015
-10659606.5749,3477558.684600003
-10659570.7421,3477656.2717999965
-10659864.0933,3477809.196800001
-10659990.9352,3477914.2287999988
-10660016.2922,3477871.734099999
-10660117.4429,3477354.669200003
-10660066.7505,3477334.5845
-10660039.8918,3477327.938500002
-10642092.9893,3503208.246100001
-10642282.4797,3504053.2392000034
-10642180.7226,3503607.671599999
-10630287.795,3494567.0006000027
-10630552.8487,3494721.7185999975
-10650713.5655,3487844.5771000013
-10650327.8841,3487848.7632
-10650475.6055,3487663.1498000026
-10650559.1394,3487565.5412999988
-10650188.5473,3487727.9640000015
-10650239.3227,3487545.3310000002
-10650197.2339,3487545.588399999
-10650133.9833,3487637.822300002
-10650706.448,3487285.9538000003
-10650685.0788,3487286.0812000036
-10650487.7825,3487346.572800003
-10650632.7899,3487342.802699998
-10650832.2865,3487701.2459999993
-10634913.7316,3477002.835900001
-10633462.868,3457488.5119000003
-10633704.9405,3457153.903800003
-10633581.3993,3457246.215300001
-10633635.0212,3457294.5754999965
-10633630.7369,3457414.4606000036
-10633576.0592,3457529.212200001
-10634407.6344,3458029.8423999995
-10633959.1169,3458391.925300002
-10634082.5239,3458278.0304000005
-10633957.8582,3458149.8451000005
-10633993.6313,3458117.365699999
-10634024.7987,3458034.0746000037
-10634042.2365,3458034.130900003
-10634077.7184,3457976.507600002
-10633887.358,3457858.5068000033
-10633982.3793,3457730.599100001
-10633990.4428,3457813.8957
-10621522.8835,3476146.103500001
-10621436.4538,3476019.032300003
-10596043.8219,3451473.9636999965
-10595925.1298,3451737.9434999973
-10595832.0955,3451844.6723999977
-10595907.6237,3451907.709899999
-10663219.2751,3478549.6872000024
-10663094.8563,3478201.3769999966
-10662931.6353,3478293.2422999963
-10663122.1157,3478140.4909000024
-10663156.0651,3478699.975100003
-10662844.1442,3478558.8765999973
-10657754.4844,3472673.8606999964
-10657785.9456,3472626.0007999986
-10628888.0704,3490257.8517000005
-10629064.8502,3490079.829499997
-10618749.353,3509584.8434000015
-10647692.9261,3466151.014399998
-10647859.2576,3465486.730700001
-10647216.38,3465978.6922999993
-10647216.203,3465954.210000001
-10647335.6018,3466140.822300002
-10647354.9865,3466100.6093999967
-10645497.3075,3469396.1444000006
-10650888.6227,3487700.677199997
-10650883.0163,3487140.6242000014
-10651190.8596,3487020.3812000006
-10651045.3637,3486954.4003000036
-10651384.2439,3487788.7339999974
-10650969.6117,3487528.4905999973
-10650948.1969,3487474.458499998
-10650989.4993,3487059.025600001
-10651208.8043,3487159.4936999977
-10638440.0274,3497557.603600003
-10638582.5228,3497598.449199997
-10638495.5608,3497592.7937999964
-10638907.2701,3497388.264200002
-10639047.8754,3497500.9794000015
-10638971.0395,3497495.454400003
-10638958.5261,3497899.637699999
-10638862.3821,3497911.3254999965
-10638481.5558,3497892.9306000024
-10642867.5052,3502196.1218999997
-10642906.3095,3502053.4902999997
-10645519.816,3484533.4915999994
-10645785.6097,3485008.219700001
-10645655.7674,3484445.6865999997
-10645746.3566,3484756.0518999994
-10645822.3728,3484895.5108999982
-10645754.2995,3484854.3266000003
-10566392.7691,3474627.4668999985
-10636049.1749,3507435.4245999977
-10636104.9344,3507524.8263000026
-10636210.1898,3507456.4628000036
-10636254.4595,3507502.0666000023
-10636371.1627,3507848.800300002
-10581010.7131,3463688.2365000024
-10581003.8349,3463394.420000002
-10591628.4503,3459277.4197999984
-10635166.7322,3500216.230300002
-10635024.2634,3500020.6275999993
-10635113.1728,3500499.6840000004
-10635001.2878,3500856.007799998
-10634960.7361,3500881.9121999964
-10634760.9633,3501066.4421999976
-10634802.2823,3501131.1679999977
-10634983.4126,3500604.4648
-10634887.4047,3500349.4987000003
-10662260.0222,3477623.1675999984
-10662330.1758,3477565.8795000017
-10662371.1822,3477606.365699999
-10662340.9696,3477946.9372000024
-10662579.2481,3477972.593800001
-10662563.667,3477839.7400999963
-10662596.5897,3477629.4461999983
-10662548.1784,3477669.852499999
-10662585.2864,3477552.755099997
-10662641.0234,3477308.591600001
-10658191.1302,3473311.3368000016
-10658203.2887,3472932.5094000027
-10658377.6199,3472644.3038000017
-10658144.7674,3472697.6132000014
-10658198.8045,3472766.8772
-10635887.785,3501467.028099999
-10635812.1244,3501527.070600003
-10635801.9403,3501630.0801
-10635707.0973,3501554.327299997
-10635371.6549,3501590.2123000026
-10635394.3313,3501641.9233999997
-10627410.8162,3453049.8954000026
-10627414.3656,3453033.030100003
-10627452.0801,3453206.4478999972
-10627491.2326,3453205.8774999976
-10591000.1948,3463691.7731000036
-10591066.5073,3463773.4685999975
-10609636.0231,3504770.3233999982
-10609251.1859,3505053.0231000036
-10609465.0221,3504671.1275999993
-10609529.8267,3504582.6937000006
-10641620.3372,3470330.018600002
-10641485.1062,3470002.9130000025
-10642147.056,3470146.970200002
-10641735.0298,3470284.6787
-10641764.5867,3470090.8205000013
-10641735.1971,3470043.831799999
-10644542.1195,3467689.405199997
-10644283.4988,3467694.928000003
-10644251.4642,3467602.179700002
-10644150.0422,3467547.4714
-10644285.3434,3467365.6335999966
-10644329.0973,3467234.4456999972
-10644217.8023,3467194.5231000036
-10644417.6784,3467373.268600002
-10644455.1044,3467298.759499997
-10644625.4046,3467533.349200003
-10644649.3949,3467530.880900003
-10644723.5605,3467315.6401999965
-10644690.9812,3467451.990000002
-10644666.194,3467591.2299000025
-10644761.2493,3467822.463799998
-10644759.184,3467785.314199999
-10644704.3036,3467723.7146999985
-10634625.1428,3501282.1931999996
-10634928.2604,3501155.911200002
-10634900.9443,3501381.8813000023
-10634905.4468,3501420.7722000033
-10634904.2678,3501485.270300001
-10634925.7213,3501580.6745999977
-10593367.2881,3478669.9646999985
-10593306.9267,3478535.7010999992
-10593206.2204,3478588.043399997
-10592853.7069,3478827.3857000023
-10593084.5009,3479027.9201999977
-10627156.8699,3485078.0769999996
-10627165.2678,3485142.4253999963
-10627365.9244,3485324.5727000013
-10645950.2743,3486592.945100002
-10645899.9837,3486744.4958999977
-10646023.9591,3486801.2189000025
-10645843.8997,3486974.3838
-10645844.5725,3487043.385300003
-10646190.3982,3487209.134499997
-10646366.0994,3487042.2459999993
-10646239.1908,3486776.082199998
-10646330.2966,3486774.735200003
-10646247.8572,3486829.903800003
-10646219.3406,3486866.9817999974
-10646314.2889,3486737.104699999
-10646307.8709,3486681.8861000016
-10646328.914,3486681.835199997
-10649004.8985,3487538.8823999986
-10649162.272,3487745.4521000013
-10649205.5421,3487564.875699997
-10649117.5799,3487470.2497000024
-10649281.2306,3487745.7963000014
-10649437.2019,3487608.2569999993
-10649256.9025,3487525.1228
-10649047.8537,3487092.0556000024
-10648800.3111,3487137.4395999983
-10608795.7645,3505539.7048000023
-10608970.9753,3505328.2501000017
-10608696.9342,3505448.6246000007
-10608632.1345,3505448.567900002
-10608529.1354,3505416.535400003
-10608728.1948,3505412.083499998
-10608801.2947,3505039.2738000005
-10608581.3449,3505220.1440000013
-10608488.9152,3505358.4130999967
-10608414.1836,3505337.134800002
-10608435.4158,3505373.9998999983
-10608423.6478,3505434.1084999964
-10608441.8633,3505618.2951000035
-10608231.8154,3505621.726300001
-10608333.0438,3505417.483400002
-10608200.5428,3505115.5512999967
-10566983.2541,3474716.546400003
-10566803.2817,3474642.214599997
-10596616.7403,3478966.007100001
-10596469.2278,3478868.7550000027
-10596266.6078,3478857.2104
-10596213.1885,3478844.386500001
-10596105.7527,3478822.2568000033
-10596950.9251,3479036.0747999996
-10596907.7218,3478920.202299997
-10665795.6172,3478660.0754000023
-10665787.7745,3478726.1657000035
-10665829.3013,3478704.251699999
-10666081.1367,3478569.708800003
-10666018.2061,3478570.007600002
-10639947.8003,3493688.7114999965
-10639946.6366,3493543.3391000032
-10640001.6672,3493405.0068999976
-10640093.7004,3493443.5117999986
-10640006.1554,3493442.099799998
-10639983.4006,3493449.7436000034
-10640171.7826,3493628.7097999975
-10640271.2107,3493478.026900001
-10639793.0889,3493615.6396000013
-10619203.6256,3507562.210000001
-10574600.2021,3474948.038400002
-10574586.3031,3474764.4189999998
-10574439.1185,3474877.043200001
-10625927.5324,3508959.659400001
-10626140.6661,3509331.1849000007
-10627029.822,3509970.6252000034
-10627058.3961,3509968.0847999975
-10627117.7693,3509961.127899997
-10626767.8102,3509923.7162000015
-10626792.4978,3509779.8628999963
-10626716.9254,3509783.655000001
-10626704.7945,3509719.391900003
-10626754.2438,3509717.380099997
-10585890.4957,3461889.178000003
-10585842.1081,3461958.2475000024
-10585791.9683,3461993.7963000014
-10585742.7986,3462135.7608999982
-10641774.7183,3472259.3906999975
-10641569.0304,3472514.715599999
-10641660.3058,3472240.090800002
-10641590.2059,3472415.7141999975
-10599928.5683,3495829.533200003
-10599760.9887,3495750.761500001
-10599830.6824,3495199.1331999972
-10599761.0001,3495427.3193999976
-10600330.3908,3495202.0424000025
-10599948.6772,3495257.294200003
-10600074.4991,3495256.912100002
-10600137.3765,3495256.292800002
-10599929.0538,3495390.4580999985
-10599909.8807,3495353.531000003
-10599842.7902,3495486.3052999973
-10600182.3124,3495674.778300002
-10600700.6514,3495827.3081
-10600444.1431,3495828.1067999974
-10600505.0641,3495769.0020999983
-10600541.7914,3495600.7145000026
-10600252.6503,3495638.6514
-10659553.7262,3480195.231899999
-10659427.079,3480130.7360000014
-10659292.7735,3480602.753700003
-10659346.514,3480225.726400003
-10659171.9643,3480353.867399998
-10654419.6365,3487696.4466999993
-10654081.1765,3487928.6406999975
-10654135.6645,3487991.1955000013
-10654779.1182,3487825.7683999985
-10654804.3468,3487921.558600001
-10654050.8373,3487603.0459999964
-10654242.3378,3487692.8008999974
-10654097.5781,3487606.0627999976
-10654211.7634,3487541.6460999995
-10654306.1145,3487486.9736
-10654352.2143,3487454.9814999998
-10634008.196,3471625.5495999977
-10633098.4775,3459221.028300002
-10632732.1735,3459264.144299999
-10643279.6665,3472635.7414999977
-10597261.3156,3479576.1224000007
-10597068.1284,3479727.8752000034
-10597392.9983,3479614.9345000014
-10597414.7626,3479610.1943000033
-10597041.1021,3479857.2589000016
-10597430.889,3479729.9714
-10597435.8459,3479754.800499998
-10597374.4437,3479771.153999999
-10597103.4079,3479785.716499999
-10597580.9302,3479774.019299999
-10597735.3472,3479663.4481000006
-10626789.4357,3496561.208800003
-10626810.4522,3496560.9155
-10626714.3627,3496469.3818000033
-10626930.8339,3496466.7010999992
-10626517.8963,3496423.0064999983
-10626664.5214,3496319.8586999997
-10641678.6057,3460301.9131999984
-10641572.9866,3460155.150899999
-10641429.2889,3460014.5986
-10641525.2871,3460016.976599999
-10641200.282,3459902.704099998
-10641338.2889,3460077.2787000015
-10607527.5469,3491194.552199997
-10595868.1146,3462234.8189999983
-10592799.5309,3465040.5606999993
-10592823.0379,3464980.222900003
-10592738.7052,3464942.282399997
-10592866.5333,3464880.654799998
-10634230.4617,3471418.8156000003
-10634181.0498,3471339.9054000005
-10634304.2743,3471223.2146999985
-10627163.5537,3503537.425800003
-10627156.4241,3503766.248300001
-10627099.8714,3503666.4246999994
-10627012.3586,3503403.1176000014
-10593300.7924,3459244.8913000003
-10593066.8734,3459400.0543000028
-10593163.9123,3459335.964900002
-10593008.3127,3459358.7180999964
-10600689.6777,3449432.554200001
-10600543.4784,3449144.5165000036
-10600421.1093,3448976.5473999977
-10600665.6254,3448767.173600003
-10631014.4884,3459178.775799997
-10630845.9139,3458953.269100003
-10631100.6933,3458988.8055000007
-10631104.0282,3459128.6515000015
-10630931.3968,3458859.9839999974
-10631024.231,3458939.1105000004
-10631023.8415,3458902.0846000016
-10631022.3465,3458826.7634000033
-10631035.7459,3458750.9787999988
-10645293.5854,3469313.170900002
-10645288.9785,3469154.5078999996
-10645385.704,3469022.340099998
-10645340.8952,3469065.419200003
-10645473.3465,3469121.582199998
-10645593.3839,3469105.8073000014
-10584473.4899,3460832.4893999994
-10584355.1838,3461080.5819000006
-10584315.9296,3461119.8752000034
-10584598.0913,3460830.1323999986
-10584691.76,3461201.050499998
-10584641.7432,3460923.4263999984
-10584855.7278,3461155.6089999974
-10584880.992,3461341.0700000003
-10649120.3082,3465550.4284000024
-10649201.1255,3465686.088600002
-10649153.5539,3465767.9521000013
-10649143.4371,3465704.123999998
-10649180.8433,3465843.980300002
-10649144.1772,3465917.667000003
-10649273.7136,3465915.1018999964
-10649454.2921,3466003.9157000035
-10649314.9871,3465797.779299997
-10649303.6612,3465816.4441
-10649293.232,3465835.4426999986
-10649397.3891,3466105.2436999977
-10628739.4163,3458069.3778000027
-10647397.4979,3465120.1027000025
-10647300.197,3464948.905100003
-10647491.6023,3465225.7405999973
-10647556.0247,3464752.5710999966
-10647215.3681,3464576.567400001
-10647284.7118,3464542.7514000013
-10647294.1629,3464596.4909999967
-10647321.6853,3464694.1784000024
-10647072.9083,3464496.4355999976
-10647077.7905,3464778.2616000026
-10591601.6567,3463046.8477
-10591047.4004,3446734.5885000005
-10590910.3759,3446408.834899999
-10590810.3157,3446418.0569999963
-10590744.8139,3446138.795900002
-10590704.7633,3446013.1642000005
-10590664.6131,3446236.332999997
-10590528.492,3446187.274599999
-10590468.896,3446037.7792000026
-10590663.0624,3445911.7387999967
-10590895.6364,3446094.3254000023
-10590877.8029,3446109.251500003
-10590905.2854,3445975.7312999964
-10590925.9568,3445972.099100001
-10590929.6187,3446194.8176999986
-10591092.9839,3446315.6221999973
-10591175.2181,3446325.7798999995
-10591274.1066,3446421.544200003
-10591086.5131,3446525.1118
-10636752.7266,3505423.826200001
-10636844.9084,3505206.7278999984
-10636709.7797,3504995.0185000002
-10637000.5196,3505213.299800001
-10637854.8065,3504592.2934999987
-10637571.6701,3504579.8235
-10637431.5973,3504357.7553000003
-10637606.9109,3504373.3977999985
-10655984.7111,3474426.6516000032
-10596369.9572,3505395.856899999
-10596415.7149,3505158.771899998
-10596098.2461,3504933.007100001
-10639579.1649,3496445.7698
-10639466.8271,3496524.9456999972
-10639321.5951,3496469.7322999984
-10638541.095,3496562.765299998
-10649132.4589,3484035.280699998
-10649239.6272,3483906.1766000018
-10649154.0821,3483943.5540999994
-10649153.2317,3484090.031300001
-10649327.5026,3483823.315200001
-10649174.4589,3483659.971699998
-10649224.694,3483236.8659000024
-10649171.5722,3483114.4243
-10648871.1498,3483613.0988000035
-10648763.0958,3483422.9184999987
-10649063.1975,3483244.4645000026
-10648758.0866,3483098.5242
-10648689.0785,3483303.105700001
-10590866.3665,3463936.661899999
-10622469.7254,3470105.6895999983
-10642335.2373,3503369.9393000007
-10631527.4445,3496986.835699998
-10587586.7172,3447054.0006000027
-10587631.9902,3447069.504900001
-10587638.6867,3447121.1103999987
-10587627.4655,3447296.2097000033
-10587623.535,3447315.4315000027
-10587678.3709,3447341.1899999976
-10587569.0156,3447274.070100002
-10624805.3387,3509967.7267000005
-10625225.9143,3510175.4908000007
-10624954.3857,3510059.3209000006
-10625040.335,3509833.4531999975
-10624918.5141,3509720.0183999985
-10625221.4051,3509980.4389000013
-10626689.8876,3486494.1334000006
-10626836.1823,3486357.522399999
-10659231.1251,3473042.344999999
-10659489.3242,3473239.5200999975
-10659527.8684,3473239.230300002
-10659590.9267,3473239.186499998
-10659380.321,3473180.7861
-10659490.4534,3473034.719999999
-10659405.9798,3472978.8015
-10659396.349,3472837.050499998
-10659688.0993,3473063.1313000023
-10646217.5721,3496471.8249000013
-10646238.6588,3496471.471900001
-10646291.4432,3496627.7048999965
-10645863.588,3496170.7594000027
-10645810.0496,3496086.7004999965
-10645450.8707,3495993.5002000034
-10645670.417,3496193.719499998
-10618287.6846,3504759.171099998
-10617816.7534,3504976.647500001
-10618288.6598,3504875.6274999976
-10618028.6244,3504886.751000002
-10642687.0208,3500765.3307000026
-10639274.4533,3481275.5097000003
-10639093.6992,3481090.8646000028
-10639076.0664,3481091.0846000016
-10638988.4769,3481091.457199998
-10638973.5893,3481323.5530999973
-10639185.7441,3481458.0758000016
-10638927.8814,3481312.153499998
-10590773.1506,3457682.639200002
-10590786.8476,3457595.3883000016
-10597803.1948,3479652.1423000023
-10597576.8497,3480042.5658000037
-10597238.1808,3480051.7584000006
-10597408.6499,3479878.588299997
-10656548.564,3473436.4526000023
-10656894.3523,3473276.4428000003
-10656408.5946,3473601.056900002
-10656313.5566,3473500.898500003
-10656277.1982,3473371.6116999984
-10656198.2886,3473228.762699999
-10656436.9519,3473393.3715000004
-10656876.7437,3473214.1843999997
-10656760.713,3473224.3923000023
-10656288.0574,3473029.4240999967
-10656153.7706,3473058.5644000024
-10656079.4364,3472834.980300002
-10655938.397,3472833.8483000025
-10655916.6135,3473040.6779000014
-10655918.797,3473117.0552999973
-10655775.8072,3473030.266099997
-10655723.77,3472780.6137000024
-10576038.2475,3474794.910700001
-10632171.1716,3497245.5555000007
-10631954.712,3497042.634499997
-10632075.6524,3497768.701700002
-10631911.4941,3497614.6314999983
-10631956.3181,3497359.242200002
-10631887.9539,3497428.3364000022
-10632051.9019,3497208.0434999987
-10645483.581,3474891.7471999973
-10645409.7773,3474787.990699999
-10645448.6399,3474630.507100001
-10638105.0601,3496265.7506000027
-10638103.0473,3496286.351599999
-10638008.2822,3496305.5122999996
-10637806.1598,3496229.223700002
-10637784.3855,3496229.222400002
-10637762.2395,3496229.3778000027
-10637665.8685,3496236.3770999983
-10637718.7741,3496127.2255000025
-10637718.3626,3495880.5490000024
-10637974.9089,3496022.172799997
-10637926.1866,3496153.8660999984
-10637926.4596,3496132.5434999987
-10637867.2547,3496036.7682000026
-10637836.9983,3495928.4058
-10637966.372,3495860.943099998
-10641124.1001,3472471.0952999964
-10641022.2173,3472500.262699999
-10641017.5653,3472460.1978999972
-10641121.1494,3472549.900700003
-10642768.163,3494926.958499998
-10642668.7783,3494935.7016000003
-10642625.5223,3494935.957999997
-10642554.603,3494822.416000001
-10642713.5187,3494762.3948
-10642495.2358,3494564.3121000007
-10642581.5122,3494575.2550000027
-10629392.02,3512241.929399997
-10629349.5271,3511957.037299998
-10629486.2943,3511416.5139999986
-10629482.5656,3511918.1010999978
-10629506.3312,3511861.8759000003
-10629710.7882,3512340.9257000014
-10629643.0009,3512341.2782000005
-10629507.3528,3512302.6457
-10629551.9564,3512302.5319000036
-10643311.4311,3501772.945299998
-10643378.0974,3501709.4645000026
-10643010.683,3501667.4470999986
-10643126.462,3501605.2947999984
-10643123.5052,3501396.251699999
-10642763.5449,3501458.7621000037
-10642918.1134,3501499.9761999995
-10642848.9407,3501773.6906000003
-10642405.7065,3501501.3583000004
-10642405.7131,3501564.6472000033
-10642377.1288,3501668.894699998
-10647999.3001,3482015.097099997
-10647883.203,3482301.3880999982
-10634976.4928,3490265.0644999966
-10634275.1985,3490388.0665000007
-10634638.0239,3490189.9575999975
-10634420.8881,3490190.7638000026
-10634904.2695,3490334.0102000013
-10635107.7974,3490167.2639999986
-10650425.1174,3501534.3018999994
-10650434.8152,3501164.4485
-10650413.1504,3501164.4826999977
-10650515.606,3501025.6039000005
-10650202.2406,3500909.8511999995
-10650121.9538,3500868.768299997
-10636459.8906,3514670.502700001
-10589117.79,3519571.8830000013
-10589339.2002,3519822.0551000014
-10589141.7825,3519803.4147000015
-10602973.3708,3504757.113300003
-10602956.8999,3504429.4153999984
-10602778.7189,3504332.663999997
-10585807.3781,3522179.6620000005
-10580430.2664,3490897.3620000035
-10580037.4273,3490995.6357000023
-10630761.7259,3507547.7287999988
-10630849.7746,3507378.374499999
-10630506.4462,3507340.563199997
-10630351.2005,3507205.577299997
-10630173.281,3506733.5776999965
-10630270.9631,3506582.632600002
-10630588.6638,3507054.682400003
-10630476.7236,3507187.4488999993
-10595719.1223,3503063.441200003
-10595290.0926,3503293.299999997
-10595570.0275,3502810.083800003
-10635904.7179,3503600.4310000017
-10635845.1988,3503690.0254999995
-10635699.6766,3503358.418700002
-10635674.9863,3503380.321800001
-10635649.1011,3503308.2534999996
-10592984.6882,3504850.1384999976
-10627201.2179,3508923.704999998
-10626965.4222,3508801.0742999986
-10627012.765,3508838.3662
-10626970.7305,3508919.6005000025
-10598473.4532,3480772.6295000017
-10598241.2287,3480720.743900001
-10598223.8888,3480406.4519999996
-10598280.1599,3480523.680399999
-10598279.6732,3480458.2941000015
-10641131.039,3460507.0566999987
-10640972.7423,3460534.9060999975
-10640909.4581,3460368.0549999997
-10640716.4096,3460444.5979999974
-10640877.361,3460278.256099999
-10643942.2349,3468489.1462000012
-10644041.5977,3468330.2412
-10614390.3545,3507923.844700001
-10614267.034,3507872.7808
-10614059.2988,3507944.7342000008
-10614111.9321,3507959.4802
-10614090.0265,3508100.2568000033
-10613924.0664,3508004.715599999
-10613912.0125,3507985.1264000013
-10644925.0899,3497508.3944000006
-10645100.3036,3497509.4657000005
-10644967.0704,3497095.1382
-10644932.8635,3496833.8540999964
-10597904.8252,3512723.321800001
-10597719.567,3512615.413999997
-10598010.0063,3512585.038800001
-10597739.5014,3512517.8753999993
-10597838.7502,3512444.854699999
-10598075.8186,3512905.897699997
-10597982.5741,3512932.4306999967
-10631688.9504,3491069.5929000005
-10631846.9617,3491303.6005999967
-10631745.8138,3491023.528800003
-10631741.6961,3490837.0474999994
-10631498.4048,3490991.831699997
-10631519.8952,3491274.684600003
-10644105.6739,3469816.6620000005
-10644083.3342,3469997.0565000027
-10644084.6113,3470105.602499999
-10644087.491,3470346.543200001
-10644343.6611,3469917.464599997
-10644323.1589,3469993.9267000034
-10644255.4724,3470204.837099999
-10600370.4516,3511467.829599999
-10599565.4317,3511106.8417000026
-10644290.7486,3468674.0496999994
-10644291.0954,3468742.9250999987
-10644101.8367,3468757.288400002
-10644107.739,3468668.7518000007
-10644064.6231,3468663.298100002
-10633994.4632,3474488.045000002
-10666613.4108,3479221.7223000005
-10579754.9367,3449549.0989999995
-10584850.6895,3459646.706799999
-10584790.2782,3459495.7920999974
-10584812.4421,3459456.6779000014
-10584543.3359,3459271.7392999977
-10584544.0096,3459175.7519000024
-10656767.5392,3477025.6416999996
-10656914.7848,3477041.1985
-10656923.9099,3477004.521300003
-10657104.2403,3476935.775899999
-10657160.7766,3476893.7009999976
-10656872.6315,3477228.4562000036
-10656926.2648,3477560.2304999977
-10656835.9049,3477561.552500002
-10656747.4746,3477473.4536999986
-10656744.9622,3477183.2393999994
-10575145.988,3475415.8906000033
-10575202.2635,3475220.260300003
-10592029.3017,3459861.8374999985
-10595128.8255,3462188.758100003
-10595027.024,3462200.373800002
-10634248.2767,3457441.6247999966
-10634461.4271,3457586.3113999963
-10634732.1843,3457714.5957999974
-10634402.4454,3457336.5238000005
-10634405.945,3457379.960199997
-10634385.7518,3457400.704599999
-10634509.3359,3457523.3003999963
-10591029.5129,3457534.7511000037
-10590881.3489,3457390.8258000016
-10590691.571,3457374.2091000006
-10590826.9162,3457273.6032999977
-10590645.7734,3457277.2260999978
-10619806.0376,3512628.0869000033
-10619859.4026,3512702.0878000036
-10619900.3754,3512757.5042999983
-10619971.9801,3512819.0847999975
-10647890.3003,3466808.8730000034
-10647658.166,3466635.8060000017
-10647378.2428,3466461.3017000034
-10647453.0856,3466709.9516000003
-10647440.9671,3466623.3707000017
-10647664.8069,3466894.6454000026
-10619413.6042,3511245.2277999967
-10619300.5146,3511178.646399997
-10618813.8879,3511098.4646999985
-10619106.1248,3511298.985100001
-10619043.1777,3511122.1674000025
-10619268.5262,3511346.032700002
-10618975.0413,3511270.1044000015
-10619017.5352,3511264.5830999985
-10619026.9906,3511279.905000001
-10619094.1756,3511386.7687000036
-10619104.1586,3511402.0706999972
-10619169.2476,3511526.990199998
-10596908.7054,3504715.3615000024
-10596861.3738,3504722.0222999975
-10596198.8008,3504515.674800001
-10596104.592,3504676.4162999988
-10595857.4884,3504633.960900001
-10595758.5694,3504671.1186000034
-10595427.7625,3504762.7896
-10627624.0,3496319.624300003
-10627851.5434,3496186.2787000015
-10627844.3274,3496251.4408000037
-10627727.4289,3496282.3581999987
-10627508.9424,3496153.544399999
-10627436.1269,3496060.7096000016
-10627694.8004,3495656.292199999
-10627514.6677,3495682.5166999996
-10627405.4236,3495710.425999999
-10627905.226,3495653.9252000004
-10630344.3359,3495253.7690000013
-10629997.8597,3495257.746600002
-10630600.2602,3495401.423299998
-10630502.3973,3495301.1008
-10630357.0518,3495345.4909999967
-10630072.1171,3495391.8933999985
-10630037.7806,3495411.938199997
-10632856.9207,3473699.160599999
-10650257.3525,3466055.465499997
-10650387.1273,3465835.383100003
-10650071.9602,3465841.4868
-10650631.5658,3465668.706100002
-10650567.0996,3465976.6899000034
-10650569.6776,3465879.9081000015
-10650475.4729,3465917.157899998
-10606620.9215,3498190.1384999976
-10606580.0509,3497992.8588000014
-10606559.8051,3497986.087200001
-10606403.4447,3497999.290600002
-10606105.9755,3498077.125500001
-10606172.222,3498278.566200003
-10591683.0071,3504888.7106000036
-10592035.2268,3505008.225299999
-10591888.1775,3504849.655199997
-10591907.9279,3504824.077299997
-10591891.131,3504785.2400999963
-10593977.0118,3502257.793399997
-10593720.0722,3502358.263700001
-10593483.0492,3503057.007100001
-10594009.9379,3503021.887599997
-10594032.0816,3502617.233400002
-10593972.028,3502546.2568000033
-10593903.3076,3502538.3642000034
-10591461.6675,3504164.408200003
-10585082.4971,3493610.0403999984
-10585226.883,3493473.7030000016
-10585199.5378,3493634.5138000026
-10649213.4165,3467765.2995999977
-10649143.6043,3468012.295500003
-10648922.2607,3467767.8260999992
-10649496.1713,3467710.3774999976
-10649433.042,3467710.815899998
-10599777.3523,3450610.8320999965
-10635270.7902,3505064.9509000033
-10635357.0736,3505009.8216999993
-10635302.8557,3504864.4980999976
-10597362.7612,3513233.315399997
-10597216.2233,3513256.8225999996
-10597275.9606,3513122.624300003
-10597038.4062,3513210.6067999974
-10597614.4001,3513264.3061000034
-10597786.4097,3513323.1120999977
-10597604.8634,3513485.755400002
-10597758.0936,3513902.971199997
-10597927.9728,3513810.641400002
-10597827.3341,3514076.285599999
-10644464.0535,3465302.5095999986
-10631566.6566,3458524.3627000004
-10631488.9744,3458626.0819000006
-10590769.7387,3458286.7092000023
-10591020.8443,3457906.2546000034
-10591132.997,3457904.4547000006
-10591198.0285,3458097.411899999
-10590967.3201,3458329.472000003
-10591098.0466,3457747.7942999974
-10643810.7291,3506906.0601999983
-10643598.4889,3506911.2051
-10643567.844,3507014.2459999993
-10643567.0901,3506972.2622999996
-10643948.3385,3506964.6777999997
-10643037.7897,3507312.069600001
-10643133.5521,3507278.8532999977
-10643173.8196,3507198.4937999994
-10642576.139,3507476.8057999983
-10625031.9222,3496795.8702000007
-10658550.8953,3473298.6570999995
-10658551.4815,3473342.735100001
-10658790.4608,3473256.9880999997
-10658699.7273,3473322.207699999
-10658699.4803,3473300.900799997
-10585273.7966,3492087.505900003
-10584972.2388,3491949.3988000005
-10584535.7712,3491958.3464
-10584632.5323,3491895.5749000013
-10584674.1005,3491689.0352
-10584623.1038,3492046.1878999993
-10584335.8202,3492084.535099998
-10584231.9312,3491674.722900003
-10584493.4586,3491643.3998000026
-10584571.3399,3491666.490699999
-10584572.9568,3491754.201899998
-10584606.9317,3491639.392499998
-10584554.4977,3491558.1884000003
-10584128.7574,3491742.457699999
-10584409.2803,3491271.2435000017
-10602304.8496,3453172.867399998
-10611091.8738,3506006.152999997
-10611073.1946,3506039.7404000014
-10611112.9864,3506072.167199999
-10611010.227,3506197.943099998
-10610840.9822,3506236.747100003
-10610721.8102,3506103.9562000036
-10610770.8427,3505853.1942000017
-10610720.8451,3505949.1064999998
-10610921.3133,3505660.1450000033
-10610986.5501,3505815.7546999976
-10611007.8962,3505851.844899997
-10655086.0923,3477147.2057000026
-10655052.6531,3477120.6558
-10655052.6339,3476958.4694000036
-10654958.7807,3477066.0449
-10654650.6499,3477137.3598000035
-10654714.9935,3476949.788900003
-10654650.9859,3477006.5671999976
-10654650.9581,3476988.8369999975
-10654355.8015,3477087.7016000003
-10654281.2449,3476972.206699997
-10603144.5569,3453437.5837000012
-10603060.2372,3453314.1334000006
-10603025.7445,3453291.858599998
-10602966.9972,3453173.175999999
-10602703.9316,3453360.8527999967
-10602864.1406,3453072.039999999
-10602645.5999,3453303.2946999967
-10602603.8507,3453265.8330999985
-10602743.2583,3453065.3259999976
-10602670.1937,3453142.431599997
-10602544.1627,3453197.255900003
-10602504.5993,3453100.371299997
-10602866.882,3452855.8285000026
-10602981.8977,3452948.4880999997
-10654555.2333,3508041.1194999963
-10630529.606,3494248.471199997
-10630525.5483,3494211.6646
-10630455.1802,3494342.8106999993
-10630588.7858,3494400.867399998
-10630365.2779,3494158.765299998
-10627508.344,3506653.778499998
-10627423.6856,3506707.1076999977
-10627333.7522,3506615.800999999
-10645902.3043,3491305.429399997
-10646150.2515,3491207.6071000025
-10646534.8727,3491289.7915999964
-10646701.7341,3491231.9245000035
-10646649.0272,3491059.532899998
-10646916.2476,3489499.0643000007
-10646905.7495,3489388.983900003
-10646967.7982,3489274.648400001
-10647075.2006,3489585.130599998
-10647245.744,3489374.4206999987
-10647486.8181,3489256.960699998
-10647241.9602,3489215.3800000027
-10647419.3399,3489152.3389
-10647559.3272,3489184.9783999994
-10647586.8907,3489073.6283000037
-10673643.0539,3501798.7498999983
-10672678.2372,3501548.6735000014
-10673546.1618,3500879.1494000033
-10583425.9175,3460550.6238999963
-10583473.8278,3460750.9201000035
-10583328.6206,3460853.4218999967
-10583393.2611,3460911.292300001
-10583605.9394,3461048.417800002
-10583542.7414,3461049.6834999993
-10641530.6306,3497921.0260000005
-10641406.7058,3498163.6162
-10641406.9932,3498228.0732999966
-10641350.8994,3497544.039499998
-10641102.5261,3497679.213799998
-10641080.3814,3497741.405500002
-10641083.632,3497840.473700002
-10641261.5259,3498041.6067999974
-10641255.67,3498097.335500002
-10629077.5844,3499004.4880999997
-10628903.7987,3498797.367200002
-10629240.2924,3498755.5878000036
-10629147.9874,3498719.5456999987
-10629093.9362,3498757.6674000025
-10646797.9547,3490733.2590999976
-10646558.5483,3490876.3276000023
-10646324.0151,3490558.8501999974
-10646473.2316,3490772.8926
-10646414.7937,3490633.0067000017
-10646467.2303,3490291.5653000027
-10646489.5989,3490304.017099999
-10646645.06,3490147.2458000034
-10646755.2238,3490409.293300003
-10652343.5671,3488162.282499999
-10652403.1108,3488220.233000003
-10652845.754,3488376.117200002
-10652378.9352,3488547.6352000013
-10652831.1945,3488503.1701000035
-10652514.1759,3488640.7228000015
-10652748.637,3488812.460900001
-10652709.8883,3488792.6164000034
-10643441.0028,3468622.981399998
-10643440.8552,3468604.2534999996
-10643174.4436,3468589.9496000037
-10643490.4545,3468787.663800001
-10643502.9319,3468815.3147
-10643180.8383,3468971.025700003
-10627760.6494,3489337.987999998
-10627682.7601,3489468.0556000024
-10627488.7518,3489773.1115999967
-10627832.7716,3489856.5956000015
-10627835.0588,3489889.545400001
-10627676.3416,3489570.965999998
-10627716.2574,3489556.713100001
-10627999.7685,3489313.6960999966
-10627828.6989,3489415.1094999984
-10627868.8759,3489400.6602
-10628067.795,3489328.7912999988
-10628087.6936,3489321.7432999983
-10627983.6466,3489521.880599998
-10628298.3469,3489763.269199997
-10628176.9153,3489663.8495000005
-10628161.7425,3489743.9575999975
-10628166.6257,3489767.0178999975
-10627892.5869,3489884.8577999994
-10666859.9131,3479402.201899998
-10666776.6034,3479402.8034000024
-10666921.8244,3479363.272
-10667030.4718,3479302.2436000034
-10666858.6149,3479304.8035999984
-10666483.4803,3479378.3901000023
-10666528.6039,3479574.8017999977
-10655806.4829,3477805.1231999993
-10655699.9494,3477736.855899997
-10655633.4692,3477505.199500002
-10655492.0333,3477447.2150000036
-10656065.676,3477818.8926
-10656037.8294,3477593.3726999983
-10655961.4006,3477521.4201000035
-10656849.0188,3473820.0461999997
-10656930.1173,3473724.4189999998
-10657016.0464,3473837.704099998
-10657016.5002,3473859.1983999982
-10656782.0871,3473833.1577999964
-10656952.8036,3473620.9441
-10656838.8561,3473536.8907999992
-10657020.6461,3473475.6416999996
-10656684.8875,3473885.1341999993
-10656827.4966,3473435.0217000023
-10656720.7545,3473483.057400003
-10657075.8869,3473280.7502000034
-10652057.8389,3481577.3658000007
-10652073.8492,3481547.784599997
-10652075.7699,3481463.2898999974
-10652127.6067,3481420.802699998
-10643221.8416,3469224.3109000027
-10642460.1226,3494387.229000002
-10642788.3155,3494445.2069000006
-10642451.5374,3494504.090400003
-10642740.8273,3494213.652999997
-10640655.7314,3466914.4355999976
-10639430.8917,3497832.0320999995
-10639443.2784,3497689.0746000037
-10639310.4387,3497709.4231999964
-10639148.3499,3497855.4394999966
-10639384.5544,3497638.166500002
-10639840.8141,3497546.7426000014
-10639841.2459,3497594.149099998
-10639754.4777,3497633.342299998
-10639902.0731,3497497.2437999994
-10637910.2658,3506323.3944000006
-10637650.1268,3506194.688699998
-10637805.4722,3506340.284000002
-10637797.7848,3506395.7480000034
-10637437.0415,3506513.5702000037
-10637583.1015,3506523.851999998
-10645689.7113,3486404.931599997
-10645656.3234,3486241.7392000034
-10645529.8157,3485923.5930999964
-10646648.8992,3487400.2815999985
-10646633.1966,3487404.965499997
-10646617.6021,3487354.779100001
-10646691.8061,3487278.1294
-10646765.1821,3487349.4856999964
-10646528.4247,3487271.8840999976
-10646689.5392,3486630.3950999975
-10646566.2369,3486746.186499998
-10646565.8657,3486679.0813999996
-10646616.3014,3486679.0173999965
-10646617.9258,3486838.097099997
-10628329.2047,3489632.284900002
-10628354.2774,3489741.524700001
-10632012.4291,3488254.996799998
-10632075.6715,3488310.2542999983
-10631888.3703,3488389.938199997
-10632162.1955,3488406.0665000007
-10631995.7468,3488432.3352999985
-10631824.8534,3488451.7119999975
-10632035.6691,3488668.468999997
-10648969.5909,3488665.8822000027
-10648741.0118,3488751.1898000017
-10648645.757,3488987.710000001
-10648394.9432,3489046.8913000003
-10648140.3637,3489053.673799999
-10648468.7736,3488858.7876999974
-10648431.5253,3488795.4103000015
-10648431.5678,3488753.3801999986
-10648377.6868,3488883.5398999974
-10648255.5033,3488899.5134999976
-10648247.6004,3488862.7629000023
-10648253.9078,3488808.358000003
-10648114.7247,3488772.399700001
-10635176.7158,3508382.730899997
-10635243.2412,3508413.6334000006
-10635582.0979,3508362.4043999985
-10635485.0699,3508412.3945999965
-10635936.9615,3508666.5084000006
-10627278.7084,3498233.515900001
-10627367.8613,3498263.4469000027
-10627238.918,3498271.6270999983
-10627298.0361,3498044.348700002
-10627248.1991,3498087.463299997
-10627240.098,3498631.4790999964
-10627512.2518,3498520.4782000035
-10625029.6429,3497660.259999998
-10624968.6699,3497596.228600003
-10624906.1372,3497470.659000002
-10625078.4137,3497808.1780999973
-10624909.9306,3497736.4319999963
-10653926.3049,3482004.146499999
-10653694.3605,3482270.2478
-10653832.5127,3482292.833999999
-10653985.4659,3482298.5737999976
-10653963.1111,3482397.7005999982
-10654100.5884,3482634.223099999
-10632654.1099,3506435.570100002
-10632251.8745,3506388.9441
-10632271.5314,3506510.490500003
-10632361.4088,3506838.094300002
-10632089.3068,3507061.4836999997
-10632110.6819,3507108.043300003
-10632293.3724,3507081.726999998
-10632261.3111,3507029.128200002
-10646839.4551,3486509.311999999
-10646833.4001,3486462.0737000033
-10646789.4982,3486462.405299999
-10646745.5963,3486462.7368
-10646595.4069,3486199.192400001
-10646728.2024,3486067.3165000007
-10644385.3315,3466388.185999997
-10644553.9356,3466328.710000001
-10644554.4089,3466417.8062999994
-10644448.991,3466391.9111
-10644460.1627,3465800.7952999994
-10644382.941,3466155.7322999984
-10644526.4872,3466234.3594999984
-10644586.8874,3466144.7550000027
-10644505.773,3466057.5033000037
-10635355.893,3463158.999499999
-10615999.0945,3509919.960000001
-10615923.9532,3509803.6204999983
-10615926.6793,3509532.7528000027
-10615926.8553,3509684.4924999997
-10615818.9512,3509755.0559
-10615875.2032,3509354.7314999998
-10615591.2051,3509507.0834000036
-10615695.0576,3509667.097400002
-10615940.4511,3510037.7426000014
-10631641.7073,3499496.792000003
-10631609.7965,3499418.286200002
-10631601.8467,3499390.901299998
-10631531.4863,3499502.6533999965
-10592118.2016,3464069.9356999993
-10592128.8461,3463971.3630999997
-10592127.8488,3463855.4485
-10645515.0805,3468443.596199997
-10645558.7536,3468327.4505999982
-10593700.767,3510231.8033000007
-10593771.6001,3510204.0559
-10593996.1844,3510295.5555000007
-10593624.7822,3510155.4843999967
-10593754.6726,3509993.470899999
-10594240.4107,3510267.7453999966
-10605850.9807,3504684.6287999973
-10632851.5236,3476330.154600002
-10650924.8285,3503431.4387999997
-10651028.8696,3503760.9384000003
-10651178.6166,3504196.0815000013
-10651080.4242,3504305.0878000036
-10650907.6033,3504191.2409000024
-10667864.9423,3481372.3276999965
-10592110.8495,3477264.4241999984
-10591780.0436,3477307.4349000007
-10591745.8956,3477412.3893000036
-10591693.3741,3477532.501000002
-10591565.185,3477485.7773
-10591691.7084,3477419.072999999
-10591591.617,3477131.034199998
-10591500.9148,3477119.5529000014
-10587463.9764,3458915.3354
-10581479.6066,3449777.7920999974
-10636569.2016,3503292.4067
-10635970.3037,3503064.6005999967
-10635744.1931,3503137.741899997
-10635947.7644,3502882.6423000023
-10638867.6553,3498201.772
-10638665.6651,3498223.965999998
-10638590.1968,3497928.1635999978
-10638239.5131,3498123.358599998
-10638234.7108,3498017.577799998
-10638421.957,3498289.6589
-10638597.9363,3497979.7546000034
-10638555.1513,3498091.2638000026
-10638382.4074,3497980.165600002
-10638384.4629,3498062.7179000005
-10638576.3768,3498342.643600002
-10636362.3194,3515645.928000003
-10636369.94,3515584.402900003
-10636406.2534,3515492.778999999
-10636573.9432,3515520.2211000025
-10636767.6844,3515336.0309000015
-10644700.0628,3494420.5485000014
-10644654.2806,3494166.5249999985
-10644654.2365,3494224.6987999976
-10645159.1708,3494167.4442000017
-10633010.5216,3488500.667000003
-10633013.4621,3488599.411799997
-10632517.8947,3488624.701399997
-10632678.8892,3488949.9536999986
-10632805.0738,3488948.886
-10592143.797,3478442.0644999966
-10592139.3081,3478052.2025000006
-10591712.2689,3478152.196800001
-10591986.5048,3478188.7370999977
-10591982.9725,3478021.0582000017
-10591960.0,3478477.0824000016
-10591375.57,3478446.6589
-10591220.7419,3478425.8134000003
-10591259.5791,3478395.702399999
-10591676.0992,3478216.8007000014
-10591594.028,3478137.0898
-10591021.8303,3478485.8379999995
-10590893.2541,3478232.5012999997
-10590886.0981,3478173.9689000025
-10590950.9649,3478328.5727000013
-10590985.5869,3478216.1338
-10591070.2697,3478203.923799999
-10660893.1698,3479040.3400000036
-10660715.494,3478927.3610000014
-10660484.7293,3478926.102600001
-10660688.7468,3479025.443400003
-10660687.1838,3479256.317900002
-10660908.0771,3479176.7902999967
-10660586.3251,3479265.229800001
-10660472.6057,3479134.1357999966
-10660204.8599,3479239.505400002
-10660342.5292,3479458.7114000022
-10660190.5173,3479467.3619000018
-10660496.3353,3479352.4113000035
-10660465.2104,3479563.6224000007
-10660793.3849,3479496.753700003
-10660816.0457,3479556.0675000027
-10660859.832,3479556.8725000024
-10660822.6005,3479365.104800001
-10629224.4107,3493351.970899999
-10629119.1628,3493302.842699997
-10629310.4979,3493378.026299998
-10629598.2172,3493444.7793999985
-10629861.3799,3493635.1696999967
-10642534.1572,3500608.913400002
-10646471.0103,3497530.2951000035
-10646443.2635,3497236.7885999978
-10605605.6985,3498258.257100001
-10605710.4666,3498340.8079999983
-10605667.2834,3498535.0173000023
-10629080.477,3498592.469300002
-10629107.063,3498067.1150999963
-10629220.9254,3498094.790100001
-10629250.7924,3497824.304399997
-10628980.4406,3497996.7896
-10629354.0073,3498301.230800003
-10629120.705,3498537.0626000017
-10629080.6827,3498537.7619000003
-10629124.8407,3498445.5283999965
-10629166.5038,3498184.6709999964
-10628052.0217,3496716.461599998
-10628047.7983,3496785.5841000006
-10628439.5671,3496570.084399998
-10628080.5631,3496573.5173999965
-10628148.672,3496986.7814000025
-10628283.1602,3497038.3434000015
-10588674.7856,3461829.469800003
-10588494.0125,3462077.237400003
-10633858.6301,3502439.7396000028
-10655443.8636,3478539.2233999968
-10655427.1791,3478854.8584999964
-10655240.1887,3479019.9992000014
-10655148.5291,3478875.457199998
-10654911.775,3478867.4143999964
-10618085.1381,3512211.3508
-10618149.6109,3512126.4497999996
-10618335.7018,3511686.545599997
-10618323.0323,3511666.7300999984
-10618241.5462,3511794.3128999993
-10617985.9136,3512235.0568000004
-10569949.1643,3469049.4639
-10569941.0474,3469150.5820000023
-10569838.284,3469066.537299998
-10636514.6698,3492425.081699997
-10635427.2248,3474168.7277999967
-10618480.3644,3510402.5481999964
-10618370.7222,3510493.3324000016
-10618317.1946,3510080.992700003
-10618071.3034,3510234.537900001
-10618135.768,3510633.036899999
-10617922.3435,3509769.654600002
-10618047.8258,3509693.499300003
-10617829.9727,3509947.891400002
-10617893.3972,3510128.958300002
-10617781.2191,3509941.6838999987
-10617915.1092,3509974.764700003
-10618047.3672,3509916.9465000033
-10617992.6894,3509946.9755000025
-10642317.4818,3464320.9472000003
-10642151.7145,3464343.0672999993
-10642119.2769,3464265.938000001
-10642031.8515,3464300.527099997
-10642031.0205,3464219.545900002
-10642055.958,3464290.3813000023
-10641989.2756,3464269.3589999974
-10641850.9035,3464323.7114999965
-10641799.0417,3464262.4870999977
-10646417.5152,3475032.340499997
-10640686.1687,3460084.4738000035
-10641042.5246,3461335.380099997
-10640942.0384,3461300.4978
-10641327.5462,3461277.225299999
-10641259.8986,3461153.196800001
-10641053.5716,3461040.912799999
-10641389.8928,3460965.6246000007
-10641250.6296,3460859.3752000034
-10641151.0547,3460792.962399997
-10641235.1282,3460744.1718000025
-10644213.4817,3520072.4897999987
-10654628.4841,3515380.7444999963
-10631018.5696,3458183.105800003
-10630973.9399,3458147.8927000016
-10630858.3838,3458212.2488999963
-10630873.9483,3458125.0852999985
-10631010.2113,3458078.3025999963
-10650135.8732,3486890.1253999993
-10650077.1534,3486949.216499999
-10650163.9462,3486948.531000003
-10650635.4357,3486982.9934
-10650257.0238,3487079.6287999973
-10650200.5647,3487043.2463999987
-10650417.33,3487041.7387999967
-10650470.9511,3487132.659699999
-10594037.1106,3444276.251000002
-10594057.2692,3444288.0537
-10593995.6424,3444313.2300999984
-10593972.3413,3444650.4936000034
-10594053.3221,3444467.5503999963
-10594110.2882,3444527.023000002
-10594137.9273,3444502.210699998
-10594124.7329,3444483.460500002
-10594299.4524,3444403.713299997
-10594413.8649,3444568.666199997
-10594724.9461,3444676.712700002
-10594562.643,3444785.0678000003
-10594454.6186,3444679.908500001
-10594637.0387,3444671.441200003
-10594720.7679,3444757.256099999
-10664499.204,3506221.5977
-10664476.4776,3506317.2568000033
-10664656.3112,3506749.048299998
-10664521.7101,3506661.5705000013
-10664451.1894,3505840.1987000033
-10664427.3449,3505804.3101999983
-10664691.0276,3506313.763700001
-10665120.0718,3506274.469800003
-10664861.3813,3505835.362400003
-10664842.1536,3505895.5713
-10664990.5446,3505989.4858999997
-10656055.0631,3483958.8730000034
-10656173.0018,3483836.842699997
-10656114.2169,3484145.6300000027
-10656722.6374,3484319.5647
-10656457.5823,3484395.480800003
-10656493.5217,3483980.1850999966
-10656502.9533,3483960.2595999986
-10656700.3105,3483869.279299997
-10569874.563,3473320.432400003
-10645504.2092,3473877.3022999987
-10645661.3407,3473822.684299998
-10645635.9322,3473917.5099000037
-10635971.6382,3489774.8606999964
-10657166.3419,3477666.0776000023
-10657106.5016,3477956.4821000025
-10656943.5563,3477900.425800003
-10656805.6012,3477865.4015000015
-10656982.4079,3477789.525700003
-10656891.0665,3477708.8044999987
-10656702.235,3477688.5825999975
-10656705.7199,3477209.590999998
-10656649.5683,3477360.233599998
-10656638.2292,3477376.904799998
-10656642.4205,3477520.2502000034
-10656664.4446,3477466.9934
-10649799.9248,3466874.524899997
-10629673.5976,3500489.2760000005
-10629317.703,3500384.0569999963
-10629390.3582,3500158.9707999974
-10629058.7931,3499988.4805999994
-10629208.6444,3499884.9619999975
-10629160.7328,3499969.0728999972
-10629143.3802,3499980.744099997
-10629038.3657,3500057.860600002
-10628918.9173,3500230.974200003
-10628809.3066,3500387.530299999
-10628835.5257,3500294.614699997
-10629490.5303,3501281.531300001
-10629590.9804,3501115.6959000006
-10629477.5144,3501708.402099997
-10629658.4811,3501706.133100003
-10629715.2347,3501847.217100002
-10629561.7754,3502115.3047999963
-10577801.2837,3479466.359099999
-10577970.657,3479596.5964
-10577921.8383,3479942.903499998
-10588658.936,3462112.0099000037
-10588424.4549,3462116.9376000017
-10588730.1741,3462110.512000002
-10588332.5979,3462212.9663999975
-10596058.8293,3478405.947800003
-10596057.0455,3478313.6339000016
-10596189.4468,3478251.808799997
-10596145.3118,3478216.126500003
-10596034.6068,3477932.3549000025
-10596215.058,3477848.1168000028
-10596347.9346,3477843.844800003
-10596317.2343,3478027.7809000015
-10596274.2787,3478028.6854000017
-10596403.3531,3478117.2405999973
-10596660.6702,3478151.701399997
-10596615.4063,3477877.094499998
-10596488.0818,3477815.255599998
-10596731.5824,3477932.031199999
-10596555.1851,3478211.7985000014
-10596318.5193,3478249.6327000037
-10596236.2384,3478398.258299999
-10596323.4336,3478493.258299999
-10598747.8641,3476143.5956000015
-10598746.7873,3475892.7245000005
-10598706.6935,3475876.0683000013
-10598696.4065,3475807.0979999974
-10598280.0223,3475735.5974999964
-10598585.9382,3475968.4860000014
-10598552.5741,3476240.230899997
-10583838.8949,3459236.2409000024
-10583839.1383,3459213.528300002
-10583890.1543,3459272.6054999977
-10584233.1007,3458915.4331
-10583837.4002,3459053.337200001
-10649041.4416,3465225.6406000033
-10648596.1017,3465271.150600001
-10648527.4983,3465383.4244000018
-10648491.5048,3465385.8592000008
-10648276.4794,3465449.3373000026
-10651377.8959,3486484.366700001
-10651113.7385,3486588.0889
-10650958.3364,3486692.6849000007
-10650270.4394,3484291.168399997
-10650385.0654,3484447.637599997
-10650449.8538,3484352.914499998
-10650244.8057,3485021.492399998
-10650304.538,3484840.162600003
-10650230.915,3484673.0648000017
-10650255.1239,3484629.359700002
-10589882.7796,3463939.5439999998
-10589799.9911,3464001.8106999993
-10589795.6151,3463703.5305999964
-10587550.5253,3463110.512699999
-10587551.7459,3463172.234700002
-10587600.9715,3463319.9855000004
-10587463.3799,3463384.077399999
-10587487.3832,3463427.3013999984
-10587676.6761,3463148.4739999995
-10587680.3645,3463333.429700002
-10587681.7872,3463404.770300001
-10597259.2708,3477288.334899999
-10597192.0732,3477384.3400000036
-10597552.4266,3477225.3156000003
-10597341.4153,3477576.6840000004
-10597497.7576,3477675.726599999
-10597724.9662,3477224.315200001
-10597656.6033,3477579.471000001
-10597950.6747,3477128.545400001
-10598109.5086,3477113.9864000008
-10597832.1529,3477379.645499997
-10595215.389,3510768.7338000014
-10595188.461,3510643.4717999995
-10595074.7666,3511000.840499997
-10594788.2589,3510850.6850000024
-10594834.6152,3510586.4891000018
-10594849.5497,3510694.5381999984
-10595091.6729,3510554.2462000027
-10594741.1055,3510352.298299998
-10594537.6723,3510614.846699998
-10594395.1368,3510612.452799998
-10594502.0965,3510457.462399997
-10584933.9217,3461979.669399999
-10584845.5701,3461919.658399999
-10633457.6937,3489297.577299997
-10633364.1847,3489381.496600002
-10633316.5904,3489318.804700002
-10633226.3478,3489343.2414000034
-10633116.761,3489289.4104999974
-10629199.0468,3490190.1287999973
-10629257.1301,3490105.2475999966
-10628598.765,3490125.2528000027
-10628704.9557,3490125.9481000006
-10628521.1029,3490315.903300002
-10628071.3512,3490314.6162
-10627881.0069,3490255.0546000004
-10628157.846,3490219.090599999
-10628070.8685,3490160.543300003
-10628276.2715,3489985.255400002
-10627933.1829,3490001.4963999987
-10627801.6535,3490007.3285000026
-10615425.9742,3496468.6731999964
-10615430.2573,3496664.331699997
-10615108.4,3496309.3127000034
-10615213.6501,3496323.602300003
-10615347.8153,3496250.668399997
-10615358.4226,3496247.771399997
-10615347.7973,3496110.9805999994
-10615355.2189,3496060.6819999963
-10615157.7132,3496298.6467999965
-10615425.8351,3496276.8127000034
-10615330.0916,3496255.8861000016
-10630976.5944,3516172.2189000025
-10630727.1278,3516120.636500001
-10585904.3618,3462420.458499998
-10585902.4898,3462224.9639
-10595613.1736,3511163.8158000037
-10595597.7685,3511488.5966000035
-10595414.1794,3511408.315200001
-10595263.681,3511100.868900001
-10595218.5916,3511110.639200002
-10595568.0143,3511075.195299998
-10630377.3428,3510902.7744999975
-10630006.5526,3510758.4491000026
-10630090.0667,3511270.240000002
-10630287.396,3511039.284400001
-10630137.2764,3511021.3954000026
-10629964.2163,3510909.4389000013
-10630179.4252,3510945.2079000026
-10629997.0783,3510816.3347999975
-10629956.2661,3511488.474100001
-10630301.1403,3511865.6692999974
-10629831.581,3511847.4844999984
-10643358.8658,3485490.677000001
-10643292.9808,3485466.4595
-10643223.1411,3485621.382600002
-10643327.3328,3485733.217500001
-10643307.9078,3485824.4547000006
-10643245.0117,3485825.456699997
-10643900.7026,3485652.8586999997
-10643901.75,3485785.988300003
-10643678.4745,3485915.303000003
-10643611.0712,3485676.436800003
-10643741.2343,3485465.7497000024
-10633383.0403,3491095.6780999973
-10618959.7966,3464474.4231999964
-10618970.6312,3464570.8665999994
-10618901.4474,3464634.9711000025
-10618882.1113,3464528.3263000026
-10618799.2086,3464539.4390999973
-10618837.3911,3464642.8320000023
-10639845.5119,3493950.4712999985
-10639889.7487,3494204.391999997
-10639848.8663,3494173.572999999
-10639850.8148,3494303.1862000003
-10639786.2178,3494097.588100001
-10639789.8635,3494337.1344000027
-10643464.6291,3502257.9235000014
-10643336.2453,3502046.724799998
-10643038.0873,3501964.304899998
-10643256.477,3501910.650399998
-10639614.049,3472577.772
-10639545.4068,3472677.843000002
-10590550.3155,3457336.2458999977
-10627895.7442,3509447.6155999973
-10627563.8639,3509186.8694999963
-10627749.6121,3509435.7709000036
-10628106.1803,3509383.203900002
-10628093.2584,3509628.3391000032
-10627881.9886,3509337.5507000014
-10628006.9175,3509257.2485999987
-10591432.4321,3463551.2194000036
-10591369.1728,3463500.9591000006
-10646828.0791,3483249.5779
-10646919.8839,3483451.224100001
-10646899.7195,3483483.207199998
-10647005.2129,3483400.7707
-10656156.748,3477500.472400002
-10656209.9154,3477208.694799997
-10656036.2304,3477218.1204999983
-10655865.1191,3477253.1411999986
-10603421.2803,3484890.2700999975
-10603508.4844,3485066.8533999994
-10603384.1898,3485105.797799997
-10603217.1628,3485036.349299997
-10603183.4811,3485056.836099997
-10603174.6253,3485107.973700002
-10603125.7045,3484914.766400002
-10603090.2238,3484914.7547999993
-10602993.2276,3484664.393100001
-10603038.4915,3484804.9532999992
-10603285.2568,3484807.3211999983
-10639671.1762,3503326.568400003
-10640851.9964,3493252.033
-10640740.4187,3493263.4179000035
-10641077.7306,3493723.0788000003
-10641129.369,3493233.2454999983
-10641078.8862,3493242.9782000035
-10641041.3118,3493569.412100002
-10640835.0156,3493460.015299998
-10640910.986,3493371.2569999993
-10641132.9678,3493539.2996999994
-10593677.1367,3459109.5075000003
-10633416.7638,3458549.8757999986
-10631225.6405,3458522.7485999987
-10632379.6932,3486823.353
-10632227.4214,3486748.9235000014
-10592812.5351,3478227.777999997
-10592821.2844,3478445.626500003
-10592930.1995,3478274.7267000005
-10592844.4392,3478252.186499998
-10592675.5483,3478419.1372999996
-10575243.2241,3475094.0195000023
-10575300.7132,3475196.9839999974
-10579587.0175,3475557.5517999977
-10579519.4579,3475568.9724999964
-10579245.1243,3475660.374300003
-10642706.1356,3509390.324199997
-10642740.009,3509320.5732999966
-10642790.197,3509281.5471
-10642856.6774,3509229.154600002
-10643039.4129,3510025.5496999994
-10642706.9979,3510032.222000003
-10642807.562,3509963.5386999995
-10642874.679,3509983.840800002
-10642807.1869,3509741.944600001
-10633474.7673,3457843.795400001
-10633455.0118,3457756.0033000037
-10633771.5142,3457785.985600002
-10633754.1945,3457786.145999998
-10607819.7371,3499354.956699997
-10608081.1092,3499013.0023000017
-10608365.3144,3499205.4981999993
-10608319.9793,3499054.218500003
-10608199.3324,3498802.8376
-10566763.2636,3475084.731200002
-10566807.895,3475076.946800001
-10566928.1199,3474913.093800001
-10566774.9446,3474945.307099998
-10592226.238,3476809.8630999997
-10591917.1933,3476805.7217999995
-10591864.5245,3476684.2739999965
-10591855.7265,3476592.286700003
-10592231.5631,3476955.7300999984
-10592137.3582,3476526.5754000023
-10592107.8637,3476526.8819999993
-10621988.0778,3465201.0530999973
-10630229.9003,3474402.451899998
-10632718.1925,3458966.467799999
-10615708.4986,3496437.2239999995
-10615572.907,3496487.9263999984
-10641803.4105,3492396.107900001
-10642082.9541,3492458.5505999997
-10641988.2922,3492633.5973000005
-10642059.0752,3492854.9240000024
-10642333.9616,3492847.788400002
-10642431.9545,3492816.0659999996
-10642391.1077,3492640.3764000013
-10642392.2059,3492728.464400001
-10642184.7493,3492642.538900003
-10642342.9304,3492656.7861
-10642277.0087,3492636.7827999964
-10642240.8805,3492641.3567999974
-10642259.6772,3492392.471199997
-10642493.6913,3492764.5942
-10641442.5777,3492132.918899998
-10641435.792,3492116.4135000035
-10641839.041,3492096.1357000023
-10641966.7551,3492052.1501
-10641935.0673,3492071.1887999997
-10642058.8957,3492114.5648000017
-10641946.4984,3491882.2599000037
-10641653.3214,3491942.240199998
-10642389.6669,3491996.295500003
-10642428.3589,3492154.0628999993
-10642301.3114,3492241.2344999984
-10627435.0264,3505764.5755999982
-10627418.6237,3505712.5183999985
-10627378.3547,3505299.299800001
-10622023.5335,3504130.266999997
-10622028.5303,3504067.8224000037
-10621974.19,3504249.643799998
-10621584.7982,3504088.611100003
-10621823.9913,3503854.5358999968
-10621286.244,3503620.779100001
-10621595.9516,3503835.5890000015
-10621125.6148,3504032.4333999977
-10621370.0581,3504357.8087000027
-10649191.364,3467614.2668000013
-10649285.6772,3467521.9070999995
-10660204.9282,3477764.3184999973
-10660204.9332,3477706.895999998
-10660055.953,3477709.6353999972
-10659991.5175,3477657.032499999
-10660225.4835,3477285.9668999985
-10660524.2145,3477417.563199997
-10660917.7805,3477586.8522000015
-10660654.3473,3477809.850400001
-10660635.035,3477783.6400000006
-10660471.4149,3477972.2683999985
-10660533.1194,3477847.2107999995
-10591210.2421,3459121.541699998
-10595018.2431,3461859.2575000003
-10595118.4671,3461859.9931999967
-10595078.2997,3461942.710500002
-10595137.1833,3462023.3126000017
-10595079.3211,3462023.8279
-10652011.4031,3516309.543300003
-10652141.9568,3514333.568099998
-10575959.4833,3449766.728100002
-10640710.1086,3461222.8418999985
-10640804.7563,3460992.6262999997
-10640633.0831,3460933.1378000006
-10640619.9146,3460928.532899998
-10640587.6513,3460642.905100003
-10640417.8506,3461120.6286000013
-10640415.5165,3460957.4099999964
-10640381.6729,3460945.5396
-10640317.5925,3461023.6955000013
-10635115.2948,3503993.1291000023
-10634958.3024,3504548.2651000023
-10635035.7941,3504521.3038000017
-10634962.5768,3504452.1115000024
-10634911.2979,3504390.588200003
-10634823.3704,3504300.401900001
-10644919.6157,3462367.1207000017
-10644959.5417,3462387.794200003
-10635512.4957,3503969.0381999984
-10635454.1039,3504047.1357999966
-10635457.4072,3503660.0964
-10634782.0323,3503754.0675000027
-10635312.1386,3503556.235100001
-10635142.2446,3503623.7699000016
-10597743.2238,3478711.8117000014
-10628663.6074,3496807.5539999977
-10628629.468,3496978.299900003
-10628847.6346,3496891.5964
-10628717.7701,3496828.6383000016
-10628537.6321,3496959.3686999977
-10628569.284,3496742.8664000034
-10628900.6247,3496761.652900003
-10628586.095,3496568.718800001
-10627886.857,3496938.547799997
-10627656.1867,3496905.600100003
-10626891.108,3488145.8805000037
-10626455.3404,3487922.846699998
-10626615.4704,3488071.485200003
-10626552.4958,3488071.7963000014
-10626487.9499,3488072.4202999994
-10626759.1728,3488313.159699999
-10626636.918,3488186.7651999965
-10626411.5197,3488321.6094999984
-10626267.7237,3488344.630099997
-10574682.5303,3478722.1740000024
-10574719.4968,3478610.3791000023
-10574758.1007,3478809.0452999994
-10575020.3413,3478490.707199998
-10574974.3304,3478877.6564000025
-10633779.4913,3458259.3386999965
-10633481.5984,3458123.7163999975
-10641414.3887,3460314.6438999996
-10641411.8667,3460494.2534999996
-10641197.408,3460326.590499997
-10641210.3696,3460343.602600001
-10643952.3022,3463065.1912999973
-10644453.8706,3463092.3708999977
-10661085.8679,3474696.566399999
-10661012.6952,3474706.822499998
-10660988.557,3474708.7365999967
-10660912.4176,3474929.1384000033
-10661079.0967,3474840.016599998
-10661411.0319,3474677.4433000013
-10661328.7838,3475062.8527000025
-10595229.5824,3478594.719300002
-10634048.5216,3502647.8721999973
-10634065.8374,3502636.6279999986
-10634061.1303,3502543.583999999
-10588432.9179,3476861.088799998
-10633502.4879,3506546.277999997
-10630599.1972,3497927.6982999966
-10630192.5962,3498129.2268999964
-10630040.7552,3498030.471900001
-10630303.8295,3497678.6982000023
-10630513.6671,3497480.0671999976
-10629839.7757,3497361.5557999983
-10629724.7013,3497223.990500003
-10657338.2171,3476726.4328999966
-10657309.6499,3476779.3011000007
-10657374.0755,3477032.150899999
-10657296.3892,3476807.1448
-10657530.2586,3476797.9987000003
-10590861.9195,3464285.452299997
-10590975.9336,3464242.803000003
-10590882.7738,3464083.8122999966
-10599032.3007,3479809.3730000034
-10599032.9315,3479858.138899997
-10599091.2284,3479880.1159000024
-10605884.32,3498981.4635000005
-10605891.0139,3498862.7656000033
-10639166.0978,3491867.384300001
-10639010.393,3491881.3593999967
-10639099.869,3492019.5788000003
-10639447.4497,3491914.419200003
-10639550.9225,3491935.4367000014
-10639501.2385,3492265.1745000035
-10639443.1964,3492027.8849000037
-10639471.6459,3491981.601999998
-10643669.5301,3489509.584899999
-10643653.9385,3489311.3709999993
-10643597.9352,3489312.7893999964
-10643465.8714,3489278.6969000027
-10643468.4493,3489442.7886999995
-10643468.7863,3489460.0725999996
-10643321.636,3489377.860299997
-10643319.1079,3489216.7852
-10626385.9172,3472670.603
-10626481.1861,3472715.1305000037
-10635910.6034,3489943.964400001
-10636234.4287,3490209.2353999987
-10636109.9776,3490280.839299999
-10599462.5922,3499021.5984999985
-10599462.4951,3499007.1664000005
-10599427.7827,3498862.286200002
-10598954.4355,3499752.586599998
-10599666.2868,3499320.531999998
-10599215.1117,3499537.2326999977
-10599549.2059,3499364.3408999965
-10599576.3651,3499201.0019999966
-10627631.0936,3513130.0121000037
-10627527.4048,3513276.696800001
-10627479.7251,3513382.7942999974
-10653545.2514,3506055.3237000033
-10667830.6725,3479685.1646
-10668075.8544,3479885.1856999993
-10648955.5569,3467131.9804999977
-10649161.3472,3467273.3418999985
-10597485.1015,3511949.210500002
-10597533.1085,3511761.247100003
-10597524.8493,3512154.3637000024
-10597817.0838,3512215.349200003
-10597787.2302,3512118.3140999973
-10597733.2995,3512074.3118999973
-10597659.2265,3512075.974100001
-10594608.4864,3509183.7331999987
-10594258.7989,3509650.7514000013
-10593936.3465,3510529.905699998
-10593849.4885,3510624.7339999974
-10593744.3888,3510635.874300003
-10593523.2999,3510753.805399999
-10594167.0249,3510635.416500002
-10594296.0757,3510828.2479000017
-10594222.3159,3511002.9604
-10593861.623,3510935.6884000003
-10593739.2124,3511085.340300001
-10593269.5914,3511112.9926000014
-10593463.0111,3511294.9499000013
-10632633.5392,3456945.465599999
-10632455.5799,3457237.9543000013
-10632575.2802,3457450.952399999
-10632477.3141,3457449.5042999983
-10632438.7895,3457450.0890000015
-10632051.288,3457381.534000002
-10632100.5023,3457430.381099999
-10632098.2062,3457230.5490999967
-10632237.9484,3457484.642099999
-10632179.4594,3457246.293200001
-10632330.5519,3457452.486299999
-10632369.1583,3456980.1270999983
-10632369.3038,3457058.7157000005
-10629406.5702,3504012.6247000024
-10629672.6648,3504485.697300002
-10629486.1743,3504343.4026999995
-10629501.7755,3504367.3276000023
-10629435.2985,3504432.0689999983
-10629263.1578,3504686.3803000003
-10629389.8823,3504648.2929000035
-10629297.7257,3503987.090400003
-10629395.9236,3504279.5618999973
-10629324.2859,3504356.081699997
-10629167.9672,3504069.1391000003
-10628869.369,3504122.636500001
-10629129.0743,3504373.8232999966
-10629304.5467,3504891.5053000003
-10629649.5976,3504059.284699999
-10629603.6377,3504298.6735000014
-10630466.665,3505091.897699997
-10630214.8795,3505372.3669999987
-10630203.396,3505293.0878000036
-10629869.1833,3505325.5596999973
-10599303.7226,3450536.6745999977
-10599264.7124,3450500.369900003
-10627703.5102,3498705.0825000033
-10627788.0301,3498444.9288000017
-10627740.8438,3498512.935999997
-10627665.0511,3498258.277999997
-10591281.4447,3464206.405000001
-10655139.2972,3474030.045900002
-10655204.2699,3473916.7918
-10655060.3785,3473480.9913000017
-10654885.2021,3473355.513899997
-10632734.667,3507566.717600003
-10632702.3618,3507682.3027999997
-10632706.3923,3507633.6789999977
-10632336.273,3507888.4640000015
-10632225.5719,3507640.209399998
-10632145.1435,3507784.657300003
-10632316.6461,3508084.255599998
-10632413.7908,3508195.337899998
-10632186.0205,3507564.955600001
-10631732.932,3507688.031999998
-10594093.5465,3444799.2436999977
-10594022.722,3444850.527599998
-10594486.2933,3445005.389799997
-10594478.8389,3444929.1426
-10594436.9153,3444919.034599997
-10594198.4433,3444895.9021999985
-10594249.336,3444948.208499998
-10594306.5598,3444739.3071999997
-10594366.0814,3444803.6723999977
-10644617.0613,3493688.5361
-10644407.3859,3493980.472000003
-10644616.1087,3493880.389700003
-10644769.4718,3493770.1261000037
-10622372.8602,3457275.1843999997
-10622903.1158,3457223.1855000034
-10623084.8281,3457356.3170000017
-10622980.7707,3457318.8000999987
-10622796.002,3457182.796599999
-10622830.7504,3457194.283699997
-10622444.3489,3457243.2355000004
-10622603.2504,3457243.5983999968
-10622480.8564,3457300.262699999
-10647841.3816,3464255.5222999975
-10647842.5938,3464435.780299999
-10647793.3567,3464602.7190999985
-10647769.0561,3464075.499300003
-10584180.3964,3461279.7245000005
-10584202.8015,3461596.063699998
-10584630.5072,3461477.7633000016
-10584731.1546,3461531.136
-10584806.7062,3461492.7123000026
-10584734.1538,3461588.5900000036
-10584648.9691,3461555.865699999
-10584381.5414,3461449.8549000025
-10584311.7041,3461178.221699998
-10667078.4039,3480505.2456
-10608189.1892,3505669.0687000006
-10608398.1687,3505723.8074999973
-10608712.2508,3506142.854699999
-10608657.0008,3505992.3571999967
-10608656.8641,3505907.490500003
-10608281.9941,3505956.2075999975
-10608467.5154,3506034.795500003
-10608368.258,3505943.858000003
-10608804.4222,3505873.4086000025
-10608804.3963,3506007.0491999984
-10608488.3536,3506152.2717000023
-10608216.7481,3506096.3584999964
-10648969.656,3488491.0205999985
-10649127.1888,3488498.6953999996
-10649260.9121,3488573.4201000035
-10649043.0176,3488552.475100003
-10649114.8278,3488890.4377000034
-10649323.144,3488807.288900003
-10649064.26,3488686.0988000035
-10649047.2792,3488771.0529000014
-10649671.2582,3488703.4452000037
-10654198.4617,3478819.4540000036
-10654024.0511,3478492.2981999964
-10654002.914,3478492.9302999973
-10654127.5515,3478585.0053000003
-10654127.6866,3478633.2192
-10653816.2167,3478691.2299000025
-10654036.4665,3478568.5249999985
-10653760.1559,3478581.0045000017
-10629027.0526,3497310.6775999963
-10654418.2149,3482241.4690999985
-10654373.8615,3482338.7717999965
-10654241.6862,3482578.3367
-10654380.2449,3482698.4750000015
-10654443.912,3482698.9843999967
-10654554.1131,3482549.4197999984
-10633331.4332,3503233.916100003
-10633362.1441,3503214.3150999993
-10633452.9797,3503406.7961999997
-10633540.1619,3503368.0050000027
-10633806.353,3503711.796099998
-10656967.0759,3478105.1516999975
-10656959.1734,3478504.3813000023
-10657105.5421,3478275.7519000024
-10656979.3251,3478277.4619999975
-10657603.9254,3478266.706100002
-10657536.5008,3478312.075099997
-10657502.0471,3478473.6510000005
-10657487.3648,3478450.452299997
-10657468.5205,3478410.8209000006
-10657718.9383,3478465.0703999996
-10657735.7228,3478464.8178000003
-10657114.4887,3478564.235799998
-10590932.0115,3445710.340999998
-10590991.6402,3445800.4133
-10591160.8757,3446076.280199997
-10591206.4475,3446068.5869999975
-10591210.5189,3445915.9799000025
-10591032.6864,3445493.3187000006
-10633040.4896,3459028.308799997
-10634977.7455,3507772.0645999983
-10635059.1849,3507735.4711000025
-10635438.8428,3507621.0648000017
-10635478.5396,3507898.154100001
-10635616.9949,3507933.733900003
-10602852.9553,3452656.3337000012
-10602811.5887,3452555.6718000025
-10638907.268,3491264.2978999987
-10638985.6677,3491738.9880999997
-10647094.4897,3490298.093999997
-10647134.6555,3490271.414099999
-10646996.3335,3490533.3681999967
-10647044.9769,3490643.640900001
-10647066.0261,3490719.5195999965
-10647020.2931,3490729.1942000017
-10647525.0885,3490975.285599999
-10647490.9309,3490881.5097000003
-10647459.1478,3490676.3323
-10647386.0212,3490738.3845999986
-10647199.6484,3490298.874499999
-10646760.4305,3491657.4395999983
-10646821.0074,3491593.020499997
-10646955.3346,3491586.0732999966
-10646910.0702,3491673.2502999976
-10647343.4419,3491505.1643999964
-10647267.1506,3491173.7712000012
-10647362.142,3491075.605300002
-10593941.2355,3509308.8879999965
-10593886.9994,3509446.511500001
-10594035.7335,3509383.1802999973
-10594076.5794,3509210.3911999986
-10616593.7208,3510404.2619000003
-10616550.6651,3510453.0287000015
-10616409.0995,3510425.965099998
-10616269.3901,3510399.218000002
-10616254.9278,3510337.3937000036
-10615901.0796,3510683.1937000006
-10615883.6322,3511160.3893000036
-10615913.3077,3511233.396899998
-10615661.8656,3511350.5889
-10615620.6003,3511278.2026000023
-10615751.6287,3511091.0009000003
-10615472.2888,3510841.578400001
-10638893.9887,3492392.018100001
-10638862.3124,3492553.112800002
-10638745.322,3492112.6972000003
-10638418.7655,3492199.1635999978
-10638413.9603,3492258.4619000033
-10638609.7797,3492377.9231999964
-10638510.8899,3492387.0996999964
-10638590.252,3492491.034900002
-10638539.2151,3492449.087099999
-10592139.3727,3476953.967100002
-10591768.5166,3476876.3725999966
-10591588.9712,3477080.0547999963
-10591587.243,3476925.1433999985
-10644484.2627,3488828.759800002
-10644651.229,3488834.8884999976
-10644734.8371,3488586.751500003
-10650231.8567,3501600.392499998
-10650083.2878,3501600.998999998
-10650104.1128,3501417.0173000023
-10649998.4408,3501417.6757000014
-10659224.6605,3472199.8527000025
-10659589.1855,3472288.135300003
-10659612.027,3472118.5537
-10575440.4405,3475353.458300002
-10643228.2418,3489260.4217000008
-10643230.6702,3489424.122100003
-10642866.1503,3489417.091799997
-10642900.1415,3489271.739500001
-10642968.2476,3489364.233400002
-10598956.8542,3480200.5692000017
-10598944.3612,3480264.1323999986
-10598787.6232,3480242.1805000007
-10644404.0397,3465016.899099998
-10644616.541,3464980.239500001
-10644513.1836,3464901.8649000004
-10644720.699,3464726.7775000036
-10644684.6995,3464691.568099998
-10644766.4917,3464828.438199997
-10629531.8616,3500976.7996999994
-10629644.8428,3501092.9778999984
-10629297.7551,3500988.1824999973
-10629351.273,3500997.689000003
-10629331.26,3501062.0647
-10629320.108,3501096.6125999987
-10623929.6092,3499709.1437000036
-10624070.7736,3499845.2717000023
-10624129.8251,3499893.132299997
-10624046.8674,3499713.1890999973
-10624222.643,3499886.0874999985
-10624410.0957,3499881.8363000005
-10624262.6329,3499566.8495000005
-10624368.4608,3499657.4092999995
-10624555.2084,3499848.235600002
-10589666.3932,3463828.181900002
-10635947.0394,3519082.8198999986
-10635935.7558,3519156.1132000014
-10635892.8362,3519177.975900002
-10636077.7101,3519443.4301000014
-10636022.0982,3519415.6269000024
-10588650.5729,3517688.8543
-10634693.2811,3504623.822499998
-10634856.1233,3504560.501199998
-10634543.6974,3504092.5286
-10583128.458,3480607.5232999995
-10583018.8661,3480402.552199997
-10583118.9773,3480358.9452000037
-10582123.9604,3459172.8950000033
-10582371.0216,3459147.1066000015
-10582181.05,3459129.4848000035
-10582277.1094,3459191.270199999
-10582276.3425,3459148.8126000017
-10582409.8642,3459187.5085000023
-10582505.621,3459227.820799999
-10582697.9116,3459246.7709000036
-10582965.5399,3459023.775200002
-10583056.7101,3459053.8685000017
-10582937.2558,3459121.8715000004
-10654920.5877,3488276.9952000007
-10654968.8164,3488405.819600001
-10654774.6138,3488630.092600003
-10654813.6863,3488438.2589000016
-10654672.9322,3488468.7949
-10654634.2653,3488470.6427000016
-10654739.4782,3488659.686999999
-10654657.9464,3488703.0759999976
-10655057.9593,3488475.6230000034
-10654754.9108,3488242.533399999
-10629141.5441,3512013.1084999964
-10629300.8617,3511726.9962000027
-10629319.0211,3511578.781300001
-10629514.8687,3511292.6662999988
-10629325.4792,3511345.408399999
-10636829.4496,3483127.742200002
-10636362.0031,3483166.121600002
-10650955.577,3483065.2480000034
-10651016.1185,3483331.274700001
-10651261.8104,3483390.2058999985
-10651376.2419,3483390.951899998
-10651131.7861,3483551.7036999986
-10651195.2737,3483580.3162999973
-10651101.9129,3483705.913900003
-10651005.782,3483745.086000003
-10617633.1619,3512130.0687000006
-10646483.3224,3484358.5420999974
-10639006.33,3492500.559299998
-10639015.9809,3492531.0688000023
-10639244.3441,3492488.229500003
-10639349.2799,3492584.4048999995
-10639636.6866,3492612.0310999975
-10639512.1528,3492890.443599999
-10639420.6274,3492655.838299997
-10639044.4118,3492982.0374
-10646323.6497,3473140.5533000007
-10646322.9916,3473044.9882000014
-10645993.6427,3472855.417199999
-10646089.4256,3472751.4805999994
-10629303.8163,3497544.7646000013
-10629299.2065,3497354.0517999977
-10629298.204,3497306.479800001
-10629238.5053,3497340.1099999994
-10629196.4545,3497390.7369000018
-10629197.8128,3497485.664999999
-10629199.0791,3497564.7991999984
-10629199.6611,3497580.4954999983
-10622900.699,3457324.3537999988
-10623200.0531,3457407.2551999986
-10622605.7452,3457339.0711999983
-10622984.8284,3457514.4838000014
-10622898.4887,3457376.348899998
-10622593.6966,3457571.804399997
-10622463.1441,3457645.8030999973
-10645522.0229,3462396.6407999992
-10645459.73,3462437.222599998
-10645458.7612,3462357.9869000018
-10591776.9962,3502900.027800001
-10592003.921,3503077.5650999993
-10591907.6224,3503081.293899998
-10591681.3124,3503215.1652000025
-10591627.1209,3502913.4529
-10591762.5307,3503167.3219000027
-10591590.9975,3502698.7607000023
-10591449.7916,3502687.713399999
-10590991.3371,3502953.5842000023
-10591577.6688,3502919.1472000033
-10591365.6131,3502783.6922999993
-10591017.9526,3502738.382600002
-10591101.0575,3502687.898500003
-10591155.504,3502963.7211000025
-10591228.0192,3502725.5251
-10591347.9729,3502979.405500002
-10591437.0389,3503152.734700002
-10636391.5866,3490049.349799998
-10631272.0611,3458302.362499997
-10631273.2672,3458443.0649000034
-10631127.5538,3458386.228600003
-10631171.6893,3458375.701700002
-10629701.1186,3500730.348200001
-10629787.3614,3500928.8972000033
-10629584.3066,3500795.059600003
-10630370.4932,3512055.4143999964
-10630279.0136,3512147.2123000026
-10630301.9086,3512147.4733999968
-10629899.0173,3512251.710000001
-10630118.2685,3512292.7029
-10650690.4064,3482699.886699997
-10650536.7237,3482495.576399997
-10650534.9243,3482391.1215000004
-10650533.9267,3482259.838799998
-10650592.9174,3482592.4778999984
-10650636.7229,3482259.8641000018
-10650698.6518,3482288.342100002
-10639149.1937,3498467.0719000027
-10639327.1775,3498364.3346000016
-10639482.2398,3498457.0385000035
-10639211.4422,3498146.2481999993
-10639208.776,3498018.329599999
-10642639.5275,3470298.3521
-10643391.5684,3489007.6850000024
-10642958.776,3489035.1294
-10643176.8846,3489086.4789000005
-10643306.9508,3488903.8246000037
-10596993.4424,3513536.703400001
-10597600.1407,3514106.2041999996
-10597359.1077,3513742.210699998
-10597532.9022,3514043.0622999966
-10597373.1486,3513904.5776000023
-10597102.7369,3513730.6196999997
-10596842.2093,3513757.273400001
-10597067.0933,3513862.9447000027
-10597060.0383,3513908.4582
-10596989.0823,3514058.6115000024
-10596804.8936,3513815.5088
-10596722.8533,3514251.405100003
-10630638.2835,3506567.409699999
-10630837.5471,3506387.824000001
-10630907.8896,3506567.647699997
-10630952.2105,3506405.276799999
-10631579.5847,3458268.829400003
-10631427.2721,3458401.704400003
-10629655.5067,3497274.700099997
-10629607.4542,3497276.1225000024
-10629479.8907,3497279.8703000024
-10629565.9244,3497417.347400002
-10629543.1597,3497175.2793999985
-10629544.6709,3497752.9114999995
-10629527.4448,3497661.3584999964
-10629565.2726,3497623.045900002
-10637702.3061,3494893.1806999967
-10638023.0286,3494788.2294000015
-10637460.8785,3494627.2507999986
-10637439.4412,3494837.607000001
-10637516.6631,3494598.8539000005
-10637555.2761,3494522.8412000015
-10637567.8839,3494320.4905999973
-10637840.7915,3494424.777599998
-10637826.2707,3494324.7206000015
-10656422.1288,3477622.8830000013
-10628386.9914,3500728.510300003
-10628340.4686,3500646.9538000003
-10598857.0947,3461116.5825999975
-10646315.7471,3490188.6719999984
-10646197.2181,3490150.1994000003
-10645857.0102,3490120.7258
-10646051.8372,3490073.4136999995
-10645798.9037,3490111.4086000025
-10645614.6553,3490213.811499998
-10645595.1658,3490339.4783999994
-10591333.0849,3446545.906999998
-10591478.8,3446315.074000001
-10591571.5002,3446272.9706000015
-10591420.41,3446096.014200002
-10591627.8607,3446279.853600003
-10633421.9151,3503660.5216000006
-10655311.644,3480072.661200002
-10654928.204,3479932.1689999998
-10655079.3784,3480002.704499997
-10655110.8661,3479934.396300003
-10654928.2122,3480126.054200001
-10654929.2109,3480276.141900003
-10654929.5157,3480361.9419
-10655263.3663,3480530.557099998
-10655374.1011,3480129.8850999996
-10655079.3689,3480274.4372999966
-10655113.6833,3480166.3696999997
-10655139.2137,3480319.3618
-10655168.7356,3480189.481700003
-10655082.3263,3480474.3571999967
-10573732.6187,3480252.1380999982
-10573774.7299,3480173.0913999975
-10573812.7256,3480157.0547999963
-10574115.2558,3480294.9591000006
-10574104.7714,3480055.183799997
-10644584.4146,3502033.8549999967
-10644641.9807,3501977.3483000025
-10644639.7115,3502126.877899997
-10645146.2864,3501982.3312000036
-10659960.8361,3472481.804200001
-10660272.3175,3472305.599100001
-10660035.5914,3472399.442599997
-10660059.1129,3472393.6592999995
-10659893.9583,3472189.6328999996
-10659936.2537,3472322.7146999985
-10659816.7151,3472311.6308000013
-10660232.7414,3472164.263899997
-10655599.8049,3473725.0437999964
-10655186.0767,3473549.3703999966
-10655215.2009,3473364.8510999978
-10655327.7728,3473179.6711999997
-10655658.735,3473215.8236000016
-10655569.5352,3473024.922700003
-10655429.9736,3473180.677000001
-10652050.9664,3487250.5583000034
-10651952.6823,3487077.731899999
-10652228.9772,3486985.9592999965
-10652117.0068,3486983.164499998
-10651947.4873,3486984.3761000037
-10625777.7641,3510563.4047000036
-10647869.7278,3491711.593500003
-10648010.2628,3491710.5437999964
-10648086.4895,3491646.487800002
-10648084.5509,3491533.3033000007
-10647971.638,3491417.659699999
-10647909.2029,3491559.329599999
-10647958.3205,3491453.927500002
-10647657.684,3491686.653099999
-10647859.04,3491367.109700002
-10647851.7334,3491265.3878000006
-10647832.9491,3491256.5645999983
-10647694.57,3491134.5962999985
-10630989.9313,3507256.2991999984
-10630939.7423,3507207.5703999996
-10631083.3344,3506722.9899000004
-10631108.6251,3506773.8756000027
-10655546.1455,3472700.9397
-10655880.7124,3472633.5749000013
-10655921.2609,3472607.2995000035
-10655982.4374,3472628.3725999966
-10656329.0486,3472637.842299998
-10656328.2948,3472707.391400002
-10656335.5992,3472910.858400002
-10656206.7944,3472922.0942
-10650442.0894,3486770.171400003
-10650769.4085,3486711.4442000017
-10650531.4602,3486526.576899998
-10650581.1699,3486434.771399997
-10650762.7573,3486397.507100001
-10650229.7844,3486510.5996999964
-10595627.2485,3510922.596000001
-10626192.2368,3498710.080499999
-10626305.082,3498655.0229
-10626513.161,3498917.836199999
-10626203.0224,3498620.0405
-10626000.2038,3498559.3654000014
-10626064.3367,3498499.1894000024
-10625713.0004,3498373.6149000004
-10625861.5923,3498448.8603999987
-10625728.7812,3498266.5864999965
-10626155.0193,3498313.846500002
-10594717.0908,3511204.855899997
-10594659.3638,3511342.516400002
-10594788.1833,3511483.9328999966
-10594707.2513,3511423.0500999987
-10594963.9011,3511300.8787999973
-10595234.4656,3511540.3650999963
-10594922.0593,3511522.3423999995
-10594508.6345,3511508.1306999996
-10594653.1641,3511515.0503999963
-10594737.6093,3511525.9404999986
-10594520.391,3511744.792300001
-10595312.8138,3511934.6120000035
-10595282.9649,3511776.0577000007
-10595203.884,3511748.9001
-10595362.5854,3511890.3445999995
-10585626.3972,3492467.8791000023
-10590328.4124,3457593.1655
-10631340.9145,3517324.3231000006
-10633293.0326,3489549.753700003
-10633430.3921,3489660.1006999984
-10633166.1274,3489630.7577000037
-10633448.0861,3489711.9263999984
-10633256.1272,3489793.2029
-10633234.192,3489793.4475999996
-10633118.8109,3489547.8511999995
-10577258.9981,3456436.969499998
-10587976.9467,3448632.895999998
-10603702.6873,3496932.324500002
-10603680.7481,3497084.2956999987
-10647168.3053,3488808.591300003
-10635378.6732,3502066.9131999984
-10635378.1209,3501952.6499999985
-10635236.8849,3502047.1503000036
-10635639.5172,3501752.4258999974
-10574822.7929,3479409.4147000015
-10574967.7911,3479071.2378999963
-10575035.1858,3479376.903300002
-10575063.5616,3479317.7699000016
-10575014.8907,3479318.936800003
-10599028.3462,3450754.145800002
-10598809.0826,3450655.6028999984
-10599013.9382,3450859.3684
-10598903.3729,3451011.878700003
-10598671.4934,3450835.1423000023
-10636067.3288,3506386.2968000025
-10635949.7299,3506222.205600001
-10635875.4711,3506625.684100002
-10635966.286,3506648.229199998
-10639536.3303,3498305.094899997
-10639634.8084,3498266.4108000025
-10639593.5806,3498396.1477999985
-10639674.2425,3497949.0775000006
-10639668.4292,3497879.1150999963
-10639502.1814,3497888.550499998
-10639587.0406,3498198.296099998
-10639490.975,3497978.2075000033
-10639438.6201,3498071.225400001
-10570693.7877,3473381.272399999
-10570482.043,3473554.6807999983
-10570605.8911,3473345.5260000005
-10598278.0205,3511696.8747000024
-10598439.8606,3512134.7908999994
-10598449.037,3512085.766599998
-10598304.574,3512079.5698999986
-10598117.5252,3512281.785099998
-10597937.2157,3512208.8937000036
-10643780.7348,3485191.2074000016
-10643504.5117,3485188.0238000005
-10643442.0505,3485195.974299997
-10643482.3128,3485321.1335000023
-10643037.285,3485238.0864000022
-10643329.9634,3485155.9169000015
-10638127.8861,3494317.8100999966
-10638131.1641,3494445.0244000033
-10638092.4646,3494345.8087000027
-10638229.8722,3494355.3910000026
-10637952.3582,3494154.0012999997
-10618403.5807,3504744.9844999984
-10618421.1622,3504894.3237000033
-10618548.1483,3504940.1297999993
-10617782.8907,3505196.1008
-10618367.8501,3505473.6118
-10618364.7356,3505304.4970000014
-10618156.6477,3505475.606399998
-10618100.3931,3505418.190700002
-10617989.2324,3505434.722199999
-10617949.5037,3505447.0609000027
-10618419.8377,3505568.9136999995
-10618591.5191,3505456.3417000026
-10641860.304,3502304.1147999987
-10641652.9081,3502218.507100001
-10641730.0362,3502088.6717000008
-10641787.1705,3501785.2107999995
-10654617.7346,3482699.4519999996
-10654777.5646,3482700.3756000027
-10654835.5105,3482004.894100003
-10654682.0642,3482098.286799997
-10654742.879,3482468.354000002
-10654780.4795,3482402.9376000017
-10651029.736,3484246.3884999976
-10650827.2656,3484719.622100003
-10650911.79,3484359.1190000027
-10650846.9006,3484424.3652999997
-10650704.0661,3484249.8276999965
-10595696.8549,3504306.050800003
-10595517.5666,3504367.285700001
-10595702.6161,3504460.5385000035
-10595667.9624,3504410.9360999987
-10595578.2446,3504447.716499999
-10595768.2422,3504186.893600002
-10595857.7962,3504116.2485999987
-10595605.3703,3504173.746799998
-10595293.7527,3504211.674800001
-10633825.9559,3472035.845399998
-10649124.4407,3488220.2542999983
-10649306.3178,3488310.6986000016
-10649393.0539,3488564.8183000013
-10649490.1737,3488458.6997999996
-10649437.8492,3488613.4880999997
-10649458.4305,3488764.2864999995
-10649655.3748,3488215.523400001
-10649485.5227,3488270.1877000034
-10649678.2861,3488301.793200001
-10649443.7393,3488363.2474000007
-10593763.1139,3444558.7004999965
-10593946.8367,3444768.983900003
-10594074.1469,3445439.343699999
-10593917.4519,3445196.525899999
-10594180.8034,3445187.3817000017
-10594106.6881,3445111.5044
-10593896.1972,3444799.1711999997
-10593828.7561,3444867.0604000017
-10593751.0505,3444930.451899998
-10593654.3467,3444947.710500002
-10593714.1711,3444860.490199998
-10593567.8189,3444946.601999998
-10645052.5675,3502265.335500002
-10645238.4137,3502369.527999997
-10645168.2236,3502305.0374
-10645451.455,3501935.4318000004
-10644746.0794,3502680.6655
-10659597.2597,3472837.976300001
-10591229.1444,3457262.0265000015
-10633077.9768,3489103.292800002
-10632515.4044,3489193.536899999
-10632627.7624,3489191.976800002
-10632662.746,3489191.6055999994
-10632858.1921,3489323.758100003
-10592907.4719,3503166.3303999975
-10592139.4059,3503166.1313000023
-10654694.1268,3473390.925300002
-10654490.5956,3473505.536399998
-10654364.532,3473506.768799998
-10654316.2229,3473507.221900001
-10643083.4821,3463136.3192000017
-10647370.3571,3489893.848200001
-10647542.6165,3489721.983400002
-10647402.6379,3489804.3768000007
-10647367.4847,3489758.4048999995
-10647081.1946,3489944.775399998
-10647189.7285,3490044.2924999967
-10647257.0378,3490147.8614000008
-10647091.3315,3489878.846900001
-10590537.832,3464289.9433000013
-10590677.9408,3464346.0209000036
-10630226.9764,3498373.4448999986
-10630474.5623,3498089.3982999995
-10630450.6961,3498260.595700003
-10630423.8199,3498182.2239999995
-10630538.1129,3498187.1039000005
-10630246.5416,3498681.9799999967
-10592247.2023,3505169.1689999998
-10592011.8861,3505205.9439999983
-10638687.2879,3492839.307099998
-10638824.2934,3493213.6203000024
-10638506.3991,3493233.4980000034
-10638538.8705,3492931.1253999993
-10638390.1785,3492833.927199997
-10632321.4217,3486672.9258999974
-10632491.596,3486867.4453999996
-10632608.1528,3486834.5556000024
-10625978.7153,3451691.517499998
-10625575.0506,3451640.9817999974
-10625335.4179,3451707.6265999973
-10592990.7744,3501073.4218000025
-10593033.8582,3501283.542000003
-10593091.8548,3501252.1130999997
-10592779.6548,3501683.1032999977
-10592722.6338,3501900.498800002
-10592589.9445,3501603.9936999977
-10592400.3757,3501404.0275000036
-10592049.5811,3501914.5603
-10592344.8573,3501640.5062000006
-10591744.9937,3501747.5665000007
-10593002.1522,3500986.6877000034
-10592725.9722,3501138.145800002
-10618778.0735,3511863.8905000016
-10618671.0066,3512164.9157999977
-10618506.3957,3512268.5955
-10618574.6541,3512041.3484999985
-10618455.0536,3512069.655500002
-10618104.0713,3512523.4992000014
-10617984.8159,3512526.960699998
-10657785.3693,3472343.4108000025
-10657762.5206,3472349.6959000006
-10657692.773,3472324.2787000015
-10657753.9307,3472310.5133000016
-10657693.9852,3472120.580499999
-10657611.5076,3472282.9466999993
-10657650.4568,3472232.445600003
-10630486.1213,3512393.3885999992
-10630534.8293,3512393.570600003
-10630632.5779,3512660.5561999977
-10630632.72,3512684.0266000032
-10630255.073,3512649.9114999995
-10622953.5686,3453326.965400003
-10592403.0275,3505968.1784000024
-10592316.0721,3505956.768299997
-10661330.5997,3474306.4395999983
-10661042.6239,3474565.645800002
-10654642.4769,3488866.414099999
-10654735.6423,3488892.395999998
-10654766.8196,3488969.6829999983
-10654769.8038,3488912.3121000007
-10654741.2242,3489161.918200001
-10654779.5466,3489321.4384000003
-10656360.9823,3479344.658
-10656415.0511,3479344.283200003
-10656507.5766,3479556.509999998
-10656266.9732,3479463.6242000014
-10654007.3259,3480388.6052
-10653944.9683,3480292.1262999997
-10654233.0742,3480551.4214999974
-10654257.1919,3480460.8646000028
-10654079.1383,3480457.492700003
-10653767.8679,3480430.592600003
-10653767.8642,3480452.8105999976
-10630822.8912,3511125.9968999997
-10630769.4021,3510777.9891000018
-10630777.2806,3510654.3165000007
-10630828.9532,3510785.007799998
-10630821.7905,3510765.411799997
-10631087.5801,3510725.520999998
-10630982.5975,3510841.4453999996
-10631061.132,3510673.655000001
-10630928.7112,3510792.4864000008
-10631066.3163,3510845.0063999966
-10630121.4393,3455786.5709000006
-10630086.8879,3455887.094800003
-10629709.2345,3455986.9426999986
-10629661.1811,3455710.642999999
-10629648.8519,3455972.2047000006
-10629729.9725,3456038.890900001
-10629860.1955,3456024.7141999975
-10629877.2163,3456057.2031000033
-10629727.0688,3456076.058799997
-10629255.3648,3455991.554200001
-10629387.4549,3455846.043399997
-10629103.8033,3455980.953400001
-10584563.7969,3463094.962899998
-10628995.9085,3500407.7861
-10629063.8095,3500351.0135999992
-10629210.8331,3500676.9020000026
-10629110.5757,3500675.1991000026
-10628959.6304,3500664.2842999995
-10628211.2317,3498497.701399997
-10627896.568,3498488.768299997
-10627993.8827,3498259.222099997
-10627827.2733,3498065.083499998
-10632058.472,3474951.8184999973
-10616639.8446,3508790.0569999963
-10616272.2929,3508450.6796000004
-10629962.7078,3498126.2786
-10629941.7157,3497673.898400001
-10629899.2165,3497553.5518999994
-10629919.9336,3497776.8242999986
-10631970.9085,3488892.275600001
-10632113.4564,3488873.3713999987
-10632243.2069,3488964.2448000014
-10632326.5753,3489060.4092999995
-10632113.6329,3489044.799999997
-10631992.1984,3489102.7052000016
-10632034.154,3489161.7339999974
-10631911.7669,3489219.5231000036
-10632153.717,3489188.595399998
-10631830.5977,3489288.3017999977
-10632312.8718,3489233.0854
-10630886.0261,3496340.1247000024
-10631420.4832,3496030.167000003
-10631538.0771,3496194.6501
-10631592.2392,3495924.8879999965
-10631198.5902,3496122.5424999967
-10631039.3177,3496259.143799998
-10630926.315,3496098.9602999985
-10631398.1421,3495883.0489000008
-10631338.9656,3495907.921099998
-10623531.3289,3466648.1996000037
-10626457.9373,3495801.6777999997
-10626034.3261,3495686.6344000027
-10626250.3345,3496040.9148999974
-10626348.5108,3495947.7915999964
-10626119.8529,3495771.167800002
-10626105.7449,3495825.611299999
-10637113.0505,3518603.4692
-10637463.5048,3519170.8345
-10627457.2549,3506760.1631999984
-10596969.7405,3479554.3510000035
-10597011.6064,3479544.5755999982
-10597013.5063,3479494.797799997
-10645170.2248,3464402.905100003
-10645135.2459,3464381.235299997
-10645226.7225,3464229.481399998
-10645157.7071,3464149.671599999
-10644703.7673,3464109.604199998
-10644505.7106,3464281.961099997
-10644558.373,3464336.7842999995
-10665597.6897,3477150.2808
-10665080.2655,3477093.210900001
-10665544.5872,3477085.462700002
-10664952.9322,3476942.8693000004
-10665047.7587,3476978.5731000006
-10665370.2814,3477043.099399999
-10665369.7937,3476956.947800003
-10582225.0501,3459387.8576000035
-10582518.1847,3459382.3074999973
-10582539.2515,3459439.424900003
-10582551.7007,3459533.9465000033
-10641210.6479,3492410.177699998
-10640894.1618,3492448.566200003
-10640740.4498,3492526.0161999986
-10641450.5874,3492475.5467000008
-10641441.01,3492495.0825999975
-10641185.358,3492486.8012000024
-10641183.3403,3492753.981899999
-10641249.0451,3492626.8913000003
-10641278.4228,3492610.7388999984
-10644836.1247,3497612.403300002
-10660321.1922,3473140.9499000013
-10660338.0512,3473052.5891000032
-10660243.118,3473059.6169999987
-10660117.0749,3473144.843500003
-10660013.7834,3472997.1149000004
-10660065.9791,3473089.8628999963
-10660130.4131,3473089.6158000007
-10636993.8183,3505148.5081999972
-10637365.3113,3505091.6779000014
-10637385.0354,3505078.4606000036
-10637452.2838,3504955.0424000025
-10637190.9956,3504739.3703000024
-10637143.2039,3504918.094999999
-10636661.2898,3482744.2590999976
-10655502.4372,3484042.4941999987
-10655949.9559,3483799.230800003
-10655854.0038,3483770.6108999997
-10655875.9988,3483986.743900001
-10655835.2351,3484028.746799998
-10647787.9066,3489767.5481999964
-10647607.641,3490481.395800002
-10603592.4589,3461833.179700002
-10603527.53,3461859.2512999997
-10603592.6632,3461658.2234999985
-10603620.9993,3461740.6279999986
-10591794.8755,3457533.4297999963
-10591888.0586,3457854.6467999965
-10591888.8798,3457899.8293000013
-10590630.1571,3459051.734099999
-10630882.9848,3476441.212899998
-10652514.6433,3481005.6292999983
-10652626.9247,3480898.043899998
-10652295.1485,3480628.2748000026
-10652450.491,3480562.8966000006
-10652484.5409,3480715.1064999998
-10589895.588,3461830.350900002
-10590052.3897,3461571.158699997
-10651947.0403,3487506.2795
-10652115.4072,3487651.431400001
-10652260.5948,3487482.0841000006
-10652269.3552,3487264.413800001
-10652372.2049,3487210.3554000035
-10652317.7152,3487355.322499998
-10652311.0264,3487458.1772999987
-10652284.1863,3487661.8417000026
-10653889.1907,3487214.784000002
-10644028.4678,3485225.293700002
-10644065.7875,3485119.1481000036
-10644060.5976,3485200.802699998
-10644122.8625,3485166.8574
-10644119.616,3485120.610299997
-10589791.8258,3458094.5522999987
-10590288.5726,3458534.364699997
-10590404.7774,3458432.9152999967
-10590308.4382,3458395.179399997
-10590195.4636,3458240.3024000004
-10590404.571,3458339.715099998
-10637099.6576,3504562.2874
-10636991.704,3504607.7009999976
-10636987.5967,3504656.4692
-10647981.3374,3490035.4412999973
-10647984.1597,3489987.8543
-10648188.0116,3490091.1264000013
-10647847.3853,3490071.0649999976
-10648319.6472,3489658.4004999995
-10594345.446,3511573.152099997
-10594120.8674,3511478.1921000034
-10594087.3913,3511463.5793000013
-10593692.9352,3511539.336599998
-10593829.3412,3511314.335900001
-10593758.9965,3511311.6226999983
-10593644.014,3511335.829999998
-10592966.4813,3511352.4809999987
-10592935.7529,3511403.854800001
-10593176.6094,3511435.0500999987
-10622669.3147,3456247.104000002
-10645355.51,3463072.873800002
-10643719.3659,3472747.4206999987
-10643679.1276,3472685.597900003
-10643784.8923,3472623.811300002
-10643724.5823,3472592.608900003
-10590234.7496,3464093.1961999983
-10590211.9612,3464093.513899997
-10590012.561,3464255.242899999
-10667137.1317,3480878.6099999994
-10667391.0957,3480800.350299999
-10667387.8321,3480876.110200003
-10632088.0761,3516787.507600002
-10632268.5393,3516312.0722000003
-10632035.1142,3516357.032700002
-10634444.7773,3457902.1150999963
-10634627.0381,3458030.889399998
-10634671.7973,3458048.9016000032
-10634905.1681,3458095.9661
-10634886.5787,3458348.7677000016
-10634785.2243,3458349.6872999966
-10634785.1528,3458317.817400001
-10634855.9251,3458184.8906000033
-10634686.2518,3458150.8398
-10650627.007,3485841.3202000037
-10622170.9558,3504889.6746999994
-10622236.1854,3504609.0014000013
-10622098.9861,3504722.3655999973
-10636956.7667,3483308.1699
-10636917.2965,3483306.2608999982
-10636849.8999,3483306.666699998
-10636598.7852,3483339.624300003
-10636573.3057,3483371.774099998
-10636517.96,3483389.555399999
-10636710.2318,3483646.8191
-10636777.7117,3483646.264399998
-10636319.5832,3483257.4783999994
-10591731.8184,3463352.421099998
-10591682.6486,3463321.800999999
-10590107.5174,3457543.777999997
-10590050.6185,3457497.4217000008
-10645261.663,3485641.318400003
-10639347.7676,3491326.5047999993
-10639621.572,3491549.1745999977
-10639618.2852,3491755.108000003
-10639383.0313,3491645.6357000023
-10639329.3511,3491595.4909999967
-10639289.8905,3491380.7678000033
-10639364.0697,3491392.974200003
-10639293.6191,3491526.661200002
-10639431.5684,3491445.110200003
-10639256.187,3491416.228
-10635251.82,3520722.942900002
-10634988.8645,3520834.7030000016
-10635146.7447,3520929.6784999967
-10635194.616,3520929.385499999
-10634956.2388,3521075.2558000013
-10634814.5564,3521013.9727
-10645087.6891,3485661.351800002
-10645064.1761,3485551.2013000026
-10627741.9021,3513860.1834999993
-10627625.1174,3513754.6762000024
-10627756.495,3513437.3809999973
-10627657.2586,3513310.2660000026
-10627699.901,3513374.7839
-10627723.0192,3513414.4626
-10631806.1507,3497573.6789999977
-10631882.4987,3497714.6259000003
-10631833.9163,3497766.4464000016
-10631497.6526,3497741.5775000006
-10631638.6554,3497222.107000001
-10631573.7872,3497338.315899998
-10645508.5826,3463068.193400003
-10645508.075,3463030.806900002
-10645479.7826,3463210.8254999965
-10632252.7886,3508378.6516999975
-10631880.1592,3508320.8856000006
-10632148.7565,3508491.3499
-10632292.5719,3508552.969300002
-10631745.3494,3508734.730300002
-10637424.5314,3494906.898500003
-10637409.5027,3494110.292000003
-10637485.8253,3494359.496600002
-10632936.348,3518493.077200003
-10658793.3958,3472512.3479999974
-10662770.0523,3477688.5121000037
-10662770.258,3477709.865500003
-10663100.2114,3477463.4910999984
-10662943.3721,3477470.1018999964
-10576917.2814,3450031.621100001
-10576915.8778,3449968.420900002
-10576818.9665,3450012.8302000016
-10576659.7626,3450037.7553000003
-10648954.5232,3485082.7898999974
-10649103.2756,3485414.5961000025
-10649285.6076,3485226.359099999
-10649176.6799,3485187.6987000033
-10649302.9619,3485091.3214000016
-10649218.589,3485033.2107999995
-10649028.8921,3484995.5556000024
-10649155.2333,3484938.8893000036
-10649049.8783,3484939.0493
-10649281.5146,3484843.396399997
-10649028.6646,3484843.781499997
-10649325.1911,3484805.6467000023
-10649287.767,3484263.169500001
-10649141.5056,3484329.9997999966
-10649376.5462,3484982.4897999987
-10649370.7286,3484441.223099999
-10649375.2764,3484573.2531000003
-10588181.4933,3448884.600299999
-10588199.337,3448836.3197000027
-10588330.0027,3448790.907700002
-10588549.0929,3448893.933799997
-10662399.9437,3479023.1829999983
-10662400.2687,3478833.0473999977
-10662537.2076,3478946.331799999
-10662725.323,3479022.467799999
-10638234.4139,3493943.7025000006
-10638115.3782,3493989.2695000023
-10638312.9715,3493739.782700002
-10650716.7425,3484856.5508999974
-10651173.6446,3485266.3910000026
-10651066.8033,3485208.2507999986
-10650902.7413,3485089.9201999977
-10650864.1835,3484936.3121000007
-10651008.0472,3485094.661399998
-10651047.8768,3485106.6303000003
-10650980.8918,3484934.523000002
-10651018.3639,3484765.240199998
-10570669.0332,3473621.4345000014
-10626409.0201,3486846.0565000027
-10626212.4026,3486734.013899997
-10626116.5164,3486734.1215000004
-10593890.1428,3478464.2370000035
-10593967.7939,3478347.3259000033
-10593968.6442,3478278.9228999987
-10594022.3999,3478308.0782999992
-10594080.249,3478180.2531000003
-10594184.346,3478160.7192
-10593983.9058,3477813.8433
-10593808.6728,3477877.9648
-10594027.9408,3477905.3893000036
-10594025.2269,3477947.4662000015
-10657471.719,3473096.0429999977
-10657260.8586,3473054.4892000034
-10657227.9973,3472816.2299000025
-10657437.9402,3472841.9189999998
-10592446.0399,3509768.7590000033
-10592630.8493,3510130.3577999994
-10593101.5254,3510590.978500001
-10593199.8036,3510019.757299997
-10593293.5865,3509838.3813000023
-10593028.36,3509621.100299999
-10592526.3608,3509672.1845000014
-10593062.1506,3509704.662299998
-10592629.429,3509628.197999999
-10633583.8746,3474207.641999997
-10652109.5527,3485703.378399998
-10652238.11,3485887.086000003
-10652237.2656,3485820.2700000033
-10652045.1735,3485485.6234000027
-10652118.6626,3485344.4146
-10652153.0728,3485525.842799999
-10652080.148,3485600.7710999995
-10651891.3712,3485334.2151999995
-10647591.4856,3488377.5463000014
-10652654.5169,3479981.9843999967
-10652657.0723,3480004.2282000035
-10652926.0428,3480218.3803000003
-10652936.2079,3480134.1152999997
-10652742.797,3480228.1231999993
-10653025.3784,3480155.179700002
-10653033.1876,3480092.031999998
-10652268.3263,3480225.063500002
-10652261.5579,3479849.0544999987
-10652261.6032,3479822.3674999997
-10652321.6127,3479950.6893000007
-10652467.6501,3479661.3220999986
-10652998.6595,3479816.3043000028
-10652749.4007,3479799.2870000005
-10643604.726,3507567.097900003
-10643887.9443,3507225.5271999985
-10643923.958,3507079.2140000015
-10643830.0006,3507255.6900999993
-10643559.3206,3507245.1284999996
-10643254.6435,3507181.9601000026
-10643265.9953,3507172.6941
-10643277.3132,3507162.8994999975
-10590754.3007,3501962.0768000036
-10590724.9068,3501952.9365999997
-10591551.8403,3501932.4125000015
-10591573.4914,3501721.332800001
-10591542.7497,3501527.4997999966
-10591352.3668,3501544.559600003
-10591161.4419,3501564.471699998
-10591506.0173,3501656.628200002
-10591204.8317,3502215.4162999988
-10591385.4382,3502138.1643999964
-10591355.0418,3501833.7256999984
-10591380.4507,3501735.796099998
-10591257.7278,3501956.4980000034
-10591131.5343,3501776.632100001
-10590773.1433,3501823.6118
-10590682.6694,3501778.5649999976
-10633075.6,3488142.967100002
-10657441.8204,3472279.826899998
-10638407.8409,3503782.9180999994
-10638258.0168,3503668.2148
-10582629.5465,3459670.575099997
-10582321.7285,3459733.2223000005
-10582015.5127,3459779.5227999985
-10582206.7053,3459798.123999998
-10582268.0396,3459868.148699999
-10582130.6747,3459927.829400003
-10582341.5748,3459923.332999997
-10582228.8116,3459987.8445999995
-10582809.0292,3459819.1926999986
-10582490.6134,3459865.096900001
-10582618.4682,3459860.871100001
-10582660.5507,3459860.1093000025
-10643141.071,3504861.054899998
-10643229.3071,3504319.964299999
-10643229.4633,3504378.0807000026
-10624519.0895,3499528.8681000024
-10624458.3435,3499585.336000003
-10624401.2978,3499571.8637000024
-10624403.6523,3499524.2536000013
-10624578.5595,3499819.1877000034
-10624750.0442,3499876.8390000015
-10624789.0163,3499633.854800001
-10624879.7801,3499746.8801999986
-10624762.0456,3500156.894100003
-10627418.5572,3501141.667800002
-10627214.7442,3501033.737300001
-10627471.7108,3501432.1793000028
-10627435.5957,3501238.9756999984
-10608093.0275,3505773.806900002
-10630637.9335,3497053.0229
-10629597.2473,3497014.4641999975
-10629537.9482,3497001.9448999986
-10629549.3039,3496820.3496999964
-10629632.2944,3496868.310800001
-10629479.8166,3496957.286799997
-10629479.222,3496888.5521000028
-10629494.7244,3496805.2633000016
-10574803.4126,3479226.2568000033
-10574702.1607,3479351.5050000027
-10574680.481,3479494.9258999974
-10574602.0585,3479496.9169000015
-10574433.3226,3479501.671400003
-10574326.3108,3479444.9089
-10574523.4695,3479187.882299997
-10574512.4744,3479152.8016000018
-10574575.1279,3479274.183799997
-10653864.6567,3485724.230700001
-10653323.8333,3485726.1853
-10653549.844,3485865.0967999995
-10653594.5634,3485830.1903000027
-10653770.9412,3486318.9415000007
-10653805.0662,3486448.0857999995
-10653502.5185,3486834.4373999983
-10653429.903,3486780.4411000013
-10653410.2257,3486651.758100003
-10653331.2426,3486645.3308999985
-10626008.5504,3486164.1039000005
-10625910.6313,3486086.219800003
-10644018.4517,3485821.8225999996
-10644058.5402,3485856.469300002
-10644267.4103,3485767.645199999
-10644127.4568,3485726.7365999967
-10644396.5282,3485847.465999998
-10643977.9283,3485563.030000001
-10643971.6801,3485389.472900003
-10644410.506,3485580.5596999973
-10643344.1341,3484719.677199997
-10643524.221,3484885.5645999983
-10645243.2796,3486750.1692999974
-10645016.8407,3486691.9267000034
-10644892.6548,3486793.222000003
-10644949.6237,3486525.9165999964
-10644973.074,3486529.918300003
-10644994.9582,3486533.3945000023
-10644895.5019,3486588.6845000014
-10656567.7217,3480790.2660000026
-10656418.7255,3481146.5890000015
-10656473.078,3481057.4482999966
-10656508.3063,3480927.3257
-10656471.3985,3480916.1367999986
-10656266.3734,3481227.7365000024
-10656096.2648,3481290.1273000017
-10655263.5405,3480893.841499999
-10655147.7098,3480696.586099997
-10655081.967,3480904.3949000016
-10652746.8439,3485619.6653999984
-10652778.8939,3485728.7657999992
-10652595.6397,3485902.324699998
-10652562.6014,3485848.523199998
-10630951.8793,3476202.406800002
-10630854.6166,3476212.4987000003
-10650871.1566,3489075.9772000015
-10650634.8904,3489154.9001
-10650395.7789,3489158.4356999993
-10650641.3417,3489240.599799998
-10650354.7874,3489213.8473000005
-10650469.7746,3489305.7364000008
-10650431.7003,3489357.3672999963
-10650501.1398,3489417.731899999
-10650510.8795,3489437.206799999
-10650373.0768,3488921.246299997
-10644881.9009,3463942.4510999992
-10654806.7923,3482870.9635000005
-10654249.7991,3482797.2764
-10654748.9032,3482851.9283000007
-10654564.2141,3483001.940899998
-10635324.1631,3506112.5907000005
-10635536.983,3506056.963799998
-10645177.3881,3490062.7555000037
-10645075.8103,3489840.857500002
-10645121.1754,3490066.7918
-10645086.4079,3490103.1330000013
-10644963.7394,3490154.1363999993
-10641790.5399,3509601.752899997
-10641682.2365,3509522.6871000007
-10641502.5276,3509604.961099997
-10641450.1713,3509504.718999997
-10641450.179,3509476.2192
-10648305.5246,3490454.4855000004
-10648110.2671,3490567.420599997
-10648163.7743,3490511.6142999977
-10648160.6485,3490232.236100003
-10595891.6126,3445280.350299999
-10595875.8683,3445164.853500001
-10595700.2334,3445191.644199997
-10596004.5476,3444963.2621000037
-10595557.5539,3445265.647
-10595623.0563,3444948.8615000024
-10595622.3201,3444925.5194000006
-10595620.8938,3444882.7787000015
-10595653.0182,3445099.569600001
-10595727.7159,3444991.0072000027
-10648041.6618,3488674.732000001
-10656950.5827,3486469.5468999967
-10657066.3396,3486425.8561000004
-10656672.4079,3486655.990699999
-10656505.9265,3486329.3883000016
-10656650.3819,3486003.8183000013
-10656503.0969,3485777.898199998
-10644928.0418,3494591.141400002
-10643778.3531,3503876.2575000003
-10643741.1284,3504159.3132999986
-10643846.8758,3504280.047200002
-10596689.1284,3476910.770499997
-10596922.5083,3476610.9518000036
-10596910.8697,3476736.152800001
-10596825.0529,3476820.1805000007
-10618177.9191,3514061.0309000015
-10618221.2497,3514095.1184
-10621246.876,3504553.6137999967
-10621522.0881,3504372.7754999995
-10629982.0563,3498572.7282000035
-10629789.1385,3498385.9111
-10629683.4264,3498559.810800001
-10629751.044,3498667.8126000017
-10629774.4774,3498705.943099998
-10629865.1808,3498565.4729999974
-10618311.8525,3506015.728100002
-10618562.279,3505948.9870000035
-10618703.9948,3505785.199699998
-10618461.8599,3505837.5785000026
-10618329.5972,3505848.499499999
-10618073.5366,3505646.795400001
-10647765.9144,3491023.0649000034
-10648012.0769,3490853.2738000005
-10647816.7459,3490783.1718000025
-10590900.7441,3448656.2358999997
-10590769.4741,3448752.2201000005
-10590720.1982,3448801.032700002
-10591212.2924,3448793.9316999987
-10591181.1587,3449037.458300002
-10591288.984,3448943.1316
-10590949.5981,3448948.1322000027
-10591272.4461,3448823.7255999967
-10653283.7409,3483307.8752999976
-10652850.3093,3483222.3707000017
-10652881.9402,3483133.0266999975
-10653048.7309,3483196.121299997
-10653148.4175,3483162.8576000035
-10653247.9104,3482920.404299997
-10653096.5493,3482785.9148999974
-10653339.4793,3482915.2453999966
-10653339.7229,3483193.561300002
-10653408.193,3483082.3671000004
-10652927.5871,3482961.8748999983
-10652875.7935,3483045.5864999965
-10652823.8578,3483129.3998000026
-10652973.5513,3482521.217799999
-10652924.3712,3482566.137000002
-10665389.9162,3480619.1423999965
-10600929.0425,3448665.599399999
-10614593.6765,3451553.3301
-10614590.2999,3451514.699500002
-10614870.8731,3451511.878399998
-10614809.2455,3451957.2356999964
-10614997.1639,3451870.612999998
-10615227.2147,3451821.204999998
-10615112.6866,3451640.516599998
-10614789.789,3451741.2361999974
-10615161.5976,3451405.834899999
-10615277.7559,3451879.451200001
-10615279.8805,3451806.4121999964
-10595110.0717,3513292.549800001
-10595225.3116,3513248.7283999994
-10595486.0276,3513210.8435999975
-10595368.6033,3513119.5649999976
-10595525.4257,3512977.7808
-10595321.3132,3512959.972199999
-10595275.3718,3513015.6352000013
-10595232.178,3513072.057099998
-10595452.5953,3512825.310800001
-10595624.8441,3512936.923600003
-10656544.5766,3479474.0117999986
-10656544.053,3479162.9822999984
-10656636.2961,3479147.450000003
-10656760.3166,3479583.1664000005
-10665807.818,3479319.6371000037
-10665757.9242,3479375.8253000006
-10639000.8611,3490955.263899997
-10639473.3855,3490830.787299998
-10639550.5869,3490961.2479000017
-10644666.302,3489578.6746999994
-10637449.3139,3505885.695100002
-10637426.3038,3505849.851400003
-10637616.9168,3505880.8652999997
-10630992.0926,3497542.1206
-10613438.8,3455056.621600002
-10613870.2952,3454955.6630999967
-10613496.1953,3454967.054700002
-10613686.1044,3455049.7871999964
-10613583.2783,3455049.8363000005
-10613601.6053,3455012.8021000028
-10613836.9471,3455013.548799999
-10613535.4589,3455377.2192
-10613497.1437,3455156.229000002
-10613588.4884,3455267.403999999
-10613440.0522,3455434.1567
-10648066.5385,3488239.3215000033
-10648039.9228,3488412.824699998
-10647868.8341,3488289.3564999998
-10647922.1331,3488301.074199997
-10645552.8477,3487439.181900002
-10645470.6924,3487283.5986
-10645770.56,3487989.0568000004
-10645663.7163,3487759.319600001
-10645578.5646,3487663.813500002
-10645792.2686,3487643.0348000005
-10645786.561,3487620.104000002
-10597374.7201,3512484.281199999
-10648557.8714,3490485.999499999
-10648626.5188,3490702.5117999986
-10648687.8596,3490917.9966999963
-10648744.5257,3490882.0396
-10649064.3979,3490825.6970999986
-10648690.5671,3490327.7085999995
-10648857.5084,3490402.1631999984
-10648772.4434,3490276.9395999983
-10648987.8686,3490270.7161
-10653444.7248,3501162.3071999997
-10653365.4686,3501196.2522
-10653906.3477,3501211.8552
-10653665.6396,3501273.5544999987
-10653600.7998,3501325.940200001
-10628936.352,3473360.4124
-10587899.8844,3450238.4421000034
-10587753.2417,3449977.533
-10587985.2846,3449826.9043999985
-10588389.5886,3449850.6164000034
-10588627.2173,3449936.247100003
-10588598.5291,3449923.4179000035
-10588597.9248,3449407.7060000002
-10588044.8714,3449377.6532000005
-10588205.1549,3449228.3761000037
-10588154.5991,3449205.2249
-10587997.3195,3449469.956799999
-10588293.8373,3449609.0666999966
-10638103.5578,3492348.0222000033
-10638181.4684,3491974.738300003
-10638181.1533,3492163.726800002
-10638175.7582,3492225.974600002
-10638139.2224,3492221.3137999997
-10638132.2866,3492482.7688999996
-10591369.5311,3476804.228500001
-10591557.9583,3476835.8236000016
-10591511.2423,3476729.1630999967
-10591503.9742,3476694.0437999964
-10591660.2255,3476690.465300001
-10591565.8728,3476538.9104999974
-10587678.482,3464739.4199
-10638019.0006,3494024.012199998
-10637851.3038,3493811.1708000004
-10579325.6655,3447974.0429999977
-10579623.41,3447947.4010000005
-10579532.7887,3447890.1819999963
-10625878.3644,3499352.570299998
-10625724.2438,3499275.8882
-10625757.7016,3499447.4372000024
-10645451.1288,3485568.953599997
-10645304.6974,3485274.792300001
-10645227.3342,3485562.384300001
-10645281.0856,3485571.9509000033
-10645309.7682,3485347.489500001
-10626569.2754,3513905.3901999965
-10626665.6769,3513972.860200003
-10626627.7119,3513957.6164000034
-10583336.5675,3461244.8836999983
-10599187.2486,3450865.0591999963
-10599086.2161,3450972.256099999
-10599041.8366,3451017.8266000003
-10599029.0948,3451120.1369000003
-10643816.427,3504907.3836999983
-10643842.7998,3504906.805200003
-10657331.9802,3510912.8391999975
-10658026.7414,3510813.2010999992
-10658022.4736,3510906.127899997
-10648960.1126,3506365.3143000007
-10647744.1699,3507346.634300001
-10648795.9876,3486936.664499998
-10648856.9792,3487035.0229
-10649450.1679,3487010.712399997
-10667837.7769,3480120.3791000023
-10594197.7801,3503017.2468999997
-10594217.4338,3503009.9755000025
-10594351.6782,3502878.468000002
-10594237.2684,3502936.877899997
-10594009.7293,3502815.3369999975
-10594148.6413,3502657.8608999997
-10594216.8959,3502271.849600002
-10594323.1128,3502154.431599997
-10594487.3455,3502710.8680000007
-10594541.6089,3502689.9067
-10594494.8191,3502566.793899998
-10594593.183,3502384.9980999976
-10644986.7781,3502902.3259000033
-10645444.7708,3502935.8241000026
-10594337.2404,3504409.2484000027
-10593805.9267,3504065.0282000005
-10593834.4283,3504116.1383000016
-10594063.7639,3504210.471000001
-10594237.4504,3504040.2699000016
-10593810.1826,3503897.3959000036
-10594365.7077,3504206.6514
-10594722.4334,3504054.7370999977
-10635025.5364,3456453.865199998
-10635040.5381,3456557.555399999
-10635062.5152,3456649.0358999968
-10635137.0505,3456744.1746999994
-10635247.0738,3456594.8696999997
-10634970.8954,3456753.366899997
-10635092.1522,3456811.990500003
-10631457.1166,3510339.639399998
-10631072.4049,3510321.2289000005
-10631091.5324,3510308.8430999964
-10631193.5294,3510351.1919
-10631044.0801,3510272.8716999963
-10631306.2801,3510322.248300001
-10631577.2385,3510080.2590000033
-10597130.7009,3511953.993900001
-10597273.6619,3511895.049900003
-10609747.5216,3487354.6045999974
-10647824.1154,3490243.360600002
-10647972.2912,3490328.683799997
-10648004.9773,3490223.1237000003
-10595427.2719,3444967.7282999977
-10595366.0276,3444983.641400002
-10595380.706,3444813.1115999967
-10595432.7162,3444570.3013999984
-10595208.9364,3444589.9943000004
-10595089.5957,3444708.345399998
-10634879.9135,3507181.2271
-10634863.938,3507208.8298999965
-10634744.4034,3507196.7035000026
-10634719.7785,3507218.621299997
-10634853.3882,3507013.957800001
-10635264.1352,3506883.201899998
-10635284.9953,3506854.084899999
-10635286.8772,3506970.1841999963
-10635117.7276,3507040.563199997
-10655645.2983,3484362.775799997
-10655924.7229,3484184.2007
-10655874.8217,3484336.182099998
-10608366.8707,3506261.7026000023
-10608599.6901,3506337.408699997
-10608667.7475,3506386.0842999965
-10608577.3466,3506468.495099999
-10657505.2657,3478839.8188000023
-10657533.5592,3478836.483000003
-10657151.4221,3479162.5857999995
-10657051.531,3479402.8128999993
-10657074.4941,3479494.254900001
-10657129.411,3479517.4038999975
-10657281.7143,3479858.503399998
-10657220.0781,3479725.3795000017
-10657099.684,3479685.3061000034
-10657136.2298,3479614.9869000018
-10656986.0282,3479419.2309999987
-10656914.1257,3479704.3818999976
-10657233.8715,3480021.307099998
-10656991.5725,3479889.916699998
-10656917.423,3479824.8636000007
-10656882.3881,3479872.5551000014
-10639510.0007,3492944.7635999992
-10639020.7378,3493375.6526999995
-10639094.2438,3493217.974799998
-10639017.5912,3493474.1033999994
-10632550.0015,3473282.457800001
-10590944.5367,3449603.0028000027
-10590950.533,3449732.0516000018
-10591142.8622,3449730.719300002
-10590840.9214,3449542.2863000035
-10590840.849,3449613.8079999983
-10590785.7334,3449579.0791999996
-10590769.1323,3449562.7841000035
-10590692.9551,3449963.1433999985
-10590585.9043,3450070.7311000004
-10590642.2571,3450087.528099999
-10587301.6502,3465000.786399998
-10587190.0293,3465036.786399998
-10587383.2533,3464746.951200001
-10587350.0806,3464785.390900001
-10587202.2773,3464880.5081999972
-10648741.5007,3489548.6028999984
-10648886.8302,3489682.7547999993
-10648533.3369,3489463.0923999995
-10648364.0881,3489402.1313999966
-10648423.9892,3489375.719999999
-10648078.2158,3489349.217699997
-10648037.9154,3489206.7805999964
-10648328.0715,3489285.6899000034
-10644778.2074,3485818.6511999965
-10644446.2605,3485579.269100003
-10644648.2863,3485907.3259999976
-10644710.8671,3485907.016599998
-10644478.6459,3485914.244599998
-10660441.2513,3479821.6169999987
-10630201.0115,3496897.906999998
-10630069.0467,3496882.1931999996
-10629620.2456,3496756.751199998
-10639778.5689,3498311.7528000027
-10640187.1097,3497971.349299997
-10640214.9648,3497882.943400003
-10640082.2288,3497887.8342000023
-10639806.0738,3497888.3301
-10630065.2725,3464321.0064999983
-10631106.8001,3508877.1116999984
-10631283.3027,3509100.458999999
-10631270.5417,3509076.782200001
-10593294.3268,3502000.904799998
-10630376.9412,3490187.5209000036
-10629706.0755,3490167.9302999973
-10629562.6061,3490258.514399998
-10629712.7642,3490028.544399999
-10630309.5999,3490320.2048999965
-10630427.5554,3489931.3906000033
-10630398.7797,3489904.9504000023
-10648721.2745,3489935.2892000005
-10648675.3923,3489825.8681000024
-10648729.7609,3489740.7770000026
-10648624.7428,3489828.9684000015
-10644902.4977,3485653.3100999966
-10645012.738,3485525.598200001
-10644821.26,3485247.100299999
-10591495.3723,3450183.224799998
-10591561.5908,3450153.1281000003
-10591440.9069,3449834.3797999993
-10591426.7597,3449906.7600999996
-10591252.2912,3449368.7463999987
-10591454.3079,3448984.8948
-10591757.644,3448947.4398000017
-10590672.5316,3462393.303000003
-10590743.6322,3462529.9516000003
-10590743.9846,3462575.0901999995
-10648927.1014,3489175.018799998
-10590851.1637,3450202.1406999975
-10590669.4871,3450366.3805000037
-10589124.5286,3449679.6043
-10588969.7432,3450138.6187999994
-10589132.4964,3450233.8684
-10589254.539,3450127.047799997
-10589280.4582,3450014.928000003
-10588883.7742,3449714.3803000003
-10588822.1303,3449947.5596999973
-10590995.7553,3450379.333999999
-10591101.1034,3450185.282399997
-10591022.2583,3450192.3584999964
-10591132.0025,3450143.861299999
-10591268.9434,3450188.418700002
-10591127.8807,3450346.2673999965
-10591370.2277,3450378.784400001
-10595997.4806,3512993.2201000005
-10596105.6936,3513017.1401999965
-10596081.477,3512933.0337999985
-10596130.6946,3512821.2431000024
-10595900.3879,3512955.0447999984
-10596094.9437,3512456.9821999967
-10596045.9631,3512728.3844000027
-10595987.2502,3512753.632600002
-10596061.3359,3512678.3650999963
-10596118.1814,3512551.7128000036
-10595883.6392,3512692.410599999
-10567979.5228,3478197.701200001
-10567832.3077,3478231.6154000014
-10567797.6334,3478121.5385999978
-10567699.5108,3478202.0591999963
-10594590.4942,3477815.7446999997
-10594506.6325,3478100.1274000034
-10594727.1749,3478012.0059999973
-10648227.9233,3489584.8259000033
-10647935.5499,3489451.985299997
-10648025.7869,3489509.0468999967
-10648001.1945,3489470.8159999996
-10647992.88,3489418.5112000033
-10579548.5737,3450795.994099997
-10579457.2071,3450797.8128999993
-10579470.4194,3450543.5933
-10579550.6649,3450583.9596000016
-10592808.4517,3510712.116899997
-10592708.4841,3510527.3012000024
-10592233.4005,3509972.6093000025
-10592056.2626,3509924.481399998
-10591454.8555,3449629.7048999965
-10591446.0061,3449554.4235000014
-10591778.6428,3449627.503399998
-10591724.8013,3449707.410400003
-10591763.775,3449558.3841999993
-10591846.8534,3449493.7053000033
-10592054.8931,3449261.168899998
-10591805.1635,3449233.5242
-10591889.755,3449144.0842999965
-10627618.2736,3512831.9230000004
-10627619.8982,3512769.919399999
-10627815.22,3513089.092299998
-10648722.8772,3489454.240699999
-10648992.8312,3489462.422799997
-10649275.5686,3489096.8127000034
-10649080.6605,3489152.8874000013
-10596784.6216,3503119.2600999996
-10596692.3281,3503063.6054000035
-10596671.2331,3503063.7075000033
-10596533.1303,3502777.5973000005
-10596574.324,3502677.2453000024
-10593888.1277,3478573.594700001
-10587560.6384,3464431.858900003
-10587507.6961,3464314.1950000003
-10587673.5433,3464307.6432000026
-10587187.9902,3464218.658399999
-10568529.8273,3464589.5348000005
-10568137.8774,3464312.087899998
-10567571.324,3475087.931400001
-10654533.9064,3473094.223200001
-10654534.0861,3473118.7594000027
-10654456.3152,3473100.325000003
-10654337.0549,3473133.7546999976
-10654284.0719,3473101.0075000003
-10654238.5062,3473184.2699000016
-10657265.3383,3503141.580799997
-10657108.2737,3502851.0486999974
-10657425.2377,3503158.2676
-10657256.8919,3502829.168700002
-10657239.6694,3502819.0178000033
-10657116.6863,3502375.197300002
-10657103.2996,3502361.1313000023
-10657101.3829,3502441.1323999986
-10657150.012,3502699.6702999994
-10657286.5662,3502657.605899997
-10657515.3352,3503325.7577000037
-10657532.0253,3503416.221199997
-10657731.2749,3503374.307599999
-10657846.1793,3503413.4189999998
-10657756.9608,3503467.8813000023
-10595279.9001,3512095.0456999987
-10595321.6686,3512275.005900003
-10595269.8783,3512305.5688000023
-10595210.2828,3512300.509999998
-10595243.442,3512759.1977000013
-10595003.6155,3512972.9758
-10594838.8647,3512975.929200001
-10594891.8073,3512765.511
-10594970.775,3512693.5198
-10595013.3205,3512754.2546999976
-10594790.5581,3513070.884800002
-10594902.1049,3513144.5556000024
-10588650.4234,3450086.2304000035
-10590051.5681,3451338.621100001
-10590088.6877,3450910.9540000036
-10589886.6038,3450763.5200999975
-10589924.4037,3450640.655299999
-10590132.1126,3450682.2634000033
-10590148.3376,3450626.7874
-10589863.0088,3450581.1286000013
-10589508.2921,3450637.2368
-10589647.4749,3450407.0204000026
-10589600.8826,3450416.485600002
-10589786.1818,3450253.485200003
-10590889.2105,3450359.2968000025
-10590675.7451,3450800.3211999983
-10590636.3,3450813.5430999994
-10590525.2503,3450697.003899999
-10590800.042,3450393.6208999977
-10590508.2104,3450842.998800002
-10590437.3214,3450644.0753000006
-10655102.4518,3473037.9102
-10655275.7403,3472135.195600003
-10655425.6932,3472134.917800002
-10655255.5541,3471971.5505999997
-10655343.0902,3471756.217799999
-10655542.3531,3472008.1367999986
-10649595.6449,3489198.3398
-10635398.0017,3501305.9531999975
-10635267.5709,3501208.099200003
-10595693.721,3511261.311999999
-10595885.822,3511133.5922000036
-10595745.8653,3511191.7918
-10595765.3808,3511188.548299998
-10595833.4875,3511272.2393999994
-10597602.9632,3500962.561800003
-10597793.2592,3501151.1445000023
-10597394.2862,3501103.4021999985
-10590181.6714,3450158.043399997
-10590116.5333,3450032.0621000007
-10655612.1345,3474111.354800001
-10647727.468,3488787.0868000016
-10647896.9082,3488863.3136000037
-10634366.6652,3506759.492399998
-10634908.6896,3506537.700199999
-10591989.3532,3449858.9870000035
-10592631.0586,3509107.2084000036
-10592257.6929,3509248.0491999984
-10592277.4455,3509170.661399998
-10589495.2595,3450387.9221
-10590350.3782,3451389.471199997
-10590290.8662,3450908.1772999987
-10630979.9884,3476459.1941
-10591447.9846,3450683.3038000017
-10591539.5139,3450362.7595999986
-10591581.8024,3450288.7514000013
-10591461.0717,3450295.722400002
-10591311.3145,3450696.7062000036
-10591278.2648,3450615.0711999983
-10591053.9356,3450969.6986000016
-10590978.4306,3450719.4619999975
-10591010.3796,3450584.869400002
-10594273.9303,3478372.6455999985
-10594533.6618,3478412.8781000003
-10594598.0448,3478374.904100001
-10594554.4518,3478231.9294999987
-10631287.8424,3508383.4629999995
-10592166.2347,3509671.6701999977
-10591969.8831,3509594.3113999963
-10649206.6733,3489864.371100001
-10649277.054,3489399.1379999965
-10649293.9451,3489603.0907000005
-10647588.0677,3488576.3038000017
-10647848.3123,3488597.7139
-10647862.8616,3488643.6423999965
-10635705.4208,3505317.8369000033
-10635820.2787,3505212.302500002
-10636206.0391,3505752.4639
-10636669.1583,3505741.014200002
-10636377.831,3505766.414499998
-10658144.7809,3503498.8303000033
-10658343.2246,3503526.8822000027
-10657861.5521,3503650.6592999995
-10611760.3477,3475144.0727000013
-10634594.9756,3474457.0119000003
-10636097.4283,3507693.5803999975
-10635981.8334,3507511.2603999972
-10633883.1538,3474723.853699997
-10588348.7141,3462572.0852999985
-10586483.1375,3452157.053199999
-10586025.5691,3452018.1721
-10586052.1842,3452014.5754999965
-10586248.2897,3452136.205600001
-10586577.2025,3451778.4208000004
-10586359.0516,3452351.490500003
-10642952.3777,3484021.3791999966
-10643238.5868,3483867.826899998
-10643027.9089,3483754.8043000028
-10643513.1902,3483920.4014
-10595838.5707,3444670.9504000023
-10595863.5598,3444598.9712999985
-10595910.9782,3444476.080799997
-10633270.14,3518647.6472999975
-10633152.3882,3518484.658699997
-10649499.3091,3489781.599299997
-10649433.6571,3489649.2214
-10589749.6134,3451654.798100002
-10589806.477,3451758.065200001
-10589884.7373,3451938.9048999995
-10590191.6459,3451796.6350999996
-10657666.9923,3502894.8571000025
-10657801.6625,3503062.734099999
-10657887.8715,3503132.9645000026
-10658024.3868,3503147.7509000003
-10636388.0555,3506111.701399997
-10649724.5066,3489861.345200002
-10649720.848,3489893.3187000006
-10649619.7641,3489963.797799997
-10649598.1355,3489917.111299999
-10649416.049,3490009.640900001
-10649244.6553,3490021.8484999985
-10649144.5136,3489991.5474999994
-10653626.0997,3473293.7580000013
-10592063.0711,3449862.155299999
-10594878.9563,3512054.0755999982
-10594577.123,3512507.169200003
-10594640.0868,3512098.3320999965
-10594676.0471,3512243.592600003
-10594546.9885,3512340.686499998
-10594456.6229,3512059.7836000025
-10594367.105,3512485.0587000027
-10594345.0878,3512268.3915000036
-10590853.927,3451073.6202000007
-10627268.8304,3472754.940399997
-10656479.3017,3471778.927699998
-10656285.0497,3471352.1055999994
-10656426.8226,3471599.6237000003
-10656623.8645,3471837.5025999993
-10656719.5755,3471792.655100003
-10656614.3856,3471724.9470999986
-10656767.3742,3471753.088299997
-10628531.3314,3504808.5403999984
-10591698.4214,3448780.156000003
-10591856.6677,3448776.106899999
-10596295.6227,3444865.6647000015
-10596388.0503,3444844.2453000024
-10596226.3206,3445077.9910999984
-10644057.7285,3474503.0722000003
-10596467.8741,3511718.326899998
-10596312.6084,3511550.837700002
-10646758.7656,3502860.4241999984
-10646523.3177,3503042.6111999974
-10581795.3472,3449312.306900002
-10581625.3394,3449580.3132999986
-10581736.1131,3449391.391099997
-10649875.1535,3489865.768299997
-10649972.7005,3489828.283200003
-10649981.6098,3489920.533200003
-10650039.4571,3490021.9569000006
-10649951.8818,3489626.418399997
-10598475.2589,3512859.7338000014
-10598124.2454,3512812.686499998
-10598107.5289,3513261.9768999964
-10598152.9528,3512969.6313000023
-10598358.1963,3512959.644199997
-10598390.7658,3512986.0019999966
-10633482.5045,3470401.216300003
-10626323.0255,3474182.3774999976
-10634435.1185,3471239.1972000003
-10657040.4225,3503458.6809
-10588421.1964,3449165.134300001
-10643618.8211,3494515.023199998
-10643525.5547,3494413.550300002
-10643357.0792,3494340.3574
-10643252.96,3494231.6111999974
-10643508.6556,3494278.545400001
-10643738.2955,3494339.337099999
-10643602.3249,3494218.0183999985
-10644040.8594,3494806.645300001
-10644045.888,3494738.7551999986
-10644017.3839,3494613.8716999963
-10590694.803,3463985.658
-10590533.5626,3463992.829400003
-10590496.9758,3463911.563699998
-10586757.3639,3451795.692400001
-10586837.7094,3452062.318400003
-10587178.0807,3452178.3346000016
-10587170.7116,3452233.4646999985
-10586961.3461,3452284.023599997
-10586970.4541,3452326.132600002
-10586684.6695,3452449.4114999995
-10626613.575,3465127.5610999987
-10626610.1936,3465227.598899998
-10626644.83,3465273.1268000007
-10654321.2967,3472901.454099998
-10654296.5864,3472901.336000003
-10654463.3823,3472823.394699998
-10654426.1723,3472785.5349999964
-10624196.2434,3509119.1996000037
-10624046.3938,3509341.2038000003
-10634176.1365,3469979.1064999998
-10646126.2559,3503363.149599999
-10645788.1892,3503717.4148999974
-10595623.6085,3444256.4384000003
-10595607.8981,3444241.357900001
-10595719.1293,3444208.219999999
-10595089.7643,3444448.5025999993
-10595423.0564,3444309.585199997
-10595444.1251,3444207.532700002
-10654723.4639,3474194.190200001
-10655009.3176,3474077.275200002
-10650022.4347,3489927.6445000023
-10650062.1644,3489832.467299998
-10650240.0473,3489708.499499999
-10650179.502,3489697.7434
-10649916.6581,3489516.7949
-10626018.473,3464892.778800003
-10632449.2473,3476472.707199998
-10632926.9301,3474350.7990999967
-10635115.6848,3506068.342100002
-10638979.9818,3490816.3183000013
-10639299.957,3490728.516099997
-10639477.8433,3490619.0702000037
-10573977.3617,3473420.535400003
-10594625.9215,3511923.153099999
-10594426.9369,3511863.9723000005
-10594204.63,3512231.401100002
-10594197.6051,3511956.710000001
-10594080.724,3512089.5974999964
-10593894.8715,3512303.1028999984
-10596557.7689,3513405.798100002
-10596496.7114,3513301.2334999964
-10596460.2321,3513219.6231999993
-10596356.4581,3513214.043899998
-10596453.4557,3513502.770300001
-10596222.1258,3513218.1934999973
-10650041.4157,3489129.622100003
-10649812.0079,3489142.769699998
-10650182.0434,3489067.252899997
-10650217.3773,3489209.2141000032
-10650106.7784,3489141.7051
-10650179.3285,3489318.340400003
-10650627.5649,3489590.7641000003
-10650377.2976,3490036.934799999
-10633095.747,3474545.261
-10650962.9608,3489941.2581999972
-10651033.0308,3489935.0491999984
-10651004.4759,3489681.8407000005
-10651026.5752,3489845.411600001
-10650776.1692,3489742.8501999974
-10651199.6097,3489750.5232999995
-10644613.5151,3519600.464599997
-10594977.5484,3444791.4518000036
-10595009.9674,3444906.8412000015
-10595030.8947,3444976.7591999993
-10646834.7802,3483698.3805000037
-10627393.3349,3509240.9985999987
-10645053.801,3494573.280699998
-10645198.5309,3494755.3423999995
-10644839.489,3494897.534599997
-10644839.4636,3494784.247100003
-10644502.8383,3494860.0744000003
-10635281.6907,3501297.0538000017
-10634299.1627,3473912.208499998
-10653951.6579,3473099.9253999963
-10633796.1844,3518775.156000003
-10633799.5744,3518823.1758999974
-10633915.1114,3518660.6750999987
-10633628.4152,3519277.4787999988
-10633398.9827,3519312.3188999966
-10644674.4366,3470783.452799998
-10644808.1481,3471124.9833000004
-10591339.2249,3451970.3477
-10590944.6683,3452044.960199997
-10590958.3946,3451872.1094999984
-10591101.7841,3451900.8866000026
-10591087.2608,3451883.913400002
-10591031.4432,3451845.595399998
-10591225.5705,3451607.6306999996
-10590748.232,3451965.8222000003
-10591046.083,3451691.888899997
-10664645.1296,3477109.7661999986
-10664645.0524,3477201.8127000034
-10645283.4751,3488749.9582
-10656568.8477,3472369.4563999996
-10656671.0533,3472063.765299998
-10656541.7809,3472058.0847000033
-10656805.7004,3472280.590499997
-10656663.3966,3471889.4196000025
-10654299.8234,3473997.5715999976
-10654261.1919,3473781.4777999967
-10654084.6752,3473916.498800002
-10654106.3138,3474114.1357000023
-10590239.907,3457860.2880999967
-10590331.6023,3457823.2635999992
-10590352.7609,3457825.708800003
-10590236.9148,3457759.3791000023
-10590428.4602,3458013.7805999964
-10590325.2433,3458037.0625
-10590188.6346,3457876.1096
-10589825.2325,3457927.7448000014
-10633601.3588,3502020.8464
-10633781.4699,3502115.2963000014
-10633695.0438,3502208.713600002
-10650443.5707,3488449.9130999967
-10642910.8205,3483602.0768000036
-10642831.9857,3483544.2481999993
-10642993.2234,3483512.730800003
-10643064.2037,3483557.409199998
-10635348.9805,3500057.3621999994
-10635446.5487,3500197.7402999997
-10635565.2747,3500121.5293999985
-10619778.9534,3481888.9168
-10645624.8279,3503902.8061999977
-10645401.0136,3504036.641900003
-10579464.5779,3448206.9606000036
-10579377.8477,3448246.8132999986
-10646011.2697,3472624.1865999997
-10621936.5545,3504892.649599999
-10621921.8016,3504840.2430000007
-10621453.8676,3504637.428000003
-10621645.7331,3504510.791100003
-10621764.8589,3504262.0
-10654493.1342,3473942.3659999967
-10654521.8246,3474055.8071999997
-10654395.9861,3473717.284000002
-10654667.3363,3473774.4274000004
-10654149.3114,3473611.912299998
-10629213.715,3464606.8303000033
-10633320.692,3519280.733400002
-10596625.5521,3514007.9727
-10596531.4808,3514187.8988000005
-10596192.5868,3514039.1059999987
-10596173.4273,3513950.014799997
-10596310.4108,3514056.492899999
-10596466.2172,3514106.9956
-10596015.7284,3513811.240199998
-10596290.9065,3513929.770999998
-10596074.7931,3513620.6186999977
-10596294.8546,3513715.9494000003
-10658351.4493,3472455.7436000034
-10590584.555,3457140.297600001
-10590798.2651,3457136.605800003
-10600524.4997,3510382.526100002
-10586890.9879,3452557.3633999974
-10586880.7566,3452705.6371000037
-10586871.116,3452681.1274999976
-10586713.6905,3452594.516999997
-10586442.0185,3452501.5867
-10586449.1017,3452635.1433999985
-10585991.3407,3452764.2990999967
-10586041.5955,3452734.338600002
-10586111.67,3452618.1570999995
-10661415.6245,3473650.9153999984
-10661357.0347,3473470.639799997
-10661664.0972,3473507.6172999963
-10631815.8273,3501809.226499997
-10590873.5417,3459148.4831999987
-10592422.7882,3511095.5100999996
-10592302.6178,3511058.744099997
-10592376.3894,3511027.259300001
-10592530.314,3510918.844899997
-10592482.7043,3510856.2364000008
-10651210.6795,3489260.7951999977
-10651193.4721,3489328.283699997
-10651012.3233,3489255.2322999984
-10642984.4868,3492525.8121000007
-10642994.3746,3492245.9016999975
-10642888.4647,3492284.300499998
-10590116.6023,3458595.228100002
-10590052.032,3458439.309799999
-10654831.6097,3487347.710500002
-10654710.3063,3487194.552000001
-10654643.2179,3487003.3125
-10635759.2021,3501283.115699999
-10635614.5202,3501316.6118
-10591017.864,3452773.9208000004
-10591150.487,3452708.226999998
-10591310.4823,3452308.858900003
-10591119.3253,3452126.7430000007
-10591173.5918,3452310.770199999
-10590996.4806,3452443.3237000033
-10591028.8551,3452475.030199997
-10582704.027,3460048.871600002
-10582548.2084,3460109.2008000016
-10582533.3114,3460148.414499998
-10582575.1655,3460147.7031000033
-10582549.3188,3460204.1542000026
-10658114.1714,3503090.8500000015
-10589521.7781,3452589.233900003
-10589190.4965,3452748.6344000027
-10588974.1173,3452313.270999998
-10589476.0552,3452509.1921000034
-10589441.7542,3452534.4543000013
-10589252.2966,3452530.6187999994
-10589195.325,3452657.412900001
-10650837.628,3485322.193599999
-10650775.7493,3485457.571999997
-10650768.0698,3485424.783200003
-10650688.3902,3485297.3312000036
-10650629.9943,3485226.159500003
-10650499.9684,3484988.799999997
-10650569.6093,3485040.540600002
-10650613.4541,3485088.9760000035
-10657071.2616,3470943.165600002
-10595373.3116,3509408.688699998
-10587035.4312,3464177.1745000035
-10586952.2464,3464387.409000002
-10657842.8669,3503778.6687999964
-10658050.2207,3503912.4400999993
-10654784.2119,3474546.6428000033
-10654883.1219,3474598.6647000015
-10660584.2569,3479596.299800001
-10660649.7891,3479782.016599998
-10644085.8696,3494967.9275999963
-10644064.8811,3494908.181400001
-10643895.189,3494908.8051000014
-10643785.2504,3494648.476400003
-10643954.2349,3494636.5749000013
-10643874.6841,3494571.057099998
-10643905.4497,3494530.0591999963
-10643677.5677,3494658.090099998
-10636869.4272,3506012.636500001
-10637063.64,3506045.3110999987
-10636972.1335,3506094.9919999987
-10637397.8204,3490805.7951999977
-10637603.8456,3490474.1008
-10637961.7848,3490438.406199999
-10637759.3914,3490479.0568000004
-10637575.1868,3490710.857500002
-10637861.113,3490727.730800003
-10651352.65,3489987.4250999987
-10643735.2145,3484015.422600001
-10643328.3816,3484180.071800001
-10640954.8855,3502288.8652999997
-10658096.1745,3472236.713399999
-10643447.1514,3494810.175999999
-10643527.2996,3494562.924900003
-10643312.79,3494910.367200002
-10643242.8955,3494900.4465999976
-10643212.1738,3494648.5692000017
-10643362.6777,3494810.2687000036
-10643111.8299,3494732.4800999984
-10643110.1412,3494617.6948999986
-10643195.8086,3494352.4058
-10593076.5665,3464786.9245999977
-10635147.4532,3489308.0908999965
-10635156.0259,3489409.126000002
-10635042.7716,3489201.724100001
-10635118.1288,3488901.891400002
-10635071.7881,3488990.8000999987
-10634879.5707,3489026.8335999995
-10634919.6178,3489412.701200001
-10660636.7936,3473241.9315000027
-10660701.3563,3473018.397399999
-10660583.4704,3473023.0058000013
-10660718.9385,3472232.5801
-10660870.9349,3472331.1965000033
-10660960.4615,3472308.9834999964
-10628304.2482,3475374.6592999995
-10628334.4578,3475446.9526999965
-10591061.4879,3509802.2458999977
-10590863.9482,3509636.158500001
-10656689.4397,3502145.8690000027
-10591621.489,3450780.7008000016
-10591772.5366,3450585.868900001
-10591627.4303,3450665.986100003
-10591641.3035,3450601.842699997
-10647529.7827,3492300.6388000026
-10647544.2454,3492474.9481000006
-10647404.4788,3492038.6717000008
-10647325.4911,3491977.0266000032
-10595631.9634,3513637.5107000023
-10595628.4313,3513602.413400002
-10595950.0293,3513664.6899999976
-10595891.812,3513629.711000003
-10595704.2715,3513519.5621000007
-10660970.2231,3475632.8913000003
-10660976.4883,3475416.054899998
-10661016.2318,3475514.196999997
-10661081.1581,3475540.0979999974
-10660993.4642,3475154.2655000016
-10599160.1049,3499783.424900003
-10599139.7565,3499763.1027999967
-10599066.9208,3499774.9980999976
-10645336.1442,3489016.7141999975
-10581907.1304,3449478.196800001
-10581957.0208,3449384.4543000013
-10592092.9674,3450143.242700003
-10592071.1151,3450320.0129999965
-10591091.0353,3462282.3486
-10591021.5838,3462338.145800002
-10581650.3788,3450616.963299997
-10581678.0443,3450545.474200003
-10581474.3128,3450776.9416000023
-10581315.7113,3450695.0524000004
-10631250.5616,3472562.3214000016
-10631144.0743,3472564.6724999994
-10586815.0697,3464542.1338
-10587047.5247,3464632.1875
-10653989.5059,3474489.270800002
-10654051.1928,3474604.2409999967
-10567469.5683,3474599.2217999995
-10591579.0553,3510556.7568000033
-10591501.6502,3510487.997100003
-10591992.6758,3510314.650399998
-10591884.1294,3510427.215499997
-10591760.88,3510539.4120000005
-10633542.5957,3517277.409900002
-10654810.7534,3472876.297700003
-10646463.2219,3503476.377899997
-10646288.9347,3503601.705600001
-10644393.5763,3485257.673299998
-10594700.1285,3445259.940399997
-10594683.1212,3445082.147399999
-10594502.1693,3445129.6545
-10594757.756,3444971.7607999966
-10594503.8717,3445042.752899997
-10595140.7983,3444998.411399998
-10595529.4681,3513408.583999999
-10595416.4838,3513422.7256999984
-10595491.1187,3513312.1810000017
-10595358.7373,3513388.8210999966
-10645537.7463,3488158.4553999975
-10579140.7647,3450542.0001000017
-10579336.5549,3450485.4102
-10645019.1792,3503727.976599999
-10645115.2951,3503491.3937000036
-10627867.6047,3510320.3180000037
-10627818.405,3510343.9037000015
-10627817.5293,3510394.7983999997
-10627980.6797,3510325.892499998
-10637856.4401,3494932.6582999974
-10637793.165,3494932.4887000024
-10644131.7287,3503929.4749
-10588987.825,3452192.2644999996
-10593298.1149,3511894.2656999975
-10593348.4085,3511801.044399999
-10593758.7953,3511623.5044
-10593679.5663,3511632.9233999997
-10593927.5447,3511798.185800001
-10593853.6434,3511710.389399998
-10593885.7262,3512001.358599998
-10630657.5537,3471765.270800002
-10630603.0229,3471781.3835000023
-10658844.8388,3503263.8992
-10658871.8378,3503083.7776999995
-10658581.0909,3503172.9997000024
-10658718.0862,3503359.4450000003
-10658622.4171,3503290.873999998
-10658501.4689,3503254.174800001
-10595053.6334,3509782.152599998
-10595194.0807,3509637.3572999984
-10595204.7646,3509618.1358999982
-10645671.8495,3473171.138899997
-10645016.2893,3473004.3495000005
-10645262.1126,3473123.3083999977
-10645356.7327,3473544.729000002
-10587374.8988,3445883.416199997
-10587173.8029,3445863.1827000007
-10587260.1386,3445688.8005999997
-10587321.1633,3445784.3038000017
-10587314.7728,3445776.4734999985
-10587279.1328,3445738.5786999986
-10595002.2905,3513354.264200002
-10594920.0124,3513419.704099998
-10594098.9949,3513524.185999997
-10660481.9198,3472835.983900003
-10660475.8944,3472717.2158999965
-10621540.4137,3473668.5940999985
-10632451.9444,3486410.086199999
-10632784.509,3471208.0837000012
-10625751.7061,3509970.920900002
-10625708.5424,3509919.1081999987
-10646156.477,3472341.4504000023
-10645991.0414,3472302.394199997
-10642960.8152,3492902.593800001
-10643010.5233,3492847.816399999
-10653764.6108,3474070.099399999
-10653808.8545,3474005.2531000003
-10656788.2716,3502459.6335999966
-10645963.1344,3473143.3781000003
-10625642.0323,3510577.122299999
-10635702.0533,3501093.6273000017
-10599360.1625,3498999.641599998
-10599120.7837,3499260.1745000035
-10599040.2159,3461932.419500001
-10577974.4338,3448688.9585999995
-10642864.3981,3484895.903099999
-10642695.5546,3484875.0820999965
-10642764.4685,3485029.346699998
-10642391.0989,3485309.6983999982
-10642265.6098,3484989.467799999
-10601400.2851,3450386.8730000034
-10601292.0244,3450372.5825999975
-10592299.7142,3511619.2983999997
-10592136.7389,3511587.222099997
-10592045.4078,3511526.246299997
-10591901.5285,3511295.7117
-10591847.842,3510720.376199998
-10592285.2545,3511479.0583999977
-10592306.4969,3511229.3853999972
-10586906.5437,3464293.4478999972
-10642921.0856,3491991.6181000024
-10642576.4784,3492095.3725999966
-10590752.1971,3456713.025200002
-10642881.7203,3492870.5964
-10593568.4623,3459170.5654999986
-10629530.7208,3470104.789300002
-10642558.6074,3485693.777900003
-10642560.6168,3485868.098200001
-10642448.4511,3485669.0891999975
-10642161.694,3485876.0129000023
-10642259.591,3485895.850100003
-10642334.1523,3485909.0276999995
-10637464.0518,3490318.8654000014
-10637936.1402,3490482.1155999973
-10645627.8842,3462924.2924000025
-10645704.8956,3462921.581299998
-10645610.7222,3462806.8029000014
-10650269.5784,3490423.974399999
-10650417.1018,3490198.9531000033
-10590590.1005,3451206.213299997
-10654182.7589,3488298.3282999992
-10654062.1779,3488684.067400001
-10654374.9472,3488728.9214999974
-10654285.2432,3488459.408399999
-10654289.3974,3488480.6363999993
-10654236.4949,3488323.4570000023
-10654276.2952,3488572.9016999975
-10654338.1556,3488413.1106999964
-10654342.6367,3488215.484099999
-10650441.2871,3490535.406000003
-10650304.1062,3490740.2871999964
-10650324.62,3490737.956799999
-10650264.3893,3491030.3378000036
-10645168.6262,3468791.0415999964
-10655298.7985,3472398.1229000017
-10655353.1662,3472473.173299998
-10650752.3015,3485561.671099998
-10628453.61,3507187.7613999993
-10576467.8308,3449056.4297999963
-10656464.8472,3502516.5749000013
-10629379.1618,3477842.9914000034
-10591541.646,3510081.658399999
-10591692.2491,3510238.1198000014
-10588994.6542,3452594.4606000036
-10588908.9406,3452654.0693999976
-10588825.4658,3452718.9827999994
-10598808.6387,3513139.820100002
-10598527.7418,3513266.805399999
-10598471.5007,3513205.968999997
-10598554.4893,3513156.907200001
-10656646.832,3472106.0688000023
-10656681.1296,3479663.483099997
-10645671.5139,3473479.5557999983
-10592595.9319,3502390.0966000035
-10592325.9155,3502596.4883999974
-10592440.432,3502643.951700002
-10592582.8618,3502754.6462000012
-10592909.4105,3502329.8166000023
-10592945.862,3502246.0081999972
-10601234.9088,3509080.537299998
-10624241.5491,3508585.036700003
-10648200.8902,3468207.0254999995
-10653551.5652,3479823.904299997
-10653552.1718,3480067.5588999987
-10653510.5246,3479875.216600001
-10651300.9315,3481661.603500001
-10648245.2149,3490876.077399999
-10648296.1941,3490915.916699998
-10648419.9926,3490972.415100001
-10648365.4149,3491005.0569999963
-10648369.7636,3491103.9761999995
-10658304.6985,3480675.1851999983
-10658121.0839,3480432.7378999963
-10658125.9731,3480562.358099997
-10657983.5538,3480886.8047999963
-10657833.586,3480893.406800002
-10657989.6061,3480608.202399999
-10657941.1048,3480854.3398
-10632046.3922,3473462.555399999
-10645873.7489,3472451.9241999984
-10645955.3459,3472562.603
-10646555.4623,3488877.184600003
-10646795.1885,3488744.6384999976
-10646738.5085,3488646.6306999996
-10646975.8369,3488484.2880000025
-10592103.2212,3502106.0823
-10592445.4635,3502140.797200002
-10656229.4838,3502349.3099000007
-10656099.0709,3502277.8202000037
-10656356.3797,3502137.389700003
-10590026.0572,3452516.9817999974
-10635496.304,3501026.690399997
-10625853.8719,3510693.625500001
-10595061.7251,3508453.3588000014
-10594943.6343,3508420.853500001
-10627327.2184,3468928.6626999974
-10627385.2921,3468872.5715000033
-10627416.3685,3468926.893799998
-10620788.031,3477930.8742000014
-10634552.7725,3489158.824500002
-10634270.7092,3488866.3127999976
-10634644.7165,3488849.643100001
-10634745.4974,3488672.592600003
-10634508.6014,3488715.6193000004
-10634183.6827,3488737.673100002
-10595203.075,3505900.363499999
-10595377.8412,3505583.6384000033
-10595381.2863,3505516.356200002
-10595289.4894,3505133.416699998
-10595187.7742,3505138.2936000004
-10595138.2102,3505298.932400003
-10595249.4439,3505731.186999999
-10595062.7315,3505256.124300003
-10584506.9464,3463306.0386999995
-10628845.2303,3504095.1055999994
-10628617.0654,3503608.3506999984
-10628680.0031,3503763.289099999
-10628697.1389,3503752.871600002
-10629492.9759,3500620.7657999992
-10629321.8107,3500717.0890000015
-10661431.5631,3473895.2528000027
-10591273.8933,3508984.8686999977
-10647551.8511,3464608.6709999964
-10647521.0011,3464278.2229999974
-10643750.9478,3484609.8087000027
-10643286.5967,3484533.9089
-10625557.2185,3509919.6965000033
-10590431.2001,3456604.639399998
-10589023.6492,3452916.0714000016
-10588768.7099,3453001.010499999
-10588336.7713,3453083.1771000028
-10588494.4108,3452929.9597999975
-10649940.3072,3490512.190899998
-10627891.5181,3476968.034400001
-10627641.6262,3476749.0020999983
-10627696.0209,3476719.063199997
-10627980.2656,3476775.3615999967
-10627849.0335,3476875.8633999974
-10645192.6073,3488258.305200003
-10600823.1067,3509826.7946000025
-10600847.3164,3509659.6525000036
-10638167.8385,3490317.376000002
-10638182.2276,3490974.3011000007
-10638289.2004,3490503.271399997
-10638200.652,3490693.0637999997
-10638364.067,3490644.5451999977
-10574441.1016,3474581.0380999967
-10646658.8191,3503489.950099997
-10646257.5713,3503633.781800002
-10646226.609,3503664.8814999983
-10598939.901,3499442.8615999967
-10593772.2423,3478016.0315999985
-10637260.7708,3506181.940899998
-10654054.193,3475207.329099998
-10653893.8229,3475398.587700002
-10653947.3171,3475077.7832999974
-10653652.214,3474181.8792999983
-10653570.3775,3474373.3033000007
-10653706.1863,3474656.3523999974
-10639900.4603,3491897.8400000036
-10639766.0454,3491491.546400003
-10637556.1522,3491928.709899999
-10637937.4116,3492124.109700002
-10637978.9477,3492130.139899999
-10647385.8613,3500719.771300003
-10647220.4362,3500568.2365999967
-10646934.089,3500855.460500002
-10650200.0845,3491030.777599998
-10650112.3406,3490626.1723999977
-10650054.4203,3490706.110100001
-10578914.5664,3450762.3567999974
-10635461.1218,3502024.029600002
-10639846.5025,3489448.915600002
-10639912.5261,3489558.7227
-10659602.7643,3471547.3354
-10646007.1956,3487920.648500003
-10628981.1163,3474963.744900003
-10632089.9927,3506113.664300002
-10600404.8995,3507348.804399997
-10660976.1886,3472969.3655999973
-10660878.9891,3472770.6765
-10660969.2791,3472864.405299999
-10660993.311,3472630.5771000013
-10657189.6793,3503570.0045000017
-10657109.4252,3503899.217
-10657115.9316,3503963.738300003
-10645377.4191,3487089.596699998
-10645425.4661,3486998.3593000025
-10645544.8419,3486480.0737999976
-10645579.6793,3486442.9856999964
-10637050.5404,3482137.3748999983
-10637063.3666,3482228.8583000004
-10633578.0324,3472892.685800001
-10633709.7999,3472816.1787
-10594118.1674,3443094.528099999
-10594134.4345,3443254.561800003
-10594027.5461,3443028.171599999
-10630516.9504,3486581.222199999
-10656353.7895,3471729.4054000005
-10639112.5806,3490585.6330000013
-10638999.3884,3490577.366899997
-10638655.2813,3490260.9569000006
-10638881.747,3490249.7346
-10638949.8884,3490304.9001
-10628686.829,3473463.9345000014
-10658703.5162,3471676.365199998
-10658510.4638,3471084.902599998
-10658680.8479,3471265.6909999996
-10658619.6022,3471287.134300001
-10655543.6911,3483988.643100001
-10586951.6774,3464942.595399998
-10644955.6498,3468398.1793000028
-10586170.3596,3451514.9393000007
-10601059.5286,3509709.4130000025
-10601220.3303,3509723.2058999985
-10601277.4306,3509668.8950000033
-10601175.521,3509688.0507000014
-10637200.1102,3490810.967600003
-10637303.5387,3490746.785700001
-10637221.6108,3490683.0785000026
-10636912.2103,3490728.1268000007
-10637053.5602,3490786.8637000024
-10637101.3846,3490757.6799999997
-10637136.3961,3490543.9284999967
-10634468.5281,3456509.9328999966
-10592813.2857,3505989.8407000005
-10628115.1797,3510868.3282999992
-10631140.5323,3506680.2339999974
-10631361.846,3506653.0156000033
-10631473.7653,3506453.9245999977
-10643694.8795,3504862.5165000036
-10642206.4443,3468590.206799999
-10642184.9656,3468471.4162999988
-10642067.3383,3468278.0331000015
-10642021.0614,3468423.7699000016
-10642020.1082,3468365.014399998
-10641909.7978,3468286.9702999964
-10641982.6638,3468631.482900001
-10641830.2817,3468436.012000002
-10641826.5468,3468361.6592999995
-10641809.8882,3468304.275799997
-10642343.1899,3468148.3121000007
-10642319.2668,3468149.802000001
-10642336.6813,3468250.1503000036
-10642206.4018,3468371.9422999993
-10592832.4813,3512144.7312999964
-10592607.9357,3512283.8505000025
-10634934.5925,3458780.8128999993
-10634742.517,3458701.9536999986
-10634836.5575,3458528.7983999997
-10643291.2054,3488661.4224999994
-10652099.717,3475380.8100000024
-10652229.9283,3475286.735799998
-10652340.6249,3475404.6521999985
-10652358.7479,3475304.962099999
-10648563.0649,3468329.0697000027
-10648635.6422,3468263.0901999995
-10645920.0031,3492460.9551
-10645872.734,3492493.8396999985
-10645718.2745,3492089.0121000037
-10645671.9825,3491820.8588000014
-10636036.6399,3505211.0569999963
-10641718.0631,3494733.463799998
-10634235.1451,3502864.518799998
-10598121.8741,3501018.313000001
-10577508.6627,3449024.0298999995
-10587764.3805,3513069.456699997
-10588853.7116,3512669.294200003
-10588994.5684,3512685.404600002
-10595160.0347,3505572.345200002
-10595153.1903,3505764.514799997
-10586980.4588,3465486.026299998
-10588884.7192,3451942.3577999994
-10621486.468,3504707.832800001
-10591452.3177,3451518.7761999965
-10592643.4626,3507612.575000003
-10634276.5813,3472260.7717999965
-10629224.1934,3501430.995099999
-10629091.4973,3501519.602600001
-10629053.1558,3501275.5393999964
-10635132.0434,3506385.6098999977
-10591578.2295,3451895.1488000005
-10591647.9597,3451669.783200003
-10642415.7003,3484096.1699
-10642340.8609,3484266.971500002
-10642055.6775,3484302.666699998
-10642601.1593,3483439.7716000006
-10583790.2615,3461421.192900002
-10583954.0545,3461561.8003999963
-10600930.0553,3509504.7021000013
-10601020.0137,3509395.160099998
-10600898.8816,3509665.2484000027
-10645838.6098,3474840.451200001
-10645682.4731,3474712.201700002
-10645732.987,3474632.1592999995
-10645623.3271,3474698.7852
-10627113.3281,3472749.7458999977
-10645525.1075,3472252.4258999974
-10645770.8491,3472353.798799999
-10638569.3815,3490799.2771999985
-10638561.4249,3490774.031000003
-10628625.1465,3471963.552199997
-10638170.512,3491517.7717999965
-10638122.8915,3491723.7129999995
-10638130.5406,3491656.453400001
-10653537.1201,3480205.967299998
-10653606.6471,3480452.6353999972
-10631518.3296,3478418.0896999985
-10631518.6591,3478460.3407000005
-10631470.198,3478368.0640999973
-10637555.4174,3491201.1096
-10637651.2427,3491261.219499998
-10637853.4699,3491127.154799998
-10645977.5298,3487552.9761999995
-10634181.9887,3489099.9663999975
-10633877.8367,3488721.019100003
-10634088.3521,3488649.6755999997
-10586930.8395,3462860.7348000035
-10647696.7471,3492320.7562000006
-10647648.6192,3492117.5020999983
-10647808.2276,3492095.603
-10647714.7998,3492152.845399998
-10588038.728,3452631.7717000023
-10587670.2178,3452732.6511999965
-10590708.6832,3456988.282499999
-10587122.6468,3506777.902400002
-10645906.8031,3473370.0210999995
-10645906.478,3473407.8087000027
-10645897.4824,3473287.642499998
-10647963.6375,3501733.5732000023
-10647891.1725,3501808.9531000033
-10647887.7418,3501467.923600003
-10647888.0589,3501666.1410000026
-10647790.9158,3501501.1251000017
-10646940.8455,3501304.3552
-10646818.671,3501179.8840999976
-10646795.8108,3501173.1199999973
-10631613.3944,3506287.529100001
-10634233.3813,3477113.2793999985
-10647161.8884,3500910.7360000014
-10647257.495,3500977.792800002
-10647278.0432,3500931.2047000006
-10645417.9752,3516238.949699998
-10587866.8564,3452412.034699999
-10587504.505,3452514.5793000013
-10587657.0617,3452576.5613999963
-10595609.3665,3508205.6204999983
-10644847.5411,3490815.4751999974
-10644815.261,3490908.4477000013
-10644844.661,3491020.3073000014
-10644945.3198,3491021.1177999973
-10645029.7846,3491136.9372999966
-10644733.3932,3491112.2038000003
-10644715.841,3491112.2167000026
-10646862.5687,3492050.007799998
-10647013.9185,3492052.4416000023
-10646863.1056,3491840.1909999996
-10638305.3197,3493241.286200002
-10638481.8899,3493351.9477000013
-10636155.5191,3505107.2302
-10636161.7905,3505296.1467999965
-10636246.997,3505420.4651999995
-10636137.8164,3505379.8227000013
-10637587.0117,3492241.0588999987
-10637730.3262,3492345.578400001
-10637701.7246,3492364.1699
-10637880.1784,3492498.1489999965
-10637743.3666,3492496.843699999
-10652175.0594,3475171.205600001
-10652310.1917,3475155.4683
-10647618.0848,3464174.8808000013
-10647464.3272,3464044.693400003
-10647360.6236,3464113.8364999965
-10647294.6455,3464322.803199999
-10647312.6724,3464045.6284999996
-10642552.2108,3504472.2140000015
-10642726.9163,3504051.9365999997
-10642623.6109,3504061.5613999963
-10642547.657,3504173.487800002
-10644335.4893,3485989.6339000016
-10644354.7976,3485989.596699998
-10595042.008,3505763.4883999974
-10595052.1812,3505207.561999999
-10594943.7609,3505145.714900002
-10645438.8569,3471806.724200003
-10656077.531,3478981.7026999965
-10639056.1978,3493460.689000003
-10639114.8669,3493442.962200001
-10642298.7491,3485412.7268999964
-10642258.2975,3485420.0505999997
-10628788.9525,3471811.3825000003
-10628834.2577,3471810.833899997
-10628889.222,3471809.938000001
-10628830.7904,3471775.729199998
-10655876.9291,3479413.093000002
-10629763.9576,3505663.260300003
-10636971.8148,3483167.1110000014
-10636985.8601,3483115.0012999997
-10627453.7555,3512485.2764
-10627514.3451,3512420.3576000035
-10627454.0589,3512393.0151000023
-10627457.4349,3512294.123300001
-10627817.1356,3512395.152800001
-10666504.0107,3477843.4437000006
-10567562.1263,3478490.723700002
-10645921.1206,3492235.4910999984
-10661090.6577,3473043.9728000015
-10661125.3226,3472457.433799997
-10590381.2244,3456986.6283000037
-10649290.3085,3487910.8652999997
-10594171.4999,3443664.0451000035
-10593987.4623,3443744.1643999964
-10593877.5614,3443642.8143000007
-10593804.1237,3443446.7941000015
-10645865.6789,3503781.097099997
-10645980.2874,3503957.8976000026
-10646046.7637,3503815.2597000003
-10645977.0972,3503865.459399998
-10644787.198,3486129.9733999968
-10649411.977,3466654.102499999
-10649335.5952,3466794.521399997
-10649270.1939,3466774.3145999983
-10635612.0509,3489321.352300003
-10635679.3249,3489583.2457000017
-10635429.4342,3489399.982000001
-10635583.7506,3489462.429200001
-10635469.7127,3489060.2391000018
-10635554.2826,3489189.6225999966
-10644901.0305,3503941.276299998
-10644893.6759,3503760.0891000032
-10655107.7415,3479208.1961999983
-10616916.2008,3485943.7326999977
-10616957.0094,3486041.8950000033
-10590308.8547,3452890.6533999965
-10590398.5104,3452975.5659999996
-10590592.3284,3452922.4976999983
-10648563.9723,3516731.5244999975
-10573866.3095,3473819.061300002
-10587523.7694,3453039.843000002
-10587740.2875,3452982.692900002
-10644609.0055,3504965.0489000008
-10645123.0174,3486122.8417000026
-10645135.3217,3486101.5283999965
-10645102.5542,3486319.031800002
-10645212.2236,3486376.1956999972
-10645325.3486,3486489.1215000004
-10627633.9932,3470280.552699998
-10654115.072,3474803.819799997
-10656572.0845,3481590.5615999997
-10656253.4027,3481370.907300003
-10656296.8878,3481457.2409000024
-10656458.9633,3481320.1739000008
-10656189.0554,3481572.711000003
-10637075.5801,3503893.7929999977
-10636907.7507,3503800.3153000027
-10621439.0193,3468731.592799999
-10619894.7905,3478669.541199997
-10593255.4751,3505037.418300003
-10627683.7603,3486626.7661999986
-10627758.4238,3486649.428000003
-10619730.7933,3469232.1972000003
-10590162.3142,3453114.8104000017
-10590237.9215,3453147.397699997
-10590453.6367,3453428.8655999973
-10590685.8831,3453250.1930000037
-10590799.6335,3453187.530699998
-10651692.83,3479011.704999998
-10651820.2815,3478910.891599998
-10651755.6036,3478752.1718000025
-10651184.6199,3494244.522699997
-10650990.4817,3494426.000500001
-10643996.1149,3502628.833499998
-10598235.3523,3500998.4772000015
-10588746.8644,3513711.905100003
-10611015.4088,3470620.794399999
-10593871.4029,3457732.9152000025
-10594146.1839,3457583.6092000008
-10594032.8629,3457477.2119999975
-10656720.4199,3472323.0521000028
-10641715.8314,3494807.4706000015
-10641594.9175,3494797.067599997
-10653442.1173,3473437.8713999987
-10653928.0076,3501511.830499999
-10653739.2522,3501779.264399998
-10653677.3236,3501766.121600002
-10653834.3396,3501548.3051000014
-10653456.0885,3501435.9978
-10577854.0394,3448974.6586000025
-10642651.4436,3484285.0857999995
-10642552.4727,3484261.1229000017
-10667566.6907,3480765.8862000033
-10645377.7067,3503787.5738999993
-10645374.9581,3503717.015900001
-10632213.4277,3474568.099399999
-10595254.4573,3504076.8817000017
-10595607.5378,3504095.5178999975
-10595707.2663,3504096.8293000013
-10595846.468,3504076.7934999987
-10595774.6269,3504027.0001000017
-10595526.2366,3503800.4477000013
-10590888.7509,3456617.4658999965
-10590900.7335,3456513.8724000007
-10591126.4023,3456579.2415999994
-10590333.8536,3456674.3954000026
-10644407.0655,3469045.2644999996
-10644366.1446,3469116.9266000018
-10644505.7954,3469179.715999998
-10656137.745,3472184.900399998
-10656149.7599,3472045.3132999986
-10656159.5069,3471948.659500003
-10641815.7437,3483898.661200002
-10645714.2696,3471938.6389999986
-10646041.6715,3492293.2419999987
-10660491.7671,3472449.899700001
-10660416.5905,3471968.6027999967
-10660561.0833,3472265.8796000034
-10653732.6343,3475562.6213999987
-10653680.3737,3475702.4311000034
-10645511.9513,3473423.581799999
-10585729.2744,3458981.169200003
-10626826.5681,3499968.414099999
-10595302.5958,3494235.9459000006
-10595400.6755,3494306.3044999987
-10595489.5579,3494768.6142999977
-10595780.066,3494769.4386000037
-10627212.2107,3470980.651100002
-10627180.023,3470981.278099999
-10633841.2777,3503446.2563999966
-10660020.7562,3472030.0353000015
-10595161.5694,3495017.914999999
-10595216.6253,3494987.3976000026
-10595401.1146,3494722.610299997
-10595461.0657,3494882.6680999994
-10588517.1609,3512371.4196000025
-10589437.9423,3512470.4505999982
-10590111.7472,3513078.3369000033
-10634795.1475,3456855.0605999976
-10634815.1632,3457046.5436000004
-10643011.0592,3494689.3411
-10642971.6472,3494736.5547999963
-10581974.5966,3460064.0503999963
-10582105.2733,3460252.318099998
-10640100.0642,3498022.7827999964
-10600544.8555,3448517.5579999983
-10642468.3435,3504141.3153000027
-10642202.7984,3504323.4262000024
-10630512.3572,3486333.5085999966
-10627427.9419,3509589.8368000016
-10594055.379,3505954.726999998
-10638773.6517,3493482.8818000033
-10642552.6311,3483968.0446999967
-10635456.2503,3500248.0002999976
-10628990.4935,3472497.5521000028
-10629021.7083,3472463.7870000005
-10583416.4739,3461428.3972000033
-10620184.9605,3486189.587099999
-10625333.2343,3509888.6278000027
-10625323.289,3509863.602499999
-10625323.8203,3509789.3702000007
-10625425.9918,3509796.1717000008
-10625423.2314,3509847.1762000024
-10637021.2072,3520979.599100001
-10632074.7805,3481327.8228999972
-10592084.1102,3503702.145199999
-10591724.8295,3503751.8259000033
-10591626.7197,3503522.8774999976
-10591772.2957,3503294.030500002
-10591624.1839,3503323.767099999
-10591925.7795,3503555.9421999976
-10651270.8952,3494852.233900003
-10589006.4642,3453051.7967000008
-10588784.1623,3453211.9778999984
-10588720.153,3453238.9591000006
-10588555.0825,3453189.542000003
-10593749.0385,3477369.7031999975
-10593761.5482,3477435.303199999
-10652865.5216,3475511.5494000018
-10590478.9753,3457000.9822999984
-10644996.3153,3464300.8849000037
-10644919.7153,3464442.6128999963
-10659326.5515,3471960.906300001
-10659542.6914,3471773.1745999977
-10659225.093,3471572.7621000037
-10659494.6694,3471716.270800002
-10659296.2395,3471562.473899998
-10659395.6287,3471385.335000001
-10659332.1294,3471352.0041000023
-10655838.0142,3479316.1787
-10655838.1522,3479354.9880999997
-10655692.4677,3479382.536899999
-10655905.6739,3479058.046400003
-10655851.407,3479139.3988000005
-10598439.5465,3501009.3233999982
-10598458.7909,3501114.8550999984
-10598931.0767,3499146.9503000006
-10598916.2298,3499063.3501999974
-10576856.8239,3448793.351400003
-10576856.9295,3448764.8367
-10576925.3987,3448791.1286000013
-10654119.6617,3480763.650700003
-10654151.9108,3480873.4447000027
-10637000.055,3490629.970399998
-10637075.1834,3490590.7426000014
-10637299.9109,3490542.5508999974
-10636817.8906,3490456.9280999973
-10637773.8329,3491414.295500003
-10637973.5675,3491265.963600002
-10637919.1111,3491423.955499999
-10654991.5918,3481056.167000003
-10654933.8268,3481077.7317999974
-10641945.0546,3504322.554200001
-10633753.5559,3458567.1284999996
-10633607.6228,3458652.545500003
-10633760.4697,3458710.0709000006
-10625157.0458,3499633.9345000014
-10624990.8342,3499563.873499997
-10625044.6991,3499449.607000001
-10644195.6378,3494094.8334000036
-10601015.3179,3509126.0578999966
-10641402.5049,3468313.7775000036
-10646277.501,3492133.581799999
-10646369.5891,3492171.6680999994
-10589062.7395,3451098.3268000036
-10588858.5745,3451249.5807000026
-10588705.4035,3451117.117899999
-10628764.9645,3501631.1599999964
-10639476.581,3460677.5736000016
-10597041.4258,3502628.594300002
-10635068.1918,3507859.8291999996
-10635140.18,3507856.2343000025
-10618466.9376,3469493.7333000004
-10630595.5515,3472085.9221
-10630553.8628,3471907.0063999966
-10630596.4584,3472035.4301000014
-10630553.0434,3471861.0656000003
-10654497.6033,3474308.3325000033
-10654489.177,3474227.4913000017
-10654606.4278,3474582.7817
-10632765.0607,3503321.9839999974
-10632854.7874,3503386.5891999975
-10642504.8511,3485334.845200002
-10642388.9957,3485409.475900002
-10658637.9563,3481662.578900002
-10651046.3658,3466625.471699998
-10650856.793,3466992.5955
-10623054.4664,3515697.0449
-10622898.6949,3516151.136
-10622942.7558,3515988.5253000036
-10623010.4715,3515937.0244999975
-10623035.5376,3516182.5419000015
-10622759.0037,3516325.722000003
-10623232.7204,3515731.8756000027
-10623167.7339,3515946.7990999967
-10586141.6354,3451325.8172999993
-10586084.6393,3451173.579999998
-10644632.9312,3471941.424900003
-10644614.9399,3471232.478600003
-10644519.2921,3471613.641999997
-10645836.942,3502638.326700002
-10645863.2116,3502558.2268999964
-10645897.8238,3502374.3188999966
-10647545.3957,3499347.342600003
-10647615.9219,3499309.401900001
-10647600.2109,3499265.479800001
-10637545.2802,3492763.576700002
-10590135.4536,3456593.218699999
-10594746.4374,3478084.1103999987
-10594771.0729,3477817.686499998
-10594864.0224,3478077.582199998
-10594819.0896,3478067.0577000007
-10646289.7675,3502132.7672000006
-10645450.8806,3502363.671400003
-10645445.8391,3502224.5681999996
-10606773.1229,3468982.8517000005
-10579099.9256,3448234.7832999974
-10631881.6198,3508903.6823000014
-10632074.1373,3508722.8025999963
-10595913.9667,3503963.3527999967
-10595693.0409,3503801.6829999983
-10596609.6585,3502488.397699997
-10595235.1974,3494316.732000001
-10642933.7438,3505503.451200001
-10588434.9239,3453845.5081999972
-10588434.8912,3453756.1340999976
-10588677.3021,3453586.882799998
-10589020.3795,3450627.7859999985
-10588777.9917,3450577.7597000003
-10645547.1424,3485420.6581000015
-10645591.8875,3485573.4250999987
-10645619.2195,3485638.6740999967
-10645722.1455,3485631.218500003
-10641684.5809,3483990.083300002
-10641232.9321,3483732.5249999985
-10641052.9978,3483647.9408000037
-10641471.1981,3483601.6567
-10657364.1584,3504223.7415999994
-10652378.9241,3503671.9570000023
-10652745.7432,3503276.2053999975
-10652553.2031,3503462.5546000004
-10652457.5904,3503402.1701000035
-10595991.7684,3494720.2141000032
-10595760.9381,3494688.8313999996
-10595815.6221,3494740.9494000003
-10633928.2859,3466539.273199998
-10567576.0698,3474721.7633000016
-10578795.6242,3448969.4126999974
-10593223.5908,3512102.706100002
-10593133.9082,3512283.139899999
-10593195.8584,3512500.487400003
-10593199.7888,3512388.4016999975
-10593453.2869,3512708.090599999
-10638022.8279,3491517.4108000025
-10626146.8405,3512900.4787999988
-10625916.8077,3513193.9569000006
-10626014.2548,3513254.3933999985
-10626036.0696,3513157.674999997
-10626078.3056,3513157.130400002
-10581506.7547,3450409.8960999995
-10581552.6303,3450137.4957000017
-10637108.5703,3506375.817900002
-10636835.4504,3506328.622299999
-10636964.8094,3506338.1828999966
-10594667.6291,3505241.0003999993
-10594289.3047,3505787.7005999982
-10597431.7297,3501160.2114999965
-10597365.5016,3501210.485799998
-10597381.1932,3501261.117700003
-10665542.3929,3480465.1448
-10653327.3126,3501446.4941999987
-10653444.1426,3501470.9802
-10595776.4551,3494950.0913999975
-10595685.2185,3495121.4618000016
-10649286.401,3466602.6437000036
-10648949.8039,3466537.3818999976
-10646015.4652,3518324.5788000003
-10646126.5801,3518380.4165999964
-10645613.2846,3517357.6407999992
-10645520.5938,3517204.844300002
-10645471.5497,3517056.8646000028
-10645570.2686,3516987.1701000035
-10645413.546,3516930.0714000016
-10645108.4568,3518383.3972000033
-10629027.5245,3501122.5085000023
-10588409.1252,3453301.231700003
-10588274.8727,3453517.8806999996
-10588901.1485,3450417.1806999967
-10588825.0604,3450471.4409999996
-10638329.506,3494651.1327000037
-10638342.0812,3494507.663400002
-10656948.8464,3472035.4968999997
-10651155.8099,3490398.992399998
-10651223.0461,3490621.4059000015
-10642690.5699,3505877.2465000004
-10642627.2932,3506001.2148
-10642455.6887,3505998.422200002
-10642472.4258,3505896.106399998
-10642407.8227,3505590.6981000006
-10642472.1493,3505691.6186000034
-10642499.6996,3505462.4963999987
-10642563.2343,3505790.1789999977
-10589101.1544,3458192.6643999964
-10622350.3701,3511790.2431999967
-10622734.5113,3511965.9268999994
-10622824.1536,3512229.9997000024
-10635541.5245,3490540.8928999975
-10635677.526,3490167.5779
-10631680.1323,3511921.4280999973
-10631517.9788,3511645.9979000017
-10631448.5532,3511803.063000001
-10655889.7007,3484267.313699998
-10656096.1362,3484244.280000001
-10638206.432,3493567.615500003
-10638485.3558,3493433.8572999984
-10638554.3221,3493439.967
-10638548.0846,3493522.389200002
-10638613.8175,3493524.4179999977
-10603408.719,3453354.6775999963
-10659800.0069,3472037.6674000025
-10636463.3543,3505344.961199999
-10636328.9156,3505563.707999997
-10636269.7616,3505468.7939999998
-10651464.8585,3494394.0062000006
-10651395.36,3494363.422600001
-10651182.0479,3494519.517499998
-10656268.3859,3472271.3345
-10656378.0731,3472084.5449
-10660014.7704,3472647.4868
-10660337.2801,3472642.6411999986
-10660337.6466,3472837.4733999968
-10660286.257,3472706.983000003
-10660227.6789,3472707.519199997
-10660169.7909,3472707.682099998
-10660266.4411,3472765.5933
-10660189.3599,3472802.8456000015
-10660266.6554,3472861.1488000005
-10645407.4617,3502589.844999999
-10642508.3247,3467150.6516999975
-10642455.8904,3467137.7798999995
-10631352.0153,3505701.0759000033
-10631052.3539,3505764.846000001
-10655142.8053,3471565.4570000023
-10655099.959,3471612.5749000013
-10655012.2459,3471817.1084999964
-10654964.031,3479007.9263999984
-10654906.8401,3479063.5951000005
-10644794.4346,3503562.4372000024
-10582617.2792,3460298.8862000033
-10582470.8562,3460340.1740000024
-10582661.8039,3460336.9771
-10582315.9277,3460304.331799999
-10582423.8085,3460398.1406000033
-10587450.5187,3463814.8889999986
-10652424.5584,3475072.530100003
-10652515.5101,3475407.088299997
-10644941.079,3491166.5986
-10595336.9108,3503663.418200001
-10595437.0048,3503715.1061000004
-10656802.7043,3510799.197800003
-10656253.2729,3511358.4558999985
-10654470.7635,3474421.058799997
-10654403.3367,3474226.368900001
-10654208.2644,3474493.5424999967
-10654263.6235,3474244.257799998
-10625820.7436,3471854.154299997
-10650001.3758,3499464.9351999983
-10650142.2188,3499480.4504999965
-10649582.6198,3499366.8192000017
-10649346.25,3499817.8769999966
-10649435.2101,3499782.512500003
-10637856.9843,3507448.764200002
-10637947.5483,3507384.791199997
-10638524.8281,3507750.6028999984
-10638531.6308,3507784.174800001
-10656637.0517,3470597.210500002
-10646333.0597,3518898.054200001
-10625920.5564,3499621.916500002
-10625876.1366,3499493.0518999994
-10625807.5748,3499680.5163000003
-10625554.65,3499583.9551
-10625720.123,3499804.0551000014
-10625549.5354,3499808.4897999987
-10625491.0455,3499652.9811000004
-10609638.894,3507079.7488999963
-10637831.7582,3492682.6789999977
-10637884.2857,3492889.2189000025
-10637845.845,3492838.4327000007
-10627646.1543,3511981.5103999972
-10627748.1197,3511942.9683
-10627820.1859,3511755.9587000012
-10627684.8789,3511615.1108999997
-10665572.8206,3480748.966600001
-10665334.1785,3480707.027900003
-10665422.944,3480796.9474000037
-10591462.1001,3514782.4047000036
-10591004.6167,3514201.158699997
-10594832.1684,3507877.992200002
-10595426.7217,3507870.8117000014
-10594981.9451,3478174.044200003
-10595052.5734,3477953.909699999
-10648144.8178,3492211.757299997
-10648125.2004,3492202.6257999986
-10648076.3969,3492116.0636000037
-10648208.1802,3492150.6854000017
-10657434.0855,3470707.166100003
-10657494.8672,3470739.186800003
-10657029.9744,3470306.6401000023
-10581313.6734,3460703.0446999967
-10581314.6729,3460766.7919000015
-10581319.3877,3461041.146399997
-10641607.3695,3483646.161899999
-10656996.4365,3504113.0275000036
-10656995.9586,3504061.227600001
-10628347.1551,3514413.477300003
-10628346.6505,3514297.185800001
-10644080.1605,3493691.446999997
-10643952.0661,3493736.125
-10643885.5791,3493658.5684999973
-10643814.7432,3493621.4243
-10643915.7724,3494267.694600001
-10654085.3758,3486353.4944999963
-10642486.6243,3504732.033
-10642209.5399,3504789.503899999
-10650588.8256,3494269.101300001
-10650555.8775,3494554.0107000023
-10650672.3519,3494364.3325000033
-10634983.2889,3501682.798600003
-10634909.4237,3501698.099399999
-10634923.9541,3501624.193400003
-10649467.3183,3501544.2470000014
-10649035.0072,3501644.578400001
-10648889.6281,3501604.226599999
-10648176.4523,3491476.107500002
-10596023.8465,3511014.5502000004
-10648192.6047,3467832.0974999964
-10648196.7605,3467854.8844000027
-10648138.7451,3467832.792800002
-10648103.9086,3467879.6345999986
-10631958.9361,3511465.0106000006
-10632363.185,3511765.5081999972
-10632420.4318,3511591.212899998
-10632438.4726,3511501.6489999965
-10597017.9033,3502809.808799997
-10597059.9697,3502755.1338
-10655935.0417,3470856.429700002
-10656032.2359,3470862.6172999963
-10656136.0827,3470862.7316000015
-10655423.3785,3471240.0670000017
-10655580.8846,3471235.224100001
-10655583.4144,3471343.022399999
-10626759.1817,3472083.9702999964
-10626759.6596,3472069.7632
-10616785.0674,3470292.7184000015
-10616756.0986,3470237.8944000006
-10642988.1608,3509653.389899999
-10642976.504,3509581.793399997
-10643041.3177,3509518.8100999966
-10645931.088,3503131.011500001
-10645800.7428,3502862.961599998
-10645954.1548,3502960.6810000017
-10645988.8409,3503450.4174000025
-10645670.4294,3503589.4988999963
-10641990.1664,3493738.219300002
-10641755.5204,3493250.6317000017
-10641754.5215,3493406.048799999
-10641668.2904,3493029.0094000027
-10641568.9835,3493109.6185000017
-10641646.8883,3493173.802500002
-10588225.5871,3453799.8378000036
-10588313.1397,3453906.093000002
-10588096.6006,3453695.3417000026
-10588023.4893,3453808.1212000027
-10629091.0553,3504923.233400002
-10629094.5886,3504794.973099999
-10629089.9204,3504825.6405000016
-10648019.4508,3492422.841600001
-10648056.7631,3492317.1761000007
-10647816.641,3492479.591499999
-10647748.4924,3492480.1884000003
-10635718.0874,3490060.3105000034
-10667681.5383,3480733.2095
-10667117.0521,3485171.534699999
-10603579.0548,3452523.4219999984
-10603525.6666,3452611.467500001
-10603518.2663,3452527.4579000026
-10603338.94,3452536.5697000027
-10587731.6894,3453343.154299997
-10658310.8777,3471385.2246999964
-10635512.8577,3488607.4284999967
-10635282.6352,3488672.641999997
-10585024.1684,3459450.9878999963
-10585341.6273,3459230.675800003
-10585138.5292,3459268.367700003
-10585316.4059,3459385.6745000035
-10598648.315,3499267.1301999986
-10598685.1108,3499362.0041000023
-10598542.2408,3499431.2216000035
-10616723.628,3470478.7075999975
-10640696.8999,3499684.6679000035
-10641647.9375,3498524.0676999986
-10641949.9677,3498381.7749999985
-10641910.4781,3498423.068099998
-10641767.9153,3498365.7128000036
-10641756.9474,3504044.1341999993
-10641864.0297,3503958.5222000033
-10642111.2971,3504090.281800002
-10641920.3638,3504069.8378000036
-10643274.6367,3488444.3805000037
-10643589.8403,3488354.4793
-10643582.6928,3488505.1410000026
-10578848.4329,3448503.3323
-10578750.2217,3448632.2661999986
-10641170.3229,3483983.3792999983
-10641316.6147,3483915.898199998
-10641440.1109,3483979.1384000033
-10594443.2468,3443086.155100003
-10580866.1277,3450906.0801
-10580792.6396,3450808.6039000005
-10581215.2782,3450416.1916999966
-10581211.6259,3450453.864500001
-10581216.0756,3450828.1812999994
-10581159.3079,3450606.610100001
-10654988.5073,3479219.5995000005
-10660956.7798,3479875.9447000027
-10660299.2274,3479932.5622000024
-10649160.455,3466775.773500003
-10648994.5143,3466977.8202000037
-10649019.5891,3466639.344300002
-10594517.2953,3504972.181400001
-10594479.9136,3505128.5599000007
-10594377.7403,3505250.844700001
-10594089.2529,3505395.065899998
-10594076.2012,3505409.416500002
-10594049.7057,3505438.5485000014
-10594022.1072,3505469.601400003
-10593986.6168,3505518.480700001
-10658216.3611,3472039.7387000024
-10584227.051,3512529.8971000016
-10656057.631,3472013.849600002
-10636933.1608,3506477.5119000003
-10637033.6604,3506479.3618
-10593452.3722,3512539.5143000036
-10667172.7482,3476958.898599997
-10652711.2045,3513630.3467999995
-10652709.9761,3513541.9221
-10625213.301,3509795.9130000025
-10646410.4695,3492397.8062999994
-10643336.9625,3509070.5913999975
-10643247.4633,3508577.369400002
-10641871.9146,3492961.5922000036
-10641938.477,3493264.9258999974
-10641990.5976,3493186.025600001
-10642038.9952,3493072.0825000033
-10653314.7988,3500647.9777000025
-10653640.7261,3500555.753700003
-10653442.3031,3500872.9536999986
-10653518.766,3500903.4575999975
-10653670.947,3500705.0046999976
-10653615.1194,3500850.546400003
-10631414.7732,3508109.947999999
-10616667.9588,3508767.2295999974
-10579570.152,3475734.5813999996
-10579573.7792,3475643.3721999973
-10579598.3235,3475892.4158999994
-10594763.8156,3514216.2365999967
-10594678.5431,3514205.2162000015
-10594544.853,3514303.462099999
-10646167.9323,3503262.346900001
-10646507.9305,3488442.446999997
-10646770.8282,3488481.8061999977
-10601447.1798,3509364.434799999
-10625912.0735,3509128.141599998
-10625805.3304,3508961.8803000003
-10625710.8931,3508884.1378000006
-10626600.632,3499511.9398000017
-10626319.1232,3499516.4591000006
-10645123.3577,3491207.3310000002
-10645030.5642,3491403.6147999987
-10651888.3636,3503550.484700002
-10651722.3542,3503318.4091000035
-10657874.3258,3505052.4750000015
-10658015.7165,3505124.080499999
-10643862.7373,3486091.0834000036
-10594436.3756,3478965.6812999994
-10594305.0859,3479000.931400001
-10594305.1294,3479039.882799998
-10594223.9583,3479673.8769000024
-10594310.3603,3479387.634499997
-10641627.1835,3504443.491899997
-10641719.8006,3504448.070600003
-10641665.5587,3504308.159599997
-10641446.6289,3504438.645499997
-10638762.8697,3475214.856399998
-10585829.1986,3459315.285099998
-10641881.4785,3503169.2462000027
-10641880.3225,3503403.7163999975
-10591797.6345,3515183.7699000016
-10645108.1989,3473771.8999999985
-10645072.955,3473803.087200001
-10655029.4529,3487249.8884999976
-10654986.6566,3487154.8632000014
-10654943.8607,3487059.8389
-10617823.4481,3468767.1340999976
-10646242.1967,3503133.0540999994
-10646111.6415,3502821.672700003
-10650299.555,3494989.4439999983
-10650393.8038,3495096.9614999965
-10650505.9623,3495073.9297999963
-10650525.2594,3495081.5534999967
-10650536.5507,3494893.3740999997
-10650404.9292,3494902.438699998
-10650362.0288,3494901.496299997
-10650412.8547,3494678.774099998
-10650514.5931,3494770.6788000017
-10639883.0262,3492980.6488000005
-10639881.6839,3492952.397500001
-10638087.2386,3492934.5852999985
-10638168.7855,3493135.0808999985
-10654716.1197,3480899.397399999
-10654661.2823,3480785.2924000025
-10589371.337,3514573.8368000016
-10589961.4353,3515062.6209999993
-10641372.3855,3503359.694799997
-10616517.3264,3470048.5003999993
-10634281.8663,3460071.0141000003
-10634474.9619,3460011.765900001
-10653381.0268,3473733.3566000015
-10593374.7706,3506459.8192000017
-10655117.4429,3481473.363499999
-10655192.6352,3481369.606700003
-10619516.6615,3470907.026299998
-10628998.4401,3475319.8136000037
-10649708.7357,3490950.886
-10627439.4794,3509761.2810999975
-10614433.6654,3465702.011500001
-10614379.1495,3465585.1278000027
-10614362.6883,3465525.9618000016
-10643925.9082,3508467.6383000016
-10643787.7696,3508443.4004999995
-10643592.3604,3508454.342799999
-10643662.2023,3508462.233400002
-10643478.3341,3509173.0715000033
-10643392.9148,3509262.0543000028
-10643552.2614,3509255.5502000004
-10643620.9454,3509235.072800003
-10593457.1794,3512328.549900003
-10595738.4923,3503653.8863999993
-10595652.8082,3503430.158399999
-10595720.8964,3503465.6799999997
-10595772.3979,3503510.420900002
-10595713.389,3503721.9368999973
-10654285.6248,3486807.5097000003
-10654271.8507,3486669.8554999977
-10654365.1541,3486611.282700002
-10616557.1982,3470172.6982999966
-10635525.2218,3508233.0342999995
-10576879.3764,3449411.0007999986
-10576938.168,3449442.6186000034
-10577030.8632,3449357.011699997
-10577322.3071,3449254.907899998
-10577310.8958,3449165.350400001
-10577088.5208,3449461.284000002
-10576961.5108,3449599.473899998
-10576938.232,3449495.2031000033
-10576858.626,3449486.1975999996
-10649627.9916,3499933.2726000026
-10649621.2947,3500001.1471000016
-10649222.6077,3500097.517499998
-10649221.2993,3500031.572999999
-10649557.5092,3500391.4177
-10649706.6203,3500205.210500002
-10644208.0917,3505397.2216000035
-10644412.0308,3505433.2435000017
-10640884.5183,3499644.911600001
-10640907.855,3499785.7893999964
-10640836.8949,3499884.9777999967
-10639890.425,3493222.1614999995
-10640123.5908,3493241.2421000004
-10644892.081,3491229.1921999976
-10644704.8129,3491406.4958000034
-10644612.5691,3491265.311499998
-10578891.9008,3450428.274700001
-10578928.0282,3450252.6947000027
-10579236.9046,3450317.4168
-10579398.4775,3450380.0134000033
-10579396.7812,3450304.986299999
-10621432.3329,3471288.6514
-10610123.007,3506900.7540000007
-10642268.0809,3467438.1114000008
-10657641.3992,3504476.632100001
-10657425.9759,3504254.608000003
-10657413.927,3504318.8508
-10657443.642,3504322.277800001
-10657518.9533,3504491.3337000012
-10657411.9156,3504361.295000002
-10639565.5868,3497437.1904999986
-10639456.6397,3497593.662900001
-10621478.5833,3473798.7947999984
-10644247.0594,3493509.733099997
-10570726.5606,3466280.474299997
-10570766.0251,3466075.1208999977
-10650125.7307,3496604.3310000002
-10649683.3248,3496226.398400001
-10657376.2604,3504754.1997999996
-10642565.3946,3509715.850900002
-10642568.5378,3509771.3933999985
-10642190.9618,3467454.0036000013
-10642203.8787,3467640.7457000017
-10642053.4979,3467566.1268000007
-10645488.5317,3471101.1269000024
-10646049.3413,3471059.365199998
-10628932.2353,3477119.1493000016
-10628874.494,3477118.862999998
-10635247.8108,3489959.862800002
-10635390.0101,3490143.1274999976
-10635323.788,3490252.0108999982
-10646486.8504,3488885.6445000023
-10646423.7808,3488583.697999999
-10639583.5098,3493227.884300001
-10656870.3695,3471415.899099998
-10656786.1889,3471477.8954000026
-10656862.3884,3471524.303000003
-10656839.6633,3471531.8496999964
-10650223.8081,3496458.0596999973
-10650173.3339,3496360.3801999986
-10650205.8261,3496027.2804000005
-10649892.9482,3496181.3489999995
-10649976.901,3496203.087399997
-10619198.7218,3473279.1269000024
-10628689.1192,3510015.6831
-10658554.5425,3481776.0238000005
-10658801.245,3481776.215099998
-10658787.7539,3481715.3702000007
-10658476.2413,3481157.8478000015
-10658494.9589,3480929.3816
-10658581.0769,3481003.712099999
-10658567.7396,3481104.311300002
-10657610.6536,3505014.2004999965
-10657481.1174,3505004.151900001
-10581947.2663,3459575.4487999976
-10581860.7965,3459576.9646999985
-10582020.5785,3459535.4883999974
-10581968.9931,3459479.2368
-10581963.0385,3459440.453400001
-10582004.2881,3459440.0662999973
-10649740.7881,3500244.153099999
-10649809.7555,3499753.0437999964
-10650710.7523,3494845.6115999967
-10650814.1386,3494966.4746999964
-10594667.6606,3443661.3467999995
-10594521.5831,3443464.0962999985
-10594633.9547,3443591.637599997
-10648538.6838,3491461.233400002
-10593321.8498,3441909.246600002
-10644622.8004,3490813.8411
-10616833.2655,3475644.6689999998
-10651756.2359,3488613.2646000013
-10652069.6236,3488463.2207999974
-10651785.3904,3488449.055399999
-10631979.1181,3466861.7787000015
-10631926.8056,3466872.3225999996
-10632018.3844,3466751.5830999985
-10631951.2763,3466841.2617999986
-10658666.5731,3480613.5156999975
-10639574.2002,3493442.300300002
-10639645.9323,3493385.5166999996
-10642691.114,3483677.802000001
-10642596.1473,3483586.372100003
-10642625.1477,3483582.9147000015
-10642413.574,3483616.9417999983
-10646139.9639,3518484.907399997
-10585959.4194,3451050.222099997
-10585897.8403,3451042.7717999965
-10626819.2369,3472569.0023000017
-10626711.9596,3472554.9311999977
-10626006.2269,3493219.5363000035
-10625913.7591,3493042.1133999974
-10625684.8137,3493066.286600001
-10625718.369,3493147.1356000006
-10625601.0663,3493215.7533000037
-10625898.1843,3493166.005599998
-10598840.9421,3501165.1147999987
-10598755.7397,3501023.844300002
-10645321.9172,3473719.373800002
-10658283.8129,3471735.8620999977
-10658009.4001,3471893.075199999
-10629833.7628,3498070.512699999
-10629128.7576,3476855.1120000035
-10643121.1252,3488385.6840000004
-10648619.921,3491593.331699997
-10648613.59,3491507.0688000023
-10616681.3221,3470229.7283999994
-10588763.8533,3457713.482500002
-10588924.6526,3457950.3960999995
-10644870.0328,3466154.2458000034
-10645108.8799,3466218.4856999964
-10644935.9433,3466220.174800001
-10645001.0695,3466219.9054000005
-10584206.264,3513440.1472000033
-10583758.3046,3513441.637000002
-10640034.743,3494575.8319000006
-10639917.8593,3494735.325199999
-10640026.9202,3494835.6494999975
-10639991.9038,3494896.6889000013
-10653044.1946,3475211.6338
-10600122.4802,3448897.530500002
-10600210.9724,3448889.5815000013
-10600034.9906,3449027.434799999
-10629326.6168,3492756.640900001
-10629029.5504,3492814.7421000004
-10631250.36,3497720.3932000026
-10603682.7666,3453096.3341000006
-10603592.9809,3453207.5132
-10603442.6948,3453164.218000002
-10603403.9937,3452996.054899998
-10603407.682,3453238.8060000017
-10603352.4795,3453185.0703999996
-10647935.0083,3467731.597599998
-10662617.3541,3478512.276900001
-10646980.2839,3492533.6089999974
-10647142.6708,3492434.409699999
-10646931.7858,3492348.2519000024
-10567424.9982,3474050.4816000015
-10589229.8331,3515054.7113000005
-10588408.1788,3515208.0691
-10587969.9164,3515148.278300002
-10627699.5732,3466569.793200001
-10590494.9085,3459278.351300001
-10639204.7012,3507625.938500002
-10639126.081,3507750.651100002
-10639443.7175,3507779.3849000037
-10620172.143,3472207.686300002
-10625525.2287,3513087.2765000015
-10625559.3732,3513066.6039000005
-10625498.77,3512967.7968999967
-10625539.4127,3513228.4328999966
-10581734.7515,3478589.570100002
-10640350.4502,3468058.240500003
-10640308.8137,3468041.9918000028
-10640245.7721,3468434.7924000025
-10639550.4606,3467771.1709999964
-10639848.9752,3467705.4948000014
-10656814.7664,3469860.590999998
-10653792.5188,3500421.666199997
-10653781.9216,3500707.9811000004
-10650910.5635,3501755.992899999
-10650886.0082,3501583.099600002
-10650754.6945,3501556.1592999995
-10658796.9056,3472350.190200001
-10658789.3716,3472112.9285999984
-10658385.8857,3472299.3192000017
-10658312.9169,3472175.1489999965
-10658304.7871,3472123.764899999
-10658679.4334,3472318.1662999988
-10658385.7157,3472180.906499997
-10658603.7106,3472279.9086000025
-10658698.6898,3472279.0134999976
-10658588.5657,3472107.3856000006
-10642438.5953,3506205.6089999974
-10642583.9834,3506115.9191000015
-10642422.7459,3506031.962700002
-10642618.0152,3506594.6702999994
-10622721.762,3516166.9927999973
-10622660.2248,3516152.5073999986
-10622722.039,3516412.2967000008
-10580327.164,3450117.8989000022
-10579994.6623,3449861.7277999967
-10579699.5484,3449900.1911000013
-10581142.0223,3461079.6831
-10581100.2027,3461080.1410000026
-10634565.5803,3459885.8407000005
-10634698.7301,3459788.8219000027
-10634674.379,3459835.837399997
-10627690.8636,3510988.435800001
-10627767.0336,3511053.4975999966
-10638346.7608,3507555.158399999
-10638293.6702,3507696.6273000017
-10638120.8278,3507952.8611999974
-10627774.1048,3511743.5524000004
-10589050.5066,3451480.916500002
-10648360.5482,3491923.2040000036
-10648384.3435,3491790.8647999987
-10585831.6227,3459565.975400001
-10585819.6346,3459580.8093999997
-10585608.7639,3459532.5036000013
-10585509.7658,3459574.7075000033
-10624518.9826,3467654.4135000035
-10624541.4473,3467669.6950000003
-10593773.2502,3505998.902999997
-10593882.494,3506096.3627000004
-10593843.9481,3505581.2212999985
-10593552.3849,3505334.5648000017
-10628534.5444,3456819.3214000016
-10628332.5694,3456990.6899000034
-10628375.0455,3456670.2498999983
-10585578.9233,3459407.1965999976
-10585386.1153,3459383.624300003
-10638888.7203,3499817.6592999995
-10639017.5567,3499909.8228999972
-10638918.1963,3500094.5868000016
-10623028.319,3463180.232500002
-10622941.1479,3463275.491899997
-10623094.3722,3463268.173100002
-10623078.0213,3463251.2986999974
-10642291.2592,3508645.031000003
-10642325.8608,3508877.5568000004
-10642337.8734,3508971.1674000025
-10641734.8278,3509193.6141000018
-10641779.564,3509074.8891000003
-10594425.1487,3505853.227499999
-10640071.9979,3497792.731899999
-10621427.6316,3475069.0639000013
-10643539.6708,3500824.362499997
-10657891.0221,3480477.825199999
-10657853.5767,3480292.0628999993
-10627732.6773,3456144.1718000025
-10641689.7718,3484737.8061000034
-10641595.2503,3484452.2546999976
-10641544.5697,3484515.647
-10640732.0459,3484699.6114000008
-10640713.7834,3485179.0275000036
-10640712.034,3485202.2371999994
-10650167.5051,3495127.541100003
-10650018.5313,3494830.282300003
-10649994.5473,3494775.7290999964
-10649836.3211,3495054.2167000026
-10649871.983,3495281.978
-10649988.7511,3495823.8183000013
-10650079.5415,3495842.8396999985
-10650167.3886,3495516.5207
-10653136.2979,3477162.3830000013
-10653202.5529,3477038.593000002
-10643742.7259,3465674.6347000003
-10585350.0454,3459487.7951000035
-10594848.0934,3502618.8818000033
-10594809.5849,3502261.1393000036
-10642213.1982,3509975.1467000023
-10593133.9761,3512499.8884000033
-10593131.3661,3512669.7343000025
-10593301.5353,3512932.5700000003
-10593432.2403,3512998.8957
-10618161.7947,3470836.0143000036
-10587865.2672,3453750.264399998
-10587694.2536,3453546.596900001
-10639431.8463,3508380.258299999
-10639636.0321,3508410.0825000033
-10639662.6396,3508417.061800003
-10594509.6309,3505606.317400001
-10594302.8029,3505588.0434999987
-10594079.5614,3505575.401900001
-10597984.864,3501341.8861000016
-10597909.167,3501300.3148000017
-10597636.3285,3501528.2947999984
-10597480.663,3501547.688699998
-10649749.639,3500613.338600002
-10649396.7501,3490552.588799998
-10641686.9204,3509238.306900002
-10656108.85,3480924.3319000006
-10655959.4215,3480983.2436999977
-10645681.4115,3494897.3197000027
-10645834.2688,3494683.095200002
-10594553.3613,3514802.1860999987
-10594799.6603,3514367.5785000026
-10594936.8892,3514397.6154000014
-10656713.1103,3470230.0878000036
-10656691.2647,3470223.2013000026
-10656582.6385,3470053.991899997
-10592601.1604,3442331.330499999
-10592559.2055,3442241.2641000003
-10586853.0127,3463622.5128000006
-10586960.5722,3463551.141599998
-10586907.3066,3463654.0024000034
-10650556.6033,3495888.2484000027
-10650313.5757,3495773.3312000036
-10650311.9734,3495710.114699997
-10591598.7793,3457217.664499998
-10591595.4151,3457060.0540999994
-10649387.942,3486872.4858999997
-10637605.6337,3505427.4201999977
-10637542.611,3505442.6407999992
-10654473.252,3486205.5527999997
-10635719.6836,3490869.4844999984
-10635546.9464,3490871.6841999963
-10635518.536,3490546.5719000027
-10645961.4451,3472071.078900002
-10591204.8318,3462292.0979999974
-10622309.4186,3465867.620099999
-10622326.341,3465905.6986000016
-10622384.0139,3465900.9241999984
-10648910.7261,3495494.8643999994
-10648803.183,3495430.0023000017
-10648799.0804,3495052.329099998
-10649232.1716,3495144.144100003
-10649122.696,3495221.7919000015
-10644213.0028,3505954.548600003
-10638988.6984,3499792.237499997
-10602399.8761,3450980.7903999984
-10602748.1664,3450798.5393999964
-10602894.6025,3450994.8633999974
-10602782.7385,3450876.9899000004
-10602950.5376,3450880.284199998
-10649323.2028,3495862.355300002
-10649187.8964,3495527.022699997
-10649341.5996,3495680.396899998
-10649309.5909,3495714.7947999984
-10596050.8731,3494078.825099997
-10625582.462,3511853.9162999988
-10625603.4604,3511662.909900002
-10632135.4398,3503375.8950000033
-10632170.5631,3503357.3018999994
-10650409.7342,3495383.5591999963
-10650470.7434,3495365.6450999975
-10638854.275,3499671.394199997
-10638842.7819,3499566.2760000005
-10635944.8736,3490834.1314999983
-10636016.9312,3490557.4466999993
-10635998.325,3490639.5549999997
-10638397.0009,3507377.3655999973
-10642871.7569,3507709.5996999964
-10638674.1104,3520250.0176
-10638724.6916,3520041.4064000025
-10638595.9684,3519914.1851999983
-10616647.3401,3470466.7007
-10627656.4065,3466636.702799998
-10629680.8914,3471999.0856000036
-10593636.6423,3501767.298799999
-10593801.3227,3501611.6162
-10635615.6824,3495372.9846
-10636050.1714,3495287.106700003
-10636014.8586,3495224.582999997
-10635858.1154,3495306.2961999997
-10635869.4735,3495339.0766000003
-10648058.7522,3492905.4694000036
-10647117.5026,3504613.064000003
-10647249.1636,3504619.896899998
-10647079.8084,3504085.105800003
-10629645.6875,3493228.7968999967
-10629615.5704,3493207.7580000013
-10629683.2993,3493209.3021000028
-10629729.5711,3493233.549900003
-10648291.8886,3503923.0025999993
-10648715.0,3504024.1118
-10648895.9408,3503784.3527000025
-10641635.6874,3493615.4099999964
-10641789.0755,3493687.5551000014
-10641443.3774,3493719.2896
-10636575.0155,3499977.427000001
-10650845.2056,3490100.802000001
-10650670.2562,3490132.9428000003
-10650708.9861,3490236.1220000014
-10634325.2323,3458531.078900002
-10634325.7571,3458578.7299000025
-10634425.7284,3458442.3757999986
-10634538.7838,3458506.659699999
-10634538.5552,3458489.863499999
-10643410.9532,3486203.1652000025
-10658775.1995,3503698.4103000015
-10656298.6407,3515391.3966000006
-10656288.9719,3514478.3290000036
-10632958.7684,3511000.6064999998
-10656972.9418,3471573.1908000037
-10646724.3765,3492212.652999997
-10646618.931,3492313.640900001
-10628866.824,3501222.4450000003
-10594222.0405,3479767.154799998
-10594154.6837,3479799.8555999994
-10594016.0369,3479708.0637999997
-10594240.9069,3479126.9602999985
-10594084.5216,3479166.4996000007
-10632488.1242,3511823.627700001
-10632546.377,3511757.7694000006
-10644572.8912,3505612.3093999997
-10644579.7786,3505505.237300001
-10601438.76,3510552.0190000013
-10601439.8838,3510532.3051000014
-10631883.6654,3506224.110299997
-10600431.1897,3448206.527999997
-10595189.159,3494758.1824999973
-10595110.5953,3494939.8823999986
-10649143.2634,3499668.9739999995
-10648589.2461,3499082.599100001
-10648982.7053,3499122.8906999975
-10649054.0535,3499069.0659999996
-10648502.1595,3499021.205499999
-10654119.1059,3500895.791100003
-10653931.7616,3500996.621100001
-10653332.2013,3500804.2876999974
-10650067.4212,3488213.1536
-10650224.6347,3488227.2441999987
-10646655.2249,3491929.8632000014
-10631101.4939,3505691.6287999973
-10631021.1831,3505665.4519999996
-10593016.6959,3441511.4240999967
-10593075.0064,3441538.0788000003
-10592810.8949,3441356.9636999965
-10592897.5922,3441498.4646999985
-10587858.3587,3453853.909599997
-10628529.6523,3469502.836599998
-10622180.3719,3468245.639200002
-10621423.2786,3470562.8467999995
-10620523.79,3471130.3537999988
-10628949.1363,3469375.521300003
-10616930.2408,3470196.908200003
-10622698.2339,3474706.0451999977
-10622669.4169,3474703.200199999
-10622201.959,3475054.282499999
-10659096.2226,3503461.8232000023
-10658649.7177,3503890.5565000027
-10658619.6386,3503898.3417000026
-10658999.1578,3503994.5829000026
-10659298.7475,3503817.3792999983
-10659246.8229,3503869.901799999
-10659226.4892,3503720.8332
-10659190.1885,3503759.774899997
-10658985.9127,3503826.8356000036
-10641508.3536,3493417.704999998
-10651197.6323,3490699.1318000033
-10651243.2728,3490661.5006000027
-10653615.764,3483666.072800003
-10653759.9091,3483571.3056000024
-10653948.3731,3483637.7016000003
-10637060.3685,3501135.6538999975
-10636880.8927,3501137.6130999997
-10636879.201,3501029.1268000007
-10636878.4313,3500993.753899999
-10617704.3196,3471444.3967999965
-10588970.07,3451796.4963999987
-10641652.1141,3504485.3757999986
-10649839.1197,3501597.1404
-10649544.5797,3501063.0737999976
-10649362.3654,3501214.0173999965
-10622088.0883,3511550.3949000016
-10623481.2693,3517568.1922999993
-10623554.9333,3517848.885300003
-10623560.3181,3517813.8805000037
-10623517.4016,3517789.584399998
-10626439.2835,3508754.933799997
-10619389.4921,3471206.984700002
-10638216.63,3497454.9503000006
-10638235.4367,3497265.8949000016
-10638328.4214,3497263.4329999983
-10641984.5017,3509884.6252999976
-10630130.8127,3469564.623300001
-10618008.4107,3471565.8044999987
-10616539.5922,3470745.5177000016
-10619294.1983,3471041.963200003
-10591003.2057,3459428.7575000003
-10590942.8888,3459470.3301
-10595493.8124,3456632.0473000035
-10595125.9463,3456999.0769999996
-10595351.5569,3456689.3874000013
-10595369.7857,3456688.9992000014
-10595387.1791,3456688.6116999984
-10595125.858,3456807.342699997
-10589084.8773,3457915.9821999967
-10659147.7484,3481602.705499999
-10658920.4645,3481653.9761999995
-10658862.5873,3481463.555399999
-10658970.4518,3481613.2967000008
-10658956.6671,3481367.4453999996
-10659037.3646,3481575.7391000018
-10654602.4125,3483713.390299998
-10654525.1656,3483714.017999999
-10654327.2415,3483774.7408000007
-10642854.4291,3495191.760499999
-10642685.5246,3495203.8669999987
-10642691.4921,3495180.427699998
-10642549.3998,3495147.478500001
-10626697.5132,3498831.9485
-10626608.3105,3498536.643799998
-10626661.5552,3498656.713200003
-10643195.2221,3500977.308799997
-10643322.9432,3500705.8764000013
-10650154.0782,3500068.582800001
-10650248.9878,3499988.2383999974
-10619245.6752,3471072.2687000036
-10593142.5377,3441287.216600001
-10593619.0892,3441222.496600002
-10593255.4311,3441280.8407000005
-10619819.4954,3473795.2418000028
-10616785.6326,3470099.600100003
-10600891.9203,3448138.709899999
-10600805.9804,3448061.418700002
-10600883.4123,3448006.5720999986
-10589112.3602,3444676.1136000007
-10630657.7779,3477554.4042000026
-10631703.1187,3502319.2743000016
-10631509.4838,3502443.1762999967
-10627848.0335,3512298.318099998
-10595779.8569,3458211.592600003
-10595924.539,3457958.201200001
-10595833.3594,3457969.052500002
-10595660.311,3457972.9824
-10628900.1021,3457173.0556999967
-10628799.0491,3456996.347400002
-10641442.835,3486535.1472999975
-10641494.5521,3486409.263700001
-10642057.9706,3486470.361299999
-10641835.2014,3486271.9529
-10651064.3115,3501387.6184
-10651041.6161,3501354.1761000007
-10650895.2892,3501197.6008
-10650935.2551,3501196.5797000006
-10622620.8068,3474734.6767000034
-10622493.6243,3474737.1630999967
-10587798.1759,3516499.1318000033
-10588779.7327,3515531.4328000024
-10588299.1508,3516322.5427
-10662411.1976,3478492.175499998
-10662217.5521,3478407.1344000027
-10641296.6986,3504770.9146
-10651095.1861,3502293.431400001
-10651117.0103,3502287.793200001
-10651175.8338,3502294.5107999966
-10637298.8784,3506988.9162999988
-10651583.6301,3503867.9541999996
-10651785.1557,3504132.0210999995
-10651836.9413,3504403.380099997
-10651629.3216,3504395.7819000036
-10651838.6932,3504591.1155999973
-10652121.2922,3503952.7227
-10652003.5959,3504214.795000002
-10652052.4577,3504400.237400003
-10636876.845,3500285.9553999975
-10658974.7004,3480864.589900002
-10658824.5178,3480638.3630999997
-10643532.7656,3465259.5824000016
-10643625.3388,3464889.3412000015
-10643570.127,3465197.3814999983
-10643534.0315,3465159.2057000026
-10643550.981,3465103.0019000024
-10643509.6088,3464957.5856000036
-10621337.3105,3465757.3214000016
-10618177.537,3471562.6152999997
-10603929.4058,3461418.5081999972
-10603916.9784,3461551.3527999967
-10604071.0532,3461437.6906000003
-10573824.2871,3473700.9905999973
-10581775.0825,3459947.3772
-10587246.2532,3463843.788400002
-10627384.7823,3467037.126500003
-10609539.4073,3487480.929899998
-10639913.9039,3476253.289499998
-10629124.6958,3492752.889399998
-10645916.8218,3494750.0710000023
-10645772.4951,3494890.867200002
-10645703.9525,3494936.2380999997
-10645694.9136,3494954.2585000023
-10619883.3893,3471574.4853999987
-10654265.5318,3498891.354800001
-10653794.8815,3498733.9036
-10653703.7056,3499009.0508999974
-10653939.3727,3498859.289499998
-10654135.6723,3498950.171400003
-10654135.4773,3498881.545900002
-10631979.9246,3510713.0625
-10631874.2538,3510733.1482999995
-10632199.7208,3510781.3062999994
-10632263.7604,3510641.9130999967
-10632310.2389,3510492.9927999973
-10627313.9399,3512435.7874
-10627160.7267,3512319.2339999974
-10631065.9898,3497984.1767000034
-10631302.4854,3498190.7634999976
-10631150.9925,3497871.552000001
-10605503.1421,3453659.4914000034
-10622750.3325,3483165.275200002
-10622945.1978,3483245.8577999994
-10640677.3316,3468956.8608999997
-10617878.9769,3471750.4503000006
-10617861.3425,3471728.4327000007
-10617810.3358,3471783.8715000004
-10639647.8915,3467999.9714
-10639643.6198,3467953.501699999
-10617553.1782,3471338.517499998
-10639522.9639,3468388.416699998
-10617909.4341,3471470.2817
-10617918.2039,3471419.9065999985
-10621864.9409,3473987.6931999996
-10629635.8172,3470476.684600003
-10612548.9805,3508121.9957000017
-10612783.7942,3507810.2030000016
-10618519.2169,3478523.527599998
-10640337.2535,3505809.5451000035
-10640057.3366,3505911.5798999965
-10599108.0939,3508084.6999000013
-10599081.9959,3508250.6875
-10599646.5444,3456630.8254000023
-10619497.8199,3470381.1718000025
-10619497.4427,3470354.6862000003
-10618418.9437,3470513.0890000015
-10616491.6504,3470246.644199997
-10645104.8068,3487090.7927
-10594864.1551,3503926.767999999
-10594767.751,3503681.0546000004
-10644734.4926,3505568.8066999987
-10644736.1755,3505338.344800003
-10619204.1864,3473535.1819999963
-10619239.2241,3473520.3197000027
-10619156.891,3473401.0851000026
-10633346.7205,3510992.6662999988
-10633061.4409,3510923.397
-10633267.5109,3511021.9984000027
-10640976.4678,3513673.5352
-10640269.5605,3513696.3935000002
-10640599.6085,3513843.9833000004
-10667808.2143,3479010.019199997
-10667572.874,3479261.0407000035
-10667576.1916,3479327.659400001
-10620938.295,3471390.0342999995
-10635990.5339,3494940.2798999995
-10635950.7672,3494951.2886999995
-10635965.1671,3495058.413800001
-10646260.6193,3471306.5771000013
-10646280.8224,3471306.5834000036
-10646302.4211,3471371.150899999
-10640546.9598,3469419.3532999977
-10640512.2387,3469364.021499999
-10636012.4633,3515013.2912999988
-10636222.393,3514991.6350999996
-10598374.7101,3483398.204999998
-10639697.1423,3497252.4054000005
-10638997.8675,3507990.2709000036
-10651297.7582,3502046.661799997
-10651489.8243,3502071.214599997
-10632114.4952,3467182.9662000015
-10617979.3386,3471618.6793000028
-10623096.0111,3474529.1369000003
-10655116.707,3487190.7146999985
-10655221.9845,3487153.246299997
-10621291.6918,3473749.5601999983
-10662685.4568,3478711.628899999
-10624083.2283,3462197.1476000026
-10625542.0369,3499947.716799997
-10625745.3268,3499920.320799999
-10625708.7272,3500047.5436000004
-10651116.8641,3493779.046400003
-10617729.3469,3471704.3224000037
-10632858.7063,3512272.0819000006
-10574099.7472,3474699.3774000034
-10574011.6736,3474800.742899999
-10652053.4117,3488793.1435000002
-10652111.475,3488791.4887999967
-10659115.8145,3504003.606899999
-10644442.9765,3462323.2431000024
-10644454.0012,3462283.3134000003
-10657631.108,3472029.6347000003
-10657211.8828,3471912.054200001
-10657640.4338,3471772.0427
-10619936.3389,3472105.6225999966
-10619918.2243,3472105.981200002
-10595910.0407,3500959.892099999
-10596000.5021,3501908.160400003
-10596020.4017,3502004.717500001
-10595804.8848,3502272.932400003
-10595695.1042,3502190.9532999992
-10595466.6018,3501700.8615000024
-10627472.5657,3499438.4453999996
-10627486.9396,3499517.4997000024
-10627507.5467,3499688.057400003
-10627513.7147,3499843.9869000018
-10627717.0112,3500010.6721
-10594537.9809,3505838.0495000035
-10636562.3196,3519930.1111999974
-10636315.358,3520344.592500001
-10636303.0151,3520089.8232999966
-10616040.9357,3511172.9065999985
-10615961.581,3510881.105300002
-10648746.1577,3499895.746100001
-10648608.3835,3499792.6999000013
-10648667.1489,3499981.7612000033
-10648592.8991,3499976.1925000027
-10648541.3023,3500016.4540000036
-10648486.1245,3499924.8499
-10648449.9425,3499870.9376000017
-10619436.201,3468292.102300003
-10616388.4024,3470838.9337000027
-10621910.5284,3473468.018100001
-10593971.6057,3505462.817400001
-10594185.7378,3505257.0112999976
-10594215.0392,3505252.4334999993
-10595050.7785,3502279.0688999966
-10595085.8596,3502130.668899998
-10594960.1189,3502343.762199998
-10594958.3595,3502195.5266999975
-10594957.5862,3502132.0900000036
-10594957.061,3502089.8090000004
-10594996.2995,3502279.6876000017
-10641324.7221,3509297.7634999976
-10641325.6933,3509343.6027000025
-10641238.9825,3509344.5429999977
-10641274.545,3509187.8474999964
-10636804.5119,3500301.889700003
-10636449.8989,3500166.9954999983
-10636517.3132,3500310.427699998
-10636623.4478,3500183.101599999
-10643672.0485,3466154.792199999
-10643689.802,3466312.2657999992
-10622414.599,3512201.5238000005
-10622454.7485,3512435.7304999977
-10649529.6654,3501723.9108000025
-10638825.8126,3497341.3242999986
-10638902.3745,3497338.6784000024
-10639049.4484,3497235.376000002
-10638904.2198,3497258.874499999
-10639562.1176,3508881.4466999993
-10639592.3734,3509105.532399997
-10639637.3965,3508858.830600001
-10639736.054,3508924.730700001
-10628852.7773,3456110.689000003
-10628201.9145,3455947.274899997
-10628197.5421,3455964.334899999
-10628166.4709,3455877.5885000005
-10628229.3032,3456088.692400001
-10628097.3338,3456138.513899997
-10627227.8047,3456607.382299997
-10627714.2621,3456598.8554000035
-10627698.4628,3456599.0662999973
-10627572.2529,3456600.696800001
-10627799.1987,3456590.965599999
-10617746.3573,3511931.639899999
-10617517.6974,3511786.0557999983
-10617559.2355,3511756.078900002
-10617568.0222,3471226.0200999975
-10654797.1584,3481329.2343999967
-10654641.2202,3481388.916500002
-10654601.0115,3481409.2506000027
-10654797.6432,3481729.7594000027
-10654839.0777,3481639.2485999987
-10619253.541,3472083.8007000014
-10596511.0611,3493985.012199998
-10596402.8048,3494364.535099998
-10596575.5552,3494351.509300001
-10596511.5873,3494371.8588000014
-10599161.5935,3456270.9504000023
-10599143.8788,3456190.272500001
-10620665.4897,3468371.863499999
-10622856.4589,3514508.900799997
-10623005.5401,3514544.0556000024
-10622945.3838,3514902.8850999996
-10621738.4482,3473950.6033999994
-10635714.5944,3504484.641400002
-10635824.8922,3504700.5961000025
-10629493.2603,3464504.161700003
-10617656.0419,3466253.3847000003
-10617702.2952,3466220.5001000017
-10642665.7651,3470161.4538000003
-10642672.76,3470191.0533000007
-10621649.4835,3473781.670400001
-10650956.9017,3493284.094700001
-10651261.945,3493431.578599997
-10620633.9855,3474028.088600002
-10648796.258,3499974.7070999965
-10648753.4836,3500048.086599998
-10648418.0799,3499900.774899997
-10648306.03,3499784.6898000017
-10655392.3967,3479323.147699997
-10655417.9494,3479269.8500000015
-10623046.9019,3474331.247100003
-10635058.2331,3520420.2588
-10634847.2723,3520377.402400002
-10635790.0561,3520115.3037
-10635783.7092,3519887.8134000003
-10622436.0894,3510911.6696999967
-10622837.2434,3510845.0644999966
-10622745.1288,3511029.6609999985
-10622941.0982,3510962.609700002
-10639845.6933,3509176.1862000003
-10640073.4962,3509056.4793
-10639645.6863,3509478.8169
-10639698.9926,3509399.322499998
-10628568.4575,3492701.2969999984
-10626351.2864,3513156.4673999995
-10626358.8935,3513222.2788999975
-10626237.7009,3512939.8981000036
-10632416.5911,3506538.3918000013
-10625358.1074,3469486.8246000037
-10639018.1757,3499717.9283000007
-10639190.4079,3499602.4714
-10639424.2262,3499780.9294999987
-10639067.6193,3499767.3586999997
-10658982.2129,3480451.8027999997
-10633027.047,3512171.9692
-10633194.5008,3512059.7567000017
-10619773.9057,3473811.2980000004
-10619724.3542,3473754.852300003
-10621648.3135,3478644.1371000037
-10653151.4876,3501606.7848000005
-10652882.6324,3501619.6987999976
-10652881.7688,3501737.462099999
-10652985.1802,3501453.425800003
-10620532.8488,3503540.546599999
-10620256.9882,3503333.333899997
-10617330.9044,3472297.8298999965
-10617371.4437,3472315.001199998
-10641603.9411,3485075.093199998
-10641921.8621,3484438.4268999994
-10642118.7308,3484848.3237999976
-10642017.6056,3484830.4574000016
-10641985.6954,3484753.822300002
-10642059.9047,3484759.0648000017
-10642036.6826,3484892.0182000026
-10641887.3523,3485328.5525999963
-10625917.8494,3496106.9196000025
-10625730.87,3496017.6059999987
-10638980.1144,3511996.789099999
-10639321.9536,3512066.452299997
-10639430.4676,3512053.545500003
-10639327.0264,3512132.5376999974
-10639323.2148,3512263.713399999
-10567773.5698,3474268.2161
-10567815.3997,3474286.1049000025
-10567906.4155,3474271.253899999
-10617945.4589,3471830.473899998
-10619071.515,3473500.775399998
-10639477.5636,3504265.7304000035
-10639608.0814,3504138.9362000003
-10619266.9512,3472379.2026000023
-10619280.1459,3472336.593699999
-10619043.3365,3472325.6828999966
-10637248.4862,3505402.3866000026
-10637196.211,3505429.492899999
-10649208.8242,3466478.302000001
-10649466.0801,3466349.007600002
-10649378.4213,3466476.2478
-10629820.1266,3493372.137500003
-10630003.1677,3493532.4831999987
-10629860.6212,3493249.9025000036
-10640127.4876,3509348.7964999974
-10634676.8977,3460210.4037000015
-10634752.4531,3460107.581299998
-10634756.3257,3460057.5358000025
-10627986.6225,3469223.9563999996
-10595755.6318,3505820.781199999
-10633015.3193,3511917.628200002
-10637291.9338,3507165.806900002
-10637507.2514,3507106.6352000013
-10654483.1343,3479497.050300002
-10654517.3092,3479587.8452999964
-10654240.0995,3479595.766999997
-10614191.7477,3510140.479000002
-10598342.7383,3485468.873999998
-10594168.2927,3459726.6996000037
-10627188.0735,3512069.028999999
-10627188.9465,3511867.3674999997
-10626991.7835,3511924.8646000028
-10653681.3523,3479131.0891000032
-10650643.3122,3495658.4931000024
-10650868.3528,3495729.599399999
-10624267.356,3492444.1890999973
-10624094.9228,3492482.7787000015
-10649027.8787,3491719.3136000037
-10648898.3228,3491778.5678000003
-10648688.3801,3491860.2409999967
-10621875.4521,3473087.140900001
-10631129.6411,3509979.9158999994
-10630912.9108,3510044.3660999984
-10631158.371,3509810.097199999
-10631066.9053,3509785.7993
-10630988.0083,3510163.3061000034
-10630916.0487,3510117.4297999963
-10652054.8213,3489093.217799999
-10652167.2806,3488998.621299997
-10652242.9508,3489046.5339
-10652092.495,3488894.5036000013
-10648620.2335,3503832.9690999985
-10648225.0891,3503692.658500001
-10648300.9871,3503605.561800003
-10642287.2807,3509809.0304000005
-10642218.1799,3509869.043300003
-10623384.9526,3478454.154100001
-10623418.035,3478496.2365999967
-10623513.1751,3478526.5687000006
-10621611.5894,3478978.473200001
-10628355.707,3492349.3039000034
-10628528.583,3492416.563699998
-10628322.9528,3492501.408699997
-10623335.7252,3453899.1391000003
-10623441.9281,3453826.0451000035
-10642420.7825,3495094.137599997
-10627070.8598,3456413.0676999986
-10627342.2198,3456472.6943999976
-10627595.2765,3456404.7995999977
-10627563.7426,3456405.3024000004
-10627462.6082,3456470.3879999965
-10617612.708,3505215.5099000037
-10617508.2141,3505313.1076999977
-10617582.8649,3505166.595200002
-10640792.0577,3497837.0078999996
-10640664.1498,3497970.536200002
-10650981.958,3495134.3937000036
-10626234.352,3509146.1930000037
-10650852.6048,3485641.0151000023
-10650852.7251,3485767.971000001
-10648263.968,3499789.353600003
-10648026.8945,3499721.277099997
-10648140.9805,3499714.8795000017
-10647969.3658,3499903.1811000034
-10648065.3337,3499782.8263000026
-10648325.2953,3500062.840099998
-10648154.7078,3486494.658399999
-10648212.6684,3486428.0754999965
-10648132.4402,3486160.8707000017
-10648189.8637,3486063.6996000037
-10618531.6759,3471730.5644999966
-10636381.3748,3495287.3276000023
-10636359.9225,3495058.248999998
-10636235.3512,3495424.7676
-10636331.0218,3495172.6149000004
-10644249.6969,3489948.4877000004
-10644347.7096,3489800.397399999
-10644314.0428,3489554.1158000007
-10649252.8249,3486074.780000001
-10649211.8834,3485908.1394999996
-10649402.1468,3485829.6268000007
-10649360.569,3485785.7951000035
-10649312.1036,3485785.531199999
-10649302.694,3485861.0900000036
-10649454.0461,3485572.0451000035
-10649398.8439,3485620.4619000033
-10649399.1829,3485636.6955000013
-10649361.8929,3485701.7678999975
-10618861.3173,3473676.565899998
-10618828.5592,3473702.502700001
-10618732.8579,3473779.031499997
-10653356.0226,3477420.5425999984
-10653338.1447,3477688.2956999987
-10599335.6564,3456035.5913999975
-10599053.0816,3455978.755900003
-10599178.5735,3455972.9733000025
-10599042.2819,3456113.0130999982
-10599025.5259,3456031.0154
-10623498.5158,3515986.0591999963
-10644864.8414,3505819.2920999974
-10631325.3756,3498836.9509000033
-10647183.1002,3504189.717500001
-10647447.4359,3503672.7981999964
-10637497.6938,3509676.9272999987
-10650490.8207,3496277.5024000034
-10650391.216,3496366.0722000003
-10621602.891,3465739.297600001
-10640405.9946,3469302.2326999977
-10640579.4534,3468031.5680000037
-10640511.4639,3467857.5480000004
-10640129.6958,3467609.114500001
-10623284.3717,3517700.2009000033
-10623121.0185,3517722.1767999977
-10648294.3384,3492750.8835000023
-10613007.0267,3473381.116899997
-10644156.5504,3508309.3047999963
-10644064.7279,3508034.0217999965
-10643963.3572,3508217.4866999984
-10644108.1456,3508124.0645999983
-10644030.1517,3508186.8976000026
-10652054.1764,3485198.5841000006
-10651892.5356,3485143.3259999976
-10651733.2638,3485144.5901999995
-10644099.8624,3508352.3244000003
-10644217.506,3508643.7366999984
-10644041.418,3508460.3479999974
-10658013.4485,3481289.2457000017
-10657853.9673,3481388.9179999977
-10657798.1998,3481287.4936000034
-10657897.9334,3481290.3576000035
-10629460.4705,3478094.6449000016
-10643940.3923,3508078.271300003
-10644045.6039,3507903.735200003
-10643629.1933,3507840.7661999986
-10643908.1087,3507953.856200002
-10658697.7868,3504134.9487999976
-10658755.2964,3504152.917199999
-10658507.1136,3504100.0068000033
-10659181.3949,3504401.351999998
-10659250.0688,3504382.063199997
-10659165.4732,3504343.4324999973
-10659126.259,3504309.9834999964
-10659275.6181,3504270.755900003
-10658630.1075,3472039.7536000013
-10658545.3485,3472029.1314999983
-10658425.0212,3471842.9547000006
-10658427.2367,3480572.521499999
-10658279.7421,3480382.5505999997
-10658473.9826,3480359.3364999965
-10605941.788,3494937.8884999976
-10605458.463,3495036.267099999
-10605521.8531,3495029.8874000013
-10605352.0454,3495028.822800003
-10605151.412,3494973.1467999965
-10604987.2524,3495055.8303999975
-10604746.9659,3494537.922200002
-10604620.256,3494463.405000001
-10604662.3309,3494794.097099997
-10604635.1693,3494875.199699998
-10604593.3472,3494811.7590999976
-10642495.538,3520113.1788000017
-10642474.7676,3519814.0195999965
-10622470.6714,3515711.5911
-10638462.2534,3465315.362300001
-10638500.6813,3465396.8839000016
-10627607.8783,3466742.2031999975
-10633675.2553,3511710.6904999986
-10633720.9005,3511749.4510999992
-10633775.1119,3511876.6895999983
-10649471.2284,3487533.9711000025
-10653589.8725,3483361.974399999
-10653665.455,3483300.9104999974
-10653833.3428,3483318.5643000007
-10653777.4252,3483328.303199999
-10653742.3277,3483417.248999998
-10641574.797,3486692.378899999
-10641547.8615,3486797.1789999977
-10644697.8179,3506376.0561999977
-10644937.1632,3506379.7311000004
-10644716.1149,3506276.932099998
-10642877.6147,3500900.4214999974
-10626950.8471,3511534.0502000004
-10626939.1603,3511520.769100003
-10626951.393,3511640.7501000017
-10626883.2897,3511551.6893000007
-10626779.4171,3511575.1230000034
-10616237.3382,3470570.0549999997
-10616271.7272,3470632.6675999984
-10616247.7349,3470668.470700003
-10617338.3688,3472264.648400001
-10616674.5206,3470193.9045
-10646231.4412,3471092.9551
-10655988.4545,3481628.747299999
-10628659.3891,3492915.3894999996
-10628432.3583,3493137.474399999
-10628374.9614,3493117.275399998
-10628537.346,3492942.161200002
-10628517.7502,3492794.4491000026
-10628447.9521,3492873.0011000037
-10628464.8332,3492868.1224000007
-10625483.1316,3469551.156499997
-10628348.0192,3511191.706699997
-10628325.774,3511048.5200000033
-10599729.1945,3449147.457699999
-10599759.9606,3449430.042300001
-10602962.8201,3450317.679200001
-10603045.7186,3450385.2031999975
-10602883.0189,3450557.5815000013
-10602799.6125,3450694.2519999966
-10642820.1793,3509137.1931999996
-10591528.9006,3456779.3013999984
-10585757.3851,3450994.7852
-10585798.4575,3450871.800499998
-10626532.8203,3509016.761699997
-10647122.3218,3516491.020499997
-10647247.1721,3516003.282700002
-10647202.6719,3516214.5764999986
-10586081.8249,3444225.0769999996
-10567904.8081,3472861.835000001
-10567851.445,3473113.8105000034
-10567803.0176,3473155.6919
-10567854.1254,3472896.6481000036
-10567840.9431,3472820.0662999973
-10567789.8785,3472749.795000002
-10567817.176,3472684.4794000015
-10605916.9522,3497976.1180000007
-10605856.6185,3497990.9782000035
-10605833.6255,3497858.9804999977
-10573572.3426,3474813.5621000007
-10574701.1166,3478838.9279000014
-10574578.8493,3478835.8772
-10655924.7999,3508407.6270999983
-10640644.5139,3514362.719800003
-10640536.4732,3514365.5163000003
-10595435.9294,3513691.2698
-10595344.4129,3513820.9980000034
-10595135.1436,3514118.0449
-10595063.7625,3514106.1750999987
-10650853.8908,3490707.402099997
-10650258.0314,3485902.4689000025
-10650165.366,3488745.9795999974
-10650058.9336,3488854.858400002
-10650020.2892,3488915.7986999974
-10650045.3166,3488922.0741000026
-10650339.9713,3488676.7474000007
-10619866.6876,3469274.6043
-10636400.1719,3514888.5496999994
-10636227.2174,3514808.1067999974
-10639412.5936,3506547.398500003
-10639503.369,3506380.092299998
-10639413.5891,3506462.0283999965
-10651316.9133,3490205.6806000024
-10649209.228,3490387.0121000037
-10649258.0287,3490189.1750999987
-10649185.4382,3490342.1165999994
-10642102.3947,3508529.3677999973
-10642036.3417,3508505.0596999973
-10642088.6837,3508729.415100001
-10642087.8416,3508684.4331
-10641989.6218,3508589.8792999983
-10641996.5559,3508559.791500002
-10641818.3572,3508539.9245000035
-10641766.315,3508653.6833000034
-10642464.7631,3508921.541100003
-10642253.0964,3509058.8145999983
-10642192.1939,3509079.5363000035
-10649473.5239,3494595.6202000007
-10649049.8109,3494475.7283999994
-10649274.5405,3494604.774599999
-10649077.3191,3494054.7041999996
-10649275.3208,3493889.338600002
-10649318.2643,3493986.7641000003
-10649346.3956,3494092.3139000013
-10649189.9835,3494047.9843000025
-10648902.2237,3493555.4126999974
-10648972.4461,3493562.4551
-10649389.6292,3493710.471000001
-10617719.2176,3472309.4926000014
-10615806.5663,3456036.7436999977
-10615449.9769,3456050.0521000028
-10615548.2632,3456050.810800001
-10622829.3298,3478631.088200003
-10592870.9474,3506636.918700002
-10650359.6111,3494244.722099997
-10650801.5589,3494026.5830999985
-10650684.2552,3493989.9733999968
-10650633.8226,3494019.6669000015
-10650538.7662,3494075.213200003
-10650392.8741,3493954.398400001
-10634280.9752,3520435.365699999
-10599422.8528,3489923.5006000027
-10599334.9723,3489796.6809
-10599562.4584,3489700.6701999977
-10645540.3685,3466142.484099999
-10651291.7769,3501439.8148000017
-10651244.8283,3501251.4483999982
-10651376.6736,3501162.601400003
-10621661.0726,3478643.9191000015
-10621284.727,3473712.3069999963
-10638927.9579,3509030.099399999
-10638872.2997,3509039.016400002
-10602250.2928,3449623.2368
-10602100.8764,3449718.061499998
-10602470.3138,3449889.7808
-10602357.4248,3449940.6889000013
-10602249.2531,3449698.6652000025
-10653086.6414,3501450.3342999965
-10648971.2698,3493362.410099998
-10649077.7104,3493457.8729000017
-10649167.7113,3493497.8433
-10645689.6473,3472902.873499997
-10622199.8742,3473276.864500001
-10622283.0781,3478056.030500002
-10596882.5749,3501221.917800002
-10596736.4273,3501020.3693000004
-10597126.975,3501350.917300001
-10593070.6443,3441036.8729000017
-10592953.4421,3440764.1790999994
-10601247.7204,3447785.1006999984
-10601012.8933,3447483.6479
-10601056.1876,3447403.3323
-10581363.9393,3461115.522399999
-10573251.7036,3480367.5764999986
-10573254.8931,3480390.1072999984
-10572987.26,3480682.5623999983
-10573213.1653,3480582.8808000013
-10573202.7319,3480424.541000001
-10573266.2332,3480047.9904000014
-10573186.264,3479859.6010000035
-10573131.8539,3479805.538800001
-10573307.838,3479944.533
-10640115.2085,3490803.4262000024
-10640025.2605,3490804.9805999994
-10639768.0558,3490209.0018000007
-10639949.1063,3490297.155699998
-10640025.0727,3490740.4257000014
-10639958.4643,3490636.7716000006
-10601843.7554,3455063.9309
-10601727.396,3455104.220700003
-10601508.7861,3455028.640900001
-10601476.9665,3455066.5063000023
-10601760.683,3454859.671599999
-10601515.0642,3454958.0560000017
-10601403.6176,3454886.504900001
-10623511.8616,3476858.6942000017
-10628763.1719,3477085.1318000033
-10630070.8991,3464243.924999997
-10630102.2567,3464284.5533000007
-10633808.1466,3512304.4258999974
-10633681.8948,3512152.592600003
-10635939.8908,3514632.238300003
-10573276.7875,3479124.7031999975
-10641335.3219,3504570.1801000014
-10641193.5958,3504446.0309000015
-10647920.6279,3499415.5549999997
-10648003.7912,3499021.1247000024
-10647924.1818,3499086.0753000006
-10594784.9431,3494015.3822000027
-10594716.5375,3494071.524700001
-10594616.8785,3494066.5609000027
-10594665.2244,3494023.6169999987
-10650602.8229,3494159.480899997
-10650656.327,3494225.8593000025
-10651023.6783,3493913.1011999995
-10651137.3102,3493946.784900002
-10651076.9704,3494117.0983999968
-10595967.5733,3502150.4350000024
-10595443.7872,3502106.5143000036
-10595581.1048,3502370.3753999993
-10587050.1901,3463507.3643999994
-10586956.0698,3463347.334899999
-10587072.2335,3463405.322800003
-10654171.9908,3483595.611299999
-10654146.0376,3483497.1252000034
-10654067.5569,3483615.5044
-10621214.2699,3470302.3320999965
-10659284.2937,3504628.700199999
-10659467.9417,3504891.3835999966
-10650064.5642,3500098.744900003
-10650469.4306,3500044.9574000016
-10650553.717,3500274.8039000034
-10626612.6947,3498254.0824000016
-10626413.531,3498430.0901999995
-10626357.8742,3498472.3699999973
-10591076.9666,3476831.3434000015
-10594793.1884,3494586.0503999963
-10594683.7426,3494664.427699998
-10594540.7695,3494704.1881000027
-10594295.5563,3494887.7446999997
-10594685.9632,3494729.9253999963
-10594506.278,3494963.960000001
-10594444.539,3494913.9147000015
-10623074.5339,3516471.292800002
-10601755.4254,3453490.690399997
-10601791.13,3453600.766400002
-10601615.6824,3453355.2101000026
-10601624.2122,3453435.753700003
-10602877.0628,3449761.3189999983
-10602699.0392,3449988.9711000025
-10602591.3102,3449887.377899997
-10627335.2165,3455778.9822999984
-10624431.717,3465412.601499997
-10620057.3965,3473769.4870000035
-10641156.223,3504242.3950999975
-10628735.9249,3501305.6745999977
-10624049.3569,3497570.838799998
-10642112.5874,3486713.093699999
-10610479.943,3505976.056900002
-10610167.9298,3506018.559100002
-10610542.8766,3506036.577399999
-10610425.4044,3506081.2934999987
-10610373.4561,3506044.5067000017
-10647920.0382,3485420.089599997
-10647629.6638,3485389.212200001
-10647578.0883,3485367.0595000014
-10647573.2981,3485196.9690999985
-10620657.2056,3503228.1371000037
-10620626.7012,3503159.721900001
-10620407.862,3503296.1119000018
-10620333.1034,3503194.342
-10620361.2934,3503084.9218000025
-10651169.1196,3502380.115199998
-10642101.6293,3485307.832699999
-10642055.2262,3485837.8291999996
-10595279.0425,3493926.349399999
-10658862.1848,3504618.5577000007
-10635010.3041,3504926.4773999974
-10634792.3233,3504910.464900002
-10648058.8963,3499619.4758
-10648048.7737,3499576.3982999995
-10647893.9676,3499556.3781000003
-10647818.9717,3499480.3081
-10648129.5859,3499444.2009000033
-10641595.9659,3509732.284699999
-10641739.2683,3510019.8115999997
-10641594.3651,3509910.3922000006
-10641646.473,3509894.191200003
-10641137.3604,3509828.2612000033
-10641231.2665,3509732.5097000003
-10641393.3114,3509732.570600003
-10641469.0348,3509850.6384000033
-10656116.3504,3484760.6450000033
-10591243.5902,3509615.1203999966
-10591541.9946,3509829.350299999
-10588303.6223,3511342.0111000016
-10588845.3185,3511654.434799999
-10635252.9813,3489567.379900001
-10635284.0662,3489537.849600002
-10591417.257,3477388.7892000005
-10591271.099,3477369.7569999993
-10591268.3645,3477537.672200002
-10591197.4505,3477497.8275000006
-10603728.8869,3453082.4169000015
-10604042.9525,3453078.927699998
-10603794.0429,3452794.8483000025
-10603794.2726,3452837.3889999986
-10603890.8417,3452959.2961999997
-10603852.4463,3452990.1960999966
-10603827.8489,3452980.438699998
-10603835.6999,3452787.1679999977
-10603938.7383,3452773.432599999
-10653580.2633,3479464.026799999
-10628420.9949,3456334.2656000033
-10644557.7088,3463220.3938999996
-10644490.0625,3463366.8268000036
-10651962.0265,3501459.5813999996
-10652370.7853,3501233.113300003
-10652519.2183,3501228.5715999976
-10626824.5144,3498473.568099998
-10626934.3548,3498486.774099998
-10638425.2497,3496761.4434999973
-10631253.6088,3505407.5535999984
-10599812.2335,3448928.2493999973
-10599996.3581,3448806.979199998
-10599949.3788,3448774.6775999963
-10599869.5681,3448858.1675999984
-10599872.7071,3448689.094999999
-10625906.4922,3495686.222199999
-10625796.0843,3495796.4585999995
-10625967.7604,3495899.058600001
-10642489.9367,3509541.2470000014
-10642529.0492,3509600.3686000034
-10642402.7528,3509747.9932999983
-10597498.4593,3454885.863300003
-10651525.3469,3490828.095899999
-10651477.4007,3490925.4504999965
-10651703.3126,3494834.6960999966
-10651613.7649,3495042.8757999986
-10651663.5314,3495048.2458999977
-10647239.2741,3503752.449000001
-10647408.5285,3485416.269699998
-10647513.1066,3485424.1045999974
-10647479.0976,3485482.6867000014
-10647498.6904,3485496.417800002
-10647655.5741,3485633.219700001
-10647616.9383,3485618.9442000017
-10655138.8633,3472394.969800003
-10655128.1402,3472324.6269999966
-10655019.0702,3472314.418200001
-10655262.7891,3472278.246299997
-10655192.5441,3472267.061499998
-10643292.7071,3499678.019299999
-10643307.0823,3499692.488300003
-10643468.8523,3499655.502899997
-10643348.2438,3499735.377700001
-10643471.0291,3499860.9318000004
-10643652.7948,3500040.1890999973
-10643760.6871,3499669.5825000033
-10591626.9493,3456354.5248000026
-10591626.7663,3456333.4262999967
-10622022.2679,3478885.495099999
-10644390.4298,3462181.685800001
-10644422.6622,3461985.6426
-10649967.7004,3467478.2344999984
-10649999.2967,3467078.5489000008
-10649965.8132,3466919.982900001
-10650089.0994,3467239.268600002
-10603278.4878,3450500.530299999
-10603176.078,3450607.3664000034
-10642800.2315,3467374.336000003
-10617295.1283,3472163.1128999963
-10597660.8837,3484777.690200001
-10657784.4186,3481855.1137999967
-10658001.0655,3481656.669500001
-10658718.3306,3480133.3237000033
-10658468.6282,3480300.5763000026
-10623969.8363,3461998.865699999
-10640265.9947,3494378.0248000026
-10640147.8075,3494637.3457999974
-10649552.1662,3485920.7783999965
-10649503.6995,3485920.708999999
-10649519.2435,3485881.9025000036
-10649654.6933,3485838.1899000034
-10597616.7282,3514228.2391000018
-10597609.6008,3514384.1603000015
-10597305.5812,3514545.9081000015
-10597450.4756,3514417.7578999996
-10597134.0881,3514161.773699999
-10597326.873,3514155.8281000033
-10596993.5594,3514364.424800001
-10602698.334,3508562.225100003
-10602912.6702,3508466.732500002
-10602926.4571,3508360.4038999975
-10603064.6877,3508326.216300003
-10570690.04,3473659.968800001
-10570881.0331,3473673.740500003
-10593282.8751,3513131.4909000024
-10645532.6848,3470910.476400003
-10638879.7674,3468139.0864999965
-10599757.4026,3448929.4777999967
-10599732.2144,3449083.7427999973
-10599721.2869,3449026.0771000013
-10600145.9295,3448647.9244000018
-10604224.966,3455463.7465000004
-10644998.5244,3507439.259300001
-10644765.2532,3507526.773599997
-10644987.1181,3507755.1203999966
-10644335.0613,3507871.045599997
-10644560.0839,3507749.9880999997
-10571703.69,3473437.346500002
-10631648.7693,3484997.6741999984
-10631690.0315,3484992.091499999
-10642072.7206,3460801.6230999976
-10642031.0704,3460914.8144999966
-10623214.5388,3511298.7827999964
-10623224.3243,3511361.679200001
-10623245.1197,3511682.294200003
-10623153.8636,3511526.8725999966
-10623168.352,3511368.1630000025
-10622919.7626,3517666.8791999966
-10635957.4002,3459317.132799998
-10635883.8704,3459293.3554999977
-10635547.5571,3459344.060800001
-10643980.7053,3463460.714299999
-10644487.9214,3465653.2040000036
-10644579.6736,3465635.281499997
-10619517.6184,3472347.174800001
-10617619.3537,3471729.8013999984
-10616825.5541,3476078.8127999976
-10639444.9641,3460898.949500002
-10639434.3804,3460895.2031000033
-10639297.0323,3460846.3891000003
-10639212.8792,3460816.2512999997
-10639095.8794,3460724.528300002
-10639116.9909,3460731.715099998
-10639127.5266,3460735.4865999967
-10626237.5715,3499986.226400003
-10626152.358,3499774.6194999963
-10626158.9594,3499823.5231000036
-10626049.424,3499904.5672999993
-10597567.6809,3454235.1997999996
-10655534.0036,3515138.3893000036
-10655148.9214,3515842.820799999
-10655285.7301,3515315.4749
-10655271.8451,3515529.835900001
-10655251.0008,3515767.256099999
-10659563.4743,3481262.587200001
-10659516.971,3481231.9010000005
-10659517.2022,3481391.6536
-10659465.1819,3481330.6972000003
-10659384.3279,3481294.6555999964
-10625036.088,3489345.248800002
-10648428.9342,3502969.9540000036
-10648610.4433,3503384.0749000013
-10648578.147,3503401.382100001
-10648273.1786,3503401.876699999
-10648421.7603,3503036.613499999
-10648516.0124,3503178.2996999994
-10648579.1246,3503171.7234999985
-10648557.9891,3503339.9690999985
-10654361.2349,3479408.766999997
-10654298.074,3479410.571999997
-10654249.631,3479374.012199998
-10654331.2005,3479464.333499998
-10594940.9849,3493492.9309
-10595216.2011,3493558.6221999973
-10623807.6962,3462022.5911
-10620325.5898,3473508.380099997
-10624490.5018,3465543.2936000004
-10620976.9469,3503845.7031000033
-10620949.9535,3503916.510499999
-10620957.0962,3503937.6379000023
-10621004.0556,3503997.6128999963
-10620945.9808,3503528.9443999976
-10620905.8386,3503385.0068999976
-10620888.2543,3503385.2590999976
-10621149.0958,3503425.2547999993
-10621149.348,3503442.9258999974
-10641574.1607,3485544.610299997
-10641648.1722,3485455.657399997
-10604128.2851,3494164.833999999
-10604316.9944,3493996.502700001
-10604338.9148,3494199.605899997
-10638767.6774,3499034.5405
-10638898.3626,3498964.4179999977
-10638754.7533,3498931.2497000024
-10638861.1412,3499066.0662999973
-10623167.7774,3498836.0929000005
-10640416.4238,3467298.236299999
-10640398.2415,3467519.5354999974
-10640421.4095,3467443.7146999985
-10654518.173,3488890.1319999993
-10654145.1212,3488796.732000001
-10654306.3622,3488964.6230000034
-10620662.116,3504279.2057000026
-10596828.2271,3501162.4016000032
-10596717.3653,3501294.8619000018
-10596919.2715,3501356.678000003
-10597213.8939,3501507.9591000006
-10597130.4604,3501500.3408999965
-10613970.1716,3509800.2749999985
-10613864.8661,3509636.670400001
-10613975.6413,3509661.7207999974
-10643401.6578,3495273.8874000013
-10594093.9922,3501380.0622999966
-10593730.1156,3501380.9483999982
-10593637.4369,3501443.4359000027
-10654644.8556,3486151.2344999984
-10654603.3367,3486380.2968000025
-10654708.8378,3486551.0593999997
-10654808.1758,3486380.4004999995
-10650705.2492,3493651.103600003
-10650373.9122,3493406.8302000016
-10650417.4772,3493405.779100001
-10650576.5654,3493737.3137999997
-10641933.2933,3495188.467
-10641494.3739,3495224.3784999996
-10641585.8752,3495185.8040999994
-10595284.6381,3495627.872299999
-10595374.0217,3495279.5537
-10595630.809,3495285.041100003
-10595598.1965,3495370.6614999995
-10596099.5263,3495253.380099997
-10644131.7607,3509339.6010999978
-10644170.9776,3509389.7377000004
-10644295.8446,3509073.0647
-10644117.6934,3509177.5002999976
-10644135.1792,3509165.612999998
-10644261.5389,3508730.4245000035
-10644265.9175,3508823.751199998
-10644069.4241,3508885.6032999977
-10656058.5472,3481279.179399997
-10655730.8713,3481277.7770000026
-10655778.4835,3481039.589400001
-10655848.1046,3481186.590499997
-10655868.6557,3481185.975400001
-10655946.2561,3481157.3694999963
-10602638.5591,3449748.174999997
-10627929.6446,3511992.3889999986
-10644322.5263,3470728.1028999984
-10644323.1143,3470772.2967000008
-10663386.2046,3477479.553000003
-10663261.0226,3477454.2289000005
-10663185.8431,3477271.035700001
-10663145.682,3477255.013700001
-10637543.9276,3510670.8335999995
-10637470.7377,3510761.6608000025
-10637494.9146,3510805.8959000036
-10637741.592,3510696.5418
-10637780.8063,3510655.8955999985
-10637808.2939,3510630.460500002
-10637938.0824,3510216.9531999975
-10637740.9176,3510400.388700001
-10644041.6946,3489729.449500002
-10644030.5806,3489888.1143999994
-10644012.9753,3490021.0036000013
-10595538.2637,3501175.286899999
-10596370.3852,3501751.0687000006
-10596521.4136,3501743.2414999977
-10596567.7017,3501588.586000003
-10653680.308,3488971.7267000005
-10653794.3937,3489148.2260000035
-10652446.3218,3482520.9130000025
-10652424.4922,3482336.1565999985
-10626192.1409,3513293.474799998
-10626354.7349,3513385.727499999
-10626354.8523,3513405.7585999966
-10626257.3538,3513540.263899997
-10624556.2869,3482868.295599997
-10613284.5244,3508252.1415000036
-10613082.003,3508169.047200002
-10613082.272,3508074.5151999965
-10612997.4239,3508075.037299998
-10619100.7401,3512198.3030999973
-10619077.568,3512169.577799998
-10634124.339,3512358.774899997
-10633847.8504,3512307.9800999984
-10621954.7405,3474759.670400001
-10588432.4463,3457916.5951000005
-10588360.8738,3457822.758299999
-10588374.394,3457705.3703999966
-10616256.2176,3510710.848099999
-10616611.5727,3510591.3081
-10616621.2754,3510606.9416999966
-10616542.4889,3510685.6300000027
-10597785.4706,3484995.2431000024
-10594823.5505,3504644.4355000034
-10594892.7026,3504316.985600002
-10649637.8786,3493559.485100001
-10649572.5927,3493545.841499999
-10649380.5112,3493292.5688999966
-10649287.3779,3493043.6379000023
-10649684.9429,3493391.358400002
-10649517.5658,3493069.232900001
-10620952.2925,3503282.3778000027
-10621129.5314,3503320.485100001
-10620824.7774,3503226.4968999997
-10621125.3803,3503233.432099998
-10621154.6742,3503223.588200003
-10622492.7538,3509505.956799999
-10622573.2174,3509465.408500001
-10622828.4743,3509390.977300003
-10646627.9681,3492147.4717999995
-10595065.3402,3444179.596699998
-10595261.5337,3443770.3071999997
-10591992.8263,3480794.8237000033
-10591507.5389,3480673.6988999993
-10595011.0258,3502659.514399998
-10594879.3056,3502536.8205000013
-10594862.96,3502439.4800999984
-10594969.1688,3502437.9865000024
-10653451.7224,3475039.5151999965
-10653359.6481,3474997.5141000003
-10653108.3008,3475039.9491000026
-10588546.8091,3502365.344800003
-10587375.7038,3502107.3827000037
-10585864.1644,3502133.1010000035
-10644536.9043,3506081.118900001
-10644960.8701,3506009.401900001
-10644937.9998,3506421.581299998
-10644938.1013,3506506.786799997
-10644917.8935,3506575.6604999974
-10644679.08,3506508.6731999964
-10651866.0614,3491062.4496000037
-10651727.699,3491064.8244000003
-10651873.9036,3490955.5265000015
-10651687.9456,3490563.2502999976
-10651801.0399,3490670.3430999964
-10651798.396,3490711.6296999976
-10651887.3499,3490541.2311000004
-10651754.8692,3489182.9280999973
-10651550.0885,3489168.215099998
-10651508.4896,3488895.7655000016
-10651903.0974,3489179.8792999983
-10651888.1046,3489082.5106000006
-10651923.6423,3489006.7404000014
-10594580.5888,3513444.659000002
-10622008.4978,3478635.4684000015
-10617188.9804,3512180.1362999976
-10603344.6184,3450135.3115999997
-10603313.2504,3450168.4839999974
-10621781.3268,3511918.0697000027
-10648249.029,3499019.6855999976
-10648281.1976,3499195.463600002
-10630604.3679,3510080.3077000007
-10630842.689,3509973.407899998
-10631390.0858,3509923.089400001
-10655236.8261,3487414.705499999
-10655205.2973,3487381.222599998
-10655129.9603,3487347.246100001
-10654822.296,3487478.954599999
-10655225.2122,3487817.946999997
-10655043.8811,3487753.0561999977
-10655395.8772,3487821.3281999975
-10598894.3953,3500005.7073
-10598811.8598,3500063.5283999965
-10598596.6943,3499749.388899997
-10598253.1612,3501604.4482000023
-10598261.8057,3502225.585199997
-10598326.2139,3502003.5326000005
-10598130.2061,3502187.5782999992
-10614958.4483,3509080.207699999
-10614778.5968,3508959.346000001
-10635746.8731,3489290.229500003
-10637496.4394,3497882.235600002
-10637536.0442,3497624.350400001
-10637556.4975,3497748.2202999964
-10637570.7833,3497818.7272000015
-10637627.6017,3497837.1953999996
-10648277.8503,3485565.472900003
-10648185.2234,3485771.5361
-10642174.7149,3509411.4086000025
-10642361.1271,3509407.7566
-10642271.6326,3509249.8812000006
-10648535.8497,3485917.668700002
-10648622.5558,3485517.0617000014
-10621427.2634,3473846.5310999975
-10648890.3258,3501433.2870000005
-10648729.1781,3501489.0710999966
-10648679.2962,3501628.9453999996
-10598244.6182,3485296.5747999996
-10652483.2716,3504588.8100999966
-10652436.516,3504589.0121000037
-10652573.8536,3504220.8696999997
-10652266.3918,3504216.229500003
-10654329.2661,3483269.8836999983
-10619414.169,3512237.766999997
-10618758.35,3512303.8889999986
-10618810.0382,3512493.427000001
-10602240.2357,3449441.397
-10620788.8904,3473875.2369000018
-10663255.8909,3478545.4912
-10663252.6829,3478331.780699998
-10626620.0533,3511686.655299999
-10626717.9515,3511739.1253999993
-10644414.1162,3507536.8831999972
-10644332.4235,3507382.2541999966
-10644349.9157,3507340.0195000023
-10574068.7102,3474461.5231000036
-10574120.0435,3474430.155000001
-10582814.1627,3460421.2087000012
-10573504.8318,3473324.5121000037
-10573442.4605,3473788.6731999964
-10632377.8159,3494815.4661
-10632475.822,3494900.659699999
-10600081.1151,3456484.9433000013
-10600151.6076,3456482.5815000013
-10600000.7717,3456258.706299998
-10621281.1891,3473638.4997000024
-10654552.985,3480670.8779999986
-10654470.1892,3480661.674999997
-10606551.8885,3466407.349399999
-10641556.2775,3504802.2043000013
-10630613.5288,3513663.837200001
-10630493.9651,3513347.8216999993
-10630496.9994,3513685.871299997
-10630320.1199,3513588.1696000025
-10649114.796,3491628.7875000015
-10657246.5094,3477403.0383
-10657317.4364,3477206.4416999966
-10657456.6498,3477482.1960000023
-10657348.1481,3477380.2986999974
-10616657.783,3512151.722000003
-10616875.8543,3512488.6611
-10616895.6095,3512426.976499997
-10655006.309,3479360.8145999983
-10654881.5396,3479349.081699997
-10654735.6954,3479693.087700002
-10655056.0809,3479523.526799999
-10654841.8542,3479648.128399998
-10646486.9123,3470872.078599997
-10632792.7703,3494748.4064000025
-10632808.8223,3494748.1711999997
-10632922.2727,3494747.269699998
-10595028.6874,3501780.2809000015
-10595028.2187,3501741.408399999
-10595027.7495,3501702.5358000025
-10595066.8623,3501612.5513999984
-10595136.8687,3501645.3923000023
-10595062.8466,3501473.4491000026
-10595010.1056,3501474.0251
-10594939.7842,3501474.792000003
-10594774.8081,3501681.8554999977
-10594902.9585,3501831.1467000023
-10594975.8661,3501787.3169
-10594814.5458,3501682.2628000006
-10594930.7385,3501728.145499997
-10640890.9347,3467918.048299998
-10643817.6856,3463531.207800001
-10643790.3633,3463389.5117999986
-10643975.8451,3463254.9155
-10643965.0445,3463349.289800003
-10646542.8394,3469005.650200002
-10646628.3202,3469127.839900002
-10646678.1774,3469127.329400003
-10646677.8387,3469004.9398000017
-10646633.1083,3468883.3219000027
-10651632.0153,3486687.3505000025
-10651826.2049,3486780.3677999973
-10651735.1004,3486671.090599999
-10651686.0891,3486349.776299998
-10651776.2482,3486491.005400002
-10621829.0035,3473865.1316
-10619984.6187,3471060.887599997
-10639936.2533,3476827.2808
-10639977.3575,3476734.162299998
-10639961.6122,3476733.8605000004
-10619943.8812,3464957.8642999977
-10624125.4934,3462248.612300001
-10653501.6578,3502863.415100001
-10653525.8421,3502350.5006000027
-10653473.5392,3502334.8008999974
-10653410.1736,3502496.0156000033
-10638046.6071,3509636.6209999993
-10637999.7697,3509661.5173999965
-10650455.0426,3499701.8046000004
-10628651.9211,3509614.1824999973
-10628649.5774,3509878.466300003
-10658072.7391,3471398.1766000018
-10658058.0141,3471579.7782000005
-10635976.861,3519976.5681999996
-10636108.7007,3519734.1960000023
-10636296.3524,3519957.7744999975
-10601844.3482,3455256.965499997
-10601466.7046,3455143.8834000006
-10601622.9068,3455194.333899997
-10601510.0073,3455202.5715999976
-10634586.3341,3520761.7095
-10634285.8099,3521064.1176000014
-10634329.3457,3520866.2375999987
-10645944.5524,3492857.3652999997
-10645747.9818,3492747.454400003
-10645697.5363,3492869.135300003
-10609234.5186,3506068.1745999977
-10609095.4793,3506184.9758
-10609230.8068,3506113.066200003
-10609323.4928,3506112.2485999987
-10648333.5625,3500488.5782999992
-10648335.4962,3500298.6849000007
-10648240.4661,3500812.9587000012
-10648341.937,3500860.3005999997
-10648671.5439,3500567.008100003
-10649696.6245,3485175.794399999
-10649556.1484,3485175.8345
-10649543.2488,3484926.996299997
-10600390.8715,3447927.325099997
-10606554.2337,3494803.9179999977
-10606432.1048,3494910.9214999974
-10606380.9331,3494906.216799997
-10659355.2034,3481572.1362000033
-10659485.3816,3481684.0271999985
-10622402.8705,3474350.7184000015
-10622403.3857,3474363.4975999966
-10622386.1736,3474375.8452999964
-10614010.245,3455961.8803000003
-10613998.1222,3456094.0002999976
-10649451.3581,3502249.6180000007
-10649450.3283,3502170.068599999
-10649644.2311,3502351.5176
-10649816.3966,3502065.1372999996
-10649836.9533,3501960.1479
-10649911.0809,3502209.7568000033
-10658879.3381,3504838.833899997
-10658872.813,3504924.628700003
-10649834.4624,3501431.0434999987
-10649633.8116,3501077.3401999995
-10649737.2834,3500980.2656000033
-10649802.1369,3500954.1893000007
-10649822.9094,3501018.353600003
-10646256.706,3463615.9712999985
-10646090.4282,3463667.3193000033
-10628459.2358,3493250.001699999
-10628406.5554,3493250.777599998
-10646658.534,3491571.9541999996
-10624231.8703,3497784.2211000025
-10623954.1487,3497788.8543
-10653707.8882,3503294.5869999975
-10653607.3046,3503681.109700002
-10653513.6646,3503573.6206
-10653751.4431,3503678.475100003
-10593047.2506,3506781.0654999986
-10592100.2701,3457797.3165000007
-10592001.4709,3457985.4858999997
-10655193.623,3484520.466600001
-10648955.938,3501178.630400002
-10648597.8374,3500845.3740999997
-10648476.0713,3500922.973099999
-10648652.0409,3501002.379900001
-10600583.6448,3447576.9419
-10624308.2511,3465648.9723000005
-10617630.4113,3478124.542300001
-10617718.6166,3478080.1284999996
-10617702.5583,3478091.3091999963
-10640226.257,3510027.670500003
-10640246.0458,3509810.1071999967
-10640353.9736,3509867.8632000014
-10640343.0508,3509961.6021
-10648988.0438,3514859.196999997
-10649175.4539,3514729.586599998
-10667331.0181,3478694.080600001
-10650398.43,3466389.916100003
-10642757.3333,3498756.469999999
-10654433.4387,3481486.367200002
-10654284.6155,3481445.8110999987
-10654334.7061,3481661.085699998
-10654392.5988,3481640.1816999987
-10654654.6335,3481666.5314000025
-10654893.6111,3480460.2905
-10654839.2445,3480478.0715000033
-10654604.3845,3480452.1713000014
-10654746.6145,3480194.2371999994
-10654480.958,3480452.482500002
-10654537.8221,3480361.295599997
-10626721.2161,3500306.7321999967
-10626743.6196,3500525.922200002
-10626750.9688,3500618.9949999973
-10626909.8555,3500653.6894999966
-10626795.8217,3500681.1096
-10626892.7164,3500764.822999999
-10598148.0488,3485424.1859000027
-10598050.7041,3485427.2003000006
-10639860.4827,3510132.4179999977
-10639029.4804,3468231.5163000003
-10639072.2985,3468128.8180000037
-10639025.6546,3467827.1602
-10639069.2159,3467826.6142999977
-10640735.7801,3467150.789300002
-10640720.0338,3467528.1691000015
-10646248.3242,3469025.5513999984
-10622689.0552,3479132.7267000005
-10637080.1402,3514506.0446999967
-10636952.6929,3514469.7578999996
-10637188.5732,3514396.0050000027
-10637146.3193,3514338.842799999
-10656369.2743,3486589.900899999
-10656190.062,3486452.9959999993
-10620871.6241,3504144.9143999964
-10620909.9653,3504300.718800001
-10620923.9204,3504444.7907999977
-10602083.6431,3449641.8035999984
-10601944.407,3449629.279299997
-10610313.9785,3506186.0719000027
-10610182.2859,3506186.5447999984
-10610698.0772,3506216.6088000014
-10610471.3929,3506334.703599997
-10610281.7604,3506253.4245999977
-10647852.9014,3486014.8171999976
-10647929.851,3486117.757100001
-10647891.833,3485871.5129999965
-10648034.867,3485890.914999999
-10642390.0083,3509504.4853999987
-10642673.019,3509585.449199997
-10642679.9486,3509465.356700003
-10642605.3087,3509543.2233000025
-10614969.3018,3470994.585500002
-10618015.2891,3470218.824199997
-10621616.1335,3503589.276799999
-10621424.6949,3503519.1523
-10621431.548,3503418.9672000036
-10621285.5361,3503323.8140999973
-10621424.6644,3503310.505599998
-10621488.8506,3503261.475400001
-10621707.334,3503267.512199998
-10621570.9206,3503364.855700001
-10632233.1634,3489444.3882
-10632343.7401,3489668.869900003
-10632279.4435,3489633.164099999
-10632322.2781,3489632.373499997
-10632276.8494,3489385.343500003
-10632235.2516,3489728.240000002
-10632238.1135,3489917.5029999986
-10632282.7911,3489953.079599999
-10632325.2496,3489916.2444999963
-10663531.9935,3477971.0089000016
-10624022.1073,3497824.7973999977
-10624233.4668,3497876.0684999973
-10624141.5012,3497877.5451999977
-10640854.7352,3485552.1871000007
-10641033.079,3485485.0974999964
-10641308.6838,3485646.9751999974
-10641290.3243,3485295.1476000026
-10667169.9825,3484626.056400001
-10614028.7812,3455773.712899998
-10614155.5785,3456097.7025000006
-10614096.2618,3456022.838200003
-10608244.2693,3490643.786600001
-10613903.8665,3472769.4355999976
-10613923.2543,3472729.771899998
-10599333.4822,3455473.5911
-10599260.2098,3455340.0851000026
-10655774.1077,3486119.6739000008
-10656083.9778,3486127.6789999977
-10645923.4967,3468920.138899997
-10645885.7056,3468928.239
-10645922.9419,3468844.699000001
-10622691.1936,3511498.8128999993
-10619929.8962,3498246.3838
-10619843.5643,3498203.048600003
-10619913.1159,3498201.715999998
-10619879.765,3498088.786700003
-10658715.4771,3505221.636
-10658675.7454,3505156.5669
-10658238.5628,3504917.186499998
-10658170.0533,3504724.060800001
-10658236.5845,3504696.9065999985
-10658514.9904,3504944.829099998
-10658249.6242,3504767.3638999984
-10658367.5113,3504743.585000001
-10599695.9633,3449121.8581999987
-10599545.0718,3449121.9595
-10599427.0737,3448937.8746000007
-10599479.2581,3448963.880400002
-10599463.0555,3449053.150700003
-10639199.921,3506986.168899998
-10639263.5709,3507069.8222000003
-10639994.4075,3506973.975299999
-10640002.5706,3507065.358599998
-10639055.706,3506575.3637999967
-10627014.5212,3498473.900399998
-10668648.7944,3483174.5468999967
-10626822.9584,3510940.2991999984
-10636509.703,3495254.3966000006
-10650331.2937,3488104.7766000032
-10644785.2076,3463391.8649000004
-10645005.5115,3463461.8198999986
-10644765.569,3463036.8216999993
-10594533.3138,3493836.3479999974
-10594596.8793,3493742.3762999997
-10594641.6703,3493826.6942000017
-10594703.3051,3493764.615199998
-10594721.149,3493613.485100001
-10634341.9532,3511966.4905999973
-10632389.486,3494439.8761000037
-10632754.9133,3494435.6225999966
-10632626.8948,3494473.7594000027
-10632535.5659,3494709.412100002
-10596806.5375,3494220.479800001
-10596942.2732,3493987.117399998
-10657588.6336,3471725.3039999977
-10657571.5318,3471649.659199998
-10657441.4569,3471663.096900001
-10657261.7819,3471613.859700002
-10642409.6026,3486734.570799999
-10642255.5366,3486647.963600002
-10642303.4275,3486339.3784999996
-10592060.1061,3479461.5600999966
-10592043.0626,3479471.201899998
-10591856.5119,3479227.0873000026
-10591753.1838,3479137.720700003
-10591930.6543,3479463.0264
-10591640.9618,3479233.793700002
-10591654.7068,3479177.0769999996
-10591766.3131,3479258.7956999987
-10570032.1465,3471596.2183
-10621454.7539,3473924.4887000024
-10615264.0266,3508959.3539000005
-10632470.1813,3520353.098099999
-10629481.8986,3498355.3841999993
-10629485.6398,3498208.472599998
-10629697.1839,3498041.8508
-10629428.9245,3498383.286399998
-10650056.2721,3482730.3827000037
-10649894.1101,3482877.8713999987
-10649783.031,3483293.869599998
-10649849.9292,3483240.4343999997
-10650476.1383,3483283.435800001
-10639086.0335,3509386.6316
-10639028.7905,3509383.1089999974
-10624119.6753,3497274.416699998
-10633605.856,3494946.737800002
-10633597.7415,3495091.7617999986
-10633646.9579,3495079.8148000017
-10633704.5495,3494937.229500003
-10633381.1582,3495047.0913999975
-10633454.6724,3494871.548299998
-10633535.0311,3494925.4510999992
-10633474.5242,3494547.9787999988
-10633463.084,3494525.9526999965
-10633648.7762,3494579.360200003
-10652158.3297,3501736.6614999995
-10652365.9477,3501817.938199997
-10643605.8206,3465380.4301000014
-10632670.605,3512928.513700001
-10632612.758,3512858.978600003
-10632535.4544,3512656.795599997
-10632544.7536,3512549.212200001
-10653947.4542,3496949.9663999975
-10653962.9434,3496926.2985000014
-10654134.2168,3496957.1537000015
-10655206.514,3496408.121299997
-10628601.1679,3469487.4932999983
-10628623.7665,3469470.4196000025
-10581908.5957,3459213.8637000024
-10582059.52,3459148.6982000023
-10623781.7641,3462038.048799999
-10623663.9928,3462049.911799997
-10623575.9717,3462035.0449
-10642366.3442,3465242.7305999994
-10642245.9441,3465244.6548999995
-10642492.6094,3465174.5238000005
-10630589.9881,3497107.2903999984
-10630626.7275,3497107.069799997
-10630700.2719,3497227.319600001
-10630541.3997,3497357.8200000003
-10630388.6811,3497180.1833000034
-10634172.3416,3512461.2355000004
-10634520.9356,3512451.1582999974
-10634466.1128,3512496.800300002
-10634444.5984,3512474.3104000017
-10638829.8054,3498872.490500003
-10639073.516,3499067.638700001
-10654623.6164,3486486.2885999978
-10654484.2715,3486587.5716999993
-10654611.4037,3486809.244599998
-10597229.8726,3501639.8324000016
-10654506.0579,3497215.0085999966
-10654603.5284,3496945.8505000025
-10654745.2624,3497077.6322000027
-10627315.206,3456755.7688999996
-10621962.7487,3455908.7673000023
-10621969.5734,3455962.3297000006
-10621969.8513,3455995.286600001
-10621800.374,3456043.774899997
-10584626.0524,3446016.3034000024
-10595319.5994,3502355.9359000027
-10595293.5521,3502404.4782000035
-10602190.0314,3448972.159500003
-10602171.7374,3449168.955799997
-10601858.4121,3449158.4591000006
-10601719.8134,3449356.5295
-10601702.5764,3449424.9070999995
-10604269.7639,3494475.527400002
-10604334.7233,3494478.5626000017
-10604296.2501,3494585.1184
-10604166.1176,3494617.1115000024
-10615113.8079,3452727.077399999
-10614907.8686,3452527.1823000014
-10655870.786,3487053.661200002
-10656197.3747,3487042.6633
-10656173.4735,3487436.6366000026
-10656044.7129,3487401.7217999995
-10656051.7411,3487186.4509000033
-10656163.2132,3487373.3935000002
-10629326.3926,3512910.831699997
-10629326.2623,3512974.4992000014
-10613226.0819,3473366.974200003
-10622060.9586,3511925.411600001
-10621727.0313,3512207.753200002
-10621643.0707,3512090.2031999975
-10621478.4546,3512052.5064999983
-10651533.0531,3501623.8030999973
-10651327.3792,3501527.392499998
-10600191.4302,3447562.3236000016
-10600068.9863,3447441.782899998
-10599944.999,3447343.5371999964
-10599694.6971,3447674.9756999984
-10599872.8462,3447721.6449000016
-10599908.4443,3447684.467
-10604161.5247,3454191.8949000016
-10604105.6227,3454175.1199999973
-10604103.8179,3454032.4032000005
-10604019.9467,3454340.821999997
-10658946.1067,3482088.417800002
-10658946.1832,3482106.0622000024
-10658946.3357,3482141.350900002
-10658721.1925,3481986.9416999966
-10620371.8949,3473977.4201000035
-10591722.6622,3456976.8341000006
-10618231.0948,3471740.0845
-10586512.7728,3444404.380900003
-10658287.0371,3505026.3806999996
-10622152.9226,3512093.0776000023
-10622065.2397,3512144.9940000027
-10622032.4408,3512211.5429999977
-10621990.7269,3512242.519699998
-10621823.588,3512187.2809000015
-10639834.3376,3467210.3158000037
-10635720.0451,3515897.4959999993
-10635454.7434,3515829.617200002
-10635585.4455,3515795.3105999976
-10635590.796,3515729.0107999966
-10635528.3287,3515700.1965000033
-10635496.4292,3515671.1450000033
-10615100.2828,3452991.9487999976
-10615682.0667,3452791.460900001
-10615516.2267,3452839.1388000026
-10645177.0967,3465818.038900003
-10644854.8694,3465813.192400001
-10621359.143,3480190.329999998
-10621390.2467,3480226.5112000033
-10617716.9047,3487326.290100001
-10628497.1291,3456551.3281000033
-10628385.5427,3456447.9332000017
-10628383.6413,3456367.293899998
-10628382.5461,3456609.016999997
-10628093.9649,3456552.9963999987
-10628235.012,3456398.3352999985
-10628197.6297,3456446.8611999974
-10628063.8572,3456518.4285999984
-10627955.0779,3456611.4375
-10628031.8066,3456359.0173000023
-10627898.5452,3456438.835699998
-10626165.1938,3510038.579099998
-10625859.5698,3509876.7414999977
-10656945.1664,3480403.3999999985
-10656937.3139,3480459.077200003
-10656818.8497,3480256.383299999
-10656885.5374,3480259.403300002
-10656659.9412,3480418.454599999
-10656501.919,3480399.1767999977
-10656601.7639,3480054.3149000034
-10657212.8334,3480057.3638999984
-10653488.8612,3489347.651900001
-10653448.8503,3489238.035099998
-10653357.3433,3489050.4974000007
-10621935.1407,3505033.3593000025
-10621788.0859,3505066.718999997
-10621805.0121,3505134.5408999994
-10621810.1752,3505150.288400002
-10621766.6132,3505148.516999997
-10621965.6925,3505273.3896000013
-10621937.112,3505275.806599997
-10621869.6148,3505300.1216999963
-10621849.8954,3505441.652800001
-10622142.7181,3505420.049800001
-10622293.891,3505359.0735
-10622183.9277,3505226.4919999987
-10622199.1708,3505403.297799997
-10649570.6208,3486431.152400002
-10649241.4783,3486601.3772
-10649296.1905,3486410.020499997
-10649449.9927,3486417.8211999983
-10649449.1414,3486659.0889
-10612833.6345,3473476.9421000034
-10621245.1586,3473998.4824
-10622048.4341,3474222.5112999976
-10647177.6185,3463454.4463
-10647233.0857,3463488.094800003
-10623294.1786,3498425.8474999964
-10641939.941,3509399.9411000013
-10642181.9092,3509251.7346
-10642056.6397,3509396.896499999
-10650000.0794,3487775.7682000026
-10649949.7144,3487633.854500003
-10632725.0101,3512582.9526000023
-10632916.5581,3512534.7107999995
-10600989.4379,3510937.0900000036
-10618749.178,3510526.6116999984
-10618745.0483,3510604.4540000036
-10629363.6353,3476681.2005999982
-10597173.3555,3451727.2097000033
-10624918.1354,3468313.158500001
-10642033.0838,3505054.045599997
-10641834.5003,3504988.709899999
-10641905.8253,3504985.737800002
-10641689.8328,3504924.288800001
-10623031.1024,3515116.5419000015
-10623051.4808,3515116.0622999966
-10597393.6751,3484860.8819999993
-10597334.6086,3484901.9755999967
-10626423.0937,3512895.7638000026
-10626387.1013,3513350.967299998
-10619494.9094,3498249.7378999963
-10619460.0354,3498249.5665000007
-10604981.2597,3494224.840400003
-10604866.8481,3494171.7501000017
-10605040.9375,3494147.2031000033
-10605597.2062,3494785.667800002
-10605687.0853,3494739.5226000026
-10605702.7568,3494561.958499998
-10647632.4212,3485043.4641000032
-10628297.7165,3469441.4393000007
-10634654.2698,3520474.050499998
-10649798.6419,3488541.4886000007
-10649800.6738,3488520.0163000003
-10650019.5522,3489026.205600001
-10649981.0498,3489020.857000001
-10649905.1606,3488755.490199998
-10655518.073,3471035.3280000016
-10622880.8807,3455943.906999998
-10653724.7744,3503774.5239000022
-10655772.1946,3486352.1405000016
-10632808.1944,3495182.517099999
-10632909.5371,3495179.9196000025
-10632663.0417,3494991.2651999965
-10632824.8846,3495127.5464999974
-10632847.4573,3494990.2555000037
-10628091.6699,3512254.762500003
-10628364.6011,3512349.7754999995
-10595014.8242,3444469.9563999996
-10628089.0774,3514372.2731000036
-10628084.6273,3514273.6983999982
-10588653.916,3460033.052199997
-10621309.4554,3475254.781999998
-10621383.348,3473454.708999999
-10618209.7364,3471601.155699998
-10643795.0011,3495196.2541000023
-10643654.6532,3495328.792199999
-10620215.4226,3473787.9941999987
-10652257.0261,3485293.4460000023
-10652474.6267,3485252.3254999965
-10652385.3999,3485279.8319000006
-10652376.4083,3485245.4865000024
-10653189.5313,3485919.916000001
-10653043.4371,3485495.2980000004
-10650196.5447,3491912.773699999
-10637735.5571,3497495.0863000005
-10637935.9484,3497719.8698000014
-10647803.4148,3503495.269699998
-10647760.1413,3503667.372299999
-10590767.6973,3513142.6043
-10590975.9874,3513337.2588
-10596157.8176,3501237.4412999973
-10596239.9097,3501065.030000001
-10596347.916,3501320.3357999995
-10626369.6164,3465948.5565000027
-10623149.2019,3456069.6515000015
-10618948.737,3465677.407399997
-10600701.733,3447484.7654
-10600647.1543,3447276.417199999
-10600418.1984,3447444.952799998
-10600402.0951,3447365.7348999977
-10600259.3184,3447407.2436999977
-10600130.1691,3447451.7569999993
-10600437.4461,3447235.842100002
-10617536.661,3505502.2936000004
-10654821.8749,3489535.1489999965
-10654598.1175,3489491.9953999966
-10654760.8515,3489362.624300003
-10654907.8513,3501248.074500002
-10655022.121,3501341.8281000033
-10657036.112,3483765.7595999986
-10656654.7862,3483837.325099997
-10657021.8669,3484090.6237000003
-10657188.9934,3484010.345200002
-10657100.9788,3484203.8347000033
-10628588.8024,3504076.8197000027
-10622099.2572,3461441.128200002
-10622220.9192,3461382.5317
-10622163.7622,3461380.4023
-10622137.8686,3461414.421599999
-10622194.7477,3461303.715999998
-10622126.1242,3461168.4809999987
-10622175.3655,3461034.566399999
-10655463.7139,3501874.6066000015
-10655374.83,3501801.1642000005
-10655275.7222,3501705.1444000006
-10644598.5739,3506636.1850000024
-10642915.2489,3466205.916699998
-10643023.1488,3466146.132100001
-10643086.9646,3466151.115199998
-10643082.3414,3466238.9636999965
-10599018.7623,3449635.3137999997
-10655712.444,3481449.5446000025
-10655745.3137,3481393.8572999984
-10655655.7671,3481498.5812000036
-10653814.3528,3487821.225400001
-10632747.7245,3494527.3126000017
-10635657.5273,3504719.057599999
-10609003.7895,3506308.1828999966
-10608843.7822,3506587.855300002
-10608879.1147,3506498.206699997
-10609013.4386,3506620.5698999986
-10608846.3098,3506685.803199999
-10650164.4516,3481808.7502000034
-10650265.2101,3481645.1494999975
-10640959.8419,3515114.552000001
-10641188.7381,3514599.2569999993
-10640887.8555,3514916.983099997
-10641000.5545,3514890.2990999967
-10641243.3179,3514765.978699997
-10641386.361,3514696.0407000035
-10591741.5783,3479984.2075999975
-10597443.1546,3454793.0512999967
-10597506.5711,3454733.1362999976
-10597558.9962,3454617.8586999997
-10597558.9222,3454630.168899998
-10597559.8331,3454652.6133999974
-10597465.4853,3454678.3769999966
-10615529.6505,3451765.3567999974
-10624355.0952,3453241.1027999967
-10624209.6379,3453073.4491000026
-10648601.4979,3468090.8869000003
-10655829.9021,3488783.920500003
-10644575.9944,3497137.974399999
-10644346.5462,3497136.7216000035
-10634402.5408,3511668.0522999987
-10634152.9129,3519782.4191000015
-10604029.1572,3494631.5342999995
-10603934.6491,3494607.091600001
-10620274.1818,3474636.9321999997
-10643552.8081,3500493.9250999987
-10654475.6838,3489110.6851999983
-10654447.7207,3489140.670400001
-10654355.9049,3489252.1853
-10654172.2777,3489165.9016999975
-10654176.5633,3489007.9373999983
-10619224.4544,3468527.439000003
-10616486.7457,3469889.7299000025
-10656381.3947,3488503.1143999994
-10656413.3722,3489103.8518999964
-10656437.7252,3489004.3791999966
-10656327.5466,3488749.6526999995
-10656264.3587,3489106.3863999993
-10656152.4627,3488921.8522000015
-10656102.8483,3488984.9261000007
-10656052.3447,3488892.0315999985
-10657783.7037,3471356.605300002
-10657866.6651,3471374.324000001
-10658019.1605,3471351.140299998
-10634387.1909,3512718.677199997
-10634386.9823,3512676.7141999975
-10634684.7851,3512828.6570999995
-10617132.0983,3511977.263899997
-10616982.1307,3511674.206600003
-10642020.2815,3462363.3269999996
-10641868.6606,3462299.8167999983
-10594552.8705,3494558.9953000024
-10653254.3305,3496405.9350999966
-10653353.5759,3496613.455600001
-10618894.847,3477679.1797999963
-10644547.9892,3463906.1740999967
-10649553.6337,3502665.351300001
-10649637.1251,3502494.851400003
-10649731.1311,3502390.9043999985
-10654390.1632,3479103.1547000036
-10654145.912,3479047.293200001
-10652731.0987,3479326.476599999
-10652673.7204,3479122.503899999
-10595395.6865,3500590.5427
-10595303.3716,3500459.4103000015
-10595575.1989,3500609.8545999974
-10595692.4506,3500526.593000002
-10595682.6271,3500484.037299998
-10595760.5102,3500472.6724999994
-10650891.0687,3493069.8007000014
-10651050.1833,3492871.8060000017
-10650974.7253,3492839.634499997
-10650651.4057,3492672.0659999996
-10650708.7091,3492905.0758000016
-10629676.3384,3488463.052699998
-10629804.0624,3488485.2324
-10629719.0268,3488491.273400001
-10637748.7666,3506672.3836999983
-10637987.8172,3506836.2924999967
-10646112.8418,3504806.7463999987
-10646210.7685,3505044.511
-10646165.3128,3505023.586099997
-10646180.4449,3504909.3564999998
-10621753.7028,3473517.1141000018
-10619184.9264,3455411.1022000015
-10619022.9423,3455689.500699997
-10619171.1196,3455540.9783999994
-10596320.335,3456462.1459000036
-10596367.4929,3456406.6569000036
-10591164.8812,3479521.4865999967
-10591026.8342,3478703.655500002
-10591157.2977,3478973.482900001
-10591158.655,3479021.092
-10591028.1615,3479436.647
-10591068.3115,3479448.2019999996
-10591003.1274,3478862.2805999964
-10590962.2693,3478784.0439999998
-10590961.7861,3478751.584899999
-10591102.8409,3479034.1186999977
-10591062.8866,3478987.6208000034
-10591072.0685,3479300.5538000017
-10663445.5419,3478617.9606000036
-10663197.9172,3478661.1067999974
-10663373.9201,3478740.7951000035
-10663334.8118,3478779.656800002
-10651508.6439,3493915.8096999973
-10651474.6142,3493917.683799997
-10651370.6598,3494135.4252000004
-10636880.7789,3495059.3544000015
-10636849.7873,3495115.547700003
-10662942.014,3477154.543700002
-10662768.9617,3477400.731899999
-10662741.8439,3477423.127899997
-10638283.9437,3496879.7732999995
-10649746.3461,3494024.221500002
-10649757.8704,3493975.133299999
-10649697.5697,3493938.852600001
-10586649.8396,3462586.2634000033
-10586620.5798,3462761.6871000007
-10586395.3133,3462574.744400002
-10586608.2411,3463056.225299999
-10586658.0112,3463001.489
-10586589.5324,3462997.6357999966
-10646551.9498,3465120.6537000015
-10590670.949,3508533.7224999964
-10590735.2175,3508549.620099999
-10590635.672,3508929.009499997
-10614832.2915,3473703.9239000008
-10579229.1929,3449972.862400003
-10617531.8525,3472059.083999999
-10657140.8058,3471425.3682999983
-10657646.7176,3471516.774099998
-10622772.8489,3511444.735200003
-10622835.8238,3511438.136
-10623074.1099,3511409.5187000036
-10653161.1613,3502096.4602999985
-10653160.8537,3502077.024599999
-10652959.8604,3502388.902599998
-10652942.5748,3502088.0067000017
-10611531.7094,3506008.7712000012
-10611403.2382,3505961.7009000033
-10611414.5558,3505882.2567000017
-10641837.0789,3511202.307099998
-10641715.604,3510838.108599998
-10641909.9343,3510602.0113999993
-10641979.7923,3510795.5106000006
-10641991.9427,3510973.3770999983
-10641925.1205,3510760.4711000025
-10663016.6187,3477999.718500003
-10663164.9188,3478001.598899998
-10655264.9253,3483442.759499997
-10655196.7729,3483582.4130999967
-10593953.4564,3480319.931900002
-10594064.2674,3480288.1790999994
-10598892.5013,3489825.4755000025
-10598892.8211,3489860.783399999
-10598953.8165,3490172.054899998
-10598973.5659,3490211.043300003
-10599114.0515,3489973.8747999966
-10599161.2719,3489890.0835999995
-10599232.5617,3489742.6719999984
-10599122.282,3489744.0286
-10631505.5125,3507296.165600002
-10639671.613,3507188.9871999994
-10616697.1297,3511914.117899999
-10616727.4562,3511896.1374000013
-10621390.4915,3474150.670400001
-10633802.3934,3494924.923299998
-10633745.3614,3495078.932099998
-10631003.8284,3486480.8298999965
-10630874.7157,3486621.472900003
-10630795.9673,3486494.166000001
-10630685.3333,3486494.8456000015
-10620839.4792,3473626.8863999993
-10623024.9672,3517346.0552999973
-10623302.2861,3517502.1941
-10623400.844,3517600.0551000014
-10651848.2976,3486873.228699997
-10651885.5639,3486760.429700002
-10651882.7479,3486348.7290999964
-10655212.8699,3484807.101499997
-10654976.0534,3484949.659599997
-10643030.272,3503793.579599999
-10643251.4288,3503682.4987000003
-10643204.1241,3503615.909900002
-10643164.669,3503656.232500002
-10636575.9713,3507847.8172999993
-10619965.9367,3470668.9658999965
-10651573.8795,3480754.846500002
-10651342.5011,3480172.398400001
-10651389.8944,3480172.1008
-10651310.2586,3480336.6765
-10655163.6497,3485413.718800001
-10654854.4807,3485512.3356000036
-10593144.3884,3493476.6283000037
-10593330.8749,3493281.403499998
-10593025.464,3493203.784699999
-10661312.0208,3473663.499300003
-10651576.1662,3489387.719899997
-10633597.64,3494343.014700003
-10633222.365,3494285.373800002
-10633090.0499,3494454.2314999998
-10633108.2709,3494356.9346999973
-10599642.5636,3490308.1515000015
-10599498.22,3490378.897399999
-10598980.3237,3490828.6853
-10598908.1282,3490707.3884000033
-10599318.4206,3490785.2471999973
-10599303.8301,3490766.054899998
-10599164.2897,3490730.200000003
-10642569.886,3486975.2283999994
-10642267.5414,3487005.246600002
-10620203.0076,3467966.9755999967
-10598735.5552,3508204.770199999
-10618250.6239,3471782.656499997
-10653795.7468,3502258.5151000023
-10653563.6661,3502358.9157000035
-10653905.6288,3502446.310999997
-10630584.8583,3515997.6867000014
-10630872.3358,3516004.650700003
-10596317.07,3500152.9472000003
-10596493.6521,3500070.9350000024
-10596479.5797,3500110.1071999967
-10596605.1128,3500156.5702000037
-10596626.1559,3500088.8202000037
-10596630.8242,3500218.4930000007
-10596649.2533,3500180.1005000025
-10599563.6243,3495828.1943000033
-10599219.4382,3495789.233599998
-10599423.248,3495495.436300002
-10599559.4559,3495393.477300003
-10599652.148,3495332.472199999
-10567169.3395,3472912.6953999996
-10573746.5232,3474495.036600001
-10573756.1936,3474547.0385999978
-10653936.32,3481104.8391000032
-10653775.0768,3481128.9543000013
-10653727.9492,3481238.4639
-10653717.2296,3481138.193400003
-10653813.806,3481022.424999997
-10653922.0118,3481241.0407999977
-10654154.2981,3481373.6238999963
-10654112.0606,3481043.4143999964
-10654295.4381,3480881.206299998
-10653714.7697,3481472.5935999975
-10605840.1436,3453655.4353
-10618048.9207,3471306.4878999963
-10647862.3774,3484681.2487000003
-10648016.0403,3484881.043300003
-10648019.891,3484921.324500002
-10654826.4576,3501651.0173000023
-10654923.6242,3501859.394299999
-10655016.3049,3501878.105300002
-10647724.3872,3500161.711599998
-10647701.2021,3500166.6992999986
-10647707.3109,3500264.701399997
-10647625.6492,3500435.0522999987
-10647687.6944,3500587.1899000034
-10647761.5132,3500437.806400001
-10643295.1216,3463544.9421000034
-10643110.9333,3463566.1815000027
-10643098.7701,3463280.127899997
-10622994.0878,3475191.4218000025
-10625003.2449,3511208.4157999977
-10624796.6892,3511072.158699997
-10624923.3862,3511171.8313999996
-10624898.4179,3511231.9838000014
-10643428.7215,3463217.608000003
-10643502.6539,3463392.844700001
-10643413.7099,3463313.4294999987
-10641300.3972,3510833.566399999
-10641515.8609,3510994.612999998
-10641553.6457,3510930.3713999987
-10646484.9369,3493416.7852
-10646417.4032,3493513.111299999
-10646342.3426,3493619.8276000023
-10655009.157,3486419.6511999965
-10655137.4772,3486074.8747000024
-10655264.7399,3486132.5467000008
-10655381.4525,3486270.8192000017
-10655346.1763,3486252.5601999983
-10655291.0641,3486271.8518999964
-10655469.4982,3486323.8901000023
-10655968.1235,3487236.2393999994
-10655976.2965,3487247.7261999995
-10655820.6022,3487457.0138000026
-10655846.8872,3487414.570600003
-10653592.3158,3487761.3325000033
-10653519.2258,3487722.433600001
-10653592.0111,3487665.2985000014
-10653555.1625,3487626.792800002
-10647323.2873,3484970.4192999974
-10641081.6792,3486064.5643000007
-10640943.5763,3486116.5398999974
-10640858.6593,3486097.1674999967
-10641219.4084,3485947.8077000007
-10641176.3231,3485974.3440999985
-10642901.7635,3465990.6021
-10626870.0374,3505146.1120000035
-10626909.8338,3505175.4573
-10626897.5968,3505105.3127000034
-10626869.8876,3505061.022500001
-10576744.9337,3489234.228
-10641050.8439,3509873.903800003
-10640650.3537,3509553.3483999968
-10640599.1036,3509491.1457
-10640793.9961,3509454.4826999977
-10596986.4247,3499440.038900003
-10597018.9289,3499256.3715000004
-10596863.7499,3499579.3430999964
-10597197.613,3499553.7003000006
-10597053.3419,3499679.2793999985
-10595024.7221,3501433.503899999
-10595126.6879,3501299.307400003
-10595100.598,3501209.585500002
-10594867.8988,3501161.1994000003
-10594344.8801,3501385.6467000023
-10655232.7081,3488338.1231999993
-10655292.7227,3488392.5782999992
-10623174.1495,3514781.8883000016
-10623623.3283,3514957.654299997
-10623308.4886,3515025.1582999974
-10643136.8046,3509773.154799998
-10643119.9684,3509546.8659999967
-10639010.8985,3498672.571999997
-10647839.9262,3485313.2369000018
-10647839.3946,3485247.5521000028
-10603506.5183,3494739.4914999977
-10603443.2702,3494740.738499999
-10654651.2856,3483375.4809999987
-10654926.1336,3483356.772699997
-10654801.9694,3483390.207800001
-10652698.9841,3485372.874300003
-10652561.8531,3485225.1510000005
-10652591.0245,3485121.560999997
-10652825.8577,3485285.1433999985
-10652837.1015,3485190.7578999996
-10652875.4673,3485119.425800003
-10652912.701,3485256.612499997
-10652937.0267,3485225.820100002
-10621552.0445,3455952.4296000004
-10621743.2471,3455953.9421000034
-10621706.4118,3456041.5403999984
-10607990.6143,3465419.0940999985
-10608003.1439,3465391.399700001
-10607949.351,3465400.9794000015
-10637271.1689,3519627.5856000036
-10637665.383,3519633.2584000006
-10622574.1122,3482986.2764
-10622542.7798,3483041.374300003
-10617810.3026,3472138.3576999977
-10617879.9035,3472012.0737000033
-10638093.4996,3497890.9717999995
-10637989.1381,3497855.2047000006
-10638042.2246,3497747.451399997
-10637903.9484,3498028.5144999996
-10572853.9552,3480610.213600002
-10572825.3553,3480544.431900002
-10572793.059,3480329.5273
-10572846.6849,3480069.4431999996
-10572829.9413,3480075.751500003
-10572850.7425,3480026.7511000037
-10572903.2879,3480009.483000003
-10572964.8693,3479934.225299999
-10572862.6009,3479963.1521999985
-10614607.1161,3470356.8288000003
-10654862.4481,3489965.167300001
-10654520.6209,3489911.8774000034
-10654582.919,3489682.0288999975
-10654667.1993,3489631.4532999992
-10654819.7612,3489875.2339999974
-10654790.1443,3489748.2344999984
-10656044.2266,3488423.3707000017
-10655971.3336,3488476.033
-10656142.8116,3488611.9893999994
-10637345.4471,3518512.906300001
-10637325.3344,3518419.9245999977
-10637888.9831,3518195.6978999972
-10637930.7523,3518089.7947999984
-10627512.1313,3456915.163900003
-10627289.7348,3457008.8407000005
-10612553.8646,3473492.5075000003
-10620840.5863,3454111.9395999983
-10620868.0804,3454106.036899999
-10621301.3158,3454130.9201999977
-10620959.0507,3454118.7924000025
-10621018.7381,3454215.670000002
-10654244.7772,3496178.845899999
-10653288.2841,3496130.400899999
-10653319.5057,3496079.1115999967
-10653131.6083,3496261.4921000004
-10654151.9664,3496363.9170999974
-10609367.6045,3505904.148500003
-10609208.9918,3506039.224399999
-10609466.7264,3505787.8806999996
-10609266.5958,3505804.4406000003
-10638892.1151,3508210.7019999996
-10614896.4911,3510836.4206999987
-10614950.5469,3510791.6811000034
-10615040.4799,3510668.2353999987
-10615070.8511,3510883.8869000003
-10655806.1426,3485833.531999998
-10655860.3676,3485962.6886000037
-10656054.2453,3485710.1965000033
-10656048.5903,3485870.1176000014
-10656461.2463,3485793.3916999996
-10656453.8314,3485966.146300003
-10656389.6156,3485932.243900001
-10656337.2646,3485968.4580999985
-10656278.1268,3485962.6209999993
-10656149.5778,3485817.6427000016
-10656254.2362,3485907.269299999
-10653840.9213,3504243.6881000027
-10653643.7507,3504408.931900002
-10653672.5058,3504008.666199997
-10649888.968,3485708.502899997
-10641190.1482,3500794.3396999985
-10655376.0561,3486856.4733999968
-10655291.8039,3486887.378700003
-10655375.322,3486462.682400003
-10655436.0938,3486730.993900001
-10655435.6491,3486618.737400003
-10655383.1829,3486671.992399998
-10655348.5114,3486783.4271000028
-10655347.7696,3486598.221900001
-10655206.9253,3486538.449000001
-10655125.3452,3486713.679200001
-10654987.947,3486611.407399997
-10654725.2929,3486860.6028999984
-10654593.7674,3486913.297200002
-10659934.6048,3503549.454099998
-10659909.2536,3503850.8109000027
-10636506.4276,3494994.1965000033
-10636544.6302,3494931.973700002
-10636445.0975,3494868.7775000036
-10618580.0088,3479313.2927
-10622408.3704,3479003.8281000033
-10641405.0132,3485943.046400003
-10641669.0406,3485861.094899997
-10626504.2987,3500662.1006999984
-10626568.6105,3500825.353500001
-10626238.4015,3500633.793899998
-10626351.7868,3500839.8834000006
-10644162.8932,3495084.7815999985
-10644284.4664,3495153.344700001
-10636761.2232,3513915.599100001
-10636851.8819,3513966.5295
-10655815.9786,3485036.5891000032
-10655553.6436,3484928.114500001
-10658614.4122,3506591.862400003
-10658735.1734,3506595.2655000016
-10658942.5863,3506565.898400001
-10658911.702,3506341.331799999
-10658827.8778,3506247.1889000013
-10658352.6799,3506349.141900003
-10659236.0628,3506627.664800003
-10658238.1483,3507026.2776999995
-10625972.7992,3513738.4289999977
-10596984.9145,3501781.8521
-10596922.906,3501685.9538000003
-10620527.8985,3504258.050300002
-10620606.2619,3504027.3706
-10632478.0012,3507657.6341999993
-10632324.7495,3507604.4510999992
-10632453.068,3507282.346900001
-10632277.8165,3507504.4307999983
-10632639.8538,3507431.0046999976
-10632653.0651,3507451.891099997
-10640830.7575,3485818.839599997
-10630020.1397,3468730.0776999965
-10619774.5317,3471530.9618000016
-10629814.8748,3478513.987800002
-10619857.9905,3472618.8132999986
-10615715.2269,3474713.2590000033
-10639929.7208,3476450.9015000015
-10654432.7358,3479094.6788000017
-10654480.1048,3479093.3095000014
-10654614.1475,3478992.0781999975
-10654613.8189,3478976.2058999985
-10654179.5043,3483004.3982999995
-10654075.0128,3482966.169399999
-10654525.5465,3482965.934299998
-10654335.17,3482960.749499999
-10602048.7881,3500125.263899997
-10601947.129,3500584.0684999973
-10601972.6091,3500533.909400001
-10601957.6199,3500646.137699999
-10652271.7345,3490837.532300003
-10652207.4999,3490959.748499997
-10652165.2345,3490896.097099997
-10652107.165,3490806.5371999964
-10652030.0807,3490723.968000002
-10652106.0134,3490469.0753000006
-10651787.5079,3490325.2452000007
-10651653.7841,3484688.880099997
-10651496.9011,3484748.6636999995
-10651447.2627,3484800.6391000003
-10651580.2263,3485073.7019999996
-10651609.0226,3484932.0940999985
-10602352.9822,3499887.343500003
-10651506.5556,3493238.082800001
-10651691.1729,3492861.396499999
-10651431.5837,3492611.711599998
-10651492.7689,3492850.7293
-10651393.8658,3492960.7299000025
-10651579.2358,3492939.0066
-10655169.3649,3479575.3981000036
-10655236.5811,3479582.0354999974
-10578957.1703,3447910.6054999977
-10578804.9607,3448216.797700003
-10627926.7092,3457057.1185000017
-10627632.89,3457105.3411
-10627805.0138,3456876.5895000026
-10627807.5378,3457057.3276999965
-10618007.255,3471771.525700003
-10618007.2805,3471739.288999997
-10634220.9468,3520984.0539999977
-10634109.0136,3521054.4602999985
-10653444.398,3483370.1303000003
-10620538.3375,3476143.341300003
-10637506.689,3519462.5419000015
-10655112.3123,3488824.810999997
-10655290.6981,3489100.843699999
-10643481.6997,3513173.1955000013
-10643841.5884,3513391.038400002
-10655122.1978,3483113.0160000026
-10655204.7137,3483135.9015000015
-10655099.6546,3483157.057099998
-10655343.0394,3483223.6602
-10640034.9456,3507021.7471999973
-10649831.5378,3492915.903099999
-10647379.0615,3503610.5869000033
-10618114.5969,3507852.145800002
-10618147.2945,3507831.3440999985
-10618261.6218,3507728.7788999975
-10644636.7024,3506229.3916999996
-10643970.9988,3506579.2677000016
-10604255.7912,3454155.4310000017
-10604388.0052,3454121.489699997
-10604394.5976,3454204.743900001
-10597528.8935,3485417.380400002
-10597272.9448,3485557.7764
-10634823.6277,3512183.1554000005
-10653499.9726,3488381.5776000023
-10653595.1273,3488553.342699997
-10653279.837,3488458.3090000004
-10653114.034,3488386.6467999965
-10653161.283,3488400.7239999995
-10653365.6031,3488237.9978
-10646896.9183,3505026.479699999
-10647549.9404,3505016.844499998
-10647358.3589,3505105.4459000006
-10647395.059,3505123.0415999964
-10647053.4008,3505299.6863999963
-10647280.3982,3505236.6426
-10647298.0227,3505045.424999997
-10647329.954,3505200.766400002
-10620177.6725,3501004.6010999978
-10618787.5155,3478354.813000001
-10620711.9031,3508191.0966000035
-10620782.8239,3508012.4619000033
-10620875.3831,3508518.9416000023
-10620805.2454,3508646.1177999973
-10620927.1035,3508719.8989999965
-10620970.9368,3508660.8038000017
-10592123.7097,3462941.9309
-10592103.4788,3462942.5056999996
-10592230.7072,3462967.6701999977
-10591830.9787,3462893.4058
-10620496.3408,3457233.658699997
-10620279.9635,3457275.4795999974
-10620371.131,3457127.9684000015
-10618662.3303,3472038.614699997
-10605683.0863,3497817.0459999964
-10605661.1167,3498102.219800003
-10605552.9092,3498066.0621000007
-10655174.7871,3485321.215599999
-10655175.3315,3485376.2229999974
-10655106.501,3485376.9821000025
-10655072.0862,3485377.362400003
-10601175.6607,3510934.8742000014
-10657758.1613,3477231.802500002
-10657929.5005,3476977.136699997
-10658045.1155,3477595.8090000004
-10657916.3896,3477565.9199
-10620098.7209,3475912.9382999986
-10621396.214,3500445.8376
-10621442.8037,3500155.0187000036
-10621320.4569,3499918.0590000004
-10621275.6033,3499863.6318999976
-10610772.651,3506460.480800003
-10610553.7401,3506519.0939000025
-10610572.3204,3506554.295900002
-10610571.2776,3506609.3796000034
-10610555.9444,3506739.605300002
-10597290.1821,3484971.103100002
-10597494.2452,3485339.463799998
-10597415.7797,3485333.672799997
-10649658.6388,3492914.226800002
-10649628.3631,3492914.4333000034
-10649608.1935,3492914.5522999987
-10649527.5139,3492915.0276999995
-10649487.174,3492915.2650000006
-10649399.8523,3492857.861100003
-10649411.9441,3492816.8619000018
-10649520.1718,3492816.224600002
-10649651.2923,3492794.3158000037
-10649565.8189,3492756.9760999978
-10649403.5529,3492718.0398999974
-10649615.019,3492658.490500003
-10648892.2274,3492796.902400002
-10649147.5223,3492863.346900001
-10648948.1252,3492815.1251000017
-10649256.8732,3492826.286399998
-10649208.2036,3492767.5045000017
-10649055.6739,3492738.3725999966
-10619876.3016,3510630.6186000034
-10619985.9839,3511038.0863000005
-10620170.8219,3510962.600100003
-10620129.8128,3510863.6371000037
-10621788.7075,3512305.418899998
-10621819.6222,3512519.128899999
-10621523.7157,3512261.606700003
-10626603.5382,3457802.221500002
-10626543.2898,3457670.8379999995
-10636660.2665,3468883.639899999
-10629199.6415,3477453.648599997
-10642576.7042,3464018.895999998
-10642340.3687,3464084.270999998
-10642329.15,3464084.441200003
-10642317.9314,3464084.6115999967
-10642199.4742,3463978.7927
-10642298.7015,3463867.0293999985
-10642254.9124,3463812.369900003
-10593427.4871,3440063.6692999974
-10593134.7093,3440396.9773999974
-10604501.7818,3452669.3181999996
-10632393.6718,3479662.1921000034
-10632457.5297,3479659.8825000003
-10612744.8175,3473405.467
-10647959.3052,3503192.9387999997
-10645390.1306,3465179.0173999965
-10645136.5156,3464878.463200003
-10645136.3842,3464855.9082999974
-10645448.8772,3465099.5138000026
-10645485.6818,3465006.6319999993
-10620813.3214,3502556.2727999985
-10620663.1824,3502744.815899998
-10616120.1134,3508435.2808
-10600037.3568,3448230.778800003
-10599962.8515,3447947.0358999968
-10655853.4634,3479512.2524000034
-10656084.1231,3479613.361100003
-10656022.1413,3479637.2095
-10656023.9444,3479672.751699999
-10656186.1405,3479574.0200000033
-10655974.0076,3479722.8818000033
-10622203.5007,3512328.8817000017
-10653228.2019,3489522.213200003
-10653221.9434,3489332.3003999963
-10653260.6001,3489385.5182000026
-10653100.3301,3489519.083800003
-10653139.3914,3489505.398000002
-10621562.0301,3479050.7481999993
-10615548.7611,3455968.900600001
-10619175.7614,3479375.7739000022
-10634369.7706,3523497.9941999987
-10650481.9017,3492914.4201999977
-10650366.4666,3492713.657300003
-10650343.3753,3492919.3131000027
-10655725.2015,3501764.4397
-10655315.7265,3501287.6340000033
-10655462.7938,3501350.0298999995
-10636019.2724,3515598.848899998
-10631442.589,3514190.690899998
-10631365.5959,3514045.036899999
-10631511.9941,3513974.4673999995
-10631548.3055,3514016.322800003
-10599803.6062,3448308.292000003
-10599649.5894,3448173.1909999996
-10599744.5756,3448261.6647000015
-10599767.901,3448427.3858999982
-10616916.9772,3511950.3400000036
-10646405.2173,3464886.367899999
-10646486.1204,3464758.1023999974
-10646501.0891,3464905.847199999
-10646754.1577,3464533.881099999
-10646659.6523,3464490.4241999984
-10646684.1948,3464490.1165999994
-10646747.3043,3464489.3259000033
-10646597.9746,3464590.7634999976
-10646673.3559,3464589.8193999976
-10625423.1694,3513242.947999999
-10593615.1279,3493735.070299998
-10593687.9534,3493720.155000001
-10593735.0771,3493582.4689000025
-10593815.1832,3493512.1501
-10619909.0313,3501349.608599998
-10619864.8888,3501101.6895999983
-10619567.8178,3501056.0815000013
-10594135.0517,3493340.0473000035
-10595367.3059,3493324.8206999972
-10595440.6676,3493290.026100002
-10618549.5983,3510858.059799999
-10618348.8676,3510780.5451999977
-10618263.1275,3510729.1908000037
-10597137.996,3484649.476300001
-10597245.8136,3484585.1696999967
-10597303.0653,3484579.829400003
-10626620.9117,3511256.441200003
-10626720.3177,3511071.709899999
-10622372.0563,3472810.107000001
-10614236.351,3470741.2588
-10612574.3175,3473537.270999998
-10631466.7876,3484968.586199999
-10631479.4406,3484881.7566
-10627192.2036,3499930.849100001
-10636587.3772,3504843.387699999
-10637169.7549,3505683.850900002
-10636831.9955,3505556.172700003
-10621463.8275,3505750.094300002
-10621487.8203,3505722.8967999965
-10621503.5218,3505710.011699997
-10621417.659,3505786.207999997
-10621649.5116,3474309.622299999
-10600698.9673,3511200.442599997
-10600694.3759,3510985.6394999996
-10600921.4755,3510960.612499997
-10600942.7679,3511032.7189000025
-10622691.307,3478464.0358000025
-10622688.0294,3478435.649700001
-10640168.2374,3469295.9855000004
-10640201.6902,3469230.1286000013
-10621671.0411,3474372.8900000006
-10572974.696,3478998.853
-10572912.1976,3478987.482900001
-10572817.1189,3479009.2509000003
-10572775.8706,3478969.141999997
-10572915.3034,3478838.4306999967
-10636979.59,3508595.149700001
-10636828.1957,3508347.9447000027
-10636864.584,3508324.081799999
-10637147.9762,3508129.9558999985
-10637177.0098,3508141.4882000014
-10637010.1645,3508384.2487000003
-10595938.6858,3493781.6269000024
-10649454.6931,3491855.212200001
-10649422.9359,3491645.227600001
-10649480.5334,3491918.020199999
-10628300.9672,3512450.172799997
-10628358.3855,3512451.132799998
-10628289.9743,3512508.6155999973
-10627902.7601,3512420.340099998
-10597150.1033,3485049.4987000003
-10655813.7538,3501865.155699998
-10655824.8101,3501851.410400003
-10621761.2457,3477864.3598999977
-10620078.5623,3474147.621100001
-10650304.3469,3491388.878899999
-10650150.8172,3491189.589900002
-10650409.7511,3491388.4460999966
-10653106.4369,3485755.3757999986
-10653092.2007,3485687.2820999995
-10653092.1129,3485659.043399997
-10652975.3539,3485663.853100002
-10653730.9672,3488930.0407999977
-10653828.9775,3488930.0534999967
-10653871.7889,3488784.5625
-10645015.7027,3508230.7751
-10645125.0177,3508159.563000001
-10645203.0065,3508219.2436000034
-10597301.3404,3499963.0464999974
-10597191.5646,3499947.784400001
-10597310.7407,3499500.5600999966
-10630661.2984,3511019.3549000025
-10630594.0975,3511050.080499999
-10630605.2114,3510660.8521
-10630538.2125,3510777.4420000017
-10630527.3988,3510659.4592999965
-10597768.9399,3449087.300300002
-10597535.8714,3449145.2386000007
-10597624.1391,3449173.4641000032
-10656025.2998,3481775.7690000013
-10656434.9315,3481797.412600003
-10624488.4527,3457944.3691999987
-10624389.5559,3457746.6372999996
-10645855.2873,3470595.6374000013
-10645744.1363,3470644.4452000037
-10645715.7966,3470368.0122999996
-10627981.1702,3466569.612999998
-10596426.5083,3456241.809100002
-10596178.7865,3456190.3527000025
-10620749.1792,3473763.4936000034
-10624227.6792,3453866.3976000026
-10624299.7598,3453747.3992
-10616333.0826,3452975.902800001
-10616391.5938,3452617.190200001
-10616420.7072,3452616.9509999976
-10616695.2701,3453029.2542999983
-10620136.9901,3473757.195299998
-10620746.9782,3479236.1384000033
-10598336.6346,3499773.4543000013
-10658847.6068,3479791.1243999973
-10658775.8036,3479743.188000001
-10658783.8154,3479878.302199997
-10658739.001,3479760.0974999964
-10658687.4347,3479813.8882
-10658650.5535,3479895.3210999966
-10621307.341,3473317.5918999985
-10644253.0679,3515365.851499997
-10622014.839,3475545.529299997
-10621081.9954,3499895.9855000004
-10621004.4533,3499801.8884000033
-10620852.4507,3499858.4155
-10663361.8245,3477270.1960999966
-10663442.1482,3474219.593999997
-10663385.1931,3474268.6094999984
-10663660.377,3474334.667800002
-10663677.8043,3474213.070600003
-10663577.3991,3474114.4958999977
-10663361.1806,3473974.3325000033
-10663224.7203,3474111.4685999975
-10663303.2301,3474111.3994999975
-10663397.1211,3474125.2978999987
-10625152.0649,3508935.0086999983
-10625295.0681,3508988.1154000014
-10625520.6312,3509138.332699999
-10637859.0521,3513683.2893999964
-10637864.0399,3513526.2792000026
-10614780.5646,3452624.916699998
-10614813.4117,3452747.2995000035
-10614679.3754,3452646.7453999966
-10652142.7201,3486771.5392000005
-10652037.0349,3486628.016999997
-10652076.0622,3486592.5085000023
-10595612.7612,3457728.6394999996
-10595569.904,3457602.7216000035
-10595624.7841,3457572.464900002
-10626676.2211,3465173.213399999
-10620033.1974,3475528.884999998
-10612419.218,3456056.3083000034
-10612383.4546,3456056.9284000024
-10612419.6707,3456113.3279
-10612564.1342,3456149.3853999972
-10612605.2208,3456162.057400003
-10617957.2402,3468716.2783999965
-10620485.5919,3453108.109700002
-10646801.1411,3467148.3074999973
-10646914.1947,3467124.2457000017
-10646926.4686,3467124.0869000033
-10646845.832,3467226.3408999965
-10633663.6896,3490140.048600003
-10633598.9495,3490187.089400001
-10633514.784,3490182.471199997
-10633490.4075,3490181.029100001
-10633638.717,3490018.8603999987
-10633206.6709,3490023.757799998
-10633023.0161,3490045.192400001
-10633020.7962,3489657.853100002
-10622916.1746,3515304.3669999987
-10622851.6755,3515343.2836000025
-10622653.3406,3515369.5056999996
-10622625.28,3515162.417199999
-10622751.1129,3515205.975900002
-10660067.096,3504148.6805000007
-10660075.3258,3504223.5033000037
-10659583.0824,3504697.1977000013
-10659606.775,3504520.090099998
-10642902.3418,3504675.0166999996
-10642853.7389,3504501.059799999
-10611492.9896,3505659.2004999965
-10625009.6891,3457559.701200001
-10620234.1476,3470845.808600001
-10654306.5904,3496195.2118000016
-10654525.1087,3495966.6788000017
-10654868.5791,3496241.4553999975
-10654858.1527,3496038.949699998
-10633383.4344,3488534.277099997
-10624691.5633,3457108.8685000017
-10624375.9404,3457034.532300003
-10624736.8409,3457156.6111999974
-10652958.3467,3489130.2289000005
-10630682.9911,3510342.2255999967
-10630663.6113,3510329.764700003
-10630590.0604,3510307.7704000026
-10578884.1678,3454405.3533999994
-10633377.8996,3510572.688500002
-10602457.5522,3456426.3761000037
-10602345.1468,3456513.7980000004
-10602311.0341,3456571.8302000016
-10619093.749,3455088.9618000016
-10619124.9681,3455181.5830999985
-10619194.3041,3455233.354800001
-10591244.5339,3479251.102499999
-10591246.9875,3479310.0036000013
-10591269.0243,3479489.565700002
-10591305.3957,3479520.3511999995
-10591574.6915,3479347.0868000016
-10591552.1879,3479400.7808
-10591558.9075,3479556.2797000036
-10591529.328,3479620.096000001
-10659034.9684,3482595.9020000026
-10626824.1719,3493785.818400003
-10621427.6247,3474274.8122000024
-10647735.3437,3486500.061800003
-10647734.9017,3486474.649599999
-10609634.4187,3505130.757799998
-10609687.5516,3505152.878899999
-10609753.526,3505233.2036999986
-10610036.768,3505085.830799997
-10609989.3761,3505088.7788999975
-10609957.2839,3505090.542000003
-10593267.4192,3439701.1717000008
-10593189.8217,3440005.7434
-10593104.5176,3440096.924999997
-10593047.3464,3439895.6168000028
-10593059.2325,3439798.540600002
-10617709.1634,3454137.2712000012
-10618060.2612,3454520.195100002
-10617861.8471,3454281.3861000016
-10617861.8539,3454225.042800002
-10621522.0787,3474461.8033000007
-10632945.9976,3480002.4328999966
-10633030.2151,3480057.6331999972
-10633002.3406,3480090.4514999986
-10633128.5511,3479968.1966999993
-10639494.3424,3507625.188199997
-10607918.1093,3504753.4307999983
-10607840.2232,3505243.8976000026
-10607805.5177,3505172.9943000004
-10607769.7182,3504925.9464000016
-10607393.6041,3504747.8926
-10607450.7356,3505045.3363000005
-10607267.0958,3505119.8682999983
-10607220.4405,3505156.818400003
-10607155.136,3505214.6555999964
-10607054.5816,3505145.2009999976
-10607220.2893,3505056.690700002
-10652950.4803,3503126.0489000008
-10652966.0678,3503043.712700002
-10652640.2143,3502911.7748000026
-10637876.04,3511075.724799998
-10638118.1989,3510478.8840000033
-10638304.4394,3510575.602300003
-10638276.8968,3510604.270999998
-10638078.1666,3510682.2827999964
-10637907.9404,3510729.804899998
-10637829.8514,3510756.535400003
-10603977.9355,3495895.610600002
-10603847.3147,3495835.034599997
-10603793.124,3495646.4836999997
-10603845.8654,3495645.7216000035
-10603947.9303,3495927.1876000017
-10603858.5936,3496218.8298000023
-10603895.5413,3496058.2602000013
-10603600.5522,3495896.6789000034
-10603467.2019,3495924.512699999
-10603346.1155,3495806.282899998
-10603527.2714,3495808.650600001
-10603532.2002,3495704.4690999985
-10603618.5679,3495607.1493000016
-10656227.8766,3487528.867700003
-10656138.7367,3487623.1309999973
-10656352.8756,3487360.468699999
-10640471.0022,3466602.0266999975
-10640402.3464,3466611.8286999986
-10619279.4688,3471801.971000001
-10586081.7662,3463004.501699999
-10630177.04,3489420.559600003
-10584129.1636,3460574.9143999964
-10584210.14,3460712.4121999964
-10655493.3353,3488334.9887999967
-10655525.87,3488705.5238000005
-10655610.0339,3488618.684799999
-10655638.5649,3488419.9985999987
-10655652.0458,3488433.0781999975
-10655356.9111,3488597.845399998
-10655302.3179,3488637.8203999996
-10638016.4526,3513159.441200003
-10637879.43,3513184.6115999967
-10638068.5252,3513376.906499997
-10637858.5597,3513237.8554999977
-10638285.4012,3513180.8351000026
-10638269.7718,3513205.5222000033
-10638267.3503,3512844.934600003
-10638159.4762,3512958.7595999986
-10605610.4859,3494275.1684999987
-10605620.986,3494346.2414000034
-10655431.4816,3487353.1664000005
-10655442.8466,3487481.374499999
-10655378.6316,3487581.5678000003
-10628678.6992,3513229.5024000034
-10628729.5097,3513601.8726999983
-10628688.7263,3513633.3105000034
-10628627.6806,3513377.2453000024
-10628627.1658,3513405.420900002
-10628590.8014,3513568.6750999987
-10628594.0857,3513504.4739999995
-10628534.9031,3513457.6718999967
-10628532.7444,3513566.332999997
-10628492.8927,3513502.266599998
-10628791.4503,3513286.9130999967
-10628482.9627,3513717.657899998
-10623764.3056,3501687.7731000036
-10624258.1678,3501717.4761999995
-10618813.4394,3498119.0150000006
-10619062.3208,3498134.695799999
-10625790.887,3498831.671599999
-10625807.2401,3498883.1877000034
-10625765.1498,3498955.778800003
-10604874.6542,3452852.012599997
-10604757.8177,3452839.9887000024
-10622297.0147,3474776.471699998
-10622247.8207,3474744.8132999986
-10623292.8154,3475585.8571999967
-10639888.7133,3491129.590999998
-10576574.1852,3449206.6238999963
-10576603.05,3449251.582199998
-10577011.7561,3449176.3725999966
-10578887.5801,3450027.2661999986
-10579809.3075,3448451.2908999994
-10621580.615,3475432.8694999963
-10629325.734,3513232.708300002
-10629387.4555,3513167.594899997
-10629387.3697,3513210.0403999984
-10638603.2734,3509885.298799999
-10638604.8528,3510016.015900001
-10638657.4483,3510118.5737000033
-10633779.3455,3513814.9864000008
-10634035.8228,3513809.4602999985
-10634031.3607,3513705.8813999966
-10633986.0194,3513640.414099999
-10633881.127,3514217.0764999986
-10634671.199,3512660.720899999
-10634986.767,3512361.4126999974
-10627256.886,3510753.969899997
-10627228.8014,3510677.8081
-10627107.2493,3510769.9993999973
-10627200.0245,3510718.126000002
-10627329.228,3510589.8077000007
-10650053.1559,3492497.451899998
-10650216.4288,3492472.9892999977
-10650209.4216,3492396.2052000016
-10650207.0255,3492378.5068999976
-10650101.3721,3492434.4285999984
-10650008.2229,3492395.4604
-10650035.7161,3492207.3000999987
-10649815.0167,3492403.201399997
-10649706.0522,3492329.444600001
-10649577.4179,3492419.2388999984
-10649467.8145,3492330.8664000034
-10649367.3174,3492392.524099998
-10649107.9509,3492266.5249999985
-10649475.5895,3492101.9067
-10649374.3169,3492013.3618
-10648921.0972,3492122.3615999967
-10648910.8177,3492096.527099997
-10649020.32,3492025.253899999
-10648920.2385,3492025.9692
-10648903.1094,3492026.0912000015
-10649546.9958,3491963.900399998
-10649480.9505,3491960.150899999
-10640900.463,3508575.182400003
-10640664.0916,3508462.3282999992
-10635583.1094,3489601.6872999966
-10635432.0707,3489572.979699999
-10635435.2479,3489585.2421000004
-10632629.8064,3476992.805200003
-10622299.2134,3475235.7512999997
-10617361.3077,3476519.313199997
-10621802.1478,3478966.538999997
-10603304.0693,3454839.527800001
-10603480.1819,3454890.2547999993
-10603478.2009,3454873.3967000023
-10603611.935,3454834.4892999977
-10603712.7807,3454870.693599999
-10603278.3623,3454983.537100002
-10603274.1863,3454892.5007999986
-10640880.3877,3509644.6054999977
-10640795.9491,3509645.500699997
-10640501.1348,3509507.1306999996
-10640550.5868,3509326.6999000013
-10621119.2673,3500252.5308
-10621116.4073,3500529.623999998
-10621059.447,3500528.152599998
-10621056.8719,3500541.7983999997
-10639748.06,3491225.5177000016
-10633253.2805,3512761.568599999
-10633234.3103,3512805.4332000017
-10633318.4905,3512848.4301000014
-10633000.7552,3512882.5665000007
-10648013.5521,3467470.2327999994
-10648012.1759,3467504.833899997
-10621826.8463,3473207.7621000037
-10645865.94,3465129.336099997
-10645543.8767,3464950.0727000013
-10645537.1827,3465006.3279
-10659833.5142,3504663.9997000024
-10659620.3639,3504986.8205000013
-10659779.5678,3505017.0107000023
-10654301.0778,3495859.2440000027
-10654300.4237,3495682.6701000035
-10654504.0191,3495661.3728
-10654149.1799,3502945.8408999965
-10654258.2451,3502978.8140999973
-10616377.7444,3474152.0851000026
-10650580.102,3491131.1569000036
-10650809.2363,3491409.348700002
-10650853.4763,3491391.2036999986
-10659534.6762,3505628.235200003
-10659621.6458,3505500.401100002
-10659602.3386,3505580.349100001
-10659642.9305,3505594.0710999966
-10659627.6766,3505787.0505999997
-10613049.2131,3473379.0837000012
-10586154.4543,3463153.8564999998
-10586092.8189,3463353.777800001
-10585986.8236,3463313.597199999
-10620291.346,3476837.569799997
-10616911.6698,3469992.0973000005
-10637995.4736,3510248.7994000018
-10638316.5902,3510164.0047999993
-10638294.5054,3510309.413400002
-10619566.561,3488666.9011999965
-10657539.6109,3474683.729500003
-10657354.7989,3474662.8730999976
-10602101.0628,3496042.647500001
-10601997.2224,3496069.5195000023
-10601956.7604,3496029.480899997
-10602136.1282,3495722.1745999977
-10601929.5958,3495726.0852999985
-10659809.2245,3505325.0095999986
-10645725.5833,3493506.365500003
-10645826.7257,3493334.110799998
-10646033.0115,3493496.2672000006
-10646234.0948,3493592.643799998
-10646022.316,3493593.4059000015
-10646141.6271,3493744.2048999965
-10645898.159,3493648.509800002
-10606169.3865,3494397.0984999985
-10657466.4026,3481497.4767000005
-10626238.1325,3492958.378700003
-10625893.1939,3492687.980800003
-10626074.5359,3492549.492399998
-10648263.1426,3504332.7010999992
-10648382.2772,3504294.166199997
-10648332.3605,3504386.6724999994
-10648383.3543,3504386.0659999996
-10590631.0722,3479944.082699999
-10590618.3094,3479612.6987999976
-10590561.8377,3479617.303199999
-10616775.7939,3508920.338600002
-10599545.3738,3490820.4503000006
-10622018.8482,3474477.316399999
-10621401.6853,3500745.735799998
-10621281.1881,3500688.0867
-10621378.3056,3500686.840300001
-10621398.7466,3500644.574500002
-10586133.8161,3463457.590099998
-10586273.4756,3463473.9817999974
-10586280.8636,3463615.7528000027
-10586189.8921,3463727.906999998
-10586204.5405,3463541.8396999985
-10621563.1594,3465750.6243999973
-10619533.9112,3462815.5515
-10601148.4739,3495825.090800002
-10601004.7127,3495831.071800001
-10601002.399,3495574.217500001
-10600998.7199,3495596.4635000005
-10651125.9799,3495715.1668
-10651664.3085,3495358.6662999988
-10594398.4048,3513420.7559999973
-10602122.9205,3494496.0951000005
-10601079.5929,3510620.4695999995
-10585760.4837,3462907.6423000023
-10653004.5732,3488590.436499998
-10653061.6537,3488567.0555000007
-10653062.3417,3488611.9397
-10653102.4689,3488709.3087000027
-10653101.8241,3488666.9465999976
-10653249.0578,3488744.4487000033
-10653410.7114,3488686.9842000008
-10653512.0209,3488686.579599999
-10603337.7157,3494470.713100001
-10603179.003,3494437.0467000008
-10603190.7993,3494671.3768000007
-10602867.119,3494692.7700000033
-10603024.8971,3494382.340599999
-10605845.6121,3493896.6163000017
-10606247.6047,3494215.589900002
-10654628.764,3496796.513700001
-10654726.6715,3496743.7712000012
-10651399.3001,3480643.101400003
-10651231.0146,3480727.0868000016
-10651419.2894,3480581.1761000007
-10651281.5069,3480541.902800001
-10651379.3372,3480479.1477999985
-10637050.15,3495462.0649999976
-10637352.5199,3495446.768799998
-10637349.1609,3495214.6982999966
-10637233.7028,3495213.7585000023
-10637093.1257,3495212.3659000024
-10637214.6581,3495366.4294999987
-10641578.2797,3465775.5331000015
-10641563.2044,3465775.8593000025
-10615360.015,3470836.130400002
-10615350.1849,3470829.2356999964
-10662606.145,3478330.325099997
-10662477.8245,3478273.0549999997
-10662485.81,3478178.2690000013
-10662572.3058,3478252.8840000033
-10593316.3368,3492697.2075999975
-10593143.2488,3492780.8567999974
-10592934.9853,3493009.5374
-10592969.2743,3493035.5830999985
-10593171.6039,3492842.4311000034
-10593127.2232,3493122.2391000018
-10614403.8675,3470605.597599998
-10610271.5788,3506523.6265999973
-10610376.7218,3506544.225100003
-10646265.5029,3504319.5190000013
-10646007.0174,3505314.126699999
-10646342.724,3505425.098200001
-10624903.433,3468245.1312000006
-10656100.9232,3485388.0264
-10656072.4773,3485307.0244999975
-10656303.8115,3485262.3258000016
-10656193.2319,3485196.7656999975
-10655732.148,3485447.626699999
-10634884.4041,3511415.5185000002
-10634820.9813,3511585.475100003
-10634878.6504,3511267.526900001
-10634902.2348,3511267.3879000023
-10625180.5031,3513313.411600001
-10625232.9575,3513228.9662000015
-10652135.8277,3490363.0788000003
-10652083.9892,3490299.5973000005
-10624675.9805,3501964.158200003
-10624559.6431,3501715.0069999993
-10621288.9699,3477478.6856999993
-10643906.8412,3464032.3423999995
-10623223.3929,3478909.586099997
-10623244.2846,3478909.6609999985
-10618399.8714,3470668.930399999
-10612685.4954,3456182.511699997
-10612570.445,3456352.614
-10612505.3448,3456341.604800001
-10612470.923,3456311.2162000015
-10612465.6648,3456353.6247000024
-10612266.3371,3456280.887199998
-10612264.5568,3456257.390900001
-10603318.5426,3454092.212200001
-10603587.9323,3454123.1868999973
-10603515.5982,3453999.1291999966
-10603337.7753,3454041.3872999996
-10603272.7787,3453801.8389
-10603357.474,3453946.4902999997
-10603517.3474,3453943.4997000024
-10603468.3583,3453905.6743
-10627237.3316,3472310.605800003
-10591022.0829,3461714.3233999982
-10591151.4829,3461655.1152999997
-10591135.0387,3461595.2550000027
-10591112.5859,3461590.6216999963
-10590785.3877,3461633.1190000027
-10590736.6225,3461658.8554999977
-10626859.4918,3491287.949000001
-10600553.0357,3500746.6877000034
-10600557.376,3500782.1269999966
-10570686.7408,3473922.0332999974
-10570737.0168,3474032.2414999977
-10649916.4974,3502702.0275000036
-10602245.3332,3456328.509300001
-10602195.05,3456403.4509000033
-10619910.5198,3474121.838799998
-10583739.7717,3447451.933600001
-10583728.4199,3447492.7282999977
-10599361.8241,3449471.3096999973
-10599196.1936,3449267.0157999992
-10591480.1951,3478807.916500002
-10591383.9314,3478828.1228
-10633125.8752,3520212.911200002
-10633130.8165,3520144.879900001
-10632980.2893,3520071.3238999993
-10632974.9233,3520005.059799999
-10656405.6069,3488205.4398000017
-10656366.1788,3488344.840400003
-10652757.3925,3486215.633100003
-10652770.4656,3486461.3862000033
-10652417.6916,3486529.8352999985
-10652486.2216,3486525.2632
-10644969.2029,3504589.190200001
-10645092.7652,3504680.4284999967
-10645390.076,3504467.739699997
-10645426.2676,3504471.7744999975
-10593818.4512,3481022.643600002
-10650327.8398,3481931.319600001
-10641140.8515,3510973.835199997
-10606268.5715,3481588.657399997
-10586667.8787,3463442.7629000023
-10586533.0208,3463195.8880999982
-10634791.3038,3505215.2990999967
-10634790.2102,3505302.361100003
-10634594.4611,3505287.9184999987
-10634408.3293,3505397.140900001
-10613817.6879,3470965.2405999973
-10620352.1147,3474751.1361000016
-10624553.0945,3487835.7941000015
-10597169.6317,3500162.8647999987
-10597007.049,3500121.780500002
-10597334.8384,3500116.7685000002
-10597489.1615,3499994.713399999
-10597901.8138,3500102.039300002
-10597810.8158,3500007.7399000004
-10594008.4173,3512604.835900001
-10593888.0507,3512770.559600003
-10593923.668,3512800.707999997
-10593848.0964,3512875.2939999998
-10593870.3559,3512577.463299997
-10656445.0382,3489342.8825000003
-10644969.9882,3508357.3874000013
-10645040.1058,3508385.2629999965
-10645198.389,3508382.0222000033
-10617879.6147,3468883.1130999997
-10620393.8531,3473736.8955999985
-10622130.0322,3456211.664300002
-10621821.2941,3456164.964599997
-10621538.754,3500490.4831999987
-10621765.6752,3500683.932599999
-10621777.8989,3500741.2162000015
-10624331.6572,3452138.1828999966
-10624275.5307,3452230.1489000022
-10624292.6449,3452232.9816000015
-10624190.284,3452287.8091999963
-10624240.2493,3452326.848200001
-10624019.8484,3452116.3649000004
-10623869.9188,3452117.8971000016
-10623844.2276,3452172.289499998
-10623781.6362,3452208.3238999993
-10623844.6856,3452207.4952000007
-10624036.2182,3452259.240699999
-10623845.3297,3452260.2989000008
-10619371.98,3510396.8315000013
-10619037.6615,3510280.9618000016
-10639439.0439,3503304.241700001
-10639225.2655,3503255.284500003
-10656841.0716,3498481.095700003
-10657005.7009,3498501.9197999984
-10656643.9365,3498276.657499999
-10656648.2269,3497974.9201000035
-10656810.4097,3498017.364699997
-10656409.7643,3498142.1037999988
-10656064.969,3498122.212700002
-10656127.0548,3498113.7206000015
-10656454.5401,3497530.4736
-10657070.8424,3498239.2404000014
-10656916.9022,3497834.2709000036
-10656915.5206,3497808.856399998
-10657132.2164,3497848.5989999995
-10657159.1503,3497721.079099998
-10657189.8494,3497621.277900003
-10656510.8104,3497808.659500003
-10656423.4625,3497845.444799997
-10656449.4614,3497903.7228000015
-10656662.7348,3497831.930399999
-10634833.9066,3509033.184600003
-10635063.0839,3508914.3642999977
-10633936.4202,3506936.1816999987
-10596039.394,3456488.786899999
-10596093.5042,3456382.960199997
-10621025.3392,3454661.1903000027
-10620800.5326,3454384.1768999994
-10620996.737,3454379.4799999967
-10619498.9172,3455020.3056999967
-10628016.4378,3456784.8781000003
-10628016.2018,3456753.182099998
-10628080.5068,3456994.875500001
-10628228.0705,3456730.7393999994
-10609947.9794,3506440.770199999
-10609771.0799,3506342.5728999972
-10609686.2779,3506453.519699998
-10609537.4804,3506447.4272999987
-10609537.2568,3506129.9870000035
-10609682.3562,3506069.1318000033
-10620443.063,3471533.625500001
-10654386.7386,3483982.0517999977
-10654289.9266,3483923.5490000024
-10640112.8902,3507512.379900001
-10640087.9229,3507594.6856999993
-10597932.5342,3499575.7480999976
-10597788.7975,3499404.1746999994
-10597593.0399,3499498.1383000016
-10646851.5938,3473486.9341999963
-10646362.1268,3473627.677000001
-10646364.0031,3473674.8606999964
-10620477.0175,3502569.8040999994
-10620894.1435,3505079.998800002
-10620561.3981,3505076.617399998
-10620590.3888,3505167.1190000027
-10620540.9758,3505040.9886000007
-10620448.7372,3504381.7654
-10620486.6455,3504765.4196999967
-10620498.3258,3504577.3905000016
-10620201.362,3504046.7206000015
-10620047.6432,3504255.0349999964
-10620066.3086,3504180.8703999966
-10644720.3793,3506885.5929000005
-10636146.0704,3517947.9804999977
-10636373.7796,3518110.084899999
-10636199.2535,3518072.6771000028
-10636226.6808,3517945.855899997
-10642603.5843,3468431.413800001
-10642488.6472,3468272.6274000034
-10621998.4705,3477848.9507
-10624047.3309,3504733.9909000024
-10624001.105,3504577.183799997
-10624159.1939,3504777.6158000007
-10624085.1351,3504640.8786000013
-10606313.7007,3454427.193599999
-10654589.0617,3485860.193099998
-10654412.1107,3485900.8625999987
-10654445.825,3485900.5122999996
-10654111.7589,3485964.8677999973
-10654022.8342,3485805.1733999997
-10654175.8326,3485807.9978
-10654289.158,3485796.2326999977
-10654279.5089,3485711.6119000018
-10600753.006,3499707.1190000027
-10600867.455,3499561.2496000007
-10600863.6968,3499138.5195000023
-10601116.3122,3499729.5846000016
-10601193.7729,3499670.6768999994
-10601180.5911,3499499.7817
-10601105.4655,3499667.1987000033
-10642133.4556,3510693.1586000025
-10642115.766,3510746.3462999985
-10642310.3834,3511152.0934000015
-10642271.3431,3511070.3100999966
-10642127.388,3511195.4902999997
-10647538.7914,3468510.4936000034
-10647465.432,3468588.222400002
-10647956.2782,3468615.4042000026
-10647675.1515,3468622.8725000024
-10647717.139,3468581.319600001
-10647839.242,3468550.3320000023
-10620773.2817,3503941.1396000013
-10620691.1578,3503861.6887999997
-10620590.9472,3503992.9822999984
-10612762.6372,3473484.9124
-10612740.016,3473474.258100003
-10623311.6477,3478869.604800001
-10614482.65,3470997.3630999997
-10614466.749,3470962.7294000015
-10623594.6687,3461528.3082000017
-10612227.2185,3463816.1565999985
-10618430.0558,3471290.4469000027
-10623728.9306,3460820.592600003
-10623653.8427,3461034.6937000006
-10617899.8233,3468771.9165999964
-10614381.3072,3471545.1115000024
-10643492.7433,3464036.016599998
-10643614.3258,3463720.6401000023
-10643660.7862,3463848.496100001
-10643665.9344,3463916.2119999975
-10643668.8235,3463938.2462000027
-10643452.6262,3463889.684299998
-10653457.4732,3489773.4323000014
-10653336.2709,3489661.0736000016
-10653414.8331,3489740.365500003
-10659793.5704,3505740.2858000025
-10614040.5073,3470772.731200002
-10573634.7378,3474387.3337000012
-10573574.5045,3474606.6340000033
-10573571.2813,3474589.2995000035
-10602394.6698,3452746.0134999976
-10602286.9727,3452711.4158999994
-10602345.9142,3452605.1733999997
-10616126.7066,3469859.543300003
-10621634.4989,3473379.833499998
-10620695.5024,3499732.5151999965
-10626162.6777,3457682.3087000027
-10626134.6457,3457682.8066999987
-10622029.9262,3512678.271399997
-10622030.3811,3512854.7946999967
-10637996.2276,3518377.0693000033
-10637893.3164,3518602.429700002
-10620197.4522,3473360.885300003
-10620237.5171,3473401.079999998
-10599120.7391,3495690.6111999974
-10599025.7403,3495655.564000003
-10598930.9455,3495691.1652000025
-10638062.3435,3494561.1591000035
-10638115.5783,3494643.7629999965
-10620804.509,3500185.6668
-10633353.2804,3513937.989699997
-10633424.4778,3514016.358000003
-10633489.9896,3513728.7567000017
-10633443.3311,3513832.3915000036
-10633410.852,3513930.758299999
-10647173.2177,3503230.7453000024
-10647240.0688,3503156.590099998
-10646956.5718,3503318.9438000023
-10595342.077,3480242.831100002
-10655592.3375,3486799.659000002
-10655604.5631,3486667.891999997
-10655691.5333,3486715.845700003
-10650001.9415,3487243.3543
-10602440.6837,3450490.8293000013
-10602452.773,3450478.0934000015
-10602376.6945,3450649.1147999987
-10602435.3344,3450634.3087000027
-10602477.3599,3450687.1283000037
-10602731.8538,3450503.5342999995
-10602689.4798,3450452.4811000004
-10602731.2817,3450407.904600002
-10618948.4924,3512665.452299997
-10650569.1204,3503482.130599998
-10650593.6237,3503543.248300001
-10650593.1229,3503385.4739999995
-10650523.9222,3503229.327299997
-10647916.0653,3485036.3071999997
-10648041.4141,3485108.2463999987
-10622138.4839,3475242.885300003
-10572870.8217,3477856.1154000014
-10572921.7306,3477732.8247999996
-10663722.8698,3478044.5544999987
-10663958.2623,3477981.1982999966
-10656634.9166,3481005.164300002
-10656699.5628,3480845.3574
-10656500.8126,3480479.223700002
-10656944.3809,3480585.144699998
-10656981.7851,3480355.5626000017
-10657040.8738,3480411.4790999964
-10660250.6637,3503832.949199997
-10656022.5779,3486321.3325000033
-10629490.0591,3488488.1177999973
-10609107.1016,3487434.4199
-10608992.9197,3487432.1010000035
-10609064.1368,3487364.4509999976
-10577316.721,3490923.159400001
-10655701.0912,3483561.886500001
-10655653.6876,3483562.224100001
-10655419.6918,3483252.7553000003
-10655754.3481,3483187.744099997
-10655517.1318,3483170.914300002
-10655479.3283,3483131.8016000018
-10655481.6396,3483366.272699997
-10655532.039,3483462.1959000006
-10655578.6886,3483381.852300003
-10655576.7072,3483398.339299999
-10655677.6658,3483446.253200002
-10632316.1772,3498023.0199000016
-10632300.1962,3498213.8827000037
-10632601.9244,3498022.0835999995
-10632688.8496,3498069.1921999976
-10632562.4472,3498222.3078000024
-10632440.4594,3498234.4773999974
-10632470.2527,3498215.7234999985
-10632513.9311,3498144.4553000033
-10622903.0981,3475586.6620000005
-10620093.0288,3479307.1982999966
-10664142.7664,3477111.2114000022
-10664058.8586,3477382.8672999963
-10620308.8491,3474520.8686999977
-10664085.3198,3477517.1092000008
-10663931.3401,3477390.883100003
-10621610.1149,3456077.104699999
-10621459.3643,3456131.729500003
-10621611.1445,3456165.152900003
-10621688.8465,3456165.5935999975
-10644831.7747,3472222.3684
-10644801.1293,3472286.2989000008
-10616949.4467,3486234.2346
-10623244.8254,3477196.1159000024
-10640997.4786,3495180.8927000016
-10640921.5052,3495235.2995999977
-10650155.265,3483470.6251000017
-10650023.107,3483461.0700000003
-10663941.0198,3476526.956699997
-10663971.362,3476794.1853
-10663944.2561,3476669.8038000017
-10657136.7697,3483766.548799999
-10657422.0353,3483929.0009000003
-10657393.5933,3484059.1032999977
-10626515.301,3510374.1533999965
-10626184.6257,3510244.7826000005
-10655708.4313,3501556.395199999
-10645554.3499,3507228.145800002
-10645485.147,3507203.0490999967
-10645664.4672,3507507.4174000025
-10645478.4905,3507373.1438999996
-10645575.7918,3507079.2991999984
-10645425.4172,3506861.4111
-10645744.017,3506906.5046999976
-10645594.861,3506742.3007000014
-10645689.0161,3506956.4768999964
-10615897.2311,3474701.4648
-10626994.3131,3514467.2271
-10626928.408,3514492.9650000036
-10626998.3738,3514370.1494000033
-10626937.1419,3514242.8104000017
-10626762.2949,3514314.391900003
-10626763.5428,3514484.1878999993
-10609417.3782,3506359.2282999977
-10609412.3267,3506065.1318000033
-10624734.7723,3501577.6165999994
-10624791.3056,3501594.1611
-10644412.1196,3463767.539999999
-10644447.6545,3463819.9860000014
-10652318.7528,3486337.6956999972
-10652335.4759,3486706.3606999964
-10652194.9977,3486804.4997000024
-10652181.8921,3486509.9341999963
-10652268.8798,3486361.7558000013
-10652275.2132,3486497.1599999964
-10652239.5797,3486654.1937000006
-10652174.62,3486288.867700003
-10625408.2129,3469994.457699999
-10609901.2691,3452678.954599999
-10609901.5987,3452774.0173000023
-10609976.0021,3453027.346699998
-10614663.7824,3452744.3082000017
-10614731.5512,3452837.4614999965
-10614510.7289,3452741.315399997
-10622338.2792,3474739.258299999
-10641754.323,3491429.4478999972
-10641468.2107,3491489.481700003
-10620431.1972,3474585.0019999966
-10618713.113,3471447.713100001
-10622622.1217,3475442.5622000024
-10622064.0973,3478513.6745999977
-10608162.0223,3486997.7497999966
-10629822.5771,3509631.7650000006
-10629691.4599,3509515.8385000005
-10629819.0073,3509534.1203999966
-10629718.9988,3509362.2476999983
-10629604.2301,3509492.5264
-10629539.1175,3509565.856700003
-10593667.4439,3480971.553199999
-10593654.169,3481032.130099997
-10593617.1829,3481096.623999998
-10596782.6014,3484491.508299999
-10596802.9133,3484101.612800002
-10633584.3587,3512613.712899998
-10633782.4438,3512492.829999998
-10633514.748,3512704.217500001
-10633800.6716,3512714.191200003
-10633697.8201,3512408.342600003
-10626276.5424,3457829.7114999965
-10625807.2504,3457851.9275999963
-10620421.636,3476979.1850999966
-10653712.9689,3489571.462200001
-10653799.731,3489530.8809999973
-10653908.4221,3489528.223700002
-10653957.8095,3489619.807400003
-10653900.7975,3489631.0623999983
-10653871.5215,3489624.6098999977
-10655673.5539,3490673.2370000035
-10655770.3124,3490778.0957999974
-10655781.0633,3490789.746600002
-10655905.875,3490822.3466000035
-10655933.0856,3490922.9021999985
-10656012.4222,3489531.8508
-10636151.1029,3499331.751199998
-10653510.9898,3503393.3828999996
-10620798.5443,3500537.0314000025
-10620849.9821,3500626.205799997
-10620592.8031,3500611.7426000014
-10617217.4511,3511637.695600003
-10617253.7425,3511698.3188999966
-10617041.7743,3511537.0176
-10616851.1793,3511598.7602000013
-10633382.2269,3519895.978100002
-10633332.2199,3519812.8429000005
-10601146.6276,3447425.3197000027
-10601074.9292,3447283.611299999
-10601106.1287,3447226.141999997
-10601169.5359,3447196.2531000003
-10632711.4486,3513971.559600003
-10632426.6411,3514156.770800002
-10632387.0266,3514237.784900002
-10632387.7653,3514260.3751000017
-10632573.141,3514116.3972000033
-10607028.9105,3453576.572800003
-10607007.8973,3453577.1159999967
-10606964.5753,3453659.541199997
-10631248.1421,3485184.7233999968
-10631247.2339,3485019.537299998
-10631205.1974,3485155.349600002
-10631172.5334,3485102.5461999997
-10659231.0281,3505299.5072000027
-10659138.8193,3505316.0979999974
-10586384.1801,3463595.6191999987
-10597283.0331,3453432.9646999985
-10597222.6931,3453508.268100001
-10597091.4763,3453500.751500003
-10596940.753,3453618.2070000023
-10596949.1754,3453497.533
-10596948.3931,3453461.6251000017
-10617983.7238,3468552.8363000005
-10640412.2553,3508522.320799999
-10620611.1831,3471046.775799997
-10617333.2673,3464673.685800001
-10617363.951,3464651.1084999964
-10619305.4249,3474282.0085999966
-10604687.999,3453318.9328000024
-10604592.658,3453281.9976999983
-10604477.457,3453299.1733999997
-10604382.3175,3453278.9113000035
-10604168.8528,3453308.8748999983
-10604260.1884,3453177.4406000003
-10654769.6889,3495433.012000002
-10642899.247,3504217.824199997
-10642848.097,3504096.2018000036
-10657378.106,3471127.774099998
-10657160.1242,3471194.6897
-10657367.5451,3471352.968199998
-10657185.1671,3471292.2994000018
-10626945.2783,3493930.3792999983
-10626787.8674,3493970.1208999977
-10653588.0425,3482911.878700003
-10653739.9813,3482901.607000001
-10653953.1607,3483129.304899998
-10653887.3278,3483038.906499997
-10653788.3176,3483098.905699998
-10626940.1177,3491622.964900002
-10626907.1449,3491373.908699997
-10626890.9502,3491775.1242000014
-10626836.3427,3491874.371299997
-10626992.4561,3491728.967699997
-10626984.7891,3491965.4113000035
-10579484.1062,3448576.526100002
-10579390.2679,3448543.1040999964
-10579363.0368,3448581.4284000024
-10637606.1951,3504226.7809000015
-10637403.2513,3504144.6933000013
-10658150.3331,3505498.3389
-10658209.9347,3505913.8369999975
-10611214.3456,3457174.4509999976
-10611142.6414,3457119.539800003
-10646812.0987,3471053.018600002
-10646844.9603,3471321.8068000004
-10646454.8105,3471137.2234999985
-10646563.1079,3471588.3800000027
-10617010.0227,3507790.164800003
-10617127.5727,3507695.067599997
-10617053.4518,3507689.2690000013
-10617585.679,3507399.489500001
-10617145.0677,3507377.0653000027
-10633771.587,3512773.3329000026
-10602633.3673,3500240.3562999964
-10602613.0663,3500348.5095999986
-10624688.0795,3510867.9641000032
-10624497.9056,3510700.7595999986
-10596535.6886,3499708.6975999996
-10651566.3668,3480041.3216999993
-10651337.9617,3479865.456299998
-10651320.4098,3479865.5670000017
-10651459.5435,3479967.0156000033
-10651459.2907,3479926.4400999993
-10620015.8182,3455647.8967999965
-10620200.8552,3455519.025399998
-10620159.7181,3455232.673600003
-10619833.1153,3455449.9883999974
-10619865.7773,3455301.2793999985
-10619918.3256,3455300.262599997
-10620658.7367,3454523.6646
-10620765.4301,3454382.8813000023
-10651919.1462,3489510.4021999985
-10651932.533,3489411.039999999
-10651892.06,3489602.417199999
-10596667.5625,3499385.268600002
-10596757.6385,3499398.8652999997
-10596739.9585,3499446.590499997
-10596609.1464,3499395.8885999992
-10596569.0246,3499366.5326000005
-10596669.0901,3499249.580799997
-10654939.6761,3485191.474399999
-10654844.9542,3485135.663800001
-10605565.2283,3494203.4098000005
-10605694.8509,3493986.1514
-10664229.5033,3475255.0768000036
-10664222.4223,3475392.123800002
-10639331.0338,3499231.0724000037
-10639166.6888,3499312.340599999
-10639190.733,3499215.035700001
-10639170.9386,3499159.0415999964
-10639169.8433,3499120.1895999983
-10639341.3207,3498962.8955999985
-10605034.2843,3484675.7568000033
-10604787.7206,3484592.8290000036
-10622298.7332,3454375.1753999963
-10625317.929,3455111.2161
-10625262.3629,3454934.6281000003
-10619296.2168,3455495.666699998
-10619412.5314,3455460.329599999
-10619388.2696,3455614.3769000024
-10619381.6395,3455421.7941000015
-10619381.1219,3455381.2673000023
-10618036.2241,3454645.940899998
-10617756.6971,3454652.2440000027
-10617811.0227,3454614.0776000023
-10621778.9665,3499873.7413000017
-10621764.534,3499774.5260000005
-10621290.4272,3499745.8966000006
-10621251.3577,3499753.8835999966
-10621230.7519,3499809.203400001
-10621644.1682,3499835.0265000015
-10621577.1841,3500469.304200001
-10656197.2808,3489565.5014000013
-10656331.1093,3489640.1459000036
-10656345.3373,3489640.112300001
-10656216.7733,3489683.892999999
-10656261.235,3489698.8532999977
-10613258.8763,3484185.4692
-10613121.3316,3484143.0656000003
-10585792.5623,3463417.357900001
-10594555.2225,3480791.9485
-10594517.6396,3480502.7981999964
-10594516.1597,3480480.804700002
-10617275.5329,3499675.649099998
-10617518.6864,3499369.1928000003
-10617390.4245,3499605.991700001
-10617566.2504,3499761.2053000033
-10617529.1827,3499901.2228000015
-10660425.2924,3503846.666500002
-10659210.7737,3479550.0354999974
-10659336.7231,3479469.0182000026
-10659455.8922,3479406.775399998
-10659406.5423,3479412.0644999966
-10659301.2381,3479412.821800001
-10659455.3762,3479364.6261000037
-10659658.9055,3479277.162299998
-10659556.7405,3478965.7295999974
-10659511.2605,3479086.8818999976
-10659644.3249,3479114.090499997
-10620498.6027,3473588.537900001
-10653944.2546,3484043.7536000013
-10653965.8559,3484035.6264000013
-10621579.067,3474245.7643000036
-10602463.4017,3456303.717100002
-10615015.3258,3452425.4211999997
-10654171.749,3489544.8858999982
-10654171.6439,3489604.2458000034
-10654012.6778,3489602.882100001
-10654249.7507,3489280.1706999987
-10654156.4612,3489365.145300001
-10654453.8667,3489972.1142999977
-10654079.7554,3489742.9799000025
-10654340.472,3489587.4202999994
-10654221.3944,3489878.9409999996
-10651842.3999,3489642.355300002
-10651683.0186,3489617.0666000023
-10651634.052,3489662.1960000023
-10614515.1167,3452931.410099998
-10614678.5667,3453041.0724000037
-10614339.0006,3454714.8264999986
-10614513.7781,3454755.4543000013
-10606593.341,3485868.6054999977
-10606555.5394,3485887.507799998
-10606377.7429,3485867.418399997
-10606441.8512,3485941.6636999995
-10606575.8555,3485814.1876000017
-10606445.1473,3485879.7651999965
-10597008.5289,3499085.827299997
-10597232.9827,3499135.4930000007
-10617956.9942,3454830.889700003
-10618061.74,3454886.701399997
-10617963.8356,3454885.336099997
-10617730.9402,3454742.4953000024
-10617743.0005,3454798.784500003
-10617698.1501,3454840.0185000002
-10659750.29,3479951.0069999993
-10659754.2158,3479802.7629000023
-10634329.3432,3523970.482500002
-10621530.995,3505876.8672999963
-10595912.1803,3457521.6479
-10653641.4986,3487296.452299997
-10653356.281,3487269.9452000037
-10653355.7216,3487185.221199997
-10639605.4244,3477982.5317
-10621629.821,3475622.953599997
-10622353.658,3479237.5358000025
-10591575.7475,3478823.982000001
-10591715.4866,3478680.309100002
-10592053.3863,3478845.5613999963
-10591861.0714,3478978.013899997
-10591786.3481,3478979.4614999965
-10591923.4076,3478958.7141999975
-10591658.0527,3478771.4208000004
-10645937.0968,3464849.539499998
-10645760.8669,3464910.137599997
-10626513.8184,3511078.224799998
-10596645.5409,3485986.3927000016
-10596491.9558,3486052.6894000024
-10596494.0864,3486175.657499999
-10596684.4488,3486214.6912999973
-10657399.3849,3481301.0754999965
-10657269.2538,3481166.7519999966
-10595389.6743,3497858.1609999985
-10595164.559,3497739.4165999964
-10663452.4614,3475201.3926
-10663666.6091,3475012.7590000033
-10663516.5121,3475182.5108999982
-10663722.8121,3475200.5691
-10663723.1348,3475182.6730000004
-10663676.7201,3475112.850400001
-10620291.1934,3473311.7864999995
-10615738.4667,3470184.375
-10617006.4757,3467024.2180999964
-10620458.9005,3500742.692400001
-10620161.4234,3500774.0755999982
-10620177.2906,3500692.0678000003
-10620201.3529,3500523.2080999985
-10620115.5427,3500563.8357999995
-10593983.2196,3497817.2805999964
-10594151.0892,3497741.9574000016
-10594479.6549,3497663.9355999976
-10594507.536,3497681.9695999995
-10594282.7424,3497855.0672999993
-10593524.0434,3497987.806599997
-10593607.6108,3497818.022399999
-10651710.7813,3495641.3184999973
-10651722.8562,3495682.240199998
-10651534.1424,3496057.0769999996
-10651419.1809,3496034.8231000006
-10651358.7344,3496018.8655999973
-10651353.8205,3495863.2277000025
-10607980.5499,3505670.291000001
-10607621.0142,3505729.714299999
-10607673.0568,3505350.7414999977
-10607451.6326,3504980.2951000035
-10607418.8297,3504973.152800001
-10607123.2215,3505311.4360999987
-10584964.5615,3462701.974100001
-10584965.966,3462723.533399999
-10584811.2068,3462704.338399999
-10584809.5864,3462598.6401999965
-10584906.5427,3462691.6369000003
-10584870.3852,3462715.784500003
-10620187.0415,3510099.510300003
-10614708.0643,3453199.1313000023
-10614660.7695,3453198.9233999997
-10614615.959,3453139.391999997
-10614632.8731,3453139.045000002
-10642703.7199,3466380.539800003
-10620276.0163,3509689.8550999984
-10620237.4817,3509717.962399997
-10620229.862,3509645.9114999995
-10573647.5594,3479692.2163999975
-10573947.4999,3479846.553199999
-10573661.3986,3479784.4729999974
-10648877.838,3486002.8279
-10648756.1508,3485784.3571000025
-10648902.8021,3485863.9663999975
-10648904.0999,3485934.552199997
-10648934.3693,3485824.4749
-10648936.1726,3485797.6916000023
-10648960.347,3485790.302699998
-10649034.4907,3485793.2968000025
-10649171.1413,3485795.2810999975
-10651814.6693,3489772.3488000035
-10604387.0032,3454475.017499998
-10652276.0678,3489486.3708000034
-10652311.0315,3489539.6547000036
-10652071.3497,3489465.560999997
-10651974.9929,3489422.8312000036
-10651970.1943,3489526.463799998
-10633980.754,3514127.8527000025
-10634024.7764,3514224.311999999
-10665062.5367,3505322.5798999965
-10664896.2285,3505623.807099998
-10664836.8923,3505674.728699997
-10664802.5398,3505571.421400003
-10664949.0455,3505369.594499998
-10593278.7946,3440674.6305000037
-10593363.0473,3440950.2568999976
-10592810.6894,3440800.5331000015
-10592723.151,3440900.128200002
-10622673.7607,3478464.3615000024
-10619309.019,3474318.1221999973
-10616621.3529,3481209.7585999966
-10618177.416,3471510.308600001
-10611304.9163,3457077.3452999964
-10611178.737,3457079.6974000037
-10611206.5147,3457022.707999997
-10627503.5825,3468936.8933999985
-10644261.3933,3462891.842299998
-10625686.6533,3490293.542800002
-10625704.2159,3490293.1915000007
-10625911.0823,3490290.343800001
-10667814.5222,3479443.6093000025
-10629659.4423,3513093.0200999975
-10629835.1001,3513437.242700003
-10629724.8565,3512861.615500003
-10631037.9612,3511045.5989999995
-10631133.634,3511031.894699998
-10631211.3233,3510871.8839000016
-10631434.119,3510790.979000002
-10596945.1269,3484921.4516000003
-10596697.9155,3484928.844300002
-10596678.6851,3484928.4833000004
-10632174.8793,3512388.0659999996
-10649984.741,3487153.8831999972
-10616564.3894,3511520.8357999995
-10616714.0218,3511237.304700002
-10640921.5148,3508394.273400001
-10608784.4578,3507044.815399997
-10608746.2451,3506930.289099999
-10608738.3676,3506942.1956999972
-10608685.5808,3506858.6224000007
-10608797.7902,3506893.0845
-10608819.9917,3506910.394299999
-10608889.95,3506793.966600001
-10621804.9907,3475510.1074
-10640986.1919,3461712.1410000026
-10647550.6964,3506178.8737000003
-10647571.486,3506123.2474000007
-10600132.876,3500925.8861000016
-10599934.4545,3501023.725100003
-10599903.1503,3500884.865000002
-10599954.5903,3500868.0034999996
-10647513.6108,3503959.5604000017
-10655172.6769,3482731.2663000003
-10655166.7098,3482595.4365999997
-10654956.9437,3482690.3202000037
-10617410.802,3452920.662100002
-10617412.1811,3452939.4381000027
-10617410.2393,3452977.091499999
-10617268.4812,3452851.8603999987
-10617188.1538,3452831.4460999966
-10617215.261,3452887.9530000016
-10617235.9722,3452897.0842999965
-10617551.7133,3452485.971199997
-10617504.6282,3452688.8452999964
-10617575.0723,3452716.5659999996
-10669740.5648,3503847.8346000016
-10669716.3235,3503639.382600002
-10669653.1255,3503946.9329999983
-10669521.0229,3503131.9878999963
-10572606.817,3480707.397399999
-10572720.2203,3480589.8254999965
-10572645.0249,3480452.6696000025
-10637290.36,3519812.0271999985
-10637519.6284,3519863.778300002
-10637640.846,3519967.438000001
-10598466.9806,3485811.6010000035
-10598405.4938,3485714.7817
-10638953.6856,3503197.783
-10639136.6112,3503593.579599999
-10638627.8668,3503252.1410000026
-10586285.6775,3463936.2893999964
-10656327.7136,3487724.220899999
-10598473.1397,3500017.1731999964
-10654367.4238,3499393.8144000024
-10654570.1797,3499395.3596
-10654544.5573,3499059.8188000023
-10586391.8835,3463858.8511999995
-10593876.0538,3481775.728600003
-10617728.9537,3454928.9521000013
-10630432.774,3499188.647500001
-10620156.8361,3473972.8955999985
-10603937.2352,3496546.358900003
-10603702.2804,3496308.9341999963
-10603741.4378,3496448.081100002
-10603741.8814,3496479.8725000024
-10621822.8399,3500428.0007999986
-10621824.3501,3500556.621799998
-10621672.1392,3500470.6234000027
-10621524.1506,3499847.1224000007
-10621737.5759,3499741.6510000005
-10635475.2053,3520379.699199997
-10628764.2395,3510815.8543
-10628608.7051,3510878.5823
-10603368.5063,3496064.193099998
-10603703.9823,3496534.335000001
-10603455.1994,3496336.2985000014
-10603401.7983,3496544.636
-10650360.9751,3482635.4372999966
-10649967.9704,3482533.0385000035
-10621566.2924,3478978.574500002
-10586000.4862,3463688.5050000027
-10585820.9952,3463628.461199999
-10599638.6472,3448647.468000002
-10599461.6173,3448539.7085999995
-10599593.3429,3448496.9750000015
-10599579.6023,3448531.4585999995
-10599596.1179,3448385.2484000027
-10599536.9057,3448343.3537999988
-10599513.9723,3448389.3605000004
-10602845.159,3450382.7744000033
-10637814.2348,3513099.1489000022
-10637800.7322,3513113.0402000025
-10637725.511,3513230.7485999987
-10637753.4692,3513060.2405999973
-10614990.3298,3484899.6374000013
-10616391.3043,3470038.365199998
-10626536.7235,3505034.596500002
-10646358.7926,3494054.474100001
-10646109.8405,3493930.605700001
-10645928.7796,3493783.223200001
-10598226.7591,3485927.8059
-10598039.3618,3485881.012199998
-10637942.5515,3512900.2456
-10638011.1128,3512808.2837999985
-10597904.1796,3486208.6182999983
-10660320.8034,3505708.641400002
-10660255.5816,3505754.360600002
-10622950.3983,3475678.0573000014
-10622949.3824,3475717.3659999967
-10619674.0223,3500120.8757999986
-10619656.4429,3500120.914499998
-10619828.1479,3500219.4745000005
-10619951.2065,3500219.199699998
-10619890.2171,3500632.664300002
-10619963.7341,3500567.249499999
-10598986.7361,3489326.2030000016
-10618945.4873,3475831.3391999975
-10620154.3215,3473444.5156999975
-10649501.4817,3484682.343500003
-10593067.7935,3439583.8823999986
-10616492.9817,3459898.3584999964
-10624088.4892,3452774.9459000006
-10609567.7546,3505488.467600003
-10660097.1265,3505225.0068999976
-10660173.9772,3504955.800999999
-10659926.4645,3505067.270499997
-10659873.5082,3505051.909400001
-10620739.2843,3454880.5604000017
-10620835.7259,3454664.1499999985
-10620805.2599,3454848.2908999994
-10577485.8384,3479360.1074
-10619742.9189,3470955.4375
-10601504.922,3447619.650899999
-10601685.4126,3447355.606700003
-10601561.3535,3447676.049900003
-10631963.6243,3509551.067900002
-10631591.5946,3509845.710199997
-10656064.3015,3502223.422700003
-10655865.9791,3502218.1027999967
-10655875.1984,3502163.4168
-10655807.367,3502131.2104
-10656001.9995,3502166.968199998
-10655656.4151,3502153.6626999974
-10653383.5219,3473913.3840999976
-10653162.3407,3473905.419500001
-10631908.9448,3489784.210199997
-10624194.8523,3508315.2814000025
-10624343.4918,3508413.0407999977
-10578887.144,3480456.9626
-10592958.4747,3479829.6347000003
-10592689.2339,3479832.4800999984
-10592641.5096,3479794.9755999967
-10593006.4949,3479441.174800001
-10633381.2737,3520347.8982999995
-10593586.1672,3480670.7515999973
-10594490.2676,3507686.500500001
-10618712.7117,3472340.659599997
-10622345.3922,3475133.341799997
-10593473.0185,3499264.7139
-10651341.8417,3479722.5376999974
-10651385.4349,3479660.5221000016
-10651293.85,3479558.7717999965
-10612556.2286,3465044.2355000004
-10597295.6356,3451774.4177
-10617423.8549,3474332.0803999975
-10653853.3744,3485201.5112000033
-10653786.5477,3485218.1948999986
-10653608.2684,3485269.4507
-10653543.4397,3485288.088600002
-10663689.8465,3478958.3528999984
-10664048.5202,3478954.6445000023
-10664078.9125,3478896.9966999963
-10664024.2377,3478890.553000003
-10664267.5054,3479530.921099998
-10664250.7556,3479725.5122999996
-10620639.7462,3500134.0645999983
-10620621.9202,3500125.1477999985
-10620489.0665,3499823.2250000015
-10620509.5389,3499735.272699997
-10620508.6891,3499881.6372999996
-10619252.1295,3474090.2448000014
-10618585.0937,3498294.1234000027
-10618680.8545,3498174.3959000036
-10598174.202,3500040.3738999963
-10598119.8413,3499879.6687999964
-10622319.7764,3475534.6677
-10638262.5524,3510867.7048000023
-10638192.9809,3510903.330600001
-10638087.2336,3510943.7937999964
-10637915.7766,3511033.5173999965
-10637914.9776,3510898.8183000013
-10630022.0447,3486672.784699999
-10637144.8016,3500148.7859999985
-10637183.7756,3500179.468999997
-10596986.9463,3450090.1516000032
-10633118.5753,3513680.5973000005
-10633332.3004,3513711.2410999984
-10633365.1949,3513770.6801000014
-10633467.8301,3513674.8567999974
-10626773.834,3490817.8588000014
-10626724.7976,3491114.099200003
-10626724.439,3490990.505400002
-10626629.8302,3491079.0647
-10626629.7792,3491061.408
-10609927.893,3505320.8549999967
-10609896.2432,3505320.7902999967
-10609872.1433,3505578.890299998
-10609971.2467,3505544.306599997
-10609930.9298,3505384.6761000007
-10651141.1932,3479550.6450000033
-10651168.2667,3479549.242200002
-10651029.7346,3479810.2258
-10651030.5151,3479873.7299000025
-10651027.0889,3479595.019699998
-10654060.7544,3478981.0683000013
-10654105.321,3478919.772
-10654205.7353,3478916.6450999975
-10654190.1407,3478954.192400001
-10654208.0759,3478860.6253999993
-10655271.0804,3502798.240000002
-10621918.7128,3500368.4575000033
-10621861.4675,3500423.654799998
-10597486.5117,3449333.3354
-10597420.7305,3449266.409400001
-10597535.851,3449312.373300001
-10631278.2954,3507303.8099000007
-10631168.5626,3507205.4211999997
-10631063.7925,3507666.7967000008
-10630932.3919,3507329.0381999984
-10597912.4635,3499308.3977999985
-10598169.3637,3499086.9268999994
-10639770.6442,3508186.3354
-10639873.7375,3508088.798100002
-10639911.1423,3507996.3874000013
-10639729.2611,3507852.7905
-10639927.0703,3507904.251500003
-10640175.9495,3508215.185999997
-10640172.538,3508073.7947999984
-10639746.5089,3507524.297200002
-10639721.2978,3507439.9113000035
-10639814.7494,3507533.4843000025
-10639891.1546,3507606.655500002
-10590599.22,3479280.7465000004
-10590803.8906,3479270.625699997
-10590695.5987,3479100.8593999967
-10639047.6033,3510326.853
-10646309.2939,3493231.7959999964
-10646615.8847,3493229.2123000026
-10646507.8058,3492903.024599999
-10646451.2988,3493091.1269000024
-10646489.3057,3493036.892099999
-10646385.5229,3493175.3858999982
-10646369.4137,3493138.359700002
-10653599.676,3488850.471900001
-10653389.3999,3488934.218800001
-10653346.8766,3488934.3882
-10653448.08,3488877.4888999984
-10653175.5506,3488763.8734000027
-10653075.599,3488930.054200001
-10653002.6372,3488878.882799998
-10653007.5195,3488780.8099000007
-10578934.8656,3449857.6718999967
-10657432.0474,3481019.4280999973
-10657424.4469,3480930.043899998
-10656328.966,3487915.717100002
-10622280.9006,3512625.5556000024
-10590286.2123,3509248.3982999995
-10610887.6078,3471176.2048000023
-10610877.9085,3471283.478
-10630623.5854,3495921.744599998
-10630579.8998,3496265.1445000023
-10630575.3265,3496349.2678999975
-10630653.7256,3496320.5643000007
-10630492.9493,3496452.2314999998
-10630464.8639,3496058.7611000016
-10630467.8812,3496235.3659000024
-10630570.9411,3496073.776900001
-10630670.9673,3495977.516099997
-10619653.0678,3455127.7413000017
-10619590.0069,3455128.769299999
-10619548.0914,3455126.0713
-10619541.51,3455285.2250000015
-10619583.4566,3455207.1614999995
-10626869.6026,3514579.259999998
-10626855.572,3514576.027599998
-10626760.0153,3514717.6235999987
-10618827.4397,3470645.061999999
-10612907.6628,3470440.522500001
-10617631.1601,3467802.688699998
-10635789.1384,3519352.0412999988
-10635555.9816,3519303.559100002
-10635401.605,3519382.6942000017
-10616787.6834,3482929.594300002
-10635470.9763,3518990.1423000023
-10635306.0184,3519148.8488000035
-10635577.5688,3519046.5797000006
-10599752.7941,3447917.8827000037
-10599633.5651,3447910.724600002
-10637745.0381,3517940.702399999
-10618534.6097,3507803.3709999993
-10618499.9067,3507676.6181000024
-10618524.7443,3507716.052000001
-10618592.7745,3507718.259999998
-10664134.6301,3475030.037600003
-10650835.5009,3491673.185999997
-10650863.4887,3491580.927699998
-10650618.2122,3491541.3484999985
-10636330.7334,3513966.6185000017
-10636171.439,3513826.8078999966
-10635978.5533,3513752.955600001
-10635873.8295,3513922.0612000003
-10636022.2903,3513919.560999997
-10635825.5629,3514302.856700003
-10654169.7189,3492091.349399999
-10651986.6274,3489919.412299998
-10652242.4981,3489768.9651999995
-10651909.6576,3489827.558799997
-10615324.9461,3453090.214299999
-10615613.4751,3453025.692900002
-10615731.4845,3453044.034699999
-10600321.598,3500720.0398999974
-10600286.4856,3500787.4695999995
-10600271.7307,3500871.0298999995
-10602522.4292,3500730.5559
-10602593.2537,3500462.283399999
-10602393.0724,3500612.8871000037
-10602340.3187,3500567.9836999997
-10602421.9717,3500389.7223000005
-10637633.9637,3520414.1567
-10637627.1678,3520163.099299997
-10637628.7888,3520123.781499997
-10637611.9024,3520223.4587000012
-10637561.2499,3520319.658500001
-10616584.3282,3479560.612400003
-10653167.1869,3502839.0769999996
-10653168.2206,3502670.3140999973
-10652972.0911,3502601.2355000004
-10653065.4779,3502475.5273
-10654353.8754,3495108.1765
-10640467.4031,3508998.5636000037
-10652907.9057,3502668.1599999964
-10640419.6455,3509348.4992000014
-10635712.2935,3484136.1092000008
-10612249.5529,3454681.730700001
-10612285.4915,3454456.4959999993
-10622877.2,3453733.588399999
-10612250.2859,3454498.612400003
-10612196.2427,3454625.1696000025
-10614611.851,3470733.2575000003
-10615869.7178,3511531.9038999975
-10615802.3562,3511353.529299997
-10615847.9684,3511326.7322999984
-10615939.448,3511273.6903000027
-10615882.7728,3511476.9032000005
-10615921.3815,3511456.4108999968
-10619364.8563,3510674.8896000013
-10619465.8026,3510651.679899998
-10619440.9562,3510565.6714999974
-10653496.1162,3482530.3320000023
-10653401.0105,3482377.3654000014
-10593510.4971,3480790.281800002
-10631774.3767,3510386.7448000014
-10658091.9396,3505287.7426000014
-10658392.8806,3505411.0930999964
-10619635.1356,3503205.528099999
-10619626.7638,3503167.5700000003
-10619754.6577,3503317.089900002
-10659739.8238,3506007.6621999964
-10659537.3696,3505971.602300003
-10660338.1627,3506108.1334000006
-10660089.0346,3506015.5011000037
-10658389.2075,3479765.9663999975
-10658332.0404,3479751.5829000026
-10658328.8106,3479376.4943000004
-10628715.7602,3493273.2918
-10568083.5769,3473980.659900002
-10568028.9774,3474024.2007
-10596969.9421,3454431.731200002
-10597336.619,3454382.7729
-10597335.9161,3454291.334899999
-10616980.8486,3474154.6273000017
-10632814.8886,3498271.2566
-10632560.8991,3498548.765299998
-10622738.6342,3479241.9221
-10632534.8019,3498283.0687000006
-10632728.7131,3498238.0244000033
-10632511.86,3498362.5437999964
-10628447.627,3499194.342699997
-10628543.9538,3499020.094999999
-10639633.8362,3516734.884499997
-10639483.648,3516934.1459000036
-10639531.3519,3517098.846000001
-10639538.3417,3517146.2463999987
-10639520.3438,3516558.3040999994
-10639444.736,3516548.112499997
-10644620.3692,3490604.1714999974
-10644486.0433,3490448.715400003
-10644531.6098,3490429.4447000027
-10644818.566,3490439.7421000004
-10644530.9415,3490519.2577000037
-10644562.5579,3490518.6956999972
-10631635.4396,3507217.1061000004
-10631671.3751,3506967.3972000033
-10631642.5614,3506983.4936999977
-10631623.3831,3507094.8193000033
-10631438.4636,3507205.814000003
-10631718.3829,3507164.2370999977
-10656317.7436,3490401.5336000025
-10656382.8964,3490360.5705000013
-10655906.662,3490542.787900001
-10655864.8668,3490504.0029999986
-10655824.5142,3490422.5068999976
-10655734.4872,3490247.8175000027
-10627203.6659,3499421.960500002
-10626848.3911,3499561.5024000034
-10626968.8168,3499519.1264000013
-10626860.2697,3499385.2070000023
-10638542.0852,3513211.546099998
-10621949.0408,3505862.108599998
-10621629.1521,3506013.709899999
-10621551.8275,3505994.577299997
-10598120.0245,3500665.3149000034
-10598153.8249,3500667.898599997
-10597962.0186,3500312.3559999987
-10598132.7584,3500412.2327999994
-10597943.8546,3500555.394699998
-10625006.529,3501527.271899998
-10624942.0514,3501872.887699999
-10628474.2771,3514010.2990000024
-10631096.815,3485026.7695000023
-10614088.7276,3472285.2470000014
-10614022.1358,3472238.8188000023
-10614065.5744,3472247.645999998
-10614120.3478,3472136.6196999997
-10619612.9255,3478676.8982999995
-10618739.7183,3498358.818400003
-10618742.1919,3498443.331699997
-10618591.5171,3498451.6757000014
-10600786.9324,3501376.8325999975
-10600438.1939,3501432.6379000023
-10583579.8289,3458994.8241000026
-10658981.3593,3482878.8136000037
-10658799.206,3483005.594700001
-10659041.3066,3482995.4990999997
-10645232.2968,3504915.7069000006
-10645206.5451,3505037.713600002
-10645386.0394,3505198.6642000005
-10645442.3248,3505153.205499999
-10645454.4466,3505139.5889
-10645030.2689,3504957.5062000006
-10655920.0807,3483364.408699997
-10655974.7363,3483315.7443000004
-10596792.7424,3493600.309100002
-10596701.3169,3493658.7104
-10596528.6183,3493701.7075000033
-10632638.128,3514193.1476000026
-10632721.4206,3514053.401799999
-10624829.9394,3501545.7578999996
-10575014.8873,3480288.634499997
-10574681.8633,3480170.4976999983
-10574634.0326,3480323.514200002
-10574957.1604,3480236.136
-10628898.7807,3482915.447999999
-10619826.5383,3500797.976999998
-10619810.1485,3500860.6187999994
-10619961.5308,3501005.1010999978
-10619991.5104,3500914.4952000007
-10660277.6172,3504105.565399997
-10660476.4335,3505357.177500002
-10660613.1058,3505120.9470999986
-10660423.7651,3504826.043899998
-10660172.0653,3505253.785700001
-10660220.4392,3505055.2295999974
-10660320.0543,3505192.669200003
-10660330.3823,3505088.0513999984
-10660481.9253,3505075.0130999982
-10634627.4161,3513392.452799998
-10634626.8908,3513313.793399997
-10635065.9976,3513499.427699998
-10635065.4968,3513441.065200001
-10635064.4961,3513324.340800002
-10635012.9733,3513589.7607000023
-10634933.9398,3513590.9239000008
-10634629.6347,3513785.0643000007
-10635013.7688,3513652.483099997
-10634846.9783,3513750.740199998
-10635000.2787,3513751.0534999967
-10635103.6583,3514083.799999997
-10621726.5863,3474284.9692
-10622337.3663,3478875.2364000008
-10650162.9444,3503270.6295000017
-10650215.769,3503419.6098999977
-10650261.0656,3503509.4971999973
-10635316.184,3520627.7051
-10635263.6718,3520656.8662
-10635094.3955,3520640.406999998
-10653474.6531,3492394.410599999
-10653429.1553,3492308.3928999975
-10653365.2265,3492351.6093000025
-10653292.2454,3491787.6728999987
-10653248.1304,3491771.7272000015
-10632763.1372,3521579.1608000025
-10632741.5552,3521500.9400999993
-10633019.2522,3521899.8954000026
-10633482.6488,3521656.201200001
-10633402.7077,3521781.424900003
-10593331.7095,3498907.9343999997
-10593086.5738,3499112.5474999994
-10593365.097,3498967.9279000014
-10592945.7346,3499178.2650000006
-10592787.9297,3499095.524099998
-10592812.1294,3499059.7018000036
-10592882.6052,3499012.8510999978
-10592842.527,3499435.9984000027
-10592603.1566,3499209.6620000005
-10616245.3919,3468062.8576000035
-10619830.861,3475778.6454000026
-10664184.3321,3477705.761
-10664231.1437,3477859.5161999986
-10664230.9345,3477841.878700003
-10664230.747,3477804.6207000017
-10632813.3819,3520269.173600003
-10632660.4265,3520447.4904000014
-10633016.9659,3520562.5029999986
-10632928.2917,3520415.4639
-10616229.4331,3470366.036600001
-10619965.7582,3475615.033399999
-10614125.4673,3471293.389799997
-10614115.895,3471286.8456000015
-10614690.6845,3457098.0449
-10614587.8191,3457012.2405999973
-10614557.8354,3456853.290100001
-10597509.0896,3458941.6514
-10597491.0632,3459002.487300001
-10597365.9094,3458905.935999997
-10642376.9435,3497077.5891999975
-10634133.6566,3514419.998499997
-10634106.221,3514460.824500002
-10582964.1229,3492953.0989999995
-10582595.8996,3493064.658399999
-10582785.4458,3492901.1952000037
-10637651.9951,3520730.1350999996
-10637474.4721,3520669.7097000033
-10637474.2335,3520905.3271000013
-10637322.3568,3518718.7783999965
-10637384.515,3518877.4262000024
-10637378.0646,3518860.9628000036
-10637620.8317,3519144.9202999994
-10637772.1803,3519301.8554999977
-10647476.2412,3499795.2399000004
-10647502.9378,3499970.2057000026
-10647534.0159,3499904.610299997
-10605997.7429,3494585.1630000025
-10605998.926,3494660.098700002
-10606336.4375,3494699.989500001
-10606110.6286,3494766.423799999
-10600164.8011,3500111.672799997
-10600290.2546,3500014.0402999967
-10600173.4021,3500249.400600001
-10600100.2821,3500263.7599000037
-10599983.6094,3500103.4318000004
-10601815.2497,3500290.0754999965
-10601834.2721,3500434.8577999994
-10616177.6172,3452347.0819000006
-10616130.3382,3452348.1832000017
-10616187.4105,3452613.0552999973
-10616139.9789,3452558.210900001
-10616060.1858,3452657.7519999966
-10615969.0831,3452691.5676999986
-10615973.4961,3452858.713600002
-10615915.8617,3452765.9628000036
-10621422.2453,3473436.399899997
-10621438.1623,3473483.2010999992
-10621609.1435,3473267.0790000036
-10624162.6967,3476437.7551999986
-10624345.1947,3476446.391599998
-10613403.0277,3455184.964299999
-10613405.1972,3455042.6853
-10617644.7955,3507864.211099997
-10617631.4403,3507833.7739000022
-10617453.419,3507644.0157999992
-10617372.1078,3507752.6128999963
-10617538.2471,3507790.6757000014
-10626822.0698,3494116.115500003
-10626681.872,3494118.6089999974
-10664990.9546,3505580.5163000003
-10638316.6964,3499528.9860000014
-10634486.3965,3506245.3122000024
-10634820.578,3506016.7540000007
-10634473.129,3506180.5627999976
-10622729.3164,3513075.286200002
-10653484.8309,3489962.5879999995
-10653469.0236,3489962.8496999964
-10653058.8557,3489779.713100001
-10653304.7033,3489693.0512999967
-10653206.5634,3489578.9133
-10626644.7658,3491763.408399999
-10626646.5925,3491876.3998000026
-10626607.944,3491876.835699998
-10655170.7035,3489420.4165999964
-10655101.6888,3489528.5583999977
-10654936.2616,3489812.243900001
-10655127.2197,3489580.581100002
-10655129.2178,3489690.5957999974
-10624404.5817,3504768.8228999972
-10624197.5496,3504450.2544
-10624264.6051,3504485.8082000017
-10620191.1502,3471243.4701000005
-10594211.5542,3494181.4124
-10593714.7337,3494094.3233999982
-10593885.1646,3494111.487300001
-10594104.368,3494128.5222000033
-10647488.7634,3507639.5451000035
-10647640.5428,3507562.400700003
-10648582.8305,3508075.6141000018
-10638610.7074,3509697.0308
-10638443.9905,3509799.0829000026
-10638499.8962,3509698.588399999
-10594702.4128,3497701.300999999
-10594940.1361,3497659.8194999993
-10594959.4695,3497659.663800001
-10594900.6695,3497763.4833000004
-10594841.7453,3497763.9968999997
-10594959.1645,3497824.8434000015
-10655159.7838,3497168.109099999
-10608194.401,3463781.479000002
-10620404.4145,3469820.501699999
-10617575.9114,3452816.964900002
-10617541.432,3452929.4406000003
-10596469.7488,3453306.9283000007
-10596469.2548,3453378.0063000023
-10596775.8458,3452992.8302000016
-10596765.5112,3452906.335500002
-10604989.417,3464206.5407999977
-10596551.268,3500712.8571000025
-10596526.3567,3500704.4375
-10596472.1191,3500669.8805000037
-10596613.1988,3500509.139799997
-10596577.3536,3500664.8517000005
-10596547.7304,3500651.9169000015
-10596476.9702,3500579.479199998
-10654485.9562,3485517.9025000036
-10650563.9729,3503640.023400001
-10650471.3143,3503621.8269999996
-10650527.2776,3503676.2010999992
-10650599.3578,3503683.382600002
-10650738.2041,3503714.7537999973
-10650541.3098,3503737.1723000035
-10600689.6373,3495448.7431999967
-10601160.0794,3495390.5600000024
-10601160.9254,3495414.078599997
-10601026.1781,3495485.1005999967
-10624730.7975,3476617.853699997
-10623495.4211,3461178.2534999996
-10598497.4162,3485991.3620000035
-10598538.3362,3486171.192400001
-10598526.6544,3486217.8193999976
-10639591.819,3509995.088299997
-10639523.3958,3509896.9535000026
-10639634.2212,3509683.8554999977
-10639578.0956,3509802.9926000014
-10635092.6351,3472966.807599999
-10616689.7594,3469720.9946999997
-10622492.7802,3474567.7087000012
-10655813.8421,3497338.9469000027
-10656118.1123,3497546.907899998
-10655815.338,3496950.1789999977
-10655762.7419,3496950.160400003
-10656122.973,3497008.9526000023
-10656364.4126,3496920.3259000033
-10656475.7497,3497032.3589999974
-10656356.7534,3497060.9733999968
-10605252.682,3494854.251699999
-10605210.8248,3494793.0374
-10605172.0203,3494774.0747999996
-10605910.9316,3494377.9966999963
-10606019.4796,3494227.3715000004
-10634432.1392,3487007.3712000027
-10634435.4788,3487064.3883000016
-10634611.0126,3487069.902900003
-10634610.2799,3486933.2967000008
-10634515.0794,3487001.5483999997
-10634480.4124,3486929.8213
-10634302.7596,3486845.792300001
-10615656.3859,3511422.8148000017
-10615520.6851,3511294.9394000024
-10654460.2645,3490098.6514
-10654456.798,3490221.599200003
-10654623.7118,3490237.4575000033
-10654526.0328,3490384.030100003
-10654365.5673,3490338.116899997
-10654348.9004,3490323.1256000027
-10654197.8384,3490593.757299997
-10654100.9521,3490434.268299997
-10653953.6674,3490652.8156000003
-10653854.8935,3490296.5518999994
-10654049.9746,3490127.6525000036
-10654091.4272,3490070.847199999
-10654318.5067,3490080.221199997
-10632450.6675,3477514.614699997
-10627317.7664,3456363.3455
-10627177.7136,3456371.739699997
-10627119.9019,3456372.6603000015
-10621494.8195,3478626.526100002
-10572936.7206,3481256.5342999995
-10572925.1106,3481175.586099997
-10572982.8865,3481109.099399999
-10573483.821,3481018.019199997
-10573687.5738,3481066.25
-10573297.7721,3481253.6724999994
-10573515.0579,3481172.4307999983
-10573532.3338,3481169.3027999997
-10573247.0161,3481158.8998000026
-10640606.5259,3496934.2639999986
-10640650.8503,3496865.310999997
-10615198.5767,3470879.1881000027
-10620459.5989,3475907.918399997
-10620381.1224,3475889.0944000036
-10611900.2703,3455615.5436000004
-10594192.99,3513133.1766000018
-10594370.9986,3513197.1137000024
-10594185.4149,3513248.0058000013
-10604027.4609,3453119.1118
-10632904.8083,3521301.8012999967
-10633169.9771,3521237.601400003
-10633395.5091,3521194.5314000025
-10632986.6365,3521392.478
-10633006.7527,3521423.074699998
-10633596.7833,3521518.5618999973
-10634033.0498,3521835.0266000032
-10629220.5984,3513034.378700003
-10597741.3574,3499136.3005999997
-10597664.0758,3498965.9453999996
-10597586.6081,3499222.8610000014
-10597737.5576,3499306.501699999
-10597576.2374,3499388.795000002
-10658033.3008,3482299.340099998
-10658465.8561,3482309.2470000014
-10658336.4261,3482481.369900003
-10623738.7817,3487714.092500001
-10622438.9522,3474817.4953000024
-10660053.4084,3479697.589900002
-10621507.2043,3474286.4510999992
-10626061.8628,3490207.211599998
-10626027.0313,3490158.746299997
-10625821.3872,3489917.3982999995
-10625891.3298,3489880.8574
-10626217.9422,3489968.849799998
-10626338.1432,3489954.2600999996
-10626349.2551,3489940.1849000007
-10585256.4313,3492964.1515000015
-10585328.7581,3493063.9834999964
-10622279.3063,3477874.656499997
-10621846.4018,3478830.8949000016
-10613477.3817,3471870.0195999965
-10623686.6205,3487280.4640000015
-10619470.0889,3471517.1349000037
-10596298.0626,3493173.8209000006
-10596814.1958,3493040.4362000003
-10596874.6496,3493219.5317
-10626234.1511,3492388.4157000035
-10625946.806,3492386.970700003
-10625768.6672,3492590.0031000003
-10623985.6532,3502381.3061999977
-10624078.5308,3502265.134800002
-10624051.4278,3502272.8950000033
-10623820.9102,3502264.2502000034
-10623681.6073,3502317.2839
-10623912.1915,3502238.9877000004
-10624038.6601,3502214.240199998
-10619314.1268,3462745.536899999
-10635426.3937,3478778.2459999993
-10635504.2696,3478855.5922000036
-10635535.1288,3478831.0058000013
-10635574.6473,3478787.858000003
-10635611.1017,3478723.733000003
-10598206.5268,3508312.3888000026
-10598133.2349,3508216.9465000033
-10597922.8442,3508040.1120999977
-10603735.9718,3453810.2606000006
-10655938.6552,3503095.116700001
-10655480.6857,3503106.3205000013
-10655539.8204,3503133.0473000035
-10655542.8791,3503192.137699999
-10595240.9322,3498137.974799998
-10594943.4961,3498002.107500002
-10594923.2369,3497966.550499998
-10602127.576,3500561.0243000016
-10602116.3141,3500676.5135999992
-10601958.0708,3500120.4157999977
-10601948.4153,3500061.7673000023
-10653009.5762,3485939.071999997
-10653023.4998,3485901.960900001
-10653133.215,3485846.876000002
-10580352.3986,3477441.7436999977
-10580154.8469,3477618.569600001
-10580010.916,3477547.4944999963
-10579981.6539,3477525.5626000017
-10580242.8607,3477458.4984000027
-10580163.6782,3477528.2564999983
-10580043.0766,3477506.274599999
-10580199.9517,3477318.0446999967
-10579364.0949,3477786.4334999993
-10617491.0364,3468533.0566999987
-10617880.29,3455073.8945999965
-10617894.3053,3455073.5819000006
-10617852.2836,3455113.0242
-10617263.8123,3473979.938500002
-10634715.0659,3518989.519699998
-10634876.4266,3519550.8330999985
-10634630.0885,3519336.6371000037
-10634424.3371,3519340.1186000034
-10605645.1518,3493807.1801000014
-10605677.3883,3493498.2141999975
-10605413.2669,3493649.659699999
-10606456.2051,3494260.670500003
-10606472.6016,3494229.5868000016
-10606561.2473,3494283.8236000016
-10606480.4885,3494107.248999998
-10606496.9111,3494075.4979000017
-10606607.4078,3494059.7751
-10649112.0457,3485730.3376
-10648906.8507,3485758.7479000017
-10648946.9487,3485703.6912999973
-10648826.8407,3485704.703400001
-10649067.7027,3485514.173100002
-10663885.4539,3477595.479699999
-10664327.7385,3477938.5243000016
-10650549.9623,3491750.216799997
-10650592.5502,3491760.753700003
-10650489.7829,3491753.0922000036
-10607431.6819,3504878.2795
-10607498.2978,3504841.3664000034
-10607345.4391,3504897.2229999974
-10607049.3927,3504769.6655
-10607196.1348,3504736.8030999973
-10607297.1544,3504858.0764999986
-10614624.8518,3471190.1942000017
-10616612.6834,3474207.049800001
-10607345.1109,3505603.5467000008
-10607337.7295,3505729.561499998
-10584805.654,3511988.757600002
-10654962.6219,3494834.141599998
-10655022.4738,3495228.310999997
-10655108.9518,3495081.1225000024
-10655123.6419,3494947.5557999983
-10622569.1944,3475216.878700003
-10644837.2939,3504724.4267999977
-10615301.2946,3452503.6626999974
-10615366.8051,3452371.6850000024
-10594568.9533,3507940.7588
-10594597.5394,3507863.722599998
-10594593.4877,3507910.411700003
-10637561.4049,3475544.891400002
-10624864.41,3489390.866700001
-10624815.8273,3488999.5654999986
-10624761.7081,3488951.3562999964
-10653858.2075,3479267.543399997
-10653824.3902,3479142.642999999
-10654585.289,3479740.666000001
-10654323.2631,3479741.8845999986
-10654384.808,3479683.402900003
-10651130.675,3480310.0326000005
-10651129.5031,3480214.773400001
-10606637.2475,3494399.258299999
-10606734.7448,3494138.1459000036
-10592845.5676,3479646.7268999964
-10592639.8897,3479611.514399998
-10592861.0366,3479609.5412999988
-10592537.7427,3479650.0573000014
-10592535.6913,3479507.1828999966
-10593812.2458,3440113.952200003
-10593771.9445,3440159.9329999983
-10593621.331,3440099.1516000032
-10604815.4934,3483112.4695999995
-10605067.0739,3482960.222199999
-10604945.4398,3482818.877700001
-10627617.8551,3457164.1510000005
-10627768.961,3457250.4170999974
-10627569.4388,3457253.782899998
-10627872.9605,3457169.3783000037
-10595527.3414,3509850.9231999964
-10595458.0227,3509815.739699997
-10595474.4869,3509891.1881000027
-10652971.8998,3473977.2989000008
-10624630.1138,3504530.4723000005
-10624854.4388,3504431.9277999997
-10593921.0673,3493802.6828999966
-10593659.4034,3493958.291500002
-10593566.9833,3493891.2488999963
-10593844.1508,3493146.8796999976
-10629101.176,3509324.0458000004
-10624062.0458,3498419.8966000006
-10593811.0036,3482073.319799997
-10593595.5779,3482467.454999998
-10593615.6876,3482293.329499997
-10593586.2186,3482325.2707
-10593604.9758,3481904.8994999975
-10593546.7098,3482071.968000002
-10597464.937,3499037.3030999973
-10597432.219,3498928.8783000037
-10597374.7045,3498866.3276999965
-10597269.2457,3498867.6536
-10595872.3722,3500015.9323000014
-10595789.3033,3499882.837200001
-10595837.5414,3499766.7700999975
-10595617.6476,3499805.690399997
-10658443.1802,3507741.567599997
-10658188.5309,3507728.193599999
-10625396.8267,3501930.3915000036
-10625261.8448,3501737.2621000037
-10625252.9203,3501589.7525999993
-10625192.5263,3501494.7958000004
-10625196.3878,3501526.398599997
-10652357.6712,3489138.4297999963
-10652339.7339,3489363.6251000017
-10652374.1566,3489337.5518999994
-10614243.5116,3471477.2951000035
-10639712.5758,3476303.2334999964
-10621382.8218,3479044.143299997
-10624547.5259,3465504.707999997
-10610266.0152,3461576.0244000033
-10610206.418,3461519.098099999
-10633835.3328,3521411.320600003
-10634339.5135,3521225.344800003
-10634460.7203,3521199.6963
-10633932.901,3521371.5188999996
-10634266.621,3523116.854199998
-10622158.4561,3477671.314000003
-10656027.5421,3483442.650399998
-10656070.0175,3483380.6362999976
-10656207.2603,3483409.7907000035
-10656309.4426,3483438.9868
-10644731.8591,3507187.158500001
-10652385.9934,3491197.7641000003
-10652525.4446,3491026.429399997
-10616345.0943,3512480.736100003
-10620333.0953,3503878.194600001
-10617275.3656,3452612.7795
-10624077.8715,3460226.6032000035
-10624012.7906,3460184.6992999986
-10623979.1366,3460161.4059000015
-10623920.9048,3460158.0569999963
-10623947.8179,3460116.6807999983
-10624112.131,3460220.854800001
-10624067.0133,3460137.533200003
-10624081.9704,3460076.2387999967
-10624036.5431,3460070.6281000003
-10624023.183,3460039.432400003
-10623967.0221,3459991.974299997
-10624144.8096,3460010.6027000025
-10624203.4104,3460063.674999997
-10623997.6351,3460225.531199999
-10620159.2443,3475087.945100002
-10620131.1752,3475088.443099998
-10618758.4075,3471521.144699998
-10622042.1242,3479075.802000001
-10602715.9912,3496024.5339
-10602907.614,3496146.5683000013
-10603000.2046,3496489.3184999973
-10602947.4201,3496653.7853000015
-10602635.4997,3496562.2471999973
-10602737.417,3496368.5
-10602735.3372,3496478.9518000036
-10602471.2439,3496258.788900003
-10602439.5822,3496496.7628000006
-10602384.0235,3496478.2786
-10602193.11,3496526.770800002
-10659392.2811,3507242.267499998
-10659679.6851,3507551.998999998
-10623707.3721,3452589.6350999996
-10623703.0795,3452418.9619999975
-10623879.1525,3452435.911799997
-10623751.8978,3452472.418200001
-10630612.3334,3469244.627899997
-10653898.6913,3496231.327299997
-10653775.5062,3496116.002899997
-10653953.5079,3496048.7487000003
-10653973.0289,3496223.269299999
-10653863.4383,3496427.5282000005
-10653844.5813,3496562.338600002
-10653696.0465,3496546.2377000004
-10653543.8172,3496745.2564999983
-10646371.7468,3493953.8945999965
-10646452.4325,3493748.331699997
-10646464.5764,3493735.5683000013
-10579533.9875,3480914.0669
-10599025.4778,3495858.717100002
-10633232.4552,3520797.7129999995
-10633193.1565,3520601.044200003
-10658335.9386,3505587.4547000006
-10658372.7467,3505570.714400001
-10658462.9565,3505521.8105000034
-10658479.7022,3505612.8517000005
-10660419.8249,3504580.2925999984
-10660676.8555,3504573.8034000024
-10610659.9045,3506825.6709999964
-10619620.4882,3500714.0354999974
-10597149.9525,3449665.509300001
-10622285.5055,3478905.6811999977
-10655942.7199,3491134.538800001
-10655538.4359,3491115.4575000033
-10627221.5215,3467698.3828999996
-10617479.1175,3453449.4915999994
-10617543.7189,3453425.977499999
-10627979.218,3469526.0309000015
-10621414.68,3475261.1039000005
-10606039.2141,3452530.8244000003
-10605729.2835,3452624.1872999966
-10605775.3637,3452548.1724999994
-10640078.2876,3512289.6692999974
-10625398.5863,3508683.0051999986
-10625697.6619,3508717.834399998
-10630163.7513,3498761.1952000037
-10629996.1368,3498809.091300003
-10656314.0727,3503117.279100001
-10656668.6459,3503347.3888000026
-10656594.7132,3503011.106200002
-10656652.7387,3503010.9425000027
-10656582.1305,3503083.552000001
-10658133.1197,3479942.2980000004
-10658236.1525,3479725.3090000004
-10658269.8312,3479345.8550999984
-10658195.1299,3479398.9015000015
-10658233.8173,3479453.453900002
-10598729.2452,3500084.724799998
-10597909.3544,3500559.5266999975
-10597851.2701,3500312.3029000014
-10606772.8147,3494060.4525000006
-10590021.4538,3487685.5478999987
-10589974.0538,3487802.735799998
-10597364.6261,3449852.2929000035
-10597289.167,3449945.7969999984
-10599249.327,3448178.1162
-10599196.0493,3447911.344800003
-10656175.4832,3491138.9329999983
-10656751.4462,3491696.512000002
-10656680.6077,3491514.5080000013
-10656487.9309,3491478.1701000035
-10656426.7568,3491376.5846000016
-10652444.3788,3490478.1374000013
-10654579.9939,3485051.0625
-10652614.7683,3489678.8162999973
-10652389.6284,3489664.1168000028
-10652550.039,3489744.2106000036
-10652380.0442,3489862.756099999
-10593602.8563,3512971.8992
-10593340.5268,3513240.6240999997
-10617884.4697,3472045.494900003
-10617697.9862,3472495.1827000007
-10654823.1782,3494745.494400002
-10609733.4184,3452967.2471999973
-10609626.9718,3452945.6128999963
-10609634.3353,3452789.4147000015
-10609498.7388,3453032.4104999974
-10609479.8661,3452894.7355000004
-10599105.9421,3489598.3691999987
-10598895.7161,3489523.1269000024
-10598460.4791,3486247.7400999963
-10598413.9336,3486345.4047000036
-10598448.3716,3486350.830600001
-10629823.8468,3492585.2588
-10626168.7316,3489863.7712000012
-10626152.4959,3489859.190399997
-10626254.9655,3489828.521499999
-10625990.9525,3489755.8486
-10625960.6503,3500553.791699998
-10625978.4338,3500617.8616999984
-10625805.4886,3500342.522399999
-10650015.7241,3503174.5741000026
-10650015.5903,3503221.0582000017
-10650067.6562,3503191.777400002
-10649941.1344,3503260.345200002
-10622933.6621,3478879.4004999995
-10627572.4357,3477550.792800002
-10627572.2194,3477527.2466999963
-10627558.3241,3477527.3583000004
-10649932.9881,3482347.1652999967
-10632128.027,3513829.3000999987
-10632118.4727,3513529.2073
-10614539.7599,3454552.2613999993
-10667007.0806,3498954.7600999996
-10667006.076,3498897.8856000006
-10667176.0711,3499103.044399999
-10642116.9403,3505422.1642000005
-10642091.5006,3505418.532700002
-10642058.2292,3505768.7079000026
-10641954.5612,3505937.0913999975
-10642088.783,3506182.1928000003
-10642370.8634,3505976.5956000015
-10642370.4733,3505872.496299997
-10642284.3337,3505417.9201000035
-10642360.5407,3505313.149700001
-10642302.8875,3505679.1961999983
-10642135.3229,3505892.7440000027
-10614173.1824,3471408.412299998
-10644697.239,3508388.916500002
-10644786.0571,3508429.602499999
-10644810.0482,3508493.6554000005
-10644757.2877,3508494.781199999
-10626993.5995,3514863.8650999963
-10627048.7733,3514875.2180999964
-10656654.3028,3490596.318099998
-10650194.8558,3483433.332800001
-10650404.4238,3483384.776100002
-10650345.4292,3483385.103600003
-10618940.1661,3475431.8857999966
-10638669.6781,3502455.382600002
-10638748.1145,3502387.002899997
-10639969.179,3519327.7657999992
-10620203.5685,3474613.4406000003
-10647793.1385,3507692.820600003
-10648341.4179,3508012.5819000006
-10604456.8905,3484962.0568000004
-10604224.0977,3485092.3319000006
-10604371.4429,3484961.988499999
-10633656.5919,3520191.965499997
-10633751.4094,3520290.5775000006
-10618135.4453,3471564.1400000006
-10595982.7851,3482036.2410999984
-10634786.1738,3514369.1926999986
-10653416.3591,3492642.5468999967
-10653568.032,3492844.7402999997
-10653397.1852,3492785.4284000024
-10653429.6785,3492846.8747000024
-10653092.7387,3492692.186999999
-10653223.9966,3492846.0055000037
-10626546.4644,3490138.003399998
-10626646.9484,3490060.9469000027
-10620333.6029,3455037.7770000026
-10592940.3838,3440360.3642000034
-10660764.4476,3504264.215599999
-10660762.968,3504101.6181000024
-10660639.5009,3504000.124499999
-10660698.5401,3504101.8589999974
-10650341.2694,3503733.415100001
-10650394.1253,3503988.8681000024
-10650108.7153,3503976.8222000003
-10620252.4876,3455227.1679999977
-10620195.2526,3455140.4109999985
-10620067.2384,3455142.9125000015
-10619551.8958,3474612.0108999982
-10619552.0196,3474619.063500002
-10622502.1842,3474837.0782999992
-10612848.5349,3473654.3210999966
-10639449.1311,3478183.1599999964
-10636016.1206,3491764.200199999
-10635798.07,3491507.2431000024
-10635663.2141,3491467.184100002
-10635342.2228,3491726.9921000004
-10624373.1996,3483585.925300002
-10624231.5558,3483589.2853000015
-10624343.5521,3483659.9695999995
-10662732.0144,3480285.410700001
-10592360.435,3478694.0983000025
-10592292.4794,3479266.207800001
-10592167.9717,3479203.6736999974
-10592157.2542,3479240.338100001
-10592207.3517,3478915.2283999994
-10592195.125,3479134.574199997
-10655324.3862,3490608.137699999
-10655400.9057,3491077.3891000003
-10655314.2722,3490915.7245000005
-10655008.4338,3491045.4016999975
-10642508.5207,3463874.1739000008
-10642506.6239,3463753.786799997
-10636901.7947,3479957.4918000028
-10608003.5128,3486779.3439000025
-10607920.6216,3486777.341499999
-10608047.7156,3486627.371799998
-10607977.3502,3486588.7624000013
-10607928.5167,3486590.292000003
-10608172.3871,3486684.495099999
-10608150.0227,3486532.320600003
-10608053.6112,3486532.378700003
-10607987.7706,3486532.0161999986
-10622004.5447,3477339.7973999977
-10631114.6453,3513716.4221
-10631119.8868,3513553.450099997
-10631129.8941,3513538.9016999975
-10631328.4344,3513618.7629000023
-10631337.4004,3513641.3603999987
-10631216.5966,3513587.751199998
-10631192.0204,3513521.7260999978
-10631112.3105,3513464.9395999983
-10630860.5072,3513922.182599999
-10657318.7301,3498234.345700003
-10658028.4215,3498485.4843000025
-10658009.8852,3498367.108099997
-10657767.5104,3498091.177000001
-10657723.3004,3498206.1763999984
-10650204.9129,3502807.9152000025
-10650159.7848,3502827.7462000027
-10650025.0093,3502978.094800003
-10650046.3156,3502957.641900003
-10632922.0059,3489840.9503000006
-10632820.6527,3489659.8122999966
-10602089.8223,3496465.9054000005
-10602087.9191,3496553.1938000023
-10614746.1372,3470602.9350999966
-10598156.3099,3486372.093999997
-10598013.1155,3486310.1849000007
-10638569.7394,3513413.418300003
-10638510.841,3513388.9892000034
-10628502.5707,3513846.0204000026
-10594018.5481,3482960.6514
-10594036.5151,3482991.6098999977
-10594101.9562,3483083.5583000034
-10594038.2499,3483175.5846000016
-10594192.5443,3482954.202200003
-10594163.9722,3483077.207199998
-10591324.0952,3464163.610100001
-10591323.2156,3464183.7986999974
-10643526.8892,3506212.182400003
-10643598.4073,3506413.1670999974
-10643660.6827,3506115.4386000037
-10643816.5702,3506052.8007000014
-10643919.4975,3506217.5640999973
-10663808.3671,3503670.572999999
-10664252.9328,3503377.8021000028
-10621946.2774,3478966.7245000005
-10632798.4332,3520813.063699998
-10632798.0852,3520919.2408000007
-10632654.3766,3520938.624300003
-10616759.0762,3468186.7179000005
-10593277.5337,3498658.784699999
-10592986.9638,3498869.2365000024
-10593391.327,3498459.5560000017
-10625417.0915,3501542.1674000025
-10585879.7642,3463884.8301
-10613252.5371,3473440.5034999996
-10613172.6064,3473462.335900001
-10591178.963,3503339.3630999997
-10591487.7406,3503324.708300002
-10591394.7964,3503415.5011000037
-10591356.9473,3503451.5085999966
-10662780.3262,3474956.2140000015
-10662999.6339,3474876.4584000036
-10663080.1882,3475015.725100003
-10663022.8601,3475068.9475999996
-10639161.2626,3518615.3477
-10656458.4806,3489905.6862000003
-10656339.4694,3489896.531300001
-10656262.3504,3489857.2577000037
-10656389.3239,3489737.9897999987
-10656437.3006,3489841.458899997
-10633376.6977,3520593.4487000033
-10633693.607,3520751.962099999
-10638008.2077,3503695.2678999975
-10637845.9773,3504115.1356000006
-10637872.4749,3504110.990000002
-10638022.1731,3504183.9755000025
-10637985.5951,3504189.798299998
-10614152.5857,3484930.4395999983
-10586808.9666,3460734.075099997
-10586863.8372,3460731.8110999987
-10586907.9383,3460883.9821999967
-10586771.3794,3461071.7427999973
-10620965.372,3469688.3581999987
-10578499.5083,3456733.974600002
-10578204.2749,3456822.6966999993
-10578031.4654,3456832.416699998
-10639517.5805,3477240.7969999984
-10639482.7447,3477258.8922000006
-10639422.633,3477204.0051999986
-10639391.3357,3477302.8291999996
-10639424.054,3477577.6624
-10639521.1207,3477609.373800002
-10567549.9066,3479259.4790999964
-10567259.0713,3479056.661600001
-10567388.925,3478931.0135999992
-10649089.6636,3500983.715099998
-10649334.8726,3500925.9334999993
-10606559.2732,3486209.462700002
-10606580.6391,3486273.215800002
-10606478.461,3486058.6218999997
-10606644.2559,3486034.9221
-10606538.2392,3486104.277999997
-10616952.2713,3466721.740500003
-10657417.4277,3497890.965300001
-10657606.141,3497831.378700003
-10653201.8899,3486346.7305999994
-10652990.1411,3486665.0565000027
-10653296.5194,3486744.1089999974
-10653235.8735,3486831.4377000034
-10652522.1733,3486765.084399998
-10619185.1237,3499558.512000002
-10627912.9652,3469224.5747999996
-10617654.3975,3468926.5474999994
-10617122.1124,3453422.809100002
-10617183.7499,3453493.7249
-10570213.2137,3472613.549900003
-10613540.4627,3451355.9570999965
-10616018.2839,3470119.6275999993
-10616002.9719,3470141.8489999995
-10616020.6217,3470069.7908999994
-10596089.8704,3499810.954400003
-10596151.152,3500093.5603
-10657893.1756,3497637.5468999967
-10657954.7127,3497721.4058
-10657993.7597,3497603.2903999984
-10657703.7334,3497605.930399999
-10598494.4535,3495850.3928000033
-10598663.5966,3495613.3467999995
-10598487.7673,3495633.333300002
-10604959.989,3493831.5056999996
-10605013.1754,3493775.0034999996
-10604647.5646,3493641.280299999
-10606035.7023,3493800.888700001
-10651040.4968,3480685.1966999993
-10651097.0529,3480573.3390000015
-10664132.3818,3476857.6816999987
-10664205.036,3476849.594999999
-10639271.0512,3513972.279600002
-10652593.059,3489453.5801
-10657753.8421,3477713.8473000005
-10620129.5838,3509343.4619999975
-10620251.5949,3509344.2233000025
-10620221.106,3509482.3211999983
-10619903.1576,3509562.1827000007
-10620058.8496,3469104.559100002
-10620165.34,3509759.709899999
-10620051.8988,3509758.2324
-10620124.3066,3509664.8062999994
-10620055.5925,3509892.6444000006
-10656046.1377,3483688.2529999986
-10656098.6331,3483613.753700003
-10656432.9746,3483238.8933999985
-10656428.5065,3483388.360200003
-10656372.96,3483257.647699997
-10660023.3279,3480543.0755999982
-10660173.6601,3480499.3479999974
-10660208.5747,3480469.6106999964
-10660084.6482,3480111.929700002
-10660036.3414,3480263.0358000025
-10660044.5799,3480173.4557000026
-10604758.4802,3493084.748800002
-10604630.3215,3493131.374499999
-10604851.5275,3493440.5610999987
-10604682.6877,3493459.956699997
-10604560.9822,3493288.211099997
-10595803.0802,3493030.1614999995
-10595857.5474,3493030.0647
-10596054.2861,3493209.5691
-10595929.8633,3493202.0042999983
-10595622.8222,3493097.7041999996
-10595713.362,3493194.2690000013
-10595722.0411,3493288.167300001
-10622456.2702,3474541.5292000026
-10620764.2946,3479176.1724999994
-10609105.7119,3505442.8479999974
-10609150.9425,3505387.280299999
-10609257.7556,3505528.3791999966
-10597320.0249,3449481.8171999976
-10597268.1248,3449508.1269000024
-10597270.3289,3449560.4931999967
-10599458.3781,3489607.683799997
-10599367.7079,3489581.766599998
-10650182.7656,3503619.163999997
-10643673.4404,3467164.550800003
-10643614.4559,3467160.9434999973
-10643643.0643,3467153.2949
-10643612.7141,3467112.813699998
-10643637.3571,3467024.555399999
-10643598.6414,3467032.2484000027
-10643399.3436,3466999.7568000033
-10577513.5957,3491972.3400000036
-10569998.4547,3476872.277599998
-10595853.1931,3500115.8264999986
-10595876.916,3500240.175800003
-10596174.2794,3500257.590400003
-10596149.2593,3500370.699000001
-10596044.0159,3500210.8298000023
-10596022.7501,3500380.967
-10637885.817,3520535.3467999995
-10637877.4615,3520727.4531000033
-10651003.0517,3480638.0249999985
-10650946.419,3480487.7206000015
-10650849.7905,3480122.967699997
-10650850.7659,3480202.349799998
-10650851.7416,3480281.732500002
-10654163.7399,3479689.7201000005
-10598753.1403,3500331.674900003
-10598776.1154,3500137.1928000003
-10598578.666,3500387.0627000034
-10654747.2566,3502536.228
-10655022.0887,3502606.0185000002
-10662451.9397,3480091.9626
-10664108.8314,3480001.1999000013
-10664215.853,3479505.1516000032
-10664241.5658,3479557.130099997
-10664178.7327,3479620.0584999993
-10604381.4785,3453676.431900002
-10604388.0131,3453771.152099997
-10604408.5486,3453766.8527000025
-10604198.2358,3453833.3341000006
-10604211.2574,3453926.2358999997
-10604195.4947,3453926.546400003
-10649231.2081,3482967.6766000018
-10649293.8857,3482969.9263999984
-10649237.102,3482906.739699997
-10649205.9618,3482853.1005999967
-10649046.709,3482698.3386999965
-10626338.1822,3491628.5530999973
-10626366.2246,3491569.4848000035
-10626463.8973,3491530.827299997
-10626402.2235,3491200.7349999994
-10626402.8309,3491256.8510999978
-10628270.1126,3466290.8614000008
-10626374.9488,3490815.9098000005
-10626437.496,3490903.0719000027
-10626589.876,3490937.925499998
-10587875.4129,3512233.1477999985
-10587663.1999,3511603.8628999963
-10587924.643,3511700.320100002
-10622082.1605,3478899.3341000006
-10593707.2896,3499505.5507000014
-10593920.5461,3499284.9439999983
-10594098.6028,3499211.050999999
-10593594.7032,3499712.486299999
-10593781.4169,3499789.186800003
-10593917.1226,3499650.214900002
-10660393.173,3505588.974100001
-10660381.4173,3505626.6862000003
-10660525.6228,3505720.8266000003
-10660484.1477,3505638.968999997
-10645216.933,3487762.772
-10645134.7033,3487762.6981000006
-10645095.3601,3487728.6937000006
-10633938.9692,3473338.659699999
-10653830.2533,3492938.7958000004
-10653694.7824,3492711.0854
-10625058.0925,3502794.2783999965
-10616293.6499,3511587.972099997
-10616336.1882,3511744.188000001
-10616599.7004,3512111.542000003
-10616516.374,3512031.3347999975
-10622417.3807,3475330.5486999974
-10597570.7766,3500547.6445000023
-10597602.0204,3500538.628200002
-10597809.1182,3500497.132299997
-10597744.5712,3500451.4236999974
-10597634.501,3500469.350900002
-10597718.7859,3500397.0599000007
-10597315.755,3500625.645800002
-10662053.8472,3480513.148199998
-10662014.5781,3480564.432099998
-10662120.7191,3480156.4108999968
-10662257.7794,3480276.9450000003
-10662181.1946,3480337.405500002
-10662064.0614,3480386.3566000015
-10601445.3212,3449104.0650999993
-10601911.3857,3448859.3518999964
-10624978.2262,3502346.074000001
-10644465.5232,3462695.4099999964
-10644556.198,3462790.3715000004
-10644414.5574,3462859.3137999997
-10644326.67,3462750.7397999987
-10644326.5583,3462697.8839000016
-10572230.4859,3480515.0056999996
-10571961.5715,3480206.664099999
-10572361.5246,3480204.6440000013
-10572032.5733,3480260.5908999965
-10597024.8789,3452866.2107999995
-10596908.4843,3452941.952200003
-10596869.1992,3452889.1208999977
-10616724.5702,3474571.9081000015
-10649402.6445,3516137.8674999997
-10590624.4844,3478854.5869999975
-10590425.8675,3478955.7035000026
-10628525.2237,3477436.2245000005
-10633134.138,3521139.3341000006
-10633279.5963,3520877.329099998
-10621729.4858,3455368.0107999966
-10656172.6772,3496170.8012999967
-10655952.3801,3496752.773000002
-10655988.8104,3496611.4937999994
-10656165.4801,3495665.4274000004
-10629170.9331,3476857.288400002
-10634161.7254,3522624.3893000036
-10633714.7987,3522801.873800002
-10633697.2915,3522723.3307000026
-10634495.1728,3522178.516400002
-10634451.1517,3522230.3117000014
-10634317.8119,3522389.4680999964
-10634279.6246,3522262.3999999985
-10634458.7934,3522052.755900003
-10634302.7858,3522990.3062999994
-10634467.2967,3522906.9130999967
-10634410.4483,3522354.5929000005
-10634958.6685,3521415.3246000037
-10634905.6108,3521195.1269000024
-10634980.4361,3521310.6919
-10635507.1377,3521187.0441000015
-10635501.1985,3521321.0068999976
-10635227.6292,3521441.5781999975
-10635411.8175,3521370.7668000013
-10635590.354,3521387.2427999973
-10634214.8114,3521566.3189999983
-10652193.6778,3480876.1369000003
-10652198.2354,3480759.730300002
-10651939.361,3480738.2694000006
-10651923.2125,3480738.4241999984
-10651997.4619,3480833.7568000033
-10605821.0428,3483123.366899997
-10605915.5568,3483048.6911000013
-10601975.8365,3494767.163800001
-10602137.8359,3494645.246100001
-10645633.8069,3500011.4231999964
-10622134.2789,3477922.721699998
-10622110.0198,3477922.858099997
-10595527.5064,3480285.7722999975
-10593636.1825,3498445.2304999977
-10616110.5905,3453004.3082000017
-10616110.7934,3453020.151900001
-10616069.8682,3453004.835900001
-10616069.6654,3452988.9921000004
-10616068.8543,3452925.6172999963
-10621656.5885,3474372.822300002
-10590272.7812,3487815.8308999985
-10590301.9885,3487654.170400001
-10590554.0308,3487652.3900000006
-10660406.4141,3480169.3655999973
-10660475.6678,3480251.2487000003
-10660538.0348,3480576.4998999983
-10660600.7644,3480374.367700003
-10618712.2894,3472314.2158999965
-10659311.1549,3505772.5694999993
-10619882.6013,3471130.729699999
-10649544.2462,3503256.0292000026
-10649580.8565,3502925.3083000034
-10631035.48,3498194.1494999975
-10631162.2859,3498146.8159999996
-10595920.8303,3498961.6006999984
-10596372.9998,3499742.1362000033
-10596413.6104,3499448.181599997
-10635286.6195,3515144.2707
-10652628.2583,3493316.2817
-10621209.9275,3470921.185999997
-10622927.9384,3475284.097400002
-10635815.3512,3483050.9858999997
-10627321.8921,3472247.318099998
-10637052.181,3523624.934600003
-10637115.469,3523877.2603999972
-10637271.6448,3523840.7413000017
-10659654.3909,3480618.8125
-10659635.1862,3480927.8691999987
-10615940.9014,3456697.1039000005
-10615965.4662,3456717.309299998
-10616225.5087,3456767.210500002
-10616225.5241,3456694.9397
-10616088.0542,3456819.6872000024
-10619419.7889,3471068.230300002
-10658637.3138,3505991.419200003
-10629646.6319,3510561.150399998
-10629724.5356,3510860.898199998
-10630073.1459,3510659.5249999985
-10630190.046,3510600.5429999977
-10629859.9764,3510440.0265000015
-10629756.2527,3510488.9839999974
-10587065.7741,3443992.918899998
-10638321.9226,3512639.2141000032
-10588596.5193,3497120.059100002
-10588599.1788,3497239.590599999
-10588355.2521,3497364.338299997
-10619864.5715,3460779.483900003
-10601664.1285,3448902.908699997
-10616692.2758,3474712.744099997
-10633321.7223,3509644.2466999963
-10633196.2058,3509652.5527999997
-10633028.7479,3509292.071999997
-10633028.3332,3509761.2124999985
-10633064.1207,3509513.3677999973
-10643275.5166,3506011.5165000036
-10643446.1071,3505948.979800001
-10657966.6455,3479610.9201000035
-10657947.4339,3479305.442599997
-10593388.0791,3498679.114500001
-10596966.4358,3452609.4455000013
-10597055.3854,3452884.9054000005
-10650689.5806,3503940.0451999977
-10650639.3927,3504117.4896000028
-10650678.695,3504135.266099997
-10650745.3439,3504421.219899997
-10650658.057,3504417.8235
-10650394.7334,3504223.1859000027
-10573776.6296,3479126.956600003
-10573563.6424,3479143.297700003
-10573677.0878,3478853.6208000034
-10573793.5627,3478911.836000003
-10573619.226,3479132.142099999
-10647597.586,3487317.7687000036
-10572800.0792,3479841.7026999965
-10572876.1993,3479657.512500003
-10572926.7273,3479694.708800003
-10622702.4642,3475626.7854999974
-10622737.0722,3475705.3872999996
-10622472.6918,3475618.9199
-10622432.1826,3475617.531999998
-10622494.4235,3475648.4509999976
-10620303.2826,3455436.7273999974
-10620624.2677,3455473.394199997
-10620301.075,3455630.3904
-10650328.4772,3503031.435999997
-10653196.224,3474148.026799999
-10633707.0413,3519812.076200001
-10633835.4326,3519662.997100003
-10632602.6164,3520752.775200002
-10632321.1278,3521055.2918
-10643691.9244,3506667.0446999967
-10643689.7719,3506714.275799997
-10643521.7988,3506451.7501000017
-10655987.6207,3496497.767499998
-10655781.9468,3503649.581100002
-10655778.2686,3503590.7267000005
-10655690.3479,3503557.6418000013
-10657947.5853,3479879.784699999
-10654010.7457,3492946.9980000034
-10653738.1511,3493182.6771000028
-10653947.4243,3493329.220700003
-10654123.3292,3493006.4842000008
-10626678.9762,3494236.6472000033
-10621733.8036,3473460.6743
-10650218.4578,3503786.028499998
-10587066.1598,3443747.522
-10616018.5565,3456977.639899999
-10616071.2638,3456977.8412000015
-10663877.525,3474870.9221
-10594737.766,3498235.2018000036
-10594775.2496,3498388.0700000003
-10658447.0519,3497972.195600003
-10658347.8278,3498026.2052000016
-10595343.3374,3481040.9147000015
-10595481.1624,3481018.9376000017
-10652447.6713,3489029.5122999996
-10652678.1771,3489039.9109999985
-10597195.9449,3453205.291199997
-10597076.0206,3453052.6811999977
-10652863.9171,3489760.0643000007
-10611152.6371,3506430.303199999
-10611419.5377,3506121.8803000003
-10645994.3178,3499911.740500003
-10646148.4493,3499755.6450000033
-10646022.0348,3499838.539800003
-10633279.9769,3522133.860799998
-10633394.7728,3522122.4043999985
-10633100.1781,3522141.139200002
-10633149.17,3522097.1274000034
-10633331.0591,3522282.3330999985
-10633438.9716,3522332.6827000007
-10633194.4652,3522357.2353999987
-10633784.5821,3523178.945100002
-10636746.952,3523229.1476000026
-10621868.1198,3478772.853699997
-10620761.9709,3476203.0527999997
-10644526.4584,3508243.2810999975
-10596818.9517,3494559.8477
-10596959.8744,3494489.1340999976
-10626511.2535,3491764.8312000036
-10626417.1254,3491967.614500001
-10658158.371,3498396.8369999975
-10658377.0682,3498523.7224999964
-10658426.3054,3498517.938199997
-10615345.2288,3477770.166100003
-10615221.4572,3477674.6477999985
-10615146.4438,3477845.148000002
-10603995.1657,3453450.5807000026
-10604135.2833,3453448.3153000027
-10603972.7374,3453505.007299997
-10604056.8081,3453503.650399998
-10579966.5217,3473171.6358999982
-10596311.4059,3499283.2436999977
-10596303.4484,3499218.7404000014
-10635685.8051,3521290.7564999983
-10631880.1091,3480621.4404999986
-10649831.2653,3503606.8188000023
-10658667.1445,3497487.178000003
-10658988.4953,3497517.9602999985
-10659036.6772,3497163.706600003
-10658801.8077,3497326.3103
-10658716.2145,3497131.5495000035
-10579456.0326,3477468.8950999975
-10618316.1083,3506940.4492999986
-10633902.3802,3522349.6699
-10656031.8918,3502462.1215000004
-10655923.0455,3502617.766900003
-10631870.8868,3510255.547799997
-10631780.7568,3510074.427500002
-10631747.1582,3510095.228500001
-10596139.5425,3499332.9505999982
-10654048.5997,3493376.886
-10654176.1418,3493256.156199999
-10654202.6684,3493326.3385000005
-10654011.5512,3493448.4054000005
-10618936.1923,3499792.0393999964
-10618874.7572,3499850.6963
-10636577.8389,3523695.7688999996
-10652930.1525,3491224.126500003
-10652752.6186,3491080.199000001
-10652859.8682,3490901.6385999992
-10652906.7771,3490863.7189000025
-10620052.3623,3477939.888899997
-10654572.1993,3502708.0264
-10654576.4177,3502661.1231999993
-10653327.8047,3493119.4442000017
-10596735.2647,3453345.061300002
-10596783.8626,3453215.8959000036
-10596602.1983,3453412.358900003
-10596523.4144,3453414.2934999987
-10596642.8611,3453143.733000003
-10596655.3655,3453217.537100002
-10640662.76,3508649.090300001
-10640557.7524,3508668.6296999976
-10640457.9704,3508671.990000002
-10640414.6477,3508733.4301000014
-10656748.5015,3485250.341300003
-10656599.8148,3485236.5522999987
-10656587.6176,3485145.4099999964
-10616997.604,3474645.3668000028
-10590932.7662,3512123.8960999995
-10589664.9476,3512075.8907999992
-10657016.3693,3485378.979000002
-10657038.7361,3485219.2839
-10656999.9436,3485225.456299998
-10624192.1657,3452456.8756000027
-10624281.6746,3452382.649700001
-10658927.6559,3498325.210900001
-10658899.13,3498234.286899999
-10644867.6621,3505073.4135000035
-10645120.8244,3505264.282499999
-10635027.9446,3516983.347000003
-10621383.8717,3473526.3105999976
-10617765.5284,3468047.2585999966
-10651192.0518,3491292.0099000037
-10651378.1545,3491380.9438999966
-10651257.7668,3491313.4899000004
-10651291.0066,3491269.2819000036
-10621734.2052,3478957.1256000027
-10590761.1153,3487658.986100003
-10611474.6527,3509829.9102
-10652726.3811,3493385.5966000035
-10621278.9054,3473678.7227
-10621278.5654,3473661.092500001
-10622504.6516,3478872.063199997
-10593686.9483,3499116.4472000003
-10593666.1873,3499024.3013999984
-10637863.1087,3520964.6268000007
-10637792.6857,3520965.6450000033
-10621487.1346,3473270.6591000035
-10616487.9055,3453025.6708000004
-10650902.3948,3479875.3206999972
-10650844.7004,3479708.424999997
-10650845.0903,3479740.1767000034
-10622012.3587,3455476.7289000005
-10593857.4232,3498751.576200001
-10620040.8846,3460565.0837000012
-10619860.659,3460656.0736000016
-10658361.6132,3497166.388700001
-10587219.9166,3443609.427199997
-10587289.318,3443666.167300001
-10622336.3828,3464375.6768999994
-10618078.0025,3455335.489
-10617981.5075,3455397.0310999975
-10617715.3412,3455389.215499997
-10617817.0407,3455322.3863999993
-10645254.3442,3506978.0933
-10645223.1034,3506921.091799997
-10654454.7831,3500874.5733999982
-10618708.7513,3472059.300499998
-10596619.4844,3486317.2727999985
-10596812.6259,3486313.894199997
-10597065.8207,3453293.491700001
-10597057.7282,3453357.4010000005
-10596935.4863,3453370.777900003
-10658550.5212,3482096.5588999987
-10658428.9353,3482102.7322999984
-10643574.0039,3499461.300300002
-10643867.4316,3499568.1262999997
-10658703.3037,3498146.057400003
-10638165.8269,3503653.5403999984
-10638168.6385,3503684.737999998
-10638105.5444,3503724.5617000014
-10618964.2955,3465548.354199998
-10635018.6881,3480925.5812000036
-10634840.5693,3480770.4714
-10644071.1862,3506274.9514999986
-10643792.8508,3506720.3046000004
-10643830.1189,3506622.655699998
-10638814.1222,3510876.6763999984
-10638541.8245,3511031.987999998
-10638717.2423,3510751.1696000025
-10664101.6372,3479488.1224000007
-10664153.5832,3479371.3643999994
-10634944.6278,3522032.028300002
-10617092.4939,3474166.6275999993
-10596046.6879,3499339.2430000007
-10595909.4895,3499428.0166999996
-10635430.4297,3522470.5468000025
-10635562.0477,3522413.136699997
-10635615.4742,3522319.318099998
-10606184.0243,3493882.2841000035
-10606294.1834,3493885.729800001
-10626604.2124,3504954.357500002
-10626604.1633,3504905.1023999974
-10634772.2722,3522108.0835999995
-10635732.582,3522322.1784000024
-10635692.0388,3522249.8417000026
-10635947.4839,3522410.2456
-10653972.2027,3493579.9211999997
-10654028.1424,3493610.9953999966
-10621793.4482,3473328.523599997
-10633878.7468,3520496.5771000013
-10633928.4072,3520275.0009000003
-10640915.9862,3509033.263700001
-10644025.82,3474356.4858999997
-10644060.837,3474387.4865000024
-10595561.4606,3499151.4455000013
-10595461.5984,3499054.2963000014
-10595517.831,3499082.4804999977
-10595782.7238,3498961.4001
-10622733.3622,3478558.5974999964
-10598914.375,3485750.2634999976
-10647811.7991,3484458.264899999
-10587011.7373,3461207.705799997
-10578158.1302,3450375.8079999983
-10633517.8188,3521140.775200002
-10633745.8635,3521147.7871999964
-10633777.6684,3521132.2739999965
-10633630.1235,3521086.2487000003
-10623020.5584,3478898.677500002
-10620371.2849,3471262.838100001
-10656145.2658,3502553.3989999965
-10656289.9859,3502584.538999997
-10621577.8868,3475488.831299998
-10621575.5822,3475545.356200002
-10570146.3765,3473080.5370000005
-10570099.3539,3472803.1176000014
-10613745.6133,3470254.181400001
-10645366.5225,3506763.771899998
-10621843.1106,3478889.6384999976
-10620180.1059,3477937.6915000007
-10592677.313,3440029.832199998
-10592537.7948,3439705.444799997
-10592655.009,3439681.038400002
-10621139.4651,3473660.3862000033
-10581774.1599,3479732.941200003
-10603815.8343,3449651.0100999996
-10603464.7113,3449759.1587999985
-10631995.5992,3510059.5671000034
-10632074.301,3510169.225400001
-10644863.2296,3505185.1994000003
-10597620.758,3500668.6941
-10597636.1013,3500664.3834000006
-10597870.771,3500619.2783999965
-10597902.5056,3500615.7531000003
-10664056.2986,3478756.9482000023
-10664212.0998,3478790.268600002
-10636707.4169,3524005.123800002
-10636536.1549,3523813.6296999976
-10655075.323,3503369.1067999974
-10655074.7362,3503480.4443999976
-10625372.8032,3489076.0996999964
-10625275.9194,3489016.1278000027
-10596135.0869,3499724.382600002
-10659654.1206,3479411.2657999992
-10595216.9786,3500344.1750999987
-10595289.967,3500121.860299997
-10595351.5245,3500285.3716999963
-10657817.1652,3497272.5618999973
-10632424.7094,3520954.0314000025
-10635950.0857,3521317.016400002
-10636141.9761,3521344.7815999985
-10636137.8731,3521325.5
-10635132.5823,3522090.5779
-10651752.6185,3485830.0591999963
-10590492.3201,3479209.1384000033
-10590434.4166,3479210.5801
-10590460.9079,3479145.5129999965
-10637094.8748,3523374.355899997
-10637159.0176,3523317.6314999983
-10637052.0594,3523190.496299997
-10637305.0782,3523299.575000003
-10630162.7767,3486566.0675000027
-10614095.4975,3471345.900799997
-10614053.4927,3471367.780100003
-10637480.9914,3521056.1203999966
-10620243.1003,3477936.6076000035
-10658206.5183,3482662.533200003
-10658249.1432,3482701.905500002
-10657923.0812,3482819.353100002
-10645371.0692,3506600.8938999996
-10645129.5681,3506632.630099997
-10654982.1901,3493955.197999999
-10654974.1269,3494021.464400001
-10654897.5793,3494084.798100002
-10654876.3093,3494123.657899998
-10654648.4612,3493905.5288999975
-10654676.7962,3494020.7695000023
-10654857.4214,3494013.8872999996
-10654268.6333,3493947.3258000016
-10654272.2,3493927.791199997
-10654380.5717,3493891.5832
-10652514.7948,3493702.9091000035
-10652513.5112,3493519.4831999987
-10652752.6819,3493704.9191000015
-10652720.4521,3493585.4869000018
-10645062.0213,3507107.744900003
-10630238.4145,3478037.746100001
-10619203.1977,3469331.0173000023
-10655037.0643,3482265.845200002
-10662345.8371,3480537.4233999997
-10662324.7734,3480537.5374
-10662247.9432,3480439.307400003
-10655720.4786,3493651.8627000004
-10654808.4523,3493389.9536999986
-10620467.1882,3475806.313699998
-10624262.1139,3452720.1388000026
-10624214.8235,3452720.656000003
-10624217.4177,3452774.344300002
-10573395.7743,3474456.6389999986
-10649221.3987,3500677.153300002
-10649064.7407,3500606.5942
-10648996.6379,3500558.3966000006
-10648995.2224,3500659.9591000006
-10660593.5863,3504312.3096999973
-10660635.9954,3504309.5058000013
-10640510.137,3508826.2699000016
-10640722.7342,3508916.132299997
-10652207.5867,3494306.891099997
-10652503.755,3494019.6944999993
-10652246.2713,3493790.0979999974
-10632737.5439,3489928.2031999975
-10632698.8968,3489928.0119000003
-10632553.2137,3489922.8888000026
-10636331.0076,3524595.8972999975
-10636158.2074,3524817.252700001
-10636164.3792,3524914.617899999
-10636934.6676,3524555.310800001
-10637211.1963,3522085.7139
-10637246.0705,3522135.590099998
-10637016.1164,3521941.4266000018
-10636966.8147,3522168.0359999985
-10602364.1956,3494731.7995000035
-10602175.2234,3494740.341499999
-10617100.1659,3474429.409000002
-10652101.8041,3494515.4802
-10625271.2529,3509380.4409999996
-10625411.0209,3509286.8603999987
-10625754.1131,3509494.052199997
-10637123.6884,3522719.0890000015
-10637221.5629,3522490.588399999
-10637249.9603,3522463.9826000035
-10637380.9354,3522395.0055000037
-10637236.5627,3522387.7607000023
-10637283.168,3522356.1647000015
-10637636.8139,3522780.547200002
-10637652.7737,3522421.4299999997
-10620351.5554,3455534.5107000023
-10593186.4847,3479889.2471999973
-10593123.2987,3479889.8147
-10593158.3143,3479828.2820999995
-10656743.7483,3496385.9263999984
-10656929.3256,3496492.827200003
-10656668.1119,3495986.547700003
-10656643.0752,3496181.2365999967
-10656920.3262,3496111.1039000005
-10656906.0493,3496044.7914000005
-10574518.2705,3479876.340300001
-10574689.6409,3479931.9738000035
-10597330.0593,3453168.523500003
-10623079.3329,3475416.1120999977
-10590164.062,3511813.5851000026
-10618156.4087,3471465.992200002
-10620584.805,3455525.416699998
-10620430.6755,3455368.320100002
-10620460.956,3455397.6413000003
-10573044.4004,3479414.049800001
-10579638.1902,3489152.0022
-10656305.9991,3496637.8627000004
-10633834.5057,3520930.1404
-10633923.0072,3521140.408699997
-10633869.3266,3521077.075099997
-10633373.3085,3522812.5055000037
-10633280.0084,3522766.037299998
-10635296.2338,3521755.485299997
-10635385.4253,3522118.593699999
-10627028.705,3476583.2793999985
-10626956.5649,3476616.429399997
-10626971.1609,3476586.5747999996
-10626909.4777,3476577.3882
-10658393.252,3506095.1520000026
-10658393.2109,3506044.2744999975
-10660311.793,3480686.5706999972
-10660527.5575,3480614.6389999986
-10660497.8433,3480841.061300002
-10660420.8034,3480797.965099998
-10660618.6201,3505555.0090999976
-10636065.1056,3522015.6092000008
-10635904.2257,3522107.2748000026
-10651885.6961,3494427.1911000013
-10656678.0209,3503188.7097999975
-10594116.7889,3512480.8619000018
-10616425.8322,3453273.7650000006
-10616432.0016,3453178.8752999976
-10645921.8179,3507091.605899997
-10617766.8231,3455486.9175999984
-10664370.982,3479497.7698
-10624529.1755,3483698.8812000006
-10624553.8083,3483658.337099999
-10646496.4911,3507143.361100003
-10646272.8435,3506985.6226999983
-10664304.5731,3478840.054899998
-10622214.1584,3479191.5185000002
-10622216.3903,3479221.4628000036
-10625544.3715,3471791.1081999987
-10615998.4318,3470575.0837000012
-10628661.3059,3513936.472000003
-10628661.7252,3513898.2704000026
-10656107.4055,3503012.472400002
-10598094.8682,3459984.865500003
-10625579.6529,3470863.669500001
-10621712.3362,3478842.280100003
-10616980.6725,3476436.7964999974
-10616959.0519,3476470.1894999966
-10622299.4859,3478803.859700002
-10622321.9341,3478803.605700001
-10622330.096,3478830.3452999964
-10620695.8403,3478656.4706000015
-10624380.6156,3465297.8238999993
-10621781.3678,3473718.009300001
-10619415.8854,3474459.137599997
-10620412.4643,3476584.1711999997
-10618013.4087,3467904.2864999995
-10621857.5714,3475487.657700002
-10579864.6081,3477437.833899997
-10580053.3931,3477193.4926000014
-10580014.1623,3477274.6138999984
-10645694.8941,3506598.019299999
-10645632.9718,3506363.0286
-10645548.9355,3506349.4913000017
-10625968.3289,3489689.867700003
-10657852.4269,3482601.4201000035
-10657912.4051,3482620.213799998
-10626630.8302,3463860.4836999997
-10624426.3399,3468157.820100002
-10617410.9068,3474559.1833999977
-10621593.4062,3479019.9538000003
-10655809.415,3503788.759999998
-10654924.9452,3503398.753399998
-10654249.7823,3501037.708999999
-10654467.3592,3501133.534599997
-10645110.1264,3506435.840999998
-10620513.4471,3476096.669399999
-10610360.6939,3507077.5846000016
-10654376.6284,3493658.416500002
-10654488.5586,3493669.771899998
-10654345.0103,3493387.2348999977
-10654390.907,3493502.9905999973
-10590813.6798,3461547.407300003
-10590873.3769,3461628.409599997
-10637652.2678,3518793.827399999
-10637713.3186,3518827.5549999997
-10620487.8854,3474502.478600003
-10660348.7549,3480936.7959999964
-10659907.8371,3480656.946800001
-10660219.031,3480592.8979
-10660273.8313,3480625.347099997
-10659998.1686,3480697.9899000004
-10595502.1843,3499473.5091999993
-10595458.9219,3499346.4714
-10595344.5303,3499223.9306000024
-10642165.1214,3506325.7782000005
-10617402.523,3468875.2490999997
-10574987.8682,3467633.5003999993
-10628869.4406,3477235.151799999
-10620568.9929,3471238.175800003
-10616402.2226,3474373.4532999992
-10654892.2531,3502842.6767999977
-10654695.8933,3502797.8005999997
-10647601.829,3484254.219999999
-10647528.8315,3484447.845399998
-10620287.5961,3474383.1753999963
-10620279.1126,3474383.3236000016
-10620262.1456,3474383.620099999
-10592838.2374,3499823.3121000007
-10660249.1013,3507423.067400001
-10660252.1024,3507601.4843000025
-10660252.9171,3507645.998800002
-10659922.2047,3507342.103500001
-10626531.2889,3494386.0003999993
-10626521.7667,3494483.592
-10598855.5867,3485965.246100001
-10598788.6049,3486206.8105999976
-10598844.6776,3486201.8566000015
-10637862.906,3522100.8435999975
-10619331.9873,3463426.914099999
-10619298.4253,3463423.6620000005
-10653454.5863,3493190.291500002
-10629389.922,3469314.2058999985
-10636068.2479,3522312.3681999967
-10636068.0421,3522494.6603000015
-10631656.9778,3478911.0459999964
-10646114.42,3506949.156199999
-10594875.6278,3493297.5780000016
-10594888.9177,3493120.8417000026
-10594642.7889,3493240.435999997
-10636848.2633,3522702.4924999997
-10636845.4209,3522599.3655999973
-10636919.5966,3522515.8166999966
-10593567.8437,3499152.5051999986
-10621788.7571,3478042.7915999964
-10622052.6765,3475111.9930000007
-10603727.8288,3449797.712899998
-10603666.864,3449987.2974999994
-10603932.1327,3449909.190200001
-10603829.2638,3449998.5601999983
-10603479.3676,3450101.411700003
-10603556.4815,3450022.7141000032
-10603596.2862,3449746.925999999
-10616350.3778,3469484.730700001
-10620906.4149,3475871.991899997
-10620905.8724,3475823.905699998
-10636592.5924,3524172.2942999974
-10636629.1077,3524222.2096000016
-10636624.1672,3524283.2949
-10632034.6097,3480074.817599997
-10632035.2611,3480150.7885000035
-10632034.9204,3480110.838799998
-10632014.2424,3479938.4597000033
-10631953.9993,3479880.7399000004
-10631971.3335,3480097.2065000013
-10631890.4644,3479896.6745999977
-10631517.3953,3479859.260300003
-10631709.8086,3479883.1454000026
-10631936.396,3480140.0939000025
-10631936.5385,3480148.9136999995
-10622181.0834,3478839.2915999964
-10622591.9013,3479220.0297000036
-10632589.6942,3490031.0392000005
-10632583.8637,3490331.2261999995
-10647601.6616,3506227.5491999984
-10647844.0171,3506116.2014999986
-10639423.0404,3510305.773599997
-10639364.6486,3510342.408699997
-10630843.0229,3514662.101999998
-10630428.4339,3514585.9802
-10649805.5481,3503445.2550000027
-10649702.8195,3503410.996799998
-10667388.0432,3478109.2236
-10667555.6496,3478051.485100001
-10667305.5374,3478303.8752999976
-10667499.1588,3478511.340400003
-10662978.4605,3473725.8396999985
-10662966.28,3473659.9399000034
-10637372.764,3521555.423600003
-10656646.0832,3484999.216300003
-10656641.082,3485037.9243
-10656592.379,3485043.286200002
-10656696.5594,3485214.9367000014
-10625940.098,3486163.6582999974
-10625909.2141,3486126.3083999977
-10586037.4354,3461643.6438999996
-10585898.4525,3461489.837399997
-10586958.163,3461412.286399998
-10598618.8061,3500424.0271999985
-10598378.7356,3500424.8649000004
-10598899.8166,3500451.178199999
-10618614.5074,3507580.8945000023
-10618346.5382,3507252.3100999966
-10634952.7875,3517339.284400001
-10654252.828,3491032.3144000024
-10637795.4332,3521683.371600002
-10637798.8338,3521825.4834999964
-10622787.4741,3475349.465099998
-10663526.4545,3479990.7964999974
-10663607.1605,3479771.134800002
-10663598.1985,3479745.7161
-10663481.0719,3479739.153099999
-10663280.0165,3479901.387199998
-10663438.7366,3479843.903099999
-10663546.2772,3479868.0107999966
-10635317.3192,3521709.9426999986
-10635953.6414,3521716.469899997
-10635961.048,3521691.9465000033
-10635563.8428,3521886.5549999997
-10624744.8107,3502937.2564999983
-10629806.8235,3471082.715300001
-10624413.8831,3463217.737499997
-10657406.4788,3496915.8740999997
-10657443.1401,3496953.4241999984
-10599140.0601,3485869.102300003
-10653775.066,3491586.7947999984
-10653892.4113,3491599.841799997
-10640542.4373,3508954.496299997
-10640318.5262,3508905.8817000017
-10642318.8899,3510895.8518999964
-10642318.8671,3510913.5336000025
-10642281.9903,3510860.4398000017
-10642211.8243,3510801.8621999994
-10619572.8188,3471547.8812000006
-10619581.9357,3471542.9584000036
-10623354.7806,3478875.840599999
-10620147.5026,3474433.675999999
-10620555.0089,3469603.054200001
-10635367.2374,3522191.9372999966
-10662311.6745,3480263.375500001
-10661814.7219,3480841.9033999965
-10661923.2426,3480699.453599997
-10656680.0599,3502626.019699998
-10656940.586,3502680.2624000013
-10656764.2374,3502683.6120000035
-10639170.9316,3516263.5084000006
-10639141.8058,3516283.3795000017
-10621274.947,3478849.543200001
-10664196.1649,3476571.9908000007
-10664181.673,3476407.9333000034
-10664139.7129,3476529.722900003
-10664140.5884,3476635.5415999964
-10617551.0035,3466346.377899997
-10651947.117,3479698.161799997
-10652089.2261,3480051.7798999995
-10645031.7453,3506668.9439999983
-10647590.5238,3505594.2841000035
-10626102.8701,3515974.333899997
-10625951.1778,3516255.3386999965
-10625852.5027,3516230.902900003
-10637527.3217,3521464.8345
-10637738.5025,3521323.3584999964
-10637845.7383,3521308.7353999987
-10637948.764,3521193.773500003
-10654274.0479,3494341.3342999965
-10654405.703,3494516.133299999
-10599149.6913,3448249.0543000028
-10574952.6216,3480057.9865999967
-10638612.1749,3522336.722400002
-10638439.2463,3522414.397500001
-10638228.8057,3522415.8962000012
-10643019.0932,3519215.028099999
-10643141.4099,3519572.665600002
-10643064.4936,3519499.895999998
-10615680.8231,3470367.9683
-10620238.5006,3471167.5503999963
-10599041.3554,3490354.0064999983
-10599087.3477,3490346.9734999985
-10654399.3899,3484628.7365000024
-10654234.6352,3484602.2074000016
-10654140.7587,3484631.9113000035
-10634342.1365,3509379.6582999974
-10633907.0714,3509433.2946999967
-10633869.5146,3509411.702299997
-10645356.5652,3470114.3574
-10645439.8369,3469976.251500003
-10630852.3601,3516940.514399998
-10630972.6397,3516816.3825000003
-10652802.3993,3491621.105300002
-10652861.7905,3491366.3341000006
-10652935.2767,3491369.6027999967
-10652931.1071,3491242.6208000034
-10652530.0104,3490195.543300003
-10652466.8234,3490257.3668000028
-10638225.1121,3521914.5923999995
-10636592.7948,3523312.8681000024
-10617972.2079,3475893.2673999965
-10595191.7299,3500064.2949
-10595197.7805,3499817.485100001
-10595309.8996,3499816.802000001
-10595333.4857,3499772.9738000035
-10595204.6097,3499478.909500003
-10595299.3467,3499704.8803000003
-10595335.3592,3499547.1292999983
-10595318.382,3499070.696999997
-10656761.0836,3497266.276900001
-10616605.3984,3453390.614699997
-10616545.2074,3453508.022500001
-10602670.7807,3448828.9570999965
-10602537.3502,3448982.2743000016
-10602309.1721,3448986.951700002
-10629425.6036,3515149.5863000005
-10629369.062,3514950.2202999964
-10629314.0552,3515316.016400002
-10629180.2931,3515203.4261000007
-10629286.7977,3515195.7031999975
-10665194.5849,3505663.7841000035
-10665088.901,3505486.163800001
-10665202.751,3505928.547600001
-10656521.3923,3490990.6143999994
-10656474.3235,3490862.975900002
-10621667.1255,3473972.889799997
-10620407.5341,3474363.230300002
-10638450.647,3515804.842
-10638467.8663,3515787.4233999997
-10638841.2963,3515880.485799998
-10635656.865,3518473.1664000005
-10635810.5028,3518472.6494999975
-10635961.897,3518471.842299998
-10635305.0969,3518549.5835999995
-10654993.5058,3484554.413900003
-10654808.9872,3484548.325000003
-10659801.3243,3479029.6055999994
-10659801.0047,3478980.9196000025
-10659857.8924,3479092.1229000017
-10664607.1226,3478595.2290999964
-10631000.1142,3477861.0556000024
-10637371.5743,3480856.931599997
-10621425.6861,3475458.0085000023
-10634227.1624,3519141.8790000007
-10634139.4009,3518716.962200001
-10637206.4573,3509870.3091999963
-10637238.38,3509919.1132000014
-10637021.8311,3509915.6252000034
-10567462.7972,3478801.922700003
-10567375.3547,3478655.913999997
-10620887.926,3478895.657399997
-10653696.8765,3484288.0768000036
-10572770.2025,3479514.652999997
-10572949.5956,3479430.8122000024
-10572659.4969,3479467.385499999
-10572790.2535,3479395.7113000005
-10587961.4035,3513882.430200003
-10653834.7078,3494515.0037999973
-10654147.789,3494860.6868999973
-10654092.0331,3494887.6900999993
-10654077.0752,3494617.119900003
-10654126.8625,3494687.235799998
-10654209.8791,3494240.242200002
-10661573.3907,3482872.794399999
-10661720.5558,3482730.3219000027
-10662293.7429,3482424.7139
-10626224.0275,3489712.3341000006
-10626236.7107,3489664.949000001
-10651853.8462,3494319.513700001
-10651786.2898,3494280.053199999
-10652007.9838,3494165.9294999987
-10593501.8839,3499751.927000001
-10593576.7336,3499972.0320999995
-10593418.5243,3499973.2947999984
-10594598.4517,3495428.650600001
-10592576.8464,3499524.803000003
-10592534.1629,3499383.4558999985
-10652543.2585,3491472.1780999973
-10593193.6908,3499975.0847000033
-10593129.352,3499975.5973000005
-10632267.1142,3517307.093999997
-10632219.0683,3517307.2324
-10623954.1696,3465782.2463999987
-10593008.6034,3499832.8792999983
-10592769.4973,3499917.520499997
-10632138.5628,3477849.1411999986
-10648786.8825,3510598.9657000005
-10648296.598,3511140.1733999997
-10619172.5792,3475058.765299998
-10619120.9086,3475061.787100002
-10623065.8623,3478760.847599998
-10621728.0933,3479066.602300003
-10617569.01,3468319.813500002
-10619236.0015,3472084.093699999
-10619531.3598,3472070.6850000024
-10645401.9439,3505373.170900002
-10645548.3321,3505127.324000001
-10645623.6271,3505265.597599998
-10645337.9541,3505515.5239000022
-10645313.4127,3505458.972900003
-10607798.5536,3505780.3685000017
-10639711.7541,3476692.402999997
-10620545.9832,3469680.775399998
-10656507.6551,3482861.7201000005
-10656466.4724,3483056.498800002
-10618636.5672,3507170.7427999973
-10618756.896,3507359.362999998
-10618774.7689,3507554.5286
-10618607.2924,3507337.9450000003
-10618642.9664,3507315.2611000016
-10618555.1342,3507144.449199997
-10618397.109,3507040.8330999985
-10618382.2342,3507123.945299998
-10618482.8214,3507094.021300003
-10618459.0389,3507109.1433999985
-10568477.4008,3476591.951700002
-10630268.5086,3516647.968800001
-10630120.4752,3516867.9025000036
-10630231.1187,3516924.3853999972
-10630254.9044,3516869.6264000013
-10654764.7847,3493237.2547999993
-10654975.2806,3493180.8593999967
-10653191.4996,3484832.0578000024
-10653094.539,3484737.9196000025
-10653195.0936,3484554.2690000013
-10653247.5435,3484975.231700003
-10631990.7681,3509917.3291999996
-10647592.1414,3484048.516900003
-10647727.3843,3484109.1225999966
-10616701.9548,3453502.292300001
-10616702.6863,3453534.6796000004
-10616771.6067,3453451.882299997
-10625107.383,3511216.1558
-10625019.2789,3511156.365199998
-10625039.6014,3511015.9069000036
-10649264.6574,3486267.2031000033
-10639458.0939,3505946.5798000023
-10644585.2376,3470514.7700000033
-10644428.1078,3470676.1389999986
-10664291.9779,3476592.0439999998
-10664291.0324,3476482.6987999976
-10635344.0459,3480724.8704999983
-10635313.4119,3480512.8219000027
-10635198.8982,3480513.7765000015
-10635256.6497,3480606.6799999997
-10620256.44,3478028.2949
-10660052.8202,3480844.0544999987
-10660081.5137,3480910.5512000024
-10660003.3499,3480796.1988999993
-10634880.9894,3517428.964900002
-10635188.5813,3517555.760499999
-10659947.4718,3481135.1767999977
-10659972.3582,3481246.608400002
-10660051.9602,3481205.4931999967
-10579555.7288,3477348.979800001
-10579332.4995,3477623.720200002
-10653760.4206,3494484.7440000027
-10594692.2006,3496365.991700001
-10594824.0309,3496357.9516000003
-10594774.353,3496189.048600003
-10594768.1905,3496221.2009999976
-10592455.1573,3500859.3039000034
-10592517.0832,3500951.0183999985
-10592435.3165,3500929.126699999
-10654685.0538,3494465.7738000005
-10654517.9272,3494437.3452999964
-10654588.5035,3494298.036399998
-10625490.0451,3515480.6350999996
-10616355.7968,3453504.0654999986
-10658789.624,3506135.1098999977
-10658784.8634,3506085.9661
-10658821.3661,3506017.3012000024
-10658906.6204,3506003.486100003
-10657742.9777,3482394.443400003
-10657690.1853,3482491.588299997
-10630635.689,3502513.8819999993
-10642246.9895,3506679.841600001
-10645128.5656,3506311.0626000017
-10645306.7538,3506087.9262000024
-10643225.2465,3519319.9739999995
-10618931.628,3472250.2338000014
-10616147.7558,3453201.425999999
-10616131.991,3453201.4893999994
-10616112.4273,3453147.783
-10601203.6576,3495824.5517999977
-10601268.5892,3495387.214599997
-10618275.0335,3512601.2432999983
-10618347.5727,3512717.767999999
-10591866.929,3500814.6322000027
-10607315.807,3505973.7722000033
-10607224.576,3505974.6001999974
-10607282.8417,3506259.565399997
-10607353.7883,3506064.1717000008
-10607259.2758,3506119.237999998
-10607220.2221,3506028.7324
-10664435.93,3479411.114
-10637917.6975,3514168.3191
-10637787.7992,3513932.5845
-10637617.2435,3513764.6969000027
-10594942.2843,3496566.7267000005
-10622593.2751,3474592.4363999963
-10594652.0839,3499474.595200002
-10595055.2348,3499183.6432000026
-10622943.3038,3478665.9499000013
-10623123.2667,3474266.6882999986
-10620194.1016,3479204.8603999987
-10663022.4095,3480708.9382999986
-10662861.1631,3480597.5854
-10618259.7237,3471420.1312000006
-10618221.3227,3471438.0989999995
-10579875.0719,3476045.3303000033
-10620056.9959,3473891.1181999967
-10620023.4851,3473887.535599999
-10620033.2802,3473925.4908000007
-10595062.4695,3499577.813199997
-10595024.7132,3499516.456699997
-10621647.7474,3473657.0437999964
-10619319.3224,3469272.6246000007
-10662131.5162,3513098.0769999996
-10661795.2109,3513057.5675000027
-10661998.2198,3480302.709399998
-10656115.8267,3502704.0495999977
-10656482.5017,3502756.9461999983
-10615398.2044,3465672.1972000003
-10593259.8955,3499500.1010000035
-10603980.6981,3449415.8078000024
-10615477.8752,3470054.358000003
-10622072.728,3478831.910400003
-10634896.9742,3518736.025799997
-10634991.3895,3518654.782499999
-10634963.593,3518582.4838000014
-10638920.7929,3521902.376500003
-10638740.7035,3522004.6238999963
-10638843.4747,3522009.3791000023
-10593113.5454,3479698.916199997
-10593133.8859,3479696.716300003
-10656358.8232,3490280.4897999987
-10621535.9791,3473615.9530000016
-10619591.8272,3471233.0737999976
-10589968.7182,3453110.884300001
-10589987.6428,3453525.6264000013
-10589914.1103,3453597.1467000023
-10629821.1719,3478033.688500002
-10655502.5447,3503327.890299998
-10655417.8538,3503421.6099999994
-10655372.0389,3503440.5912000015
-10589962.5665,3453166.0618999973
-10590053.9663,3453388.475100003
-10622382.0294,3480722.730800003
-10622369.1518,3480765.1349000037
-10613347.1916,3471616.8474999964
-10613339.3225,3471597.3122000024
-10621426.0182,3478268.5808999985
-10619819.9522,3471312.367399998
-10624438.8857,3475828.6887999997
-10624645.5039,3476052.9494000003
-10615282.5653,3470206.0863000005
-10624178.4258,3476180.4372000024
-10624152.9535,3476222.6735000014
-10624141.7996,3476149.9196000025
-10621851.392,3479020.6811000034
-10621917.1596,3477676.346000001
-10622401.5474,3475290.023699999
-10616325.8955,3468830.3297000006
-10626912.2635,3459501.2651000023
-10623960.7514,3480330.7238000035
-10617442.0692,3511821.3249000013
-10617374.7432,3511826.0603
-10617324.2208,3511748.470399998
-10656857.9013,3496972.3301
-10638870.3329,3511227.3681999967
-10639027.5471,3510967.968800001
-10639101.6263,3510919.730300002
-10654544.2695,3484446.3796999976
-10654534.1835,3484614.6448
-10654004.2274,3491458.811999999
-10654123.9261,3491364.8801999986
-10654102.3827,3491475.0490999967
-10654103.1765,3491517.4146
-10655331.0208,3491942.843500003
-10655118.1232,3492152.8709999993
-10660016.3865,3481438.574699998
-10660103.0228,3481364.5856000036
-10659653.6131,3481164.6146000028
-10659675.2205,3481164.827399999
-10609628.2974,3452685.524899997
-10609775.9446,3452735.5270000026
-10609712.3089,3452739.3770999983
-10617264.5713,3474226.3774000034
-10596835.3428,3486668.3693000004
-10639691.9618,3476707.4584000036
-10654872.099,3494357.695799999
-10655143.2212,3494140.090499997
-10656944.6291,3503285.2370000035
-10656884.6357,3503221.0103999972
-10647212.3547,3509253.3172999993
-10647336.8957,3508877.4087999985
-10647187.8223,3509027.905000001
-10653267.3268,3491525.5869999975
-10653350.5086,3491455.212099999
-10639919.0994,3512704.3669999987
-10639421.6988,3512919.322499998
-10654523.4588,3501425.386500001
-10654650.1531,3501499.005400002
-10654589.1656,3501519.6448
-10621665.0405,3471261.803199999
-10629201.7846,3477945.963799998
-10603902.3501,3448849.5890000015
-10603894.041,3448874.4985999987
-10638349.8745,3513782.8489999995
-10638017.9456,3513832.895300001
-10638031.7503,3513755.128200002
-10638308.4568,3513655.8928000033
-10631175.0736,3505303.500500001
-10619916.8509,3471110.9912
-10627675.3412,3508436.057099998
-10642103.5419,3510596.2924000025
-10621680.38,3474691.0819000006
-10621700.0246,3474649.897399999
-10621697.837,3474704.8389
-10627484.8682,3477342.4135999978
-10627551.1076,3477344.1279999986
-10627555.4183,3477256.0341000035
-10627566.6821,3477312.577200003
-10632064.1075,3478579.774099998
-10639655.6199,3476460.898400001
-10639678.6373,3476491.7004000023
-10595042.3266,3496783.4275999963
-10594936.4376,3496786.268600002
-10656450.137,3496240.1372999996
-10656252.9293,3496236.8408999965
-10630549.2658,3515280.530199997
-10630783.1804,3515209.9191000015
-10630567.1411,3515412.2795
-10630648.5696,3515444.287600003
-10630686.8354,3515159.5015999973
-10630802.8197,3515466.8742000014
-10656919.8514,3480730.017099999
-10657130.2881,3480974.3078000024
-10656796.4526,3480946.025799997
-10622298.5572,3478957.2476999983
-10620212.0192,3467899.398400001
-10620240.7732,3467898.838299997
-10617135.6491,3474372.3461000025
-10636923.8345,3473396.0713
-10636706.3856,3473431.400700003
-10636893.2193,3473397.7842999995
-10652672.5548,3482704.2229999974
-10652676.1496,3482743.0066
-10652533.6432,3482666.471000001
-10652745.3637,3482136.965300001
-10652915.6223,3482109.347099997
-10652814.5962,3482090.907399997
-10655744.3469,3496056.4136999995
-10623779.5183,3480265.3532000035
-10620741.3423,3474234.0824000016
-10662034.3544,3482113.351599999
-10662095.5275,3481988.8433
-10662520.3764,3482031.901299998
-10662809.4207,3481954.6159999967
-10662940.1878,3482062.5552999973
-10662834.7363,3482063.7742
-10617894.944,3468618.859099999
-10646393.361,3507595.979000002
-10646273.0096,3507533.707800001
-10655717.5378,3492622.3753999993
-10655436.9023,3492538.842100002
-10655520.0367,3492580.1849000007
-10654876.1096,3492732.5579999983
-10654590.8706,3492936.417800002
-10654652.312,3492938.2272000015
-10654746.5002,3492884.6076000035
-10654590.9204,3492783.2503999993
-10654648.089,3492553.2228000015
-10663384.0908,3479392.3845999986
-10621294.2791,3508973.869599998
-10610249.4976,3507239.5292000026
-10610341.0454,3507289.018600002
-10610390.6232,3507169.2189000025
-10651061.7462,3496899.505400002
-10651198.9961,3496954.8884000033
-10656060.4709,3492794.8726999983
-10655448.0053,3492287.6895999983
-10655693.6608,3492030.404600002
-10655701.4778,3492285.276799999
-10655830.5892,3492385.487800002
-10655658.38,3492389.057599999
-10574948.4974,3479923.405500002
-10574900.7319,3479903.7650000006
-10574893.8611,3479886.9592000023
-10574783.5525,3479864.3703000024
-10662693.4126,3482210.8452999964
-10662581.7938,3482238.2603999972
-10662368.7262,3482277.2419999987
-10653723.9324,3495449.2465000004
-10634550.9115,3518891.355700001
-10634490.1829,3519007.267099999
-10624756.8799,3476153.816200003
-10621353.5576,3473637.892099999
-10596014.6906,3505303.9869000018
-10616729.1058,3474272.032899998
-10645533.2171,3505531.740199998
-10645621.6065,3505672.463100001
-10645504.1135,3505581.670000002
-10621475.3,3479109.8649000004
-10629545.7638,3509942.4324999973
-10629564.1674,3509865.1164999977
-10629616.7002,3509813.7007
-10629665.5208,3509784.518799998
-10629686.5608,3509770.9868
-10623015.0208,3478813.092100002
-10603994.6913,3448691.8576999977
-10603537.9215,3448842.2622999996
-10596336.6146,3514604.4104999974
-10596237.6758,3514354.2304000035
-10596393.228,3515140.299900003
-10596270.4803,3515266.3795000017
-10596514.448,3515280.3883000016
-10595761.814,3514948.8718999997
-10595868.9798,3515070.3527000025
-10616964.411,3474761.3888000026
-10652424.1288,3474700.5547999963
-10652423.8775,3474666.697499998
-10652553.7428,3474702.8417000026
-10652515.3732,3474701.274700001
-10663540.1729,3503192.8916999996
-10664253.8521,3503640.7629999965
-10664148.5168,3503822.9114999995
-10663874.0707,3503841.9804999977
-10664018.4069,3503763.4036
-10629115.7365,3514740.6498000026
-10629226.3589,3515077.8598000035
-10616933.0496,3511188.9265
-10616978.7234,3511174.854800001
-10617087.3563,3511227.5298999995
-10574443.3981,3479580.3794
-10577083.4881,3480940.677199997
-10621696.8964,3478034.566200003
-10667669.7908,3478075.5527999997
-10618443.2003,3479515.5511000007
-10624797.5509,3483732.1448
-10624799.0208,3483639.4794000015
-10624758.088,3483627.8078999966
-10614298.1195,3471412.160400003
-10631131.0647,3477835.965099998
-10639791.9943,3476452.2519999966
-10645988.2797,3499427.9706000015
-10645901.7496,3499214.201399997
-10657616.1776,3488996.5459999964
-10657583.2249,3488795.707699999
-10654617.5268,3493768.1548999995
-10637473.1911,3507811.501000002
-10657544.8065,3495907.6251000017
-10657619.6298,3496732.5659999996
-10657678.5683,3496344.0675000027
-10645954.4761,3506494.3027999997
-10646102.5856,3506489.766099997
-10646139.1967,3506486.730300002
-10613386.7953,3473420.2924000025
-10613478.2188,3473396.9341999963
-10613346.6009,3473399.5342999995
-10639415.6847,3477865.8205000013
-10622156.3926,3480511.4794000015
-10618586.8312,3471055.8518999964
-10618587.1512,3471080.0023000017
-10622045.2676,3477987.785400003
-10622023.4474,3477970.2365999967
-10647116.6217,3509298.713200003
-10647446.9555,3509109.0473999977
-10647192.5362,3509359.8619000018
-10647437.2951,3508910.5317
-10647378.3781,3508916.3676000014
-10598902.6239,3500485.409000002
-10635392.0949,3511518.822999999
-10635275.7751,3511466.463799998
-10635056.4668,3511521.8690000027
-10635081.428,3511644.4368999973
-10634992.4258,3511638.1242000014
-10656735.5465,3505686.235799998
-10657052.8266,3505746.4179999977
-10657263.3435,3505746.7974999994
-10656987.3169,3505321.675800003
-10657126.2903,3505235.6185000017
-10600933.0738,3499261.9108000025
-10621340.4823,3478580.0507000014
-10622246.0533,3478816.7440000027
-10622259.2737,3478834.281300001
-10619256.7273,3469158.0876
-10574759.7107,3479623.035099998
-10574819.9807,3479561.9849999994
-10653679.0493,3495052.932099998
-10599173.9392,3485962.6224000007
-10620044.9317,3500679.876500003
-10619969.055,3500668.404600002
-10619993.8313,3500643.708999999
-10664106.1922,3484052.3699999973
-10630545.868,3517349.8800000027
-10652361.5256,3494731.6114000008
-10652593.1202,3494387.033
-10592286.477,3439704.0760999992
-10592239.4289,3439901.8158000037
-10592213.0999,3439911.3830000013
-10664624.425,3483811.093000002
-10664729.8434,3483809.6066000015
-10664782.0118,3483805.3757999986
-10664736.4274,3483873.2239999995
-10624992.1926,3510781.6933000013
-10624847.6974,3510863.543200001
-10624703.5838,3510657.8100000024
-10624878.5067,3510638.0014000013
-10624860.7403,3510654.123499997
-10624737.8526,3510597.6336999983
-10626552.2705,3477023.2958000004
-10626579.5895,3477036.8668000028
-10652909.7178,3495904.1309999973
-10653228.9872,3495714.1777999997
-10653262.2612,3495684.8056999967
-10626561.4238,3476894.8838
-10626535.7984,3476914.248300001
-10599149.4417,3486146.099100001
-10599066.7968,3486198.5287000015
-10599082.5999,3486198.291699998
-10599235.3624,3486196.0002999976
-10630404.9726,3477982.1422000006
-10620828.2463,3482114.7255999967
-10620871.9765,3482130.4809999987
-10622180.1102,3478910.4717999995
-10660672.7559,3504843.6625000015
-10660792.2945,3504803.3680000007
-10655881.7152,3495541.5380999967
-10655973.7338,3495474.416000001
-10655987.3412,3495462.9635000005
-10665141.8738,3484516.918300003
-10665146.7127,3484622.8192000017
-10664981.1648,3484339.2304000035
-10626059.955,3477250.8016000018
-10626087.3796,3477295.157200001
-10625954.6657,3477372.786899999
-10625980.3602,3477344.7709000036
-10586192.7413,3492873.6899000034
-10644574.9153,3470131.8444000036
-10622528.5472,3478614.781499997
-10621546.4009,3473258.829099998
-10580755.5749,3460804.4318000004
-10580888.9252,3460709.1141000018
-10580900.3882,3460864.3566000015
-10581032.4409,3460800.6215000004
-10640773.7513,3469288.641599998
-10658114.9098,3496161.8948
-10658036.809,3496254.8561000004
-10611852.1375,3505814.7753000036
-10611788.2935,3505814.604000002
-10602390.72,3448513.059299998
-10602366.7733,3448505.6516000032
-10602297.046,3448691.2321000025
-10625927.1817,3455426.6741999984
-10614586.1551,3471197.5549999997
-10655545.717,3503585.4756999984
-10655630.3146,3504127.1450000033
-10622265.2183,3478485.275600001
-10621243.9351,3473565.6845000014
-10647601.0815,3507905.012500003
-10622206.9184,3475410.6621999964
-10617164.0851,3469483.840099998
-10656957.4391,3481310.1338
-10654485.1054,3484951.4016000032
-10591624.6168,3501023.1049000025
-10663145.3401,3482367.4297999963
-10663201.7746,3482401.8237999976
-10663047.7977,3482377.6766000018
-10662808.652,3482496.2410999984
-10662627.3768,3482359.4814999998
-10662620.7285,3482469.4739999995
-10628819.1936,3513782.7102999985
-10628830.3844,3513586.593199998
-10628887.4384,3513604.7465000004
-10628875.9015,3513167.095700003
-10609786.3014,3505662.9399000034
-10622549.9701,3480416.4245000035
-10589514.9563,3453643.623499997
-10589282.3539,3453816.590800002
-10656740.6649,3490049.0194000006
-10656834.9297,3490366.5683000013
-10656762.4235,3490737.5697000027
-10656796.0635,3490811.8165000007
-10645395.7452,3506029.207199998
-10645320.0935,3505978.134300001
-10645147.2059,3505976.1838999987
-10645149.1046,3505947.7665000036
-10645081.9489,3506079.0486999974
-10666764.6703,3478918.461000003
-10666926.4536,3478802.004900001
-10666975.5956,3478801.723200001
-10667077.0551,3478919.6730000004
-10614490.269,3474771.3132999986
-10588928.6088,3453325.861100003
-10588905.0715,3453378.9265
-10613188.3186,3469913.226999998
-10616842.4784,3477254.841799997
-10619936.7314,3457320.527099997
-10620025.0498,3457102.9965000004
-10620054.3804,3457222.026299998
-10620108.9346,3457373.445299998
-10619992.251,3457235.1265999973
-10620014.4333,3457261.7437999994
-10654533.2161,3484750.8682999983
-10654413.8908,3484539.3761000037
-10654403.4973,3484299.9099999964
-10654336.4252,3484282.924900003
-10654359.274,3484349.4997000024
-10654497.1281,3484625.4126999974
-10652253.7695,3493093.1383000016
-10652260.0123,3492995.847599998
-10652222.1285,3492826.092100002
-10592421.5188,3501109.2075000033
-10592454.1169,3501179.9864000008
-10592416.4185,3501201.506099999
-10592235.0567,3501139.1418000013
-10592041.1922,3501343.9563999996
-10591964.6907,3501219.2936000004
-10609063.6901,3452788.1186999977
-10622446.6351,3474649.8610000014
-10622456.8849,3475525.9306999967
-10567398.781,3478478.532200001
-10567330.3888,3478624.3552
-10567297.9853,3478454.5808999985
-10567364.6719,3478597.9878999963
-10567235.5554,3478427.1033999994
-10656355.9236,3495043.271499999
-10656312.3395,3495196.2075999975
-10637835.9961,3520052.8237000033
-10637900.9172,3519723.6636999995
-10637962.3454,3520055.3994999975
-10581669.0219,3489129.610799998
-10655351.7604,3505752.3581999987
-10638055.8927,3521063.329400003
-10638066.0353,3521032.3577999994
-10638168.5649,3521100.3206999972
-10663079.9592,3480525.1411999986
-10625368.7447,3479629.3039999977
-10631989.9365,3518112.7978999987
-10620759.6747,3481552.572499998
-10643522.7764,3519695.909199998
-10667888.013,3478244.353600003
-10646221.8158,3507920.7458000034
-10646344.6618,3507811.4356999993
-10664217.2391,3484478.1662999988
-10633960.3853,3508852.0648000017
-10633633.0353,3508852.8122000024
-10633724.0973,3508828.025399998
-10633716.6543,3509008.520800002
-10661703.2832,3481481.789800003
-10661573.9639,3480700.0130999982
-10661616.6513,3480796.6784999967
-10617108.596,3507862.0243000016
-10647933.337,3487376.8505999967
-10595753.5176,3515548.123800002
-10587133.2753,3461774.918899998
-10616737.5074,3473938.140299998
-10616720.7334,3473892.8938999996
-10614436.931,3475512.8889999986
-10590852.0035,3487581.271399997
-10620099.1608,3511021.281300001
-10620341.223,3511048.510300003
-10620070.984,3511105.9470999986
-10620028.6578,3511130.063500002
-10632169.3335,3478685.8145999983
-10632141.4271,3518852.1587999985
-10655155.4944,3502916.2368
-10655247.5012,3502938.304200001
-10639284.816,3476346.3237999976
-10602719.6698,3494432.9672000036
-10602763.9652,3494488.557099998
-10602718.3221,3494327.8213
-10602597.6073,3494388.825199999
-10646614.7862,3508858.173799999
-10646835.0735,3508795.274700001
-10646957.7223,3508772.8874000013
-10657032.7134,3481084.1460999995
-10657052.3382,3481205.038800001
-10661838.5671,3513436.5605999976
-10661807.0987,3513401.7568000033
-10640119.0109,3508667.905000001
-10658469.1158,3496124.090999998
-10638039.1924,3520685.070600003
-10663462.5404,3503207.6750999987
-10663123.7341,3503351.849600002
-10596171.6929,3502063.3198999986
-10596212.5761,3502090.3787999973
-10646973.3963,3508529.1224000007
-10647262.1971,3508606.657499999
-10647254.5401,3508508.9931999967
-10653258.7249,3495143.8825000003
-10664148.5426,3479193.519299999
-10664242.6177,3479143.3561000004
-10598999.0719,3448051.507799998
-10599016.5316,3447996.0776999965
-10598885.0106,3447929.6708000004
-10635911.4465,3512360.0720999986
-10635868.8811,3512323.709399998
-10635730.9344,3512454.268299997
-10635390.0454,3512648.9465999976
-10635517.7075,3512784.4729999974
-10635498.8456,3512774.932599999
-10635385.6746,3512717.6894999966
-10664840.8446,3484356.6052
-10664579.0085,3484317.3211999983
-10590395.6393,3479441.4223999977
-10590406.0433,3479347.7524999976
-10618920.2192,3454860.7771999985
-10619173.1179,3454875.077799998
-10619144.991,3454643.463399999
-10594785.2897,3495751.740199998
-10594844.3617,3495615.0495999977
-10596514.8558,3486737.069600001
-10596515.0819,3486751.1884000003
-10596600.1528,3486758.547799997
-10596571.0107,3486653.9990999997
-10639630.9056,3512847.3280000016
-10639648.28,3512923.4246999994
-10639505.9301,3513070.4809999987
-10638505.9407,3521449.439199999
-10638441.6508,3521590.6687999964
-10646363.233,3464800.7820999995
-10646300.4094,3464883.2722000033
-10646250.2517,3464809.5813999996
-10646157.5768,3464687.6991000026
-10646248.9097,3464686.2400999963
-10646303.2679,3464579.964299999
-10646675.8485,3508766.9650000036
-10657830.1394,3496992.8346000016
-10595596.2324,3498843.0606999993
-10595510.4213,3498707.7062000036
-10595307.6312,3498612.0041999966
-10645130.0391,3490552.099399999
-10594214.3314,3495596.315200001
-10594329.9917,3495703.2092999965
-10632057.3069,3502596.5386999995
-10632274.4784,3502823.997100003
-10617725.6108,3479360.963100001
-10631266.1101,3479456.289300002
-10621740.1997,3480573.7358999997
-10585688.275,3461500.463100001
-10585795.5125,3461605.5122999996
-10585794.2122,3461513.9131999984
-10585750.3973,3461514.5414000005
-10586988.5238,3462381.7861
-10611426.6592,3475347.313199997
-10638709.7456,3478167.902099997
-10638483.9405,3478125.8879000023
-10638393.0376,3478084.162299998
-10638541.7782,3478126.9438999966
-10599958.3513,3499820.593800001
-10599832.3566,3499811.0112000033
-10599823.4341,3499674.404799998
-10600026.9773,3499723.525700003
-10652890.0759,3486903.2106000036
-10653067.3539,3486673.1118
-10656897.7721,3481727.279600002
-10656771.5047,3481668.1542000026
-10656762.3452,3481448.6691000015
-10620280.2799,3479109.005900003
-10621361.6774,3474205.093800001
-10662523.1928,3486753.726800002
-10629003.6719,3484932.483599998
-10624117.1516,3476414.3916999996
-10624141.5758,3476386.8411
-10647255.126,3507977.8981000036
-10647377.8508,3507988.531499997
-10647658.6656,3508130.9904000014
-10655165.4202,3494629.2893999964
-10655195.5822,3494592.6809
-10655479.786,3494880.4267999977
-10655429.0597,3494760.5713
-10656866.2277,3506195.3279
-10656757.4343,3506062.1033999994
-10656910.734,3505841.591799997
-10656933.1933,3506049.8109000027
-10657090.451,3506165.339299999
-10664830.0111,3478888.796099998
-10612140.3203,3455897.1319999993
-10662838.7584,3483090.354000002
-10616198.7217,3470511.1049999967
-10614525.0846,3478694.270199999
-10642678.4977,3470643.9936000034
-10632176.2569,3477958.6934999973
-10615320.5534,3469650.6411999986
-10616285.4245,3465396.544399999
-10638092.9467,3516785.7456
-10661895.1275,3513712.275700003
-10661911.1153,3513712.0700000003
-10661908.367,3513862.5522999987
-10662015.7609,3513975.4635000005
-10598257.5219,3495871.373800002
-10639438.1758,3476755.419500001
-10622274.8616,3478269.9082999974
-10624620.0672,3486821.3704999983
-10655450.0698,3503794.950000003
-10655447.9575,3504092.4157000035
-10655398.7748,3503583.775899999
-10600100.3975,3485779.266900003
-10599828.5616,3485733.3664000034
-10599940.9391,3485731.9821000025
-10600165.1498,3485693.0067000017
-10600052.7628,3485693.7409000024
-10627151.1034,3500878.523500003
-10626849.505,3500975.8740999997
-10636583.7502,3514349.897500001
-10636822.4679,3514534.6860999987
-10596782.5762,3485103.406300001
-10596620.4146,3485117.141400002
-10596634.5674,3485014.583300002
-10630595.9655,3481174.2650000006
-10640919.988,3520858.4628000036
-10640556.932,3521099.8847000003
-10640557.261,3521078.646399997
-10640830.9831,3520208.1730000004
-10656917.6053,3484901.297799997
-10656537.3493,3484706.343199998
-10656913.4684,3484500.2819000036
-10656580.1367,3484604.5485000014
-10657068.9969,3484559.9915999994
-10635978.9072,3515368.8162999973
-10635955.3318,3515244.363300003
-10636066.7578,3515352.478600003
-10650753.2387,3496713.978699997
-10650870.2205,3496559.6752000004
-10648296.7344,3487067.7258
-10648309.8865,3487044.0505999997
-10648505.7869,3487139.6286000013
-10648423.9756,3487278.6761000007
-10648367.2013,3487231.7990999967
-10596887.7588,3500644.1226999983
-10597395.6944,3486502.5546000004
-10597479.2211,3486439.195600003
-10622474.271,3475512.360799998
-10586985.2064,3443892.8891000003
-10655072.8789,3492711.2595999986
-10654341.109,3492678.420599997
-10653342.5376,3484199.5984999985
-10652960.2777,3484095.066200003
-10652782.1334,3484162.2919000015
-10653239.8956,3484329.1147999987
-10653181.1359,3484321.4899000004
-10653131.2429,3484266.8027999997
-10653165.6138,3484503.0901999995
-10653279.8669,3484183.171099998
-10652886.5789,3484186.5923999995
-10652858.4869,3484186.8364000022
-10647931.3578,3508087.2430000007
-10648014.7351,3508082.536200002
-10648071.1353,3508075.1092000008
-10648006.7785,3508014.467600003
-10590477.9157,3478130.7194000036
-10590607.1735,3478272.6750999987
-10597621.3266,3486223.4125000015
-10607655.2691,3506003.2471999973
-10652981.9238,3495796.1838999987
-10652916.298,3495686.467500001
-10652916.9176,3495500.167800002
-10653055.878,3495624.789800003
-10647909.6149,3512062.0385999978
-10587052.3938,3443800.9199
-10654750.3464,3492264.705499999
-10654748.0132,3492240.998499997
-10654409.5406,3492108.983599998
-10654637.5469,3492122.8276000023
-10654800.4976,3492200.7290999964
-10654444.5894,3492149.027900003
-10623960.7077,3462279.5019999966
-10628974.7332,3478027.833300002
-10662947.5555,3506912.1149000004
-10662675.7819,3506749.212099999
-10655861.4547,3495348.8237000033
-10655709.0695,3494864.2541999966
-10655859.2933,3494940.3654000014
-10663008.4602,3506623.8237999976
-10657571.5517,3488530.1088000014
-10657686.7998,3488346.3966000006
-10600362.5346,3495932.7629999965
-10600514.2194,3495869.767099999
-10662651.2538,3506663.3818999976
-10662583.0666,3506446.3883000016
-10662810.3258,3506563.079599999
-10662549.9604,3482875.0885000005
-10601332.029,3495810.1966999993
-10609007.4058,3452885.639899999
-10609258.7046,3452819.1291000023
-10609308.6659,3452962.5605000034
-10618880.6379,3499474.3571000025
-10618826.3007,3499410.633299999
-10618823.484,3499707.8062999994
-10609081.4511,3453173.9504999965
-10609234.4149,3453112.624300003
-10609272.2,3453169.8809999973
-10604490.5388,3460420.0151000023
-10604477.1767,3460420.2761999965
-10604445.691,3460386.3423999995
-10616734.0764,3482377.4077999964
-10609438.9657,3453059.327299997
-10574221.2476,3480729.3993000016
-10574207.0058,3480741.815399997
-10648028.2946,3508661.911700003
-10647787.2989,3508629.248300001
-10647487.2164,3508844.637500003
-10598515.6127,3500602.244400002
-10647596.7415,3509345.7031999975
-10662992.376,3480433.987400003
-10629549.4475,3460963.7633000016
-10621989.6904,3480567.0002000034
-10602990.6805,3447992.277599998
-10623400.0661,3475579.1818000004
-10623446.9631,3475555.4985999987
-10602129.8089,3499528.3527000025
-10601866.1947,3499533.409699999
-10601748.6831,3499631.4199
-10663368.8591,3484123.7040000036
-10663437.3009,3484460.089299999
-10664536.3916,3484581.7058999985
-10663236.9396,3487295.955499999
-10663147.6091,3487297.3584999964
-10663046.5587,3487292.279600002
-10663112.5791,3487097.2534999996
-10662639.3037,3487438.6966999993
-10662682.6948,3487428.638700001
-10662741.2004,3487430.465999998
-10662912.3842,3487337.938199997
-10662873.4544,3487157.6674999967
-10610793.504,3506938.392999999
-10626281.6314,3492397.0556999967
-10662728.5197,3486647.3686000034
-10662517.2428,3486596.1074
-10600733.7153,3498825.4684000015
-10600550.4174,3498824.8236000016
-10600548.7302,3498866.0666999966
-10648142.5805,3509046.3112000003
-10648306.7686,3509046.0424999967
-10663555.429,3504035.7858999968
-10663288.7039,3503582.197800003
-10663484.2567,3503934.9349000007
-10663202.3015,3503972.941399999
-10663219.1502,3503934.0517999977
-10663077.0447,3503614.8694999963
-10663232.9928,3503627.945299998
-10663066.8418,3503808.9016000032
-10663155.8323,3503708.927699998
-10656448.1498,3482378.3367
-10655810.7977,3482482.2302
-10662652.7112,3503879.5535999984
-10662916.8507,3503591.771899998
-10662853.5147,3503641.2035000026
-10662855.0982,3503835.087200001
-10662601.1675,3503697.1559000015
-10664036.9254,3504244.6086999997
-10592128.0792,3501172.6916999966
-10599405.5124,3489228.4509999976
-10599368.0475,3489339.5496999994
-10599372.5525,3489196.3545999974
-10591630.9971,3501172.7881999984
-10591464.5145,3501180.793200001
-10591203.1338,3500990.5900000036
-10591266.8156,3500946.152800001
-10591408.307,3500931.3434000015
-10649460.9115,3502880.784900002
-10620084.372,3500255.012500003
-10597088.6796,3449515.6146000028
-10597040.4037,3449566.627899997
-10596932.2151,3449472.6357000023
-10643175.0934,3506752.4321999997
-10663739.1062,3484248.460699998
-10663565.8837,3484536.047799997
-10640042.8288,3508499.0999
-10640060.6408,3508499.367700003
-10599388.4804,3496067.901900001
-10599451.8762,3496375.365199998
-10599660.8479,3496324.8505000025
-10652172.9404,3480191.0908999965
-10661485.4523,3513604.0226000026
-10661753.2004,3513841.0710999966
-10617027.3048,3474191.5951000005
-10658318.7469,3496053.943099998
-10658281.9233,3495982.410599999
-10658452.6448,3496759.3479999974
-10658333.1961,3496561.4908000007
-10658253.8682,3496519.5591999963
-10657989.5486,3496720.8518999964
-10658475.0433,3496800.673799999
-10658328.2938,3496963.6930000037
-10593062.4048,3479582.3260999992
-10621245.4968,3473711.148199998
-10619434.8713,3454817.7682000026
-10613229.6816,3473570.5490000024
-10630022.0219,3509786.6635000035
-10654448.3048,3488652.6670999974
-10607829.3548,3506200.7502999976
-10607921.1917,3506103.358900003
-10586724.7937,3443669.942400001
-10586601.0025,3443372.7271
-10586619.5034,3443404.0151000023
-10586659.8349,3443484.2009000033
-10594302.8689,3483439.5139999986
-10594307.6001,3483503.6401000023
-10590147.4937,3453536.2672000006
-10598107.6163,3486553.0741000026
-10597913.3231,3486614.3681999967
-10656273.1492,3503531.0072000027
-10656336.7943,3503406.6582999974
-10601896.0037,3494487.8988000005
-10601850.6665,3494460.4758
-10601861.1216,3494420.4353
-10601940.8894,3494468.4569000006
-10602014.323,3494327.3835000023
-10621844.8565,3480766.8752999976
-10595747.5667,3498704.8977999985
-10595759.4953,3498417.718699999
-10595980.4442,3498711.2836000025
-10638334.2193,3512563.340400003
-10665620.3877,3483938.015299998
-10665480.6272,3483963.546599999
-10635579.2568,3510965.5625
-10655850.5931,3513758.1987999976
-10655665.2538,3513515.1873999983
-10655664.8686,3513451.1401999965
-10655601.3736,3513379.3495000005
-10655556.7848,3513374.737999998
-10655224.71,3513250.6141000018
-10636753.777,3481814.5912000015
-10636701.5812,3481820.119599998
-10636700.763,3481757.343199998
-10625863.6374,3501254.7929000035
-10625872.6018,3501148.504900001
-10626063.8174,3501085.389899999
-10626163.1121,3501186.580600001
-10625807.4389,3500800.0675000027
-10625853.6043,3500638.3126000017
-10625887.5555,3500741.1587999985
-10617982.5992,3455515.530500002
-10618046.715,3455641.838299997
-10648140.7828,3487353.0199000016
-10648409.3002,3487681.286200002
-10654840.3742,3503017.9668999985
-10654646.0717,3503141.3062999994
-10633708.4803,3510740.1460999995
-10633428.1661,3510886.854199998
-10633428.3244,3510857.944799997
-10646723.8346,3506753.174999997
-10646804.8032,3506473.5895000026
-10646695.0401,3506646.0129999965
-10639077.0294,3521102.2798999995
-10648436.1531,3508462.8867999986
-10600039.6165,3500360.174999997
-10634331.8526,3459685.4591000006
-10634253.3499,3459666.7688999996
-10620968.7786,3508840.762000002
-10624552.0076,3476163.349299997
-10619347.01,3454495.0108999982
-10619502.8763,3454532.7029
-10610746.2994,3474933.3650999963
-10617539.8621,3511130.095399998
-10617219.6184,3510906.3827000037
-10617129.978,3510932.659199998
-10630249.5982,3502780.6142999977
-10630328.419,3502838.592799999
-10630298.7621,3502789.905199997
-10636111.8529,3481196.4466999993
-10651226.542,3496176.697999999
-10584058.4416,3495837.171099998
-10583872.601,3495964.7141000032
-10584018.0323,3495944.797200002
-10639725.5428,3505954.7817
-10654698.9251,3484500.914800003
-10610513.5018,3505929.155699998
-10664385.1004,3479079.603600003
-10664446.1542,3479144.2688999996
-10599208.4021,3496696.2480999976
-10599245.0115,3496642.917199999
-10599395.5629,3496431.4510999992
-10620526.6525,3484720.8056999967
-10654109.153,3491643.3668000028
-10644655.6889,3500900.1567
-10644955.8637,3501081.277900003
-10644826.0238,3501050.4377000034
-10574532.9258,3473263.150700003
-10574661.597,3473404.168899998
-10626261.4734,3491810.1279999986
-10626262.3591,3491889.581600003
-10626074.1832,3491972.776799999
-10626170.0027,3491853.520800002
-10610643.7212,3507167.6032000035
-10621790.5808,3480707.7436000034
-10615570.5489,3469346.345200002
-10631001.0042,3518480.6919
-10630886.9278,3518465.3496999964
-10630850.287,3518410.6450999975
-10590158.9934,3453859.1887999997
-10615221.373,3470297.1286000013
-10615216.3186,3470332.2271
-10596220.0045,3505129.9617
-10630175.0311,3492531.8474999964
-10630311.4403,3492571.688000001
-10652673.3028,3494451.067400001
-10630069.4811,3484163.0112000033
-10630072.3158,3484227.9662000015
-10630085.8797,3484323.0559
-10653742.1797,3484517.949199997
-10653974.7067,3484580.0364999995
-10654002.6479,3484496.1915000007
-10646295.0196,3465038.3060000017
-10646299.2997,3465102.772699997
-10646114.4978,3465057.099799998
-10595568.8261,3498232.9899000004
-10596160.6593,3498711.9329999983
-10596403.8549,3498635.3682999983
-10624075.6252,3502633.4284999967
-10624177.8606,3502569.283200003
-10665078.678,3484260.5405
-10665031.2829,3484261.0727000013
-10665078.7294,3484098.706299998
-10664980.9064,3484051.4848999977
-10662651.8399,3480000.3127999976
-10591343.6375,3488409.111299999
-10591197.3595,3488470.2311000004
-10614851.7878,3470544.8145999983
-10614851.1902,3470520.5483999997
-10636602.448,3476799.819600001
-10647602.7628,3501184.1758999974
-10647630.8594,3500851.2321999967
-10647684.4789,3500839.6735000014
-10647630.0734,3500948.5689999983
-10573667.9903,3472541.9905999973
-10651383.8235,3496709.943400003
-10651442.0956,3496839.3681999967
-10651665.5977,3496876.467799999
-10596787.6853,3485239.8081
-10620776.0435,3505470.462399997
-10587144.4263,3462380.1341999993
-10597072.6987,3500364.473200001
-10596874.8161,3500582.6022000015
-10597443.4155,3448985.332999997
-10597400.2495,3449176.297600001
-10652272.3338,3495195.3889999986
-10657642.0943,3481499.6445000023
-10657698.68,3481130.7007
-10657680.6914,3480902.8853999972
-10657698.9588,3481007.686499998
-10663556.2149,3481494.2040000036
-10663258.0387,3486705.9733999968
-10663164.9805,3486995.1278000027
-10663252.3643,3486771.6718000025
-10662969.7386,3479714.7688999996
-10662988.7184,3479772.8888000026
-10663048.656,3479822.5513999984
-10662987.0129,3479893.6184
-10648597.4132,3487743.2660000026
-10648506.6115,3487745.5121000037
-10647486.3142,3487715.8249000013
-10647511.5219,3487589.237999998
-10593186.3272,3479498.297600001
-10593244.015,3479573.873800002
-10616516.5886,3461076.506099999
-10617543.8236,3478869.7766999975
-10598779.9751,3496595.0640999973
-10598751.7175,3496486.8018999994
-10598590.5954,3496630.2930999994
-10598586.2431,3496577.0578000024
-10598390.2453,3496631.2485999987
-10598273.2101,3496597.0067000017
-10598126.1608,3496642.1687999964
-10597855.0106,3496698.047700003
-10597952.954,3496530.0420999974
-10585278.7725,3499814.7651000023
-10582607.3886,3492708.7927
-10582545.9951,3492853.1291999966
-10611793.2555,3506496.4711000025
-10611882.8121,3506380.0749000013
-10588683.075,3453915.5869000033
-10588821.2507,3453777.4240999967
-10588962.7601,3453775.762199998
-10662330.9375,3487160.3818000033
-10662174.5215,3487246.730800003
-10574694.7325,3473430.5738999993
-10574753.8842,3473452.721900001
-10574676.827,3473548.858400002
-10618043.4152,3464545.366899997
-10638307.2277,3519432.5156999975
-10638448.3803,3519810.6991000026
-10659937.8775,3478740.1718999967
-10660053.5984,3478751.0
-10654646.1809,3491592.866899997
-10654635.5786,3491432.626199998
-10654527.55,3491343.9848999977
-10654568.9601,3491562.9613000005
-10621336.2647,3482882.3225999996
-10583883.2418,3492205.8856000006
-10584006.1467,3492371.5521000028
-10584107.5382,3492237.096199997
-10643381.6004,3519377.4540000036
-10602948.4185,3447513.7085999995
-10603149.8082,3447806.466300003
-10596131.6769,3514875.3325999975
-10596226.1815,3514683.119400002
-10596144.9496,3514770.0161999986
-10648141.0185,3505463.578900002
-10610042.1306,3464060.922200002
-10662656.4193,3483412.026299998
-10622032.4404,3480683.6723999977
-10622015.2557,3480695.8332
-10626060.4116,3491537.267999999
-10626174.9997,3491539.3567999974
-10626125.9798,3491437.4931999967
-10648292.3756,3508296.6680999994
-10648301.6881,3508275.630099997
-10648293.0204,3508564.4487999976
-10648291.3792,3508500.8242999986
-10647800.1249,3512461.3945999965
-10617020.1193,3507917.949699998
-10598767.8509,3448525.6252999976
-10601173.3411,3499085.5468000025
-10601060.2557,3499012.870099999
-10601025.7977,3498974.464400001
-10601176.4525,3498945.224600002
-10601116.9234,3499129.473200001
-10617434.7088,3482493.6372999996
-10620050.4244,3474976.9723000005
-10658528.6179,3495027.6811999977
-10657587.0101,3495204.158500001
-10657641.7807,3495186.372299999
-10657673.7407,3495072.795400001
-10657931.0127,3495099.059299998
-10664756.5137,3481256.7788999975
-10664435.7493,3481160.6652000025
-10664649.5885,3481034.7634999976
-10665077.1132,3481028.956100002
-10664923.8463,3481196.912799999
-10664872.2115,3481091.4111
-10664923.1169,3481091.0568000004
-10664970.5116,3481090.726800002
-10665066.0091,3481090.503399998
-10589491.6074,3454333.0534999967
-10589605.9074,3454261.449199997
-10589284.5015,3454339.860299997
-10589200.4588,3454342.6182999983
-10589269.7139,3454154.4640000015
-10645970.8756,3505764.952299997
-10646033.313,3505912.3706
-10645820.1371,3505892.979199998
-10646281.2086,3505528.7876999974
-10574407.6747,3481131.9541999996
-10574188.3318,3481064.2963000014
-10574022.4983,3481094.8144999966
-10573996.7613,3481091.5656000003
-10599497.1357,3489371.3937000036
-10597598.4411,3486112.4114999995
-10597545.766,3486113.2123000026
-10597139.6736,3485778.808600001
-10597459.8709,3485754.4218999967
-10597319.6115,3485723.453900002
-10597402.9219,3485741.831100002
-10604158.1281,3457028.3923999965
-10665672.9129,3484140.491899997
-10595551.3441,3496235.607900001
-10595504.9194,3496444.054700002
-10613808.5375,3470727.701399997
-10622073.0857,3474552.082199998
-10663004.8555,3480215.395300001
-10618534.976,3471814.3131000027
-10590686.8374,3477678.1185000017
-10590648.4933,3478026.3751000017
-10590553.7562,3478028.863499999
-10590548.7321,3477835.6062999964
-10590580.3107,3477834.7771999985
-10590672.534,3477735.6624
-10621399.1724,3473265.0824000016
-10618968.4901,3499945.139899999
-10619299.0749,3500035.7771999985
-10602798.3148,3448321.8376
-10598097.5549,3495854.228600003
-10598097.304,3495892.0678000003
-10598057.0063,3495682.6723000035
-10600923.717,3495930.965999998
-10600105.2619,3495933.7607000023
-10600062.7259,3495933.799900003
-10600065.9833,3495871.0760999992
-10651896.5483,3496080.770199999
-10651828.4515,3495925.4452000037
-10651825.3174,3495751.3948
-10651933.3324,3495993.7553000003
-10651933.3715,3495895.4267000034
-10651975.0297,3495645.6894999966
-10652025.0727,3495613.011699997
-10651947.5632,3495284.6889000013
-10651983.6083,3495370.7157000005
-10652148.3073,3495438.8576000035
-10652165.5103,3495454.246600002
-10622643.1478,3479075.8554000035
-10663864.9553,3480819.507600002
-10663544.3172,3480875.094300002
-10663422.3372,3480861.1840000004
-10663559.4342,3480616.9488999993
-10663455.9614,3480578.434299998
-10663494.1138,3480477.090499997
-10663419.6721,3480489.8412000015
-10620103.2829,3480847.4460000023
-10620124.7985,3479376.873800002
-10655257.2108,3482245.168700002
-10657227.6794,3495311.027900003
-10657304.041,3495435.471900001
-10600182.702,3496616.3235
-10617172.7829,3510549.5447999984
-10617003.0616,3510809.2731000036
-10617114.7569,3510622.561800003
-10617105.9785,3510675.1921999976
-10617091.0567,3510684.5601999983
-10617076.1347,3510693.928000003
-10617078.968,3510772.9838000014
-10617249.1137,3510768.3396999985
-10617257.877,3510796.726300001
-10619465.3473,3454306.4231999964
-10619479.4182,3454307.7832999974
-10619486.4568,3454248.970399998
-10619215.6919,3454507.9211999997
-10624446.0732,3483387.229000002
-10624455.2027,3483387.1745999977
-10614451.3498,3476319.1724999994
-10601754.7587,3494280.268100001
-10601875.674,3494288.2624000013
-10625521.1291,3493038.6154000014
-10630535.3222,3518431.2299000025
-10630529.8765,3518362.2939999998
-10630544.4621,3518349.940899998
-10630425.7587,3517949.968199998
-10630625.4121,3518333.5173999965
-10630565.9005,3518261.0205999985
-10657199.4965,3484936.496600002
-10657392.7294,3485256.9957000017
-10657410.1645,3485134.474100001
-10657586.2185,3485061.884499997
-10657619.1141,3485308.531000003
-10661983.2943,3481749.0785000026
-10638233.9381,3498435.3281000033
-10638287.8382,3498439.1422000006
-10638276.7006,3498493.200000003
-10635405.496,3481342.356899999
-10635538.4587,3481398.4250999987
-10635433.4325,3481379.1115999967
-10596011.5196,3514971.487999998
-10595975.2306,3515041.3527000025
-10663174.7805,3483611.4223000035
-10662921.5979,3483645.2075999975
-10662922.6545,3483556.9521000013
-10663004.0762,3483531.543399997
-10662984.0881,3483578.213200003
-10663040.7115,3483543.8637000024
-10622148.3686,3478950.7342000008
-10611607.0312,3470634.4733999968
-10657265.6835,3483067.2717999965
-10639047.1045,3516972.068099998
-10638950.7141,3517166.0242
-10638998.9969,3517174.648400001
-10639002.633,3516907.974600002
-10638786.3463,3516865.7497000024
-10638858.3232,3517053.932400003
-10603271.4527,3448119.5474999994
-10603429.2424,3448293.591600001
-10603290.6976,3448539.9309
-10632615.358,3468998.947300002
-10632654.8393,3468978.239699997
-10622291.3945,3475223.2676
-10663368.5185,3483865.1555999964
-10663374.1048,3483823.190399997
-10663543.0107,3483812.2048999965
-10663622.018,3483811.597900003
-10663486.251,3484013.5490999967
-10662025.3586,3486658.020999998
-10662066.8647,3486609.7544
-10662136.0175,3486611.4912
-10662207.4539,3486690.6076000035
-10662308.7791,3486959.8499
-10661600.2565,3487219.5782999992
-10595660.829,3498217.3467999995
-10635474.1944,3512080.4153999984
-10635354.5473,3512231.2052000016
-10620703.2839,3505611.742399998
-10655557.1345,3491620.9814999998
-10631604.8202,3503142.2641000003
-10631572.3903,3503093.271300003
-10631636.5615,3503053.1450000033
-10631796.9623,3503159.3660999984
-10631852.54,3503171.8395000026
-10619069.4031,3474521.3911999986
-10617530.3429,3468420.925800003
-10620032.5485,3473843.0790000036
-10620013.7124,3473809.4420000017
-10597854.3066,3486585.5989999995
-10597857.443,3486741.6234000027
-10597771.8153,3486541.569799997
-10623117.6738,3475402.031800002
-10616893.7237,3474836.5547999963
-10662159.3835,3481866.2414000034
-10662176.2693,3481762.766599998
-10662339.1301,3481697.898400001
-10662339.7597,3481796.7070000023
-10569047.1059,3475671.0358999968
-10599862.0125,3496346.5489000008
-10599924.8924,3495998.461199999
-10600341.2796,3496157.431599997
-10599867.4844,3496150.2085999995
-10599831.1799,3496061.3457999974
-10599828.87,3496102.4778999984
-10600262.4985,3496058.078599997
-10599988.2875,3495997.952200003
-10616405.1432,3511510.6127000004
-10659215.7748,3495266.911799997
-10659108.5628,3495231.6532000005
-10659125.646,3495322.0261999965
-10659184.4291,3495391.8039000034
-10639100.6554,3507274.334399998
-10638965.7482,3507165.4992000014
-10635576.5543,3511989.1897
-10635205.9401,3511997.397
-10635102.1162,3512171.3518999964
-10638221.028,3520603.965599999
-10638817.8345,3521673.4258999974
-10638814.0875,3521500.2453999966
-10638765.8728,3521503.8385000005
-10639163.2598,3521604.2026999965
-10639178.8721,3521568.943099998
-10622836.3431,3476418.7497999966
-10625962.75,3491225.1653999984
-10646691.4636,3508319.6784000024
-10646828.3932,3508369.101599999
-10610815.4163,3475480.714599997
-10639201.5094,3521964.971199997
-10639241.0357,3522063.8249000013
-10654402.6133,3491739.8847000003
-10656142.041,3482618.6028999984
-10652529.7095,3482714.4870999977
-10652414.0509,3482866.647500001
-10663270.4042,3486203.9452000037
-10663096.3094,3486499.744900003
-10663212.0029,3486277.200000003
-10652380.0517,3492751.703599997
-10652217.4643,3492727.8232999966
-10618688.8211,3477116.0781000033
-10619097.1583,3454196.3188000023
-10619384.7903,3454072.7305999994
-10624479.2054,3476020.5396
-10624445.1683,3476061.9245000035
-10624484.5762,3476102.532200001
-10642676.3345,3463175.922799997
-10631598.9379,3518074.119400002
-10665394.2153,3484149.4191000015
-10666036.1841,3484191.5820999965
-10666085.508,3484080.9557000026
-10665980.2445,3484140.417199999
-10666008.7199,3484486.6675999984
-10665948.6717,3484487.282300003
-10635942.4407,3512876.3323
-10625987.7406,3500875.4503000006
-10625811.8965,3500983.916500002
-10596117.3671,3495821.6272
-10574736.5108,3473756.8159999996
-10574849.9116,3473481.5097000003
-10574974.0293,3473726.8065000027
-10574991.5068,3473726.549999997
-10574779.6629,3473583.174900003
-10611557.5967,3455859.670400001
-10611446.6456,3455819.7492000014
-10611748.6068,3455914.565200001
-10596757.5341,3498614.342
-10596678.0578,3498738.6426
-10596500.1749,3498787.593000002
-10596600.1975,3498700.1674999967
-10596326.2012,3498297.502700001
-10596241.5118,3498308.6405000016
-10621354.5176,3483011.3734000027
-10590527.913,3477642.7682000026
-10590478.127,3477547.4403000027
-10656373.1711,3495921.830600001
-10656316.7362,3496056.465099998
-10656312.8898,3496030.221900001
-10656268.1363,3496033.1428000033
-10657320.0677,3494953.8211999983
-10657133.9422,3494740.0672999993
-10653239.8233,3482333.717500001
-10653062.8942,3482314.885499999
-10648334.4515,3508840.3906000033
-10648333.3356,3508797.973200001
-10621996.5984,3477732.829099998
-10656982.3526,3494901.266599998
-10657048.7133,3494666.746299997
-10594500.5952,3496898.5151000023
-10654793.8615,3491972.928199999
-10654722.3508,3491976.9956
-10654583.5072,3491766.9624999985
-10646349.5885,3507868.0727000013
-10646476.658,3507722.4948000014
-10646377.0175,3507938.804700002
-10647479.6758,3508630.822300002
-10597189.875,3486625.2820999995
-10597284.6634,3486819.6023999974
-10597420.0168,3486769.5647
-10620883.2858,3482677.516599998
-10643177.9951,3514605.644699998
-10643329.4023,3514458.5283999965
-10643390.1076,3514460.0890000015
-10616328.4554,3477810.0581
-10616361.7506,3477809.604199998
-10567184.1083,3479107.604800001
-10567050.2547,3479133.651100002
-10588505.1614,3454274.469899997
-10588541.5338,3454082.798299998
-10649539.0688,3486169.5986
-10647991.5712,3508822.8385000005
-10647581.8865,3509061.4558999985
-10623235.3749,3485262.6608000025
-10623235.1863,3485234.4236999974
-10623234.9502,3485199.1273000017
-10616130.2278,3469491.021300003
-10618931.5192,3454543.389799997
-10621752.711,3455260.7321000025
-10621891.5975,3455072.397500001
-10621848.5089,3454933.6357999966
-10621828.6832,3454971.148199998
-10621821.108,3455016.5854
-10621873.3117,3454952.8686999977
-10621938.8875,3454955.690899998
-10597200.0602,3486265.7334999964
-10597237.1495,3486315.105300002
-10597513.1703,3485697.3149999976
-10663002.267,3485866.847000003
-10663184.0667,3485987.166199997
-10662619.5155,3479817.856899999
-10663031.1025,3479671.1868999973
-10655034.3723,3491682.6081999987
-10655082.8099,3491772.7195999995
-10655134.3423,3491815.792000003
-10655066.5266,3491853.2201000005
-10600777.5359,3501417.1655
-10621310.901,3483556.0073999986
-10614224.1845,3455136.9219999984
-10614404.3197,3455073.2524000034
-10614491.7389,3455064.2355000004
-10614240.5981,3470928.917199999
-10614205.3377,3470867.1128999963
-10662869.963,3479939.972900003
-10581929.1261,3488860.7519000024
-10593007.0904,3500677.2690000013
-10621608.4955,3482511.7641000003
-10621576.0145,3482493.724799998
-10610461.2835,3507211.5856000036
-10661537.103,3486258.982000001
-10661632.9248,3486320.5508999974
-10662049.0348,3486302.9239000008
-10666858.9333,3485196.6032000035
-10666511.1531,3485132.229699999
-10647806.9741,3508301.0977
-10647990.7472,3508377.136699997
-10647573.7403,3508367.8187000006
-10598149.9992,3497149.0371999964
-10597914.3119,3497047.959899999
-10597979.7487,3496888.4038999975
-10661596.4649,3514465.0944000036
-10661774.1934,3514311.9356999993
-10661784.9512,3514359.855899997
-10661695.0093,3514516.657200001
-10661761.6699,3514546.4996000007
-10659276.3757,3494232.358599998
-10659215.0738,3494336.958899997
-10659364.5112,3494460.4311000034
-10659168.5773,3494337.1291000023
-10664742.7965,3481520.6362999976
-10664957.2903,3481464.010499999
-10664675.6239,3481493.315899998
-10574473.5154,3481030.2102999985
-10648914.6431,3487583.8187000006
-10664151.9768,3487329.2304999977
-10664073.9695,3487444.3191
-10664151.0435,3487439.9135999978
-10664265.4009,3487383.853500001
-10663964.3572,3486992.2224999964
-10663963.3244,3486877.4966999963
-10663963.1179,3486854.5516000018
-10663886.6469,3486934.5681999996
-10663944.0259,3487267.5693000033
-10595086.2243,3496770.467100002
-10595683.1066,3496319.7051
-10595778.8168,3496385.598700002
-10595807.2722,3496430.266900003
-10657143.6172,3483514.6819999963
-10657181.102,3483353.8769999966
-10657061.2068,3483319.0081999972
-10657218.6833,3483163.586099997
-10657274.7368,3483180.6083000004
-10657162.1548,3483222.1127000004
-10656959.3077,3483250.958300002
-10657038.209,3483063.0200000033
-10590728.9614,3477001.2937999964
-10590631.7319,3476967.336000003
-10590691.0306,3476868.1525000036
-10590606.3276,3476890.8839000016
-10590929.369,3476810.5760999992
-10590434.186,3476988.8461000025
-10590402.4325,3477026.7912999988
-10590747.9512,3477153.8819999993
-10590602.2184,3477100.423600003
-10590672.2402,3477388.704099998
-10590573.3534,3477351.6964000016
-10590702.4334,3477291.246600002
-10590455.3912,3479666.8910000026
-10590517.8724,3479608.8681999967
-10591351.5354,3488086.1301999986
-10647661.7645,3505237.6401000023
-10656233.8157,3482232.646399997
-10657444.834,3485954.2062000036
-10657360.2017,3485793.741700001
-10657267.1903,3486028.8584999964
-10657195.8597,3485631.862999998
-10622782.9549,3453660.3511999995
-10588837.1805,3454282.2968999967
-10588942.7589,3454278.840400003
-10641220.5824,3468262.3712000027
-10674779.8376,3514568.851999998
-10613678.2014,3471639.1121999994
-10603384.2829,3448729.391900003
-10603153.1707,3448900.3588000014
-10603194.0951,3448732.208999999
-10603226.5895,3448665.7314999998
-10588957.8051,3453964.0473999977
-10622208.6744,3480468.4575999975
-10597207.9086,3485864.604699999
-10632084.3876,3503130.2271
-10632033.8949,3502897.309799999
-10609569.1182,3453974.5841000006
-10624152.5209,3476576.2563000023
-10624268.4933,3476568.8926
-10639264.522,3517301.879900001
-10639267.5667,3517082.711599998
-10639275.0428,3517008.4459000006
-10639369.6911,3517342.9217000008
-10639471.2837,3517417.3957
-10590966.6217,3501428.1966999993
-10651413.1512,3496305.3225999996
-10600499.2263,3496123.298100002
-10626076.0639,3490914.1352000013
-10625938.5458,3490917.0621000007
-10625988.1108,3490877.668200001
-10626204.3445,3490875.723899998
-10626004.1022,3490819.889899999
-10655291.4211,3497012.3803000003
-10638574.5208,3519375.1287999973
-10624997.4861,3477537.0002000034
-10622624.0421,3461081.5075000003
-10617052.2,3484415.397399999
-10617029.8275,3484339.6840000004
-10615366.6312,3460018.1248999983
-10632444.3905,3478839.452299997
-10632505.9006,3478863.9865000024
-10619996.8354,3481000.1159000024
-10603352.0157,3448378.7172000036
-10603397.8055,3448330.1925000027
-10612327.0051,3455252.3676000014
-10612388.521,3455053.9728000015
-10657104.9075,3486111.3329000026
-10657591.6254,3486143.179200001
-10657574.0571,3486143.3849000037
-10657486.2155,3486144.4126999974
-10657210.9828,3486098.4941999987
-10657748.6047,3485776.755400002
-10657660.8631,3485700.522500001
-10657438.8303,3485762.3105999976
-10657695.9112,3485844.819600001
-10657657.6921,3485879.858900003
-10638152.4101,3498704.586000003
-10638204.8013,3498621.507799998
-10638301.6739,3498789.357900001
-10614359.588,3461385.1405000016
-10618914.794,3473493.7633000016
-10621457.3906,3474451.502899997
-10596781.158,3498813.340400003
-10620271.6947,3500898.817599997
-10597647.758,3497154.715999998
-10598509.3684,3497543.647500001
-10598637.5589,3497272.604000002
-10641542.7214,3503713.9914000034
-10641476.5326,3503746.7168999985
-10641471.2195,3503517.5248000026
-10664211.3244,3507559.2114999965
-10663944.6962,3507845.3709999993
-10664073.9533,3507687.1642000005
-10663969.5375,3507791.945600003
-10664096.4347,3507427.0108999982
-10664154.1748,3507296.2641000003
-10664232.7864,3507340.9613000005
-10655235.7036,3503037.520499997
-10630122.5739,3492495.6243999973
-10630111.8402,3492409.025899999
-10594133.9936,3483638.1542000026
-10663572.8494,3482557.157200001
-10663674.9624,3482512.675300002
-10663473.0211,3482722.8674999997
-10663514.7558,3482673.5569999963
-10638958.1022,3520484.1164000034
-10628796.691,3499845.8922000006
-10635153.5808,3481549.8496999964
-10635233.9944,3481363.990699999
-10635260.9023,3481335.604800001
-10635344.1165,3481342.3796999976
-10635211.4261,3481529.9694000036
-10635177.5225,3481485.1784999967
-10635291.5402,3481398.7092999965
-10654702.1246,3491323.5759999976
-10654908.4237,3491349.2192
-10658268.8371,3494922.336599998
-10624020.0104,3462123.014399998
-10621598.1732,3469838.3500000015
-10616645.4223,3462815.8827000037
-10663627.0199,3480694.189000003
-10663744.4189,3480625.7810999975
-10620102.3664,3480937.822800003
-10590343.3875,3477687.1363999993
-10590229.0931,3477505.525600001
-10590276.5175,3477498.5212000012
-10590287.508,3477509.9778999984
-10590178.4158,3477536.286200002
-10597811.3555,3496694.4155
-10597867.3167,3496277.683799997
-10597600.4782,3496574.137500003
-10598656.5405,3496942.3342999965
-10598762.086,3497104.3246000037
-10618110.8593,3475895.347000003
-10596940.8615,3497869.740500003
-10597372.4915,3497798.756099999
-10597316.9473,3497752.8761000037
-10597067.1461,3497813.896300003
-10597053.5539,3497870.2338000014
-10597028.3687,3497775.039099999
-10662025.9505,3485770.7545000017
-10661846.1873,3485759.784500003
-10629925.4612,3509133.185800001
-10630075.9942,3508990.384300001
-10630026.2796,3508910.4849999994
-10658992.7595,3493833.6194999963
-10659238.0125,3494670.229199998
-10659228.3674,3494541.5286
-10659502.295,3494856.8747000024
-10659522.2238,3494752.8567999974
-10659360.6472,3494778.3181999996
-10637121.5619,3481832.1172999963
-10615393.717,3461079.6371000037
-10652353.0417,3484724.0429999977
-10652287.9169,3484599.2224999964
-10652264.5889,3484507.6404
-10652250.5422,3484507.7185999975
-10652207.768,3484507.090400003
-10652320.6196,3484479.0922000036
-10652413.6664,3484432.6887999997
-10652533.0819,3484580.2518000007
-10652484.806,3484700.539499998
-10652540.9959,3484700.228699997
-10622023.8628,3477844.7617999986
-10655396.1587,3491774.6396000013
-10655336.086,3491756.531000003
-10655307.2819,3491437.6243999973
-10655310.4309,3491649.925499998
-10639472.9056,3476998.8856000006
-10639416.0575,3476999.226499997
-10651658.5047,3496409.7908999994
-10651768.8349,3496492.844899997
-10651656.5299,3496475.3391000032
-10651475.1307,3496475.1647000015
-10611592.7552,3456871.4442000017
-10611578.7387,3456871.3005999997
-10611445.2255,3456805.1886000037
-10611520.6364,3456807.6925000027
-10624409.0746,3480236.9848000035
-10597386.8738,3496525.3281999975
-10597231.5173,3496597.0552999973
-10597105.7977,3496297.4668999985
-10597177.3101,3496635.320600003
-10597047.7039,3496564.4103000015
-10597091.0977,3496335.6625000015
-10597021.6844,3496439.552000001
-10617259.6547,3478625.031300001
-10633784.295,3476577.597099997
-10633731.6502,3476559.8549000025
-10633710.2441,3476560.169200003
-10632209.9827,3478216.284900002
-10645811.0607,3504616.0015999973
-10645600.8792,3504791.0864999965
-10659382.1761,3495183.8244000003
-10659430.4297,3495127.6401000023
-10659382.4197,3495038.4070999995
-10659217.8578,3495098.0819000006
-10659183.7172,3495042.8783000037
-10652520.6216,3496613.2245000005
-10652605.1657,3496610.2392000034
-10652727.5336,3496615.255900003
-10652597.6425,3496727.4597000033
-10652844.064,3496744.249499999
-10652871.31,3496822.971199997
-10652906.2488,3496476.767999999
-10652712.4307,3496536.574000001
-10662620.6199,3506094.1921999976
-10662635.4647,3506163.168700002
-10662543.9948,3506233.7446999997
-10619937.7056,3481979.5513999984
-10627318.9624,3500465.101800002
-10626922.5781,3500129.403499998
-10575041.131,3473399.774899997
-10574791.9833,3473192.888700001
-10630509.4095,3479401.446800001
-10624983.1272,3457327.2400999963
-10603895.5192,3498431.407399997
-10603807.8379,3498479.0143000036
-10603765.0616,3498376.4949999973
-10603748.9816,3498012.8937000036
-10603812.6749,3498269.214599997
-10659307.5059,3495539.2743000016
-10614018.6161,3460198.7542999983
-10607938.8556,3455424.1119000018
-10570188.0183,3466691.458499998
-10570264.2979,3466506.1582999974
-10570298.6345,3466513.3236000016
-10570279.1125,3466677.0495000035
-10593909.636,3500639.1292999983
-10593856.897,3500639.5590000004
-10593931.5339,3500569.3103
-10593671.4845,3500429.7493999973
-10593503.8383,3500592.914999999
-10593501.6573,3500549.7629999965
-10615824.867,3461191.762599997
-10610854.6794,3475021.2722999975
-10647569.4667,3501265.9826999977
-10666437.1156,3478608.289099999
-10666392.9578,3478508.154600002
-10666502.1031,3478605.8637999967
-10646347.8952,3464421.502899997
-10646268.2642,3464190.1587999985
-10646296.5347,3464251.150200002
-10662779.0328,3506158.834399998
-10663915.0784,3483719.9717999995
-10663663.7516,3483323.418300003
-10653882.5037,3495578.604699999
-10653698.4757,3495741.1357000023
-10647703.9743,3505290.9624999985
-10658129.0476,3487633.974100001
-10658273.6881,3487659.314199999
-10616347.9386,3511087.6292999983
-10616306.2469,3511112.1054999977
-10625857.1111,3491109.153300002
-10625809.0369,3491099.3966000006
-10662673.7903,3479529.776299998
-10662676.0616,3479490.8181999996
-10658402.384,3493591.025600001
-10611494.7904,3475130.146399997
-10598052.8693,3454660.675999999
-10597894.6625,3454659.652400002
-10597774.028,3454628.1674000025
-10597941.8082,3454655.0974999964
-10597723.7634,3454669.0577000007
-10658979.1844,3495059.211000003
-10658800.353,3493449.608000003
-10658648.7562,3493277.164300002
-10659066.6343,3493214.7581999972
-10659100.7763,3493394.7114999965
-10658928.4241,3493354.7124999985
-10610981.1394,3456908.466600001
-10610908.3341,3456765.212399997
-10610907.6356,3456728.765900001
-10611008.603,3456790.972599998
-10610780.1128,3456676.9954999983
-10595708.8015,3496664.3521
-10595722.981,3496661.536600001
-10658160.709,3493829.6788000017
-10657675.0147,3494220.7404000014
-10595985.201,3497944.035599999
-10596914.829,3498395.4540000036
-10597023.775,3498718.5623999983
-10597235.2193,3498661.909400001
-10657674.5687,3494350.9905999973
-10656719.8865,3494859.7422999963
-10656835.9025,3494779.4824
-10656874.9982,3494832.4860000014
-10656498.9585,3495043.0429999977
-10656712.0999,3495014.5891999975
-10656589.0091,3494998.1602
-10656559.4943,3494997.8035999984
-10596843.6143,3496720.4376000017
-10598190.5931,3497594.9444999993
-10597931.9629,3497596.7564999983
-10598284.2553,3495984.5649999976
-10598408.5766,3496126.5759000033
-10597744.4298,3497598.0666000023
-10597612.6588,3497548.1389999986
-10656017.1225,3511380.780699998
-10655818.0477,3510561.736100003
-10656054.0581,3510679.259999998
-10655908.5029,3510741.9169000015
-10655909.7975,3510670.7032999992
-10655802.3486,3510645.149099998
-10655606.8692,3511097.1362999976
-10657829.1043,3485319.391999997
-10657831.5772,3485336.9362000003
-10657919.8896,3485328.1186999977
-10658007.0004,3485103.923299998
-10658295.3441,3485001.6054999977
-10658080.8785,3484992.2294000015
-10658153.028,3485030.402400002
-10658674.3567,3485069.3047999963
-10658399.6168,3485187.238499999
-10658597.1245,3485147.8665999994
-10658679.3688,3485442.524899997
-10658563.419,3485517.2146999985
-10658303.5384,3485519.3643999994
-10658230.3541,3485453.0785000026
-10658391.622,3485381.0527999997
-10658080.33,3485185.8219000027
-10654788.3378,3512855.848099999
-10655403.1252,3512926.125
-10655571.6256,3512735.7881999984
-10655758.5503,3513404.413999997
-10655806.529,3513349.6821999997
-10655804.6498,3513169.0808999985
-10655150.7777,3513046.357000001
-10655216.0201,3513126.890900001
-10640765.5308,3513032.1767000034
-10640740.8321,3512952.878399998
-10640866.1039,3513218.8319000006
-10640533.7805,3513405.3922000006
-10640660.8399,3513596.668399997
-10640706.3848,3513623.5007999986
-10641054.4136,3513399.0517000034
-10640892.7537,3513314.899700001
-10603910.1361,3497964.0603
-10646512.8773,3505977.599399999
-10635722.6392,3512144.541100003
-10662796.8632,3479422.723700002
-10663030.2291,3479545.994400002
-10621374.3104,3482106.2478
-10664114.8138,3480390.9333000034
-10664024.7318,3480364.9020000026
-10664108.7961,3480256.246600002
-10663961.8104,3480384.1050999984
-10621553.1115,3480875.307599999
-10624805.5406,3483002.2206000015
-10624906.6663,3483001.9640000015
-10624944.5882,3483001.8664000034
-10620284.8551,3482155.8853999972
-10620278.7301,3482197.7525999993
-10636966.4242,3481652.5429000035
-10599024.3472,3459132.3017999977
-10589114.7636,3511321.461000003
-10619696.5408,3457666.538900003
-10619581.8491,3457604.7529999986
-10619728.2038,3457662.9604
-10619613.5221,3457502.490000002
-10619660.4729,3457501.662100002
-10619786.6038,3457449.4243
-10632370.119,3478669.1521999985
-10611410.5952,3470158.9465000033
-10611483.5935,3470135.0835999995
-10643716.2437,3512632.1893000007
-10643522.3581,3512775.9963999987
-10643773.1694,3512693.8549000025
-10643890.6722,3512917.2849999964
-10656857.2932,3483540.509999998
-10656920.1214,3483347.387000002
-10657087.1486,3483597.7995000035
-10589160.5724,3459132.454599999
-10588916.2278,3459115.3156000003
-10634959.5397,3481570.3112000003
-10634898.0309,3481571.3068000004
-10634857.7308,3481571.9856999964
-10634807.3533,3481572.8342000023
-10634945.7384,3481442.3948
-10634971.4021,3481422.0628999993
-10635002.9405,3481531.5711999983
-10634827.1871,3481479.9683
-10590899.1781,3487813.1626999974
-10619198.5717,3485629.3288000003
-10619176.808,3485609.9778999984
-10618499.9,3471815.0317
-10618827.0213,3481857.088299997
-10632863.4945,3469059.8618
-10634503.6677,3508080.380400002
-10634393.8669,3507807.382600002
-10634629.9493,3507800.499499999
-10634548.9877,3507968.2075000033
-10607813.5099,3486999.9272999987
-10607842.1488,3486785.3982999995
-10608347.969,3454938.3863999993
-10608474.7323,3454940.8312000036
-10608405.9276,3455003.8994000033
-10608372.6413,3455097.8830000013
-10608532.8522,3455130.654799998
-10629090.1417,3453472.6620000005
-10643188.8316,3519896.8034999967
-10596905.9841,3485465.755900003
-10596763.6476,3485496.5001000017
-10631576.6157,3503043.903499998
-10631601.1174,3502777.4871999994
-10617306.8617,3455533.5339
-10617161.9658,3455733.8337000012
-10617143.5143,3455610.434299998
-10617102.2329,3455640.6630999967
-10617042.0174,3455733.351400003
-10617039.1409,3455337.5562999994
-10617253.2249,3455504.1185000017
-10617163.2511,3455498.5468000025
-10617220.8127,3455458.2694000006
-10616341.046,3469432.3896000013
-10616326.5413,3469414.7032999992
-10629058.9446,3480725.9692
-10620280.8458,3474702.9952000007
-10598192.5747,3496331.423299998
-10597850.5115,3495985.501699999
-10597984.437,3496133.5129000023
-10632076.3265,3519311.172200002
-10571892.3162,3480291.070600003
-10571930.332,3480819.8586999997
-10661536.6775,3485841.7404000014
-10581417.794,3460130.7004000023
-10581393.8456,3459815.6897
-10581280.7451,3460001.1981000006
-10581136.7905,3459922.5133000016
-10597044.9617,3497164.6472000033
-10595425.2067,3514364.2304999977
-10575217.1913,3473527.3787999973
-10656393.3624,3482805.8784999996
-10656193.9169,3482706.5626000017
-10661303.0832,3482995.893799998
-10661267.3805,3483005.2459999993
-10661139.8137,3482839.221699998
-10662624.0196,3505983.5587000027
-10662704.6587,3506023.780500002
-10576997.1282,3455364.1472999975
-10597253.4533,3497598.2622999996
-10597194.0008,3497603.941200003
-10597184.302,3497580.2026999965
-10597441.4104,3497597.0424999967
-10597303.3947,3497391.9771
-10597203.0765,3497434.8236000016
-10597398.1451,3497462.5490000024
-10597314.7205,3497558.3286999986
-10597229.765,3497526.070100002
-10574414.903,3481732.2952999994
-10573886.0169,3481800.247299999
-10573919.852,3481850.3440999985
-10573919.0601,3481991.9415000007
-10573924.9411,3482035.7043000013
-10658435.1089,3493460.8254999965
-10658391.533,3493331.444799997
-10609210.1157,3453970.716799997
-10652199.0687,3480652.2520999983
-10652136.508,3480639.6986000016
-10626566.9523,3492698.9827999994
-10661155.7103,3483382.253700003
-10661137.0618,3483382.0226000026
-10661142.874,3483243.443099998
-10661305.4268,3483060.250699997
-10661302.3575,3483159.4727
-10661305.9695,3483424.723099999
-10661248.321,3483259.548799999
-10620660.7453,3482066.0623999983
-10631872.5773,3502650.4899000004
-10631743.2441,3502817.3398
-10653029.2901,3482099.3702000007
-10664071.0389,3486733.150200002
-10593885.5797,3500202.626000002
-10593846.7284,3500139.085000001
-10593845.9423,3500091.3017000034
-10666131.2192,3483865.028499998
-10666317.6277,3484077.1052
-10666257.192,3484073.4811000004
-10666257.3127,3484089.3630999997
-10666133.6788,3484189.281300001
-10663678.3398,3482704.7396000028
-10663721.0529,3482704.5480000004
-10663804.078,3482787.5176
-10618089.3888,3510652.458999999
-10617997.9294,3510612.0129999965
-10618022.0763,3510744.4104999974
-10617798.1781,3510934.733599998
-10617518.0358,3510414.2668000013
-10617431.3406,3510509.219800003
-10617384.1702,3510354.6366000026
-10655425.9307,3511288.420000002
-10655437.3586,3511303.343000002
-10655482.4023,3511409.8720000014
-10655272.1505,3511346.465499997
-10620995.9994,3470683.144299999
-10611354.1259,3475064.9958999977
-10574798.9101,3480559.355800003
-10628816.2073,3478062.4356999993
-10663999.8145,3509049.304200001
-10624857.9914,3477295.656199999
-10657847.4434,3493605.1728999987
-10657863.1315,3493723.8818000033
-10631353.0096,3503140.0371999964
-10588530.9775,3458972.4728000015
-10577913.8412,3449610.6256000027
-10652445.7023,3484181.9179000035
-10652165.7226,3484276.5933
-10652484.6365,3484014.0863000005
-10652209.1096,3483796.9177
-10652166.668,3483855.4174000025
-10652286.1718,3484053.001000002
-10664066.9276,3508073.966300003
-10663815.1454,3508010.2283999994
-10665636.382,3483637.9199
-10665671.4148,3483440.137599997
-10581385.5823,3489022.6081999987
-10581545.306,3488881.425800003
-10581485.5887,3489028.9456999972
-10581483.1514,3488845.7584000006
-10654728.256,3512494.2025000006
-10654628.7279,3512445.8298999965
-10654685.6636,3512225.104000002
-10647381.5493,3501112.8583000004
-10647305.8099,3501270.045500003
-10566901.8892,3478712.0505999997
-10567065.8579,3478822.7541999966
-10567022.8223,3478990.8084999993
-10662639.8091,3486098.3883000016
-10597481.5664,3498078.2731000036
-10597478.5502,3498133.5588999987
-10603342.0329,3447487.8202000037
-10617282.8043,3486302.478600003
-10657233.5484,3494315.5287000015
-10664048.0628,3486553.6912999973
-10611916.1863,3506542.075000003
-10611979.7306,3506428.0429999977
-10615688.7393,3460105.0551000014
-10620259.2823,3480725.7190999985
-10664144.371,3481198.1631999984
-10663924.1893,3481343.9702999964
-10658502.0142,3494150.285400003
-10658616.7143,3494110.7503999993
-10661312.3027,3513387.8994999975
-10661748.4423,3513335.670599997
-10661629.2375,3513378.9777999967
-10623718.2968,3502683.203900002
-10614306.5433,3475470.502899997
-10578569.5468,3457827.1982999966
-10578503.0073,3457878.5705000013
-10623070.7115,3484485.1536
-10623018.6488,3484485.119099997
-10618573.1347,3480430.9888999984
-10617757.5792,3510295.8989000022
-10617979.002,3510466.206600003
-10617878.0414,3510533.3288000003
-10617801.2547,3510518.233599998
-10617223.6853,3510197.901900001
-10661105.1187,3483052.279799998
-10661226.1333,3482952.778099999
-10660988.2985,3482840.3828999996
-10664967.3351,3481559.1662999988
-10664946.2063,3481627.389399998
-10623326.8664,3461389.1855000034
-10623424.918,3461398.512699999
-10623408.4985,3461422.4438999966
-10643607.8604,3505699.3663000017
-10643608.0887,3505725.525600001
-10663254.6577,3480645.4914999977
-10658304.8408,3487414.9135000035
-10657898.3154,3486694.8171000034
-10658192.9409,3487022.5622999966
-10658220.5671,3486919.9878999963
-10666201.8025,3485213.3889999986
-10666296.9827,3485353.2946000025
-10666328.5885,3485352.9618000016
-10617519.9839,3478895.166199997
-10610877.3334,3474487.124300003
-10620769.3597,3474523.900700003
-10581542.6798,3459759.2206000015
-10581590.2604,3459776.894100003
-10581330.0437,3459560.1127000004
-10581210.5669,3459347.0139999986
-10581233.9415,3459235.835000001
-10581321.5101,3459171.030000001
-10623904.3623,3502659.5182000026
-10623887.8368,3502781.659900002
-10631209.4387,3503430.598099999
-10662967.2359,3505687.915100001
-10663128.4618,3505721.3840999976
-10663099.37,3505705.3510999978
-10663712.2781,3480144.3957
-10629008.1071,3479158.008100003
-10658048.7134,3494412.893799998
-10657960.228,3494568.0207
-10656656.2201,3482917.5415999964
-10655861.4312,3511992.963600002
-10655576.7732,3511593.1657000035
-10657563.7575,3493617.545500003
-10657656.5918,3493450.8017000034
-10657816.954,3493526.367899999
-10657736.0253,3493523.7559999973
-10572709.2416,3476105.2630999982
-10660994.8803,3483310.9077999964
-10661037.9678,3483297.213200003
-10660739.4145,3482963.865699999
-10660789.6841,3482835.0820999965
-10660682.293,3482745.536600001
-10574099.2915,3482137.532200001
-10575157.8531,3473431.8501999974
-10575285.1241,3473295.8614000008
-10661019.5288,3482603.0776999965
-10660676.2094,3482499.242899999
-10660662.3978,3482563.8202000037
-10660692.9555,3482393.3620999977
-10660824.6912,3482427.2986999974
-10660619.8045,3482318.3778000027
-10661167.2151,3482475.531300001
-10661184.9688,3482475.6252000034
-10623044.6505,3477949.5090999976
-10668360.5442,3488951.0066
-10668202.9062,3488925.4162999988
-10668338.6766,3489157.7563000023
-10641890.5151,3514656.9164000005
-10641792.2505,3514536.776299998
-10619178.0867,3500129.3081
-10617320.7969,3509697.9746999964
-10617438.5283,3509947.708499998
-10617523.1879,3509836.6143999994
-10617422.7871,3509666.2151999995
-10617409.3138,3509640.6723000035
-10616997.7372,3509519.4343999997
-10617095.6955,3509594.382600002
-10617034.982,3509724.150899999
-10649104.0312,3476588.3257
-10662944.5461,3487675.299999997
-10598150.0015,3497790.0163000003
-10598076.0921,3497777.386
-10597929.6754,3497675.539099999
-10595486.8885,3514891.477499999
-10595594.8659,3515029.4871999994
-10661703.3196,3496162.4465000033
-10661587.954,3496307.184600003
-10661743.4259,3496297.5658000037
-10586801.8678,3507458.527599998
-10587101.4748,3507202.770300001
-10587027.8669,3507579.579499997
-10586976.8472,3507411.7343999967
-10622883.3706,3475971.5480000004
-10622838.719,3475966.235200003
-10622793.6532,3475956.3367
-10622790.3635,3476014.2353999987
-10652273.2693,3496712.435999997
-10652188.4005,3496803.6212000027
-10652088.7551,3496717.9931999967
-10664795.3612,3480890.848899998
-10664432.4222,3480854.7880000025
-10664432.2715,3480659.064000003
-10664431.8363,3480595.5527999997
-10664634.8501,3480524.139399998
-10664495.6373,3480684.2060000002
-10664652.9288,3480583.2606000006
-10664898.4308,3480581.5546000004
-10665057.1151,3480580.891599998
-10645710.7576,3505080.0212000012
-10645899.3325,3504327.5957999974
-10647780.2578,3486862.2392999977
-10647780.763,3486902.1269000024
-10647724.8729,3487070.410099998
-10594036.3771,3483943.9463
-10594037.0118,3483738.2907999977
-10594130.3054,3483870.1313000023
-10594100.9228,3483830.5266999975
-10613568.4233,3470145.4866999984
-10622136.4589,3484776.4121999964
-10663601.9664,3508186.0788000003
-10665949.9389,3485267.9338999987
-10582670.306,3493106.4219999984
-10582642.2016,3493236.207699999
-10589263.638,3459577.640299998
-10589318.4495,3459526.688199997
-10589283.7704,3459449.5820000023
-10589155.2828,3459466.4180999994
-10589175.7054,3459406.3139000013
-10589108.3147,3459442.141900003
-10646369.4635,3506474.033200003
-10624968.8932,3488649.5593999997
-10597580.05,3498435.8764000013
-10621359.9275,3474432.8691999987
-10621361.1893,3474442.9821000025
-10616032.491,3454045.2654
-10615995.4687,3454065.7567000017
-10623849.6224,3476365.6608999968
-10624580.4672,3484438.3224000037
-10619276.7539,3481128.8038000017
-10622484.6393,3480878.1983999982
-10617633.3005,3455122.8517000005
-10617490.0179,3454975.347000003
-10617460.8831,3454974.7629000023
-10617446.8105,3454974.797600001
-10617320.7356,3454974.6096
-10617366.4926,3455154.3779999986
-10617471.9803,3455025.0544999987
-10661710.1454,3513453.9992000014
-10662655.0267,3488018.7145000026
-10662739.4367,3487967.0715999976
-10662975.0888,3488307.787900001
-10663093.7282,3488395.777099997
-10663315.2683,3488146.6603000015
-10657397.6216,3484657.5077000037
-10657457.2498,3484546.297200002
-10657573.6414,3484655.663999997
-10657599.8354,3484610.899099998
-10655424.6799,3511888.1709999964
-10615452.6174,3469336.9683
-10622267.2684,3484847.2797000036
-10657927.0352,3493366.6746999994
-10614365.3351,3463414.0596999973
-10638920.0203,3519268.5046999976
-10659620.5883,3493331.1740999967
-10659430.6628,3493323.430399999
-10611384.1468,3468621.2690000013
-10618012.0488,3478709.6176000014
-10657337.7811,3492604.729699999
-10652493.8965,3497065.5078999996
-10652725.0702,3496896.020300001
-10611478.5607,3473963.309100002
-10611487.4932,3473963.2082
-10611478.316,3473941.4450000003
-10611469.0257,3473897.816200003
-10662018.1163,3496282.8574
-10661928.2203,3496489.074000001
-10625048.0559,3499346.8708000034
-10624687.749,3499148.9372999966
-10624765.156,3499123.3830000013
-10612659.1622,3473790.3128999993
-10613110.6283,3455121.407700002
-10661576.3817,3499607.6928000003
-10661629.2342,3499807.871100001
-10661617.5136,3499652.7903999984
-10614855.7371,3511979.2126
-10614851.7786,3512207.8068000004
-10614815.5446,3512294.036799997
-10614716.9612,3512384.763700001
-10614544.0893,3512115.2704000026
-10614702.7303,3512020.530000001
-10614769.6015,3512254.306900002
-10662102.3856,3511970.2707
-10661939.3247,3511927.099399999
-10611589.094,3481615.3258000016
-10574926.9146,3483072.8527999967
-10574925.8765,3482726.527999997
-10574887.2939,3482725.5744000003
-10575198.0343,3482594.609700002
-10668735.5493,3505375.8346000016
-10665802.6868,3482935.519299999
-10621691.9486,3452683.2656000033
-10621644.7734,3452681.561499998
-10678657.7961,3515098.349100001
-10678356.4088,3515204.4922999963
-10678516.895,3514986.8715000004
-10663368.5141,3496509.9789000005
-10652724.2673,3498045.537900001
-10652974.5341,3498080.7304999977
-10652786.9708,3498106.8994000033
-10614187.0141,3464178.633299999
-10622743.3952,3488148.3238999993
-10581600.2718,3486325.563500002
-10581530.038,3486326.6422000006
-10581473.851,3486327.504900001
-10659451.4296,3513385.193599999
-10659543.3315,3513547.0678000003
-10575133.4376,3482869.637500003
-10575214.9032,3482917.494099997
-10648060.6743,3505564.1044000015
-10647964.7148,3505564.2479000017
-10648040.7722,3505624.6576000005
-10615902.1203,3469951.7956999987
-10622922.8782,3487360.3668000028
-10664130.9403,3496666.226999998
-10666361.3739,3483918.842500001
-10666425.2147,3483908.4157999977
-10658440.2845,3489085.2600999996
-10625597.1787,3510280.231399998
-10623273.2979,3484852.4772000015
-10615456.3663,3463060.9782000035
-10658361.9433,3491132.6357000023
-10663762.0733,3496041.467
-10663683.6589,3496448.889799997
-10668669.7846,3487267.307099998
-10668168.864,3486586.4004999995
-10668276.458,3486701.5669
-10613868.9933,3475196.605899997
-10663204.0106,3495791.0802000016
-10606747.9418,3486776.6965000033
-10606810.8333,3486791.630900003
-10606922.2704,3486592.856399998
-10579308.6362,3448734.6000000015
-10665174.5626,3488465.3850999996
-10664822.0505,3488504.4971999973
-10588947.156,3497329.546599999
-10602904.8093,3457747.2048999965
-10658523.5614,3512612.9400999993
-10658816.3638,3512604.342299998
-10614543.8289,3511474.5847000033
-10614593.7885,3511449.492700003
-10614605.0921,3511383.970899999
-10614384.2497,3511312.4836999997
-10614271.4368,3511345.601599999
-10614159.0401,3511383.266400002
-10613861.8668,3511234.047600001
-10622199.7492,3484412.2661999986
-10624022.8467,3498322.9629999995
-10668477.6165,3488222.603500001
-10575977.772,3484329.332800001
-10672262.2498,3506219.1933000013
-10672320.4568,3506045.6635000035
-10672009.0817,3505759.8357999995
-10624610.8141,3488661.0591999963
-10674587.3039,3515292.528999999
-10674519.8021,3515239.132299997
-10674442.7443,3515301.3307000026
-10674499.5493,3514998.4789000005
-10674357.2746,3514974.5670000017
-10668774.5405,3505780.0341000035
-10591360.9267,3487674.8325000033
-10625136.5406,3505440.5418
-10625229.9396,3505496.4386000037
-10625145.6545,3505320.8721999973
-10660938.1221,3513607.544500001
-10660934.0945,3513477.422700003
-10661261.9189,3514160.7322999984
-10661096.421,3514133.2167000026
-10661152.7434,3513500.6092000008
-10616864.7452,3509321.7551999986
-10616719.6155,3509394.6960999966
-10623771.56,3484188.6608000025
-10574689.8859,3480997.6959000006
-10574800.7177,3481030.1965000033
-10663196.4396,3488453.5533000007
-10641498.5999,3509096.212200001
-10641549.6189,3508976.1711999997
-10641497.6025,3508974.021399997
-10641396.8883,3509107.2084000036
-10631462.7175,3498622.0605999976
-10663801.5106,3508823.7907000035
-10663854.472,3508904.273199998
-10666361.9159,3484438.0405
-10666422.5109,3484497.2079000026
-10652467.419,3483558.201899998
-10596415.4264,3482006.7348999977
-10596564.1251,3481920.911700003
-10596562.4667,3481705.8132999986
-10596460.0601,3481660.6105000004
-10596371.4168,3481908.5571999997
-10613516.0043,3476570.7687000036
-10613551.1739,3476597.8835000023
-10595053.7603,3514488.322300002
-10595298.9908,3514410.1032999977
-10595251.1624,3514320.7586999983
-10663792.9441,3506015.8574
-10663683.0802,3506187.9912
-10657723.5294,3484212.804899998
-10657727.8557,3484262.0332999974
-10657736.0427,3484314.3844000027
-10657747.5671,3484463.5222999975
-10597778.4309,3498723.445299998
-10597729.1512,3498628.2569999993
-10664210.5224,3482409.6555999964
-10663861.8012,3482392.569799997
-10664003.0488,3482425.0669
-10666251.4548,3485051.4509000033
-10665987.5524,3485177.531000003
-10665946.8797,3484829.358000003
-10666007.2453,3484774.7189000025
-10581650.0567,3459586.3103
-10581584.7844,3459517.786399998
-10581533.7267,3459414.3293000013
-10625923.0415,3484140.701200001
-10609351.4113,3454175.2550000027
-10615691.6584,3510628.403800003
-10615687.6563,3510567.713799998
-10615338.1174,3510635.7080999985
-10615334.1398,3510178.5094000027
-10615134.3754,3510202.0371999964
-10615103.554,3510179.8761000037
-10615364.3653,3510012.177000001
-10655152.0478,3511396.7883
-10608796.7797,3455237.6664000005
-10588798.4265,3458993.217600003
-10588853.7437,3458946.652900003
-10588910.88,3458976.7370000035
-10628368.4455,3499986.110200003
-10628486.0575,3499872.362400003
-10628445.7831,3499958.0205999985
-10628510.5027,3499918.137699999
-10620124.3189,3481873.566200003
-10624815.6932,3452115.4102
-10624917.579,3452141.1674999967
-10624680.0924,3452430.869099997
-10624576.4479,3452214.3105000034
-10621894.2213,3480649.1894999966
-10629076.1373,3478623.3002000004
-10668506.0726,3488828.0090999976
-10615397.8016,3470270.775399998
-10661911.9477,3496191.400600001
-10663249.3852,3488657.6961999983
-10663310.5843,3488702.793200001
-10663049.7785,3488705.2421000004
-10591132.9531,3487950.1625000015
-10618426.7527,3513026.5402000025
-10617041.9226,3455016.2690000013
-10617103.3953,3455078.798100002
-10634919.1903,3481950.3521
-10634878.9312,3481951.0085999966
-10634930.1059,3481925.1149000004
-10615405.6509,3468961.7594000027
-10614522.6414,3510402.864699997
-10614379.4317,3510504.1587999985
-10666134.9757,3484360.0988000035
-10666196.6081,3484507.8664999977
-10655818.2092,3512118.396300003
-10628381.907,3480096.8496999964
-10628382.5039,3480121.1877999976
-10612906.2701,3454164.0681999996
-10612906.2031,3454238.016599998
-10623016.1427,3483673.878700003
-10623051.011,3483624.398199998
-10647600.5871,3505070.5007999986
-10611276.2754,3473706.1586000025
-10614006.2317,3469095.3716999963
-10616938.7705,3510257.5737000033
-10611406.4314,3473696.2533000037
-10644164.4992,3513246.5609000027
-10644468.561,3513346.4158999994
-10644556.0239,3513284.3181999996
-10644555.6438,3513256.0231000036
-10640364.4259,3520866.934100002
-10640344.2666,3521072.175800003
-10656053.4538,3512216.046400003
-10617798.5993,3507194.2271
-10617784.5084,3507304.0666000023
-10616071.4315,3511993.498800002
-10616176.0014,3511870.411600001
-10616082.9477,3511899.4021999985
-10639080.4231,3476850.4483999982
-10639091.2446,3476850.4202999994
-10639188.6282,3476873.865699999
-10620158.5208,3482730.1108999997
-10611375.2674,3473658.7118000016
-10639342.5303,3478102.460900001
-10639368.2806,3478117.7167000026
-10577366.5763,3458478.2765000015
-10663855.2607,3509008.925800003
-10663753.1375,3508997.1110000014
-10663815.8251,3509266.5024999976
-10613287.4849,3473518.3429000005
-10596627.8689,3497072.230800003
-10596482.2816,3497164.920900002
-10596659.9996,3496903.8915000036
-10663415.7527,3488345.2643000036
-10663523.9672,3488390.6362000033
-10631012.0255,3503628.3918000013
-10630923.0878,3503535.554200001
-10652847.9466,3492704.2449999973
-10652784.264,3492585.2370000035
-10610214.1863,3481377.251500003
-10658444.2624,3501232.339599997
-10658488.305,3500888.8084999993
-10658570.5357,3500751.996799998
-10658446.0178,3500472.2831000015
-10658564.2142,3500422.3845999986
-10658563.3668,3500332.9844999984
-10621342.2361,3505260.5819000006
-10621444.6824,3505174.6810000017
-10621198.6103,3505307.771899998
-10621228.946,3505355.412299998
-10621604.0191,3505289.1384000033
-10621466.7012,3505215.784500003
-10621429.4441,3505379.895199999
-10595339.2764,3514780.3187000006
-10662831.683,3479255.9910999984
-10662656.9586,3479126.394299999
-10662603.8306,3479188.152999997
-10662642.4426,3479187.847400002
-10662745.4002,3479245.422200002
-10662164.4398,3479590.203400001
-10630752.72,3503707.0244000033
-10630856.5277,3503671.2207999974
-10594575.0851,3483781.6498000026
-10594519.5315,3483742.306400001
-10594431.368,3483786.0522999987
-10594363.8766,3483939.762500003
-10594362.4401,3483883.689000003
-10623278.667,3484304.9896000028
-10595967.4317,3515838.3665999994
-10595906.7907,3515677.7503999993
-10630964.2334,3479664.087700002
-10657887.1645,3484642.8246000037
-10617155.3534,3454905.6581000015
-10617357.9116,3454540.3856000006
-10656099.1846,3488263.344800003
-10656067.5283,3488324.5864999965
-10656139.8107,3488362.6296000034
-10573957.6407,3482246.542000003
-10623816.46,3484008.170599997
-10623815.9785,3483958.767099999
-10662800.3208,3505575.276100002
-10662516.7823,3505407.304200001
-10616778.131,3464663.526100002
-10616745.7529,3464652.4946999997
-10622112.4335,3477799.522500001
-10621865.4053,3478530.920400001
-10603391.4299,3447388.522399999
-10603375.0666,3447463.0261999965
-10663477.1791,3488167.211199999
-10663843.1746,3487612.8523999974
-10663979.2372,3488722.110799998
-10663767.1866,3488405.8043000028
-10664103.0364,3488651.1772999987
-10640947.7591,3466065.8751000017
-10640905.1684,3466094.0825000033
-10640927.2579,3466093.6985
-10657872.4249,3489626.5791999996
-10657608.1588,3489624.050800003
-10658467.3669,3484724.8249000013
-10657941.131,3484390.2541999966
-10648073.2906,3505139.2082
-10653119.1101,3515275.201200001
-10653378.6835,3515189.5746000037
-10653183.3445,3515221.3682999983
-10657723.2663,3490556.415100001
-10657654.4118,3490599.1730000004
-10635680.4128,3514126.119599998
-10635379.4226,3514120.1664000005
-10635394.7459,3514062.1894999966
-10635543.3029,3513929.0583000034
-10635521.6916,3513844.8537999988
-10635597.6782,3513851.357900001
-10635750.6169,3514022.4293000028
-10635750.1764,3514127.8154999986
-10620313.4229,3483615.672799997
-10615448.3879,3469181.0143000036
-10631955.585,3478707.6105000004
-10610336.0503,3457126.418300003
-10623279.1752,3480407.855300002
-10622060.3687,3484218.042300001
-10616789.1924,3482270.3011000007
-10624374.7978,3488697.2607999966
-10611194.4023,3473700.4360999987
-10614524.8461,3476838.7629000023
-10624729.8798,3484625.398699999
-10624729.7571,3484554.8078999966
-10611824.7826,3475095.267099999
-10616792.0675,3462866.682099998
-10611344.6871,3470354.7314999998
-10615492.3863,3468715.099799998
-10664596.4006,3508520.2019999996
-10664368.4599,3508537.884300001
-10644047.6829,3512950.417000003
-10644106.1253,3512811.8764000013
-10643776.0897,3512554.764200002
-10643832.9083,3512489.7492000014
-10626213.0391,3492100.6689999998
-10626424.2217,3492144.6467999965
-10626377.7163,3492251.089400001
-10626425.6153,3492383.628200002
-10590948.444,3487585.1930000037
-10590818.5696,3487478.0195999965
-10648053.9853,3486999.4319999963
-10648029.7681,3487006.759499997
-10658088.2506,3484477.3835999966
-10658270.6303,3484112.2874
-10658168.4957,3484381.3932000026
-10658220.3205,3484313.652400002
-10658135.8515,3484255.600100003
-10658327.9063,3484388.526900001
-10658495.2157,3484519.5933
-10658622.9859,3484543.358400002
-10658347.4411,3484129.4294999987
-10658417.7621,3484192.694600001
-10658461.6329,3484260.809299998
-10665998.1732,3483194.391400002
-10666518.2923,3483299.9648
-10666204.0861,3483312.2919000015
-10666490.4024,3483244.5605000034
-10666375.9139,3483281.3051000014
-10665796.8658,3483434.8237999976
-10657151.378,3491383.9624999985
-10657178.4525,3491360.3315000013
-10657168.9431,3491447.820299998
-10657914.8491,3490315.3478000015
-10657652.3178,3490207.7184000015
-10657749.0703,3490255.3642999977
-10657736.9243,3490245.1926999986
-10657595.3426,3490320.032200001
-10575002.6481,3480593.7524999976
-10575000.2382,3480929.791500002
-10575005.5676,3481018.5122999996
-10621693.0878,3484351.641999997
-10600469.5673,3501703.1790999994
-10600186.2288,3501794.843000002
-10618261.4826,3471561.1908000037
-10624094.703,3457951.8669999987
-10624114.1482,3457846.5534000024
-10652007.0773,3496615.095899999
-10661904.6796,3496866.0383
-10595322.0944,3496924.3210000023
-10595333.6406,3496635.9240999967
-10575059.3511,3481112.1908000037
-10606738.2479,3486170.8113999963
-10606849.3441,3486197.259800002
-10621540.4667,3480740.8264999986
-10645710.6076,3516575.0786999986
-10645868.3996,3516680.8543
-10623461.7392,3488363.2492000014
-10614171.6887,3510855.803000003
-10614336.5922,3510832.1779000014
-10614492.4981,3510739.402999997
-10614387.1143,3510643.5354999974
-10631000.1006,3502669.762500003
-10663790.1357,3488487.9909000024
-10663936.2713,3488525.1092000008
-10657068.36,3493441.680200003
-10657034.5794,3493072.2594000027
-10656484.192,3493262.6762000024
-10656551.8878,3493144.0185000002
-10656993.6975,3493828.188000001
-10657014.9081,3493577.117899999
-10661814.6631,3485122.4406000003
-10664457.7237,3510035.0493
-10664367.1363,3509997.8619000018
-10664605.305,3510123.7097000033
-10664464.6932,3510123.7324
-10664586.9119,3509994.1347000003
-10664440.3618,3508342.3077000007
-10638997.7686,3519499.2870000005
-10638736.813,3519458.7804000005
-10607101.0099,3485317.494900003
-10607149.0031,3485438.7672000006
-10607088.3362,3485397.0537
-10607074.8986,3485542.5823
-10656828.4899,3493865.117200002
-10656791.5904,3493534.1706999987
-10656696.6415,3493493.5692000017
-10659392.2165,3493822.1899999976
-10595756.4866,3515667.837399997
-10631183.6917,3477754.856700003
-10658922.2091,3491696.4261000007
-10658868.9805,3491536.4201000035
-10614550.0707,3469055.413400002
-10624281.224,3475811.909000002
-10616289.2629,3470323.845200002
-10616340.3783,3470334.2202999964
-10615871.5192,3475827.584899999
-10663083.8747,3507577.5891000032
-10663277.9036,3507338.154100001
-10663631.7952,3507419.1565999985
-10663367.6759,3507382.4316999987
-10663258.0959,3507568.2929000035
-10620533.3383,3481705.2858999968
-10668778.0709,3488897.634999998
-10668776.8094,3488836.4952000007
-10574549.1167,3481478.7185999975
-10602467.5424,3448174.644100003
-10602419.7761,3448125.2509000003
-10602320.5804,3448174.442900002
-10602638.7682,3448087.233099997
-10602532.0268,3448079.1164000034
-10657772.6576,3492968.320799999
-10664094.6916,3482722.704999998
-10663995.68,3482723.7449999973
-10664072.6743,3482784.7048000023
-10622105.0786,3478634.076399997
-10661941.4278,3485065.4750000015
-10657328.1974,3493139.8087000027
-10607765.4985,3455279.7981999964
-10612993.881,3456431.4067
-10612313.6638,3456477.5022
-10617140.0932,3484454.7026999965
-10617210.7364,3484418.308799997
-10664898.7056,3481715.1216999963
-10664864.7473,3481816.4328000024
-10664970.8811,3481801.4508000016
-10587829.8716,3507295.2503999993
-10588294.0691,3507373.1850000024
-10614069.9699,3470856.828900002
-10614464.0201,3470558.3378000036
-10603646.7346,3449047.9563999996
-10617770.2746,3484176.236299999
-10612371.9363,3480468.0222999975
-10662064.0629,3497088.076399997
-10625046.8217,3466570.6797999963
-10663900.4072,3485837.8663000017
-10664075.2268,3485780.3115999997
-10664073.0463,3485673.5210999995
-10663036.3669,3503195.5178000033
-10657293.6131,3483615.5151999965
-10657297.1701,3483564.6611
-10657317.0326,3483517.4557000026
-10614301.0952,3474966.7025000006
-10663421.5792,3507735.1204999983
-10663377.141,3508075.8857999966
-10603375.5912,3449103.079499997
-10663356.5605,3503193.8104000017
-10658183.5558,3490871.5742999986
-10658117.3756,3490855.5842000023
-10658209.4822,3490698.7885000035
-10657962.6935,3490899.989699997
-10658161.9506,3490414.420500003
-10657655.2805,3491954.638899997
-10657664.8616,3491599.324500002
-10620905.2936,3476729.8188999966
-10616749.3565,3465005.6286000013
-10656113.5224,3512365.0571999997
-10655971.6474,3512465.8801999986
-10655594.7908,3512557.545500003
-10655398.9213,3512537.726999998
-10658645.6869,3491609.158
-10664132.2698,3487835.9333999977
-10664137.1892,3487820.6834999993
-10664467.0614,3487977.8938999996
-10664537.3143,3487978.0178999975
-10664610.6586,3488194.6460999995
-10664579.19,3488071.1155999973
-10612245.6752,3506230.7654
-10612214.9232,3506455.0995000005
-10614919.9643,3475228.6915000007
-10614029.8045,3469403.6433999985
-10610429.0042,3483000.480899997
-10630986.6989,3502798.158
-10630974.5292,3502687.0006000027
-10635291.3898,3481870.1802999973
-10635257.4144,3481916.528099999
-10611472.1995,3506569.104000002
-10611434.2502,3506690.6532000005
-10626462.6487,3485148.917000003
-10632413.7984,3468986.8691999987
-10632235.6607,3469034.0749000013
-10632396.0064,3469048.986299999
-10632356.9508,3469061.0375000015
-10632356.3704,3469031.4299999997
-10632332.4643,3469101.0143000036
-10632272.8663,3469137.8202000037
-10632517.9834,3469179.338200003
-10618464.9494,3479054.0207
-10611243.1541,3483940.2079000026
-10642004.8338,3514214.2277999967
-10618068.8514,3513056.831699997
-10618085.52,3513249.3411
-10655232.3622,3512366.4125000015
-10655148.7282,3512376.0227999985
-10658759.4146,3491319.2092000023
-10658665.0516,3491381.9970000014
-10658603.1993,3491635.6960000023
-10657976.0095,3500100.517099999
-10654571.5847,3512999.365199998
-10654375.566,3513001.389799997
-10586681.4788,3442872.3178000003
-10621740.2531,3487446.1481000036
-10612672.4292,3475576.8988000005
-10614531.2161,3477176.224100001
-10609937.1398,3493904.7057000026
-10609979.5587,3493898.6915000007
-10653322.9826,3481816.7981999964
-10661473.166,3480581.0825999975
-10615396.8031,3511510.8021000028
-10615226.5804,3511884.7400999963
-10615167.7059,3511792.1023999974
-10615317.1905,3511780.0244000033
-10615354.61,3511758.4201999977
-10615434.8393,3511686.494599998
-10615393.1484,3511654.6723000035
-10615129.9595,3512021.1411999986
-10615066.9341,3512341.0623999983
-10574220.6699,3482964.0659999996
-10657816.7199,3501093.4926000014
-10657937.0685,3500874.9887999967
-10598205.6796,3497969.2654
-10598306.117,3497778.7233999968
-10621340.3509,3475263.8510999978
-10639389.1555,3516006.6137000024
-10612944.6678,3475006.0979999974
-10614457.9915,3463521.5332999974
-10617463.2394,3453854.1665999964
-10617343.9783,3453978.4384000003
-10624828.5278,3497071.0073999986
-10615134.5082,3469346.0154
-10661104.7853,3512685.2580000013
-10660938.7859,3512527.7474000007
-10661021.1579,3511869.064199999
-10657717.1738,3493050.659599997
-10660646.5096,3512285.905000001
-10660495.9861,3512057.139700003
-10574448.0138,3482851.6625000015
-10574670.8984,3482873.7053999975
-10574706.5854,3483053.7189000025
-10574702.8826,3483035.5956000015
-10574591.073,3483055.852499999
-10574299.261,3482661.1247999966
-10574177.4236,3482437.070600003
-10574271.3723,3482375.4865000024
-10574302.9929,3482488.832199998
-10659327.204,3496149.148400001
-10659273.0261,3496123.977499999
-10659341.7322,3496037.1658999994
-10659381.4926,3496047.2346
-10659288.9375,3495919.4883999974
-10659326.8285,3495930.8500000015
-10659424.3782,3496168.6708000004
-10660809.8167,3511976.7236
-10660694.8073,3511934.215599999
-10618926.998,3474153.844800003
-10631721.1552,3498326.354000002
-10614603.315,3477741.3977999985
-10661869.079,3485530.7074000016
-10603465.2605,3457687.605700001
-10618410.8115,3472101.329999998
-10662398.8871,3497074.6542000026
-10662363.1889,3497201.7897000015
-10657437.5159,3490038.162100002
-10657392.3189,3490283.764899999
-10656985.2711,3490401.376199998
-10657053.0408,3490219.483400002
-10656546.3867,3489367.2961999997
-10656708.5367,3489391.195600003
-10615442.9732,3511975.181400001
-10615382.3368,3511933.2876999974
-10615417.8473,3512145.4623000026
-10615244.9644,3512141.522500001
-10615305.7743,3512078.466799997
-10615932.9634,3511954.456600003
-10615719.9304,3512087.9360999987
-10615560.823,3511943.005400002
-10615629.3855,3511888.1887999997
-10615499.7221,3511994.342299998
-10615575.6314,3511855.256099999
-10662687.0522,3496100.866700001
-10586913.2996,3491971.777900003
-10586240.2559,3491932.626500003
-10575230.7406,3481998.222099997
-10575305.2988,3481846.2016000003
-10575174.1701,3481869.957699999
-10655947.9989,3485211.7475999966
-10624915.5971,3452681.929899998
-10624691.1313,3452740.3162999973
-10657430.5079,3500217.6815000027
-10596149.7058,3496174.3957
-10596344.5984,3495996.8720000014
-10596609.8198,3496157.8543
-10596525.1677,3496099.423600003
-10596297.0889,3496112.0107000023
-10668869.0144,3488522.242399998
-10668801.9818,3488529.1445999965
-10586249.4204,3442639.4155
-10586137.2199,3442663.2748000026
-10586401.7785,3442658.607900001
-10586257.271,3442704.6380999982
-10586020.7784,3442575.3127999976
-10586020.3018,3442462.151799999
-10663254.1405,3502936.5199000016
-10662997.3698,3503039.4909000024
-10617512.5917,3484048.739
-10616875.2811,3463492.141099997
-10622611.1518,3487936.4937999994
-10652677.7632,3498502.951399997
-10652790.1898,3498507.7383999974
-10652767.86,3498876.4287
-10652636.5118,3498808.4777999967
-10652817.9937,3498814.6482999995
-10583055.8112,3495898.648500003
-10658363.1278,3492580.2273999974
-10658870.0116,3492537.9277999997
-10658768.5662,3492577.659699999
-10595091.6742,3496233.121100001
-10669219.0846,3483670.8806999996
-10669409.4256,3483669.3087000027
-10669286.533,3483569.599100001
-10669248.3211,3483446.838200003
-10615385.8859,3512202.8389
-10615317.5093,3512227.5420999974
-10615537.8154,3512243.712099999
-10615043.3459,3512570.7084000036
-10615032.2887,3512499.873800002
-10656701.0319,3511666.2304999977
-10656455.5173,3511668.271300003
-10657445.1708,3493934.957999997
-10662725.135,3505314.6921000034
-10628884.6918,3480469.7195999995
-10609871.7383,3475300.7586999983
-10616785.9961,3464987.3606999964
-10658886.6986,3488149.0722000003
-10658840.0402,3488263.2145000026
-10658680.4195,3488341.7364000008
-10658506.7361,3488190.111100003
-10663593.6735,3502766.748999998
-10663668.2474,3502827.385300003
-10663850.3074,3505668.9233999997
-10663848.1284,3505637.664999999
-10663403.7217,3505396.5560000017
-10663326.217,3505441.9214999974
-10624343.0586,3487035.2629000023
-10616269.578,3469599.586000003
-10577254.7211,3449727.0429000035
-10577488.1109,3449815.659900002
-10595811.8336,3515895.601599999
-10619564.7969,3479449.7431999967
-10662504.0092,3497360.5823
-10662415.6386,3497603.8398
-10662412.8344,3497493.580600001
-10616690.6508,3483520.7507999986
-10615653.2479,3469366.045900002
-10612672.9014,3475626.275200002
-10658594.4626,3488733.0667999983
-10658576.5205,3488729.461199999
-10658582.5866,3488421.899899997
-10658509.9869,3488617.4262000024
-10668331.1992,3488500.046099998
-10596409.4691,3496291.911600001
-10596148.4178,3496603.159900002
-10596209.655,3496718.5847999975
-10596170.4433,3496784.532300003
-10596152.1411,3496703.871100001
-10596295.6228,3496717.3813000023
-10596243.1635,3496648.9239000008
-10596298.564,3496823.1916999966
-10596463.586,3496742.8433
-10669413.6807,3483287.3773000017
-10657370.3205,3493782.534199998
-10586872.9365,3491930.9574000016
-10586873.9383,3491808.0044
-10586915.6873,3491711.9927999973
-10586649.4394,3491806.6028999984
-10638170.9201,3519093.0912000015
-10638063.8375,3519058.089599997
-10638028.6305,3519058.5533000007
-10637891.3815,3518654.387199998
-10657264.0275,3489055.9833000004
-10657359.1873,3488748.044200003
-10657117.4786,3488899.150899999
-10657451.1995,3488853.845200002
-10596764.8922,3496387.7441999987
-10613707.1753,3458724.4332000017
-10678503.055,3514604.248300001
-10678190.0411,3514715.8166000023
-10678586.312,3514721.8281999975
-10678452.1409,3514711.4494000003
-10678322.1166,3514822.8131000027
-10663014.1607,3508137.6071000025
-10663106.6467,3508106.0671000034
-10658226.1113,3489707.5735
-10658245.6045,3489690.2858999968
-10658354.611,3489754.1982999966
-10658354.8822,3489779.6194999963
-10658178.4844,3489920.6234000027
-10574735.7469,3482050.9827999994
-10574737.2656,3482077.6191999987
-10574620.1187,3482091.900600001
-10574911.5864,3482051.1476000026
-10574931.0117,3481771.461599998
-10574543.8785,3482179.836099997
-10574451.3842,3482492.042800002
-10575219.1726,3481339.666500002
-10575224.6303,3481368.0769999996
-10575092.4557,3481543.878200002
-10575003.2916,3481529.6806000024
-10575045.4905,3481477.0485000014
-10657378.6846,3489097.414999999
-10657467.6704,3488981.3871000037
-10657467.5528,3488966.824699998
-10656653.4104,3489829.1212000027
-10656549.3764,3489686.4301000014
-10656548.9606,3489698.6503000036
-10617864.7151,3457879.3879999965
-10621876.1878,3454062.735299997
-10617439.7569,3456195.901799999
-10617308.7249,3456292.5873000026
-10669233.4652,3484285.033399999
-10669216.3785,3484186.2424999997
-10669251.1152,3484212.941200003
-10669267.1748,3484091.6186000034
-10669717.0215,3484260.5776999965
-10669102.1006,3483009.9519999996
-10669111.9001,3482712.2942999974
-10669419.8032,3484138.1849000007
-10669521.3993,3483765.4186000004
-10669413.5452,3483935.3649000004
-10669241.0777,3484326.9321999997
-10635682.3977,3481747.585000001
-10616785.7437,3456133.858400002
-10616846.695,3456069.4575999975
-10616901.9766,3456035.6811000034
-10651067.0721,3476555.5190000013
-10651029.9674,3476548.5966000035
-10640171.1158,3521453.722000003
-10640182.244,3521231.4133
-10635694.1416,3522757.6908000037
-10664779.9973,3488153.1194999963
-10658179.2875,3490941.643799998
-10612744.6329,3465455.6863999963
-10603636.9533,3454516.288999997
-10614334.9348,3465109.7014999986
-10663018.0424,3496583.5195000023
-10663027.9114,3496052.875
-10668754.392,3488381.2568999976
-10668684.3686,3488273.929899998
-10621322.5605,3474660.8266000003
-10595606.5724,3496924.403099999
-10668970.2013,3485278.6401000023
-10669523.8164,3485296.4460000023
-10659003.2004,3492260.569600001
-10668093.9319,3488643.5815000013
-10668155.4011,3488490.2978999987
-10631744.9749,3498743.8831999972
-10661652.8093,3500447.5683000013
-10661715.2697,3500419.708999999
-10661489.8519,3500311.331299998
-10661813.8044,3500316.5283999965
-10661409.6661,3499876.288400002
-10661417.8231,3499899.909900002
-10661487.0925,3500062.4799999967
-10661742.4087,3499886.280699998
-10612713.0475,3475136.6021
-10656071.8609,3512858.841799997
-10655888.866,3512956.3373000026
-10655934.0858,3512751.9223999977
-10655956.3811,3512795.2836000025
-10654985.2248,3512528.343000002
-10617608.7508,3474424.817599997
-10669087.8649,3483487.712200001
-10669078.757,3483196.2478
-10580197.0574,3486757.2581999972
-10586527.4402,3524090.8342999965
-10586692.9517,3523762.6181999967
-10662754.7601,3495949.0669
-10607273.9542,3485452.1185000017
-10654214.3155,3514131.5693000033
-10653966.5045,3514226.610299997
-10653144.0496,3515507.018100001
-10662862.5615,3496572.434299998
-10662803.8939,3496777.3927000016
-10600781.4424,3496140.402599998
-10664804.0795,3488709.657399997
-10665096.2593,3488781.970899999
-10665056.1717,3488787.8888000026
-10664892.5227,3488787.461599998
-10598077.6802,3498373.8729000017
-10598158.1432,3498347.4025000036
-10659680.9923,3491805.8637999967
-10586070.9595,3518197.9804000035
-10606464.9549,3486498.7399000004
-10656486.9214,3493617.4565000013
-10656486.6377,3493563.9482000023
-10656616.8364,3493782.7654
-10656582.0514,3493578.1264000013
-10583902.3155,3490181.6547000036
-10584083.6769,3490119.6444000006
-10584070.6403,3490245.204499997
-10583355.4251,3489642.4635000005
-10583417.9045,3489848.784199998
-10583434.208,3489840.958800003
-10583460.0223,3489765.6472999975
-10583634.6045,3489728.5834000036
-10615825.8198,3469730.4104999974
-10615548.0011,3469313.6093999967
-10631352.0266,3478010.516099997
-10657537.2061,3500799.0955
-10657435.4919,3500473.9487999976
-10664322.4184,3489226.3105000034
-10624704.6607,3498965.1086999997
-10625244.2038,3498967.8364999965
-10625159.4788,3498919.5481999964
-10624839.0544,3498911.590400003
-10586897.8948,3523133.2074000016
-10586876.9826,3523107.4099999964
-10616425.4875,3512741.594700001
-10606030.2651,3456383.1996000037
-10669919.6579,3504281.9350000024
-10620936.8621,3513579.471699998
-10642228.2231,3512787.7207999974
-10642211.2052,3512792.3822000027
-10614086.833,3481946.005400002
-10619117.7279,3471807.101800002
-10616630.1934,3464727.5930999964
-10589274.9689,3497110.1555999964
-10589660.7591,3497188.5935999975
-10589313.1841,3497359.718699999
-10589408.7172,3497304.0122999996
-10589356.922,3497285.090300001
-10589478.8915,3497076.3783000037
-10662177.4992,3485055.1262999997
-10669928.5939,3503942.6785999984
-10647465.6939,3467088.5775000006
-10618293.1142,3478672.726800002
-10615621.3756,3460364.628899999
-10665541.7332,3481044.6264000013
-10665774.4519,3481098.0396
-10665774.6298,3481118.1520000026
-10665676.0793,3481296.462200001
-10665692.0657,3481191.1921000034
-10658954.3188,3488919.390299998
-10658774.7791,3488875.5227999985
-10658820.5383,3488926.0015999973
-10658452.2079,3488947.895499997
-10670159.3618,3503490.031999998
-10670154.7747,3503687.0429999977
-10670017.3347,3503566.5331000015
-10670093.8922,3503803.579599999
-10573742.5547,3472368.409900002
-10573892.5576,3472317.1270999983
-10573826.8864,3472413.9816000015
-10612673.1911,3506378.2764
-10612698.9993,3506343.2514000013
-10657696.911,3491883.3087000027
-10657672.6006,3491842.2836000025
-10657616.9061,3491845.422600001
-10657608.497,3491752.8269999996
-10657668.3778,3491773.530199997
-10657211.1729,3491805.2224999964
-10619678.1478,3507161.096199997
-10619570.8521,3507229.147399999
-10619501.3587,3507157.3434000015
-10619482.0732,3506973.5591999963
-10614590.2649,3464488.415100001
-10657746.4362,3500088.743900001
-10646910.7407,3507972.775399998
-10647023.3478,3507956.2365999967
-10647048.9884,3507955.968199998
-10646822.2993,3508213.9179000035
-10646808.2273,3508214.021399997
-10647098.8304,3508235.9580999985
-10647098.0863,3508017.3649000004
-10646851.4171,3508001.530299999
-10646816.7714,3508016.4771
-10657357.1088,3491787.538400002
-10653740.5725,3512101.634499997
-10653773.6065,3512425.8818000033
-10610264.6286,3484757.2886999995
-10670597.7534,3503698.5031000003
-10664942.348,3489203.0643000007
-10615807.1407,3469386.2624000013
-10611853.4732,3505197.3034000024
-10644653.5698,3512916.4197999984
-10669736.7679,3485824.222599998
-10669754.5266,3486359.6828000024
-10660872.7997,3511544.8187000006
-10660871.7099,3511593.0733999982
-10660528.1302,3511526.2282000035
-10660442.2755,3507982.9965000004
-10660550.9771,3508024.7408000007
-10621874.7117,3482817.6338
-10615856.6316,3475197.2117
-10614818.3295,3479856.7841000035
-10618998.1564,3499982.197999999
-10587433.6257,3507570.1445999965
-10587405.4837,3507570.406800002
-10638641.0544,3518805.630599998
-10661162.0297,3482211.781800002
-10661138.9298,3482282.5577000007
-10660795.2318,3482276.3237000033
-10660982.8183,3482212.9466999993
-10569230.9679,3474179.9888999984
-10603201.4535,3449320.4974000007
-10603046.399,3449682.3178000003
-10660750.8865,3482377.4745000005
-10652609.6414,3485007.1766000018
-10641321.6855,3520623.6067999974
-10657870.4118,3487703.8312000036
-10661595.3493,3486060.4695999995
-10661635.0383,3485993.706299998
-10652189.7591,3496022.151900001
-10653204.1052,3482198.0709000006
-10633712.1753,3509900.1854000017
-10621534.8771,3478257.987800002
-10654379.7534,3491859.661899999
-10659002.0838,3494411.972000003
-10597962.399,3495646.3527999967
-10597798.7435,3495836.7233999968
-10663417.0193,3481153.7375999987
-10663417.695,3481136.1363999993
-10652967.3921,3496931.2016000003
-10652457.1015,3496953.3034999967
-10621137.1353,3509128.735799998
-10597047.4753,3486210.217100002
-10622171.8048,3455142.0243000016
-10658029.3753,3487332.087700002
-10617572.0755,3455522.533699997
-10664336.9269,3481738.1906000003
-10664735.7049,3481566.469700001
-10619073.6136,3481210.1560999975
-10574381.1423,3481215.1665999964
-10656694.6898,3492897.761699997
-10657309.0842,3492932.0380000025
-10662313.3009,3485906.796599999
-10661999.2666,3485956.545500003
-10620921.6674,3476865.982900001
-10625867.5685,3451538.9723000005
