{
"type": "FeatureCollection",
"name": "zipcodes_web",
"crs": { "type": "name", "properties": { "name": "urn:ogc:def:crs:EPSG::3857" } },
"features": [
{ "type": "Feature", "properties": { "ZIP": "77565", "POSTAL": "KEMAH", "STATE": "TX", "ZIP_TYPE": "STANDARD", "bbox_minx": -10582439.559927087, "bbox_miny": 3445520.8859416177, "bbox_maxx": -10577845.678339479, "bbox_maxy": 3447001.35440965, "label_x": -10578623.956867557, "label_y": 3445917.4442835366 }, "geometry": { "type": "MultiPolygon", "coordinates": [ [ [ [ -10578680.523385677486658, 3446229.426814912352711 ], [ -10578471.131426798179746, 3446009.835120016243309 ], [ -10578486.04824111610651, 3445585.122598079964519 ], [ -10578075.613207111135125, 3445824.92538911383599 ], [ -10577914.200073689222336, 3445825.053447057493031 ], [ -10577845.678339479491115, 3445755.858750376850367 ], [ -10578033.757132925093174, 3445786.792202192824334 ], [ -10578273.205303035676479, 3445682.629973427392542 ], [ -10578475.02766927704215, 3445520.885941617656499 ], [ -10578511.985642271116376, 3445521.397865884006023 ], [ -10578895.258735714480281, 3446109.649158564396203 ], [ -10579056.515474624931812, 3446161.337507788557559 ], [ -10578892.920988176018, 3446118.734851464163512 ], [ -10578680.523385677486658, 3446229.426814912352711 ] ] ], [ [ [ -10580713.996526218950748, 3446857.894192513544112 ], [ -10580199.871241439133883, 3446527.617482367902994 ], [ -10580333.283866878598928, 3446570.338845740072429 ], [ -10580828.358804492279887, 3446875.327142138499767 ], [ -10580713.996526218950748, 3446857.894192513544112 ] ] ], [ [ [ -10581655.314245143905282, 3447001.354409649968147 ], [ -10582437.297445835545659, 3446963.845933313015848 ], [ -10582439.559927087277174, 3446978.574747752863914 ], [ -10581655.314245143905282, 3447001.354409649968147 ] ] ] ] } },
{ "type": "Feature", "properties": { "ZIP": "77573", "POSTAL": "LEAGUE CITY", "STATE": "TX", "ZIP_TYPE": "STANDARD", "bbox_minx": -10593303.222130656, "bbox_miny": 3439066.7227468491, "bbox_maxx": -10582437.297445836, "bbox_maxy": 3446978.5747477529, "label_x": -10584879.595306601, "label_y": 3443815.9320343239 }, "geometry": { "type": "MultiPolygon", "coordinates": [ [ [ [ -10585873.321045560762286, 3444012.054869351442903 ], [ -10585747.803906029090285, 3443902.503838918171823 ], [ -10585899.592232020571828, 3443951.792364101391286 ], [ -10586050.764272199943662, 3443925.43569323932752 ], [ -10586002.832128012552857, 3443441.224157234188169 ], [ -10586129.689776318147779, 3443684.260531092062593 ], [ -10586138.261332983151078, 3443828.581197594758123 ], [ -10586088.72418113052845, 3443911.361575361341238 ], [ -10586001.227053863927722, 3443961.644125757738948 ], [ -10585873.321045560762286, 3444012.054869351442903 ] ] ], [ [ [ -10593014.455955021083355, 3439228.516645079478621 ], [ -10592816.110589884221554, 3439206.987423893995583 ], [ -10593303.222130656242371, 3439066.722813582979143 ], [ -10593296.68071878887713, 3439103.800129457842559 ], [ -10593014.455955021083355, 3439228.516645079478621 ] ] ], [ [ [ -10592289.776443786919117, 3439496.849130060523748 ], [ -10592203.524328360334039, 3439477.826847055461258 ], [ -10592291.891405642032623, 3439494.291074615903199 ], [ -10592689.079430162906647, 3439244.629326811525971 ], [ -10592766.877906251698732, 3439221.576194233261049 ], [ -10592481.023336073383689, 3439438.142352080438286 ], [ -10592289.776443786919117, 3439496.849130060523748 ] ] ], [ [ [ -10591637.945066567510366, 3439734.245451983064413 ], [ -10591778.282236859202385, 3439600.364178666844964 ], [ -10591746.314651155844331, 3439679.11028773477301 ], [ -10591637.945066567510366, 3439734.245451983064413 ] ] ], [ [ [ -10590256.192020723596215, 3440261.851733825169504 ], [ -10590168.131028173491359, 3440209.019462760537863 ], [ -10591037.988746773451567, 3440239.211915670428425 ], [ -10591240.25626733712852, 3440151.594536227174103 ], [ -10591353.482218902558088, 3440032.773693840019405 ], [ -10591237.139310659840703, 3440188.943747755140066 ], [ -10591050.345175525173545, 3440269.910028139594942 ], [ -10590457.45762593857944, 3440232.176872157957405 ], [ -10590256.192020723596215, 3440261.851733825169504 ] ] ], [ [ [ -10588359.085219891741872, 3440466.252494333777577 ], [ -10588432.069102248176932, 3440426.532345042563975 ], [ -10588269.717363299801946, 3440539.603759266901761 ], [ -10588359.085219891741872, 3440466.252494333777577 ] ] ], [ [ [ -10588933.827722229063511, 3440771.452272144611925 ], [ -10588834.628838008269668, 3440710.544668521266431 ], [ -10588945.071007501333952, 3440765.184672008734196 ], [ -10589469.163008147850633, 3440664.388560309074819 ], [ -10589630.910370796918869, 3440529.824523692484945 ], [ -10589670.094823725521564, 3440259.677374246530235 ], [ -10589694.37310466170311, 3440257.20838311361149 ], [ -10589676.217442784458399, 3440491.323038184083998 ], [ -10589572.579007299616933, 3440618.723523463122547 ], [ -10589277.025700069963932, 3440752.776884371880442 ], [ -10589037.577533895149827, 3440788.720699902623892 ], [ -10588933.827722229063511, 3440771.452272144611925 ] ] ], [ [ [ -10587183.100041409954429, 3440750.331527900416404 ], [ -10587243.148770080879331, 3440733.205428518354893 ], [ -10587206.817125160247087, 3440746.253162852488458 ], [ -10587183.100041409954429, 3440750.331527900416404 ] ] ], [ [ [ -10587770.205131761729717, 3440828.63014775281772 ], [ -10587689.498522613197565, 3440795.500219805631787 ], [ -10587666.433043790981174, 3440781.113610562402755 ], [ -10587760.631637461483479, 3440824.408965875394642 ], [ -10587947.648250672966242, 3440803.9427131107077 ], [ -10588160.458573259413242, 3440629.27969150012359 ], [ -10588013.883456524461508, 3440796.90728887822479 ], [ -10587870.281357638537884, 3440838.863372554071248 ], [ -10587770.205131761729717, 3440828.63014775281772 ] ] ], [ [ [ -10586944.882346382364631, 3440818.26900673052296 ], [ -10586969.346369203180075, 3440811.292351795826107 ], [ -10586939.993344284594059, 3440848.543790347874165 ], [ -10586944.882346382364631, 3440818.26900673052296 ] ] ], [ [ [ -10586912.822441065683961, 3441016.794418119825423 ], [ -10586918.27440531924367, 3440983.034296508412808 ], [ -10586961.730901226401329, 3441126.806897783186287 ], [ -10586912.822441065683961, 3441016.794418119825423 ] ] ], [ [ [ -10587080.246854884549975, 3441393.386557536199689 ], [ -10587009.875140428543091, 3441235.099306738935411 ], [ -10587153.717741407454014, 3441458.62617110973224 ], [ -10587171.528916228562593, 3441561.858898700214922 ], [ -10587110.19189178943634, 3441644.368924116715789 ], [ -10586969.37878406047821, 3441701.445185064803809 ], [ -10587080.246854884549975, 3441393.386557536199689 ] ] ], [ [ [ -10586748.292211636900902, 3442190.227467954624444 ], [ -10586600.010042689740658, 3442155.574210000690073 ], [ -10586738.273384839296341, 3442179.353577488102019 ], [ -10586862.41940300911665, 3441998.635180508717895 ], [ -10586862.172074327245355, 3442067.288940664380789 ], [ -10586802.170873107388616, 3442147.243650966789573 ], [ -10586748.292211636900902, 3442190.227467954624444 ] ] ], [ [ [ -10585911.837513752281666, 3442308.305975378956646 ], [ -10586129.133091524243355, 3442031.981123744975775 ], [ -10586160.621983606368303, 3442040.246693347580731 ], [ -10586084.382738402113318, 3442160.292351118288934 ], [ -10585911.837513752281666, 3442308.305975378956646 ] ] ], [ [ [ -10585965.224456494674087, 3443244.105042098555714 ], [ -10585791.860550178214908, 3442788.390339927282184 ], [ -10585934.324029754847288, 3443042.258160561788827 ], [ -10585965.224456494674087, 3443244.105042098555714 ] ] ], [ [ [ -10585532.906002175062895, 3443734.542336233425885 ], [ -10585497.618616016581655, 3443662.445932178758085 ], [ -10585561.670017374679446, 3443760.036058513913304 ], [ -10585532.906002175062895, 3443734.542336233425885 ] ] ], [ [ [ -10584939.016566749662161, 3443888.331350306048989 ], [ -10584604.504052763804793, 3443824.268898162990808 ], [ -10584724.503746906295419, 3443834.978470655158162 ], [ -10585012.201370317488909, 3443728.976119288709015 ], [ -10584939.016566749662161, 3443888.331350306048989 ] ] ], [ [ [ -10584159.649216802790761, 3443995.30583629058674 ], [ -10584303.604729982092977, 3443804.527745402418077 ], [ -10584374.912235593423247, 3443806.942506600636989 ], [ -10584159.649216802790761, 3443995.30583629058674 ] ] ], [ [ [ -10584121.708701305091381, 3444242.616405602078885 ], [ -10584151.134819649159908, 3444022.776772769633681 ], [ -10584183.602423278614879, 3444375.043704691808671 ], [ -10584347.019439933821559, 3444638.367395950481296 ], [ -10584254.067666061222553, 3444772.974094340577722 ], [ -10584209.051154570654035, 3444780.739198402501643 ], [ -10584278.446583682671189, 3444600.877402179408818 ], [ -10584121.708701305091381, 3444242.616405602078885 ] ] ], [ [ [ -10584025.29099153354764, 3445255.381296444218606 ], [ -10584160.186949687078595, 3444906.954759955406189 ], [ -10584143.527429016306996, 3445069.574477201327682 ], [ -10584025.29099153354764, 3445255.381296444218606 ] ] ], [ [ [ -10583048.464283781126142, 3446709.988378484267741 ], [ -10583104.632098328322172, 3446646.873193797655404 ], [ -10583086.43746504932642, 3446689.352964569814503 ], [ -10583048.464283781126142, 3446709.988378484267741 ] ] ], [ [ [ -10582570.360219085589051, 3446957.458815035875887 ], [ -10582679.904369357973337, 3446910.264603791758418 ], [ -10582573.032059319317341, 3446968.336688521318138 ], [ -10582437.297445835545659, 3446963.845933313015848 ], [ -10582570.360219085589051, 3446957.458815035875887 ] ] ] ] } },
{ "type": "Feature", "properties": { "ZIP": "77362", "POSTAL": "PINEHURST", "STATE": "TX", "ZIP_TYPE": "STANDARD", "bbox_minx": -10648660.853033578, "bbox_miny": 3517593.5299002733, "bbox_maxx": -10645650.470871249, "bbox_maxy": 3519878.9978145775, "label_x": -10645986.43004873, "label_y": 3519742.9514094563 }, "geometry": { "type": "MultiPolygon", "coordinates": [ [ [ [ -10647780.093620505183935, 3518317.438589531928301 ], [ -10647827.571361813694239, 3518334.71398945664987 ], [ -10647569.89261232316494, 3518610.541606775019318 ], [ -10647680.128717800602317, 3518404.433274722658098 ], [ -10647780.093620505183935, 3518317.438589531928301 ] ] ], [ [ [ -10648486.150036253035069, 3517669.089802763890475 ], [ -10648549.533841969445348, 3517659.721978925634176 ], [ -10648568.639693638309836, 3517722.064982925076038 ], [ -10648486.150036253035069, 3517669.089802763890475 ] ] ], [ [ [ -10648613.43123459815979, 3517750.829923072364181 ], [ -10648588.621867274865508, 3517734.897500862367451 ], [ -10648660.853033578023314, 3517721.043491162825376 ], [ -10648613.43123459815979, 3517750.829923072364181 ] ] ], [ [ [ -10648137.763065610080957, 3517622.146465432364494 ], [ -10648169.09735151566565, 3517593.529900273308158 ], [ -10648119.71101644821465, 3517743.645115203224123 ], [ -10648137.763065610080957, 3517622.146465432364494 ] ] ], [ [ [ -10648001.842041859403253, 3518030.978261190466583 ], [ -10648082.258554382249713, 3517857.484712957404554 ], [ -10648009.118379283696413, 3518079.797117695212364 ], [ -10648001.842041859403253, 3518030.978261190466583 ] ] ], [ [ [ -10647377.339598601683974, 3518775.711349775549024 ], [ -10647459.567187732085586, 3518723.209078643005341 ], [ -10647367.650368327274919, 3518796.335700653493404 ], [ -10647377.339598601683974, 3518775.711349775549024 ] ] ], [ [ [ -10647291.400996129959822, 3518847.137069726828486 ], [ -10647314.2926429156214, 3518838.785296643152833 ], [ -10647280.163074754178524, 3518865.937455514445901 ], [ -10647291.400996129959822, 3518847.137069726828486 ] ] ], [ [ [ -10647220.728307217359543, 3518902.625373751856387 ], [ -10647232.179036749526858, 3518872.876026407815516 ], [ -10647260.491018809378147, 3518881.587651440873742 ], [ -10647220.728307217359543, 3518902.625373751856387 ] ] ], [ [ [ -10646924.046736648306251, 3518993.464301310479641 ], [ -10646969.283199243247509, 3518998.086702798027545 ], [ -10646911.908632397651672, 3519019.868161241523921 ], [ -10646924.046736648306251, 3518993.464301310479641 ] ] ], [ [ [ -10646812.062429044395685, 3519057.772707609925419 ], [ -10646822.634589252993464, 3519043.656064589507878 ], [ -10646842.516536103561521, 3519046.211556747555733 ], [ -10646812.062429044395685, 3519057.772707609925419 ] ] ], [ [ [ -10646736.695951711386442, 3519083.938402754254639 ], [ -10646761.318116312846541, 3519077.036526607349515 ], [ -10646709.539976891130209, 3519122.176568145863712 ], [ -10646736.695951711386442, 3519083.938402754254639 ] ] ], [ [ [ -10646393.83196902833879, 3519419.843530484475195 ], [ -10646465.633057923987508, 3519415.725051184650511 ], [ -10646488.898816687986255, 3519298.993812205735594 ], [ -10646628.289164280518889, 3519229.268474923446774 ], [ -10646429.110351284965873, 3519491.788642810191959 ], [ -10646393.83196902833879, 3519419.843530484475195 ] ] ], [ [ [ -10646335.389240983873606, 3519553.564600838813931 ], [ -10646398.306349463760853, 3519532.388014537747949 ], [ -10646329.999387063086033, 3519577.135776863433421 ], [ -10646335.389240983873606, 3519553.564600838813931 ] ] ], [ [ [ -10646015.011721387505531, 3519702.731406476348639 ], [ -10646054.27346452139318, 3519727.079079723451287 ], [ -10645935.639527445659041, 3519786.19514072034508 ], [ -10645943.210615139454603, 3519746.490778131876141 ], [ -10646015.011721387505531, 3519702.731406476348639 ] ] ], [ [ [ -10645672.815614635124803, 3519863.869653198402375 ], [ -10645704.740657852962613, 3519861.337289646267891 ], [ -10645650.470871249213815, 3519878.99781457753852 ], [ -10645672.815614635124803, 3519863.869653198402375 ] ] ] ] } },
{ "type": "Feature", "properties": { "ZIP": "77010", "POSTAL": "HOUSTON", "STATE": "TX", "ZIP_TYPE": "STANDARD", "bbox_minx": -10615875.770856716, "bbox_miny": 3471419.2465194846, "bbox_maxx": -10614908.001456739, "bbox_maxy": 3472372.3638782627, "label_x": -10615322.224622134, "label_y": 3471896.5839646682 }, "geometry": { "type": "Polygon", "coordinates": [ [ [ -10615102.641081238165498, 3472028.043444614857435 ], [ -10614908.001456739380956, 3471904.72757613658905 ], [ -10615232.308987580239773, 3471419.246519484557211 ], [ -10615432.776487218216062, 3471554.527108444366604 ], [ -10615376.28038976714015, 3471642.510530934203416 ], [ -10615813.543327311053872, 3471953.83428944228217 ], [ -10615749.423266323283315, 3472048.335700865834951 ], [ -10615844.490097982808948, 3472118.090226085856557 ], [ -10615780.147485746070743, 3472212.464491532649845 ], [ -10615875.770856715738773, 3472279.398903874214739 ], [ -10615809.758404344320297, 3472372.363878262694925 ], [ -10615619.990854287520051, 3472241.680497904773802 ], [ -10615554.189349714666605, 3472334.049362572375685 ], [ -10615266.538750035688281, 3472138.373986416030675 ], [ -10615333.565009308978915, 3472045.297383354976773 ], [ -10615302.030281806364655, 3472022.818863161839545 ], [ -10615166.873992579057813, 3471935.413171300198883 ], [ -10615102.641081238165498, 3472028.043444614857435 ] ] ] } },
{ "type": "Feature", "properties": { "ZIP": "77546", "POSTAL": "FRIENDSWOOD", "STATE": "TX", "ZIP_TYPE": "STANDARD", "bbox_minx": -10599458.393533746, "bbox_miny": 3439066.722813583, "bbox_maxx": -10591138.641379837, "bbox_maxy": 3449095.0551593881, "label_x": -10594730.067289945, "label_y": 3444099.9292966835 }, "geometry": { "type": "MultiPolygon", "coordinates": [ [ [ [ -10594726.096388269215822, 3449095.055159388110042 ], [ -10593416.015391945838928, 3447352.115989806130528 ], [ -10591138.641379836946726, 3444610.064721898175776 ], [ -10591434.528660319745541, 3444449.997386013157666 ], [ -10592572.993078745901585, 3444234.786229406949133 ], [ -10592741.196791725233197, 3444158.529243309982121 ], [ -10593317.275277642533183, 3443578.17115042777732 ], [ -10593411.562824588268995, 3443417.860720076598227 ], [ -10593459.87552815862, 3443234.395522481761873 ], [ -10593629.119311653077602, 3443253.034355627838522 ], [ -10594055.493197919800878, 3442797.744144100230187 ], [ -10594026.065630001947284, 3442774.54752498306334 ], [ -10594057.730024129152298, 3442735.865322642493993 ], [ -10594080.154329376295209, 3442756.7722910172306 ], [ -10594126.898737769573927, 3442709.856076622381806 ], [ -10593825.666268495842814, 3442444.543523046188056 ], [ -10593384.477948376908898, 3442502.210096712689847 ], [ -10593351.609807694330812, 3442281.749058218672872 ], [ -10592096.434388848021626, 3442456.295954771805555 ], [ -10592042.444546869024634, 3442006.242725903633982 ], [ -10592599.264644242823124, 3441437.749950878787786 ], [ -10592402.56316733174026, 3441205.703464372549206 ], [ -10592938.647027531638741, 3440411.892811914905906 ], [ -10592540.488729942589998, 3440121.401963484007865 ], [ -10592747.765598751604557, 3440035.659556596539915 ], [ -10592886.650340722873807, 3439913.173819966614246 ], [ -10592623.098588369786739, 3439573.826256777625531 ], [ -10592600.665238562971354, 3439355.942037140019238 ], [ -10592766.877906251698732, 3439221.576194233261049 ], [ -10593107.529396368190646, 3439209.073446253780276 ], [ -10593296.68071878887713, 3439103.800129457842559 ], [ -10593303.222130656242371, 3439066.722813582979143 ], [ -10593584.199437389150262, 3439154.588803119491786 ], [ -10593474.66098702698946, 3439455.53700137604028 ], [ -10593494.253290867432952, 3439658.006299872417003 ], [ -10593934.187935391440988, 3440116.419721532147378 ], [ -10594076.676784705370665, 3440812.257173590362072 ], [ -10593994.745788650587201, 3440881.842771436087787 ], [ -10593975.153443489223719, 3440986.222318226005882 ], [ -10594171.521120442077518, 3441152.770444368012249 ], [ -10594260.131373735144734, 3441364.860310181044042 ], [ -10594600.323815448209643, 3441270.711449971422553 ], [ -10595179.184994135051966, 3441655.498247040901333 ], [ -10595273.584097174927592, 3441790.58566111093387 ], [ -10595530.064187422394753, 3441798.772809881716967 ], [ -10595704.613044306635857, 3441874.504343383479863 ], [ -10595902.316530119627714, 3442056.671191760804504 ], [ -10596103.58221348375082, 3442441.481310175731778 ], [ -10596240.838954480364919, 3442588.858407805673778 ], [ -10596550.752543527632952, 3443290.969665434211493 ], [ -10596379.765742095187306, 3443641.01600469648838 ], [ -10596360.952817296609282, 3443963.307605670299381 ], [ -10596965.751678209751844, 3444255.155207399278879 ], [ -10596972.876109171658754, 3444350.989184209611267 ], [ -10596739.550362398847938, 3444402.553111414425075 ], [ -10596748.455982992425561, 3444633.889089014846832 ], [ -10596794.764828039333224, 3444738.298791843000799 ], [ -10597145.643878277391195, 3444961.451587073970586 ], [ -10597225.793842915445566, 3444848.850975637789816 ], [ -10597340.230292391031981, 3444759.666905681602657 ], [ -10597460.566665293648839, 3445041.935966227203608 ], [ -10597380.75061153806746, 3445346.348003688734025 ], [ -10597656.822946988046169, 3446157.124969189986587 ], [ -10597596.2651257365942, 3446347.542116936761886 ], [ -10597491.179624641314149, 3446400.777491968590766 ], [ -10597339.785106856375933, 3446783.669188024941832 ], [ -10597149.206164197996259, 3446812.335347205400467 ], [ -10597015.622809, 3446609.626214992254972 ], [ -10596873.578985866159201, 3447031.556716549675912 ], [ -10596909.897489493712783, 3447104.853636353742331 ], [ -10596835.082225661724806, 3447066.597414111718535 ], [ -10596750.479380259290338, 3447168.723122107796371 ], [ -10596578.936026630923152, 3447284.79930682387203 ], [ -10596518.044306015595794, 3447393.837600561790168 ], [ -10596327.57662545144558, 3447543.830721179023385 ], [ -10596298.856274688616395, 3447600.142624931875616 ], [ -10596154.586187962442636, 3447655.686795347370207 ], [ -10596150.467354401946068, 3447740.795448189135641 ], [ -10596193.102731080725789, 3447809.778559526894242 ], [ -10596179.855662297457457, 3447985.75757143413648 ], [ -10596204.345912145450711, 3448016.730219812598079 ], [ -10596160.263472879305482, 3448063.829042338300496 ], [ -10596169.391585508361459, 3448141.261058483738452 ], [ -10596098.592445826157928, 3448356.665365322493017 ], [ -10596118.963849224150181, 3448481.199578902218491 ], [ -10596095.809385411441326, 3448514.34907323634252 ], [ -10596125.197770019993186, 3448539.563404579181224 ], [ -10596099.371652884408832, 3448622.629899008665234 ], [ -10596063.638101451098919, 3448591.65582609642297 ], [ -10596037.700667429715395, 3448681.122322360053658 ], [ -10595988.052178213372827, 3448683.938195466063917 ], [ -10595920.035920036956668, 3448752.158327131066471 ], [ -10595932.726402832195163, 3448797.85199333447963 ], [ -10595852.79894439317286, 3448844.313872801605612 ], [ -10595736.673188084736466, 3448809.140351681504399 ], [ -10595717.080889847129583, 3448887.98476140992716 ], [ -10595573.478775920346379, 3448919.72754831565544 ], [ -10595523.513128301128745, 3448991.472204278688878 ], [ -10595463.686953965574503, 3448993.512133781332523 ], [ -10595382.06517393887043, 3449048.155026689171791 ], [ -10594726.096388269215822, 3449095.055159388110042 ] ] ], [ [ [ -10599238.9066481590271, 3446534.068240225780755 ], [ -10599329.336960969492793, 3446510.25633495207876 ], [ -10599261.179226337000728, 3446567.370540238916874 ], [ -10599238.9066481590271, 3446534.068240225780755 ] ] ], [ [ [ -10599458.195044146850705, 3446591.070186416152865 ], [ -10599375.838320832699537, 3446516.18200829718262 ], [ -10599398.694723712280393, 3446498.290919771883637 ], [ -10599458.195044146850705, 3446591.070186416152865 ] ] ], [ [ [ -10599097.920472625643015, 3446571.190916774328798 ], [ -10599163.039036078378558, 3446554.044919361360371 ], [ -10599205.519507559016347, 3446642.874012411106378 ], [ -10599144.496666075661778, 3446638.675788787193596 ], [ -10599097.920472625643015, 3446571.190916774328798 ] ] ], [ [ [ -10599085.901893807575107, 3446740.154353310354054 ], [ -10599142.735268760472536, 3446741.797111329622567 ], [ -10599088.904210913926363, 3446791.582077691797167 ], [ -10599085.901893807575107, 3446740.154353310354054 ] ] ], [ [ [ -10598394.314690992236137, 3446851.111627875827253 ], [ -10598341.048559160903096, 3446842.938539495691657 ], [ -10598408.864644389599562, 3446846.453470893669873 ], [ -10598394.314690992236137, 3446851.111627875827253 ] ] ], [ [ [ -10597238.614184817299247, 3446960.108794349245727 ], [ -10597251.250595230609179, 3446953.371573921758682 ], [ -10597241.843632517382503, 3446958.969667566474527 ], [ -10597238.614184817299247, 3446960.108794349245727 ] ] ], [ [ [ -10598225.574032174423337, 3447005.168926403392106 ], [ -10598096.109385592862964, 3446976.374300157185644 ], [ -10598124.342052601277828, 3446881.419965370092541 ], [ -10598234.014569066464901, 3446848.115393136627972 ], [ -10598246.593764744699001, 3446941.205860886257142 ], [ -10598295.593925565481186, 3446979.189818718470633 ], [ -10598225.574032174423337, 3447005.168926403392106 ] ] ], [ [ [ -10597413.386989632621408, 3446987.76410203287378 ], [ -10597391.314130276441574, 3446932.745320765301585 ], [ -10597463.641981948167086, 3446952.047973498702049 ], [ -10597413.386989632621408, 3446987.76410203287378 ] ] ], [ [ [ -10598440.17834422364831, 3447004.809774937108159 ], [ -10598401.327807093039155, 3447010.184700394980609 ], [ -10598367.041401477530599, 3446953.87538037635386 ], [ -10598487.357203265652061, 3446850.521305957809091 ], [ -10599053.213889682665467, 3446879.832355178892612 ], [ -10599130.824124800041318, 3446924.032505573239177 ], [ -10599076.277607318013906, 3446977.654122109524906 ], [ -10598973.398625927045941, 3446942.485662682447582 ], [ -10598886.569498209282756, 3447014.279981024563313 ], [ -10598827.013499889522791, 3446927.768459482118487 ], [ -10598764.00671075284481, 3446912.283527790103108 ], [ -10598693.207500908523798, 3446982.66989562753588 ], [ -10598591.127591079100966, 3447010.056725633330643 ], [ -10598596.693463074043393, 3447084.027073522098362 ], [ -10598565.969322711229324, 3447103.735518516507 ], [ -10598440.17834422364831, 3447004.809774937108159 ] ] ], [ [ [ -10598000.819953886792064, 3447091.168960687704384 ], [ -10597953.63117359764874, 3447071.030658453237265 ], [ -10598050.068019526079297, 3446932.62172293709591 ], [ -10598052.007287506014109, 3446969.360505534335971 ], [ -10598000.819953886792064, 3447091.168960687704384 ] ] ], [ [ [ -10596945.631358889862895, 3447127.841827583499253 ], [ -10596922.8418855573982, 3447114.597404415719211 ], [ -10596969.73344954662025, 3447121.374933211132884 ], [ -10596945.631358889862895, 3447127.841827583499253 ] ] ], [ [ [ -10597272.102797811850905, 3447109.23858350655064 ], [ -10597281.139455672353506, 3447132.76148214424029 ], [ -10597249.269782330840826, 3447133.469302059616894 ], [ -10597272.102797811850905, 3447109.23858350655064 ] ] ], [ [ [ -10597530.383823495358229, 3447128.538310854230076 ], [ -10597530.839725868776441, 3446994.165217048954219 ], [ -10597580.89269545301795, 3447161.591030389070511 ], [ -10597530.383823495358229, 3447128.538310854230076 ] ] ], [ [ [ -10597879.815629119053483, 3447297.341306591406465 ], [ -10597812.482047963887453, 3447273.607968790922314 ], [ -10597939.260251183062792, 3447091.655929027590901 ], [ -10597962.414673302322626, 3447137.624700407963246 ], [ -10597884.602417204529047, 3447192.526986688841134 ], [ -10597943.490383494645357, 3447261.379204660188407 ], [ -10597879.815629119053483, 3447297.341306591406465 ] ] ], [ [ [ -10597523.370632646605372, 3447288.254768945742399 ], [ -10597517.804614512249827, 3447244.614107387140393 ], [ -10597600.973777631297708, 3447206.093797279987484 ], [ -10597641.593061415478587, 3447296.112004975788295 ], [ -10597523.370632646605372, 3447288.254768945742399 ] ] ], [ [ [ -10597737.66063298843801, 3447523.225825217552483 ], [ -10597617.99214968457818, 3447452.836502141319215 ], [ -10597661.030234724283218, 3447339.187345955055207 ], [ -10597739.756106534972787, 3447513.652161587961018 ], [ -10597746.512865584343672, 3447487.58411728637293 ], [ -10597737.66063298843801, 3447523.225825217552483 ] ] ] ] } },
{ "type": "Feature", "properties": { "ZIP": "77503", "POSTAL": "PASADENA", "STATE": "TX", "ZIP_TYPE": "STANDARD", "bbox_minx": -10594825.604652377, "bbox_miny": 3460544.1428705873, "bbox_maxx": -10589988.671973908, "bbox_maxy": 3471103.1542685768, "label_x": -10593047.027113009, "label_y": 3465845.8193990402 }, "geometry": { "type": "Polygon", "coordinates": [ [ [ -10591653.251529464498162, 3469637.735955517273396 ], [ -10591637.539406590163708, 3469402.743462543934584 ], [ -10591713.679957779124379, 3468583.664127201773226 ], [ -10591788.299332084134221, 3467875.553652439732105 ], [ -10591843.821101609617472, 3467685.669657115358859 ], [ -10591806.200311373919249, 3467685.741534085012972 ], [ -10591921.395420420914888, 3467553.708689358551055 ], [ -10591027.12984324246645, 3467561.656035920605063 ], [ -10591026.754427175968885, 3467514.442266847938299 ], [ -10590957.951201917603612, 3467515.055825737770647 ], [ -10590942.47660569101572, 3466434.782029028050601 ], [ -10591207.362817579880357, 3466465.540595931466669 ], [ -10591215.278594573959708, 3466243.208645109087229 ], [ -10591489.394640805199742, 3466249.168668556958437 ], [ -10591463.894113900139928, 3464357.709255353547633 ], [ -10591303.456178238615394, 3464359.251411369070411 ], [ -10591298.36167055927217, 3463635.258687107358128 ], [ -10591238.469096668064594, 3463636.510619427543133 ], [ -10591235.879300156608224, 3463410.788319701328874 ], [ -10591454.500156216323376, 3463408.256564412266016 ], [ -10591472.391152137890458, 3462941.29436868801713 ], [ -10591347.50234005227685, 3462943.360157577786595 ], [ -10591347.481180476024747, 3462800.66091435868293 ], [ -10591229.054630292579532, 3462802.145429477561265 ], [ -10591226.650027120485902, 3462179.42368062119931 ], [ -10590954.972365697845817, 3461997.377293789293617 ], [ -10590981.547075232490897, 3461961.055585668422282 ], [ -10590898.332597931846976, 3461903.781376387458295 ], [ -10590880.204710025340319, 3461932.312940327450633 ], [ -10590752.454215677455068, 3461839.273724334780127 ], [ -10590423.999969279393554, 3461837.011168069206178 ], [ -10590408.964918615296483, 3461369.384933457709849 ], [ -10590359.720600849017501, 3461370.697358351200819 ], [ -10590351.612172342836857, 3461215.732683647423983 ], [ -10590286.91666485927999, 3461196.592649825848639 ], [ -10590282.567516926676035, 3461041.629741862881929 ], [ -10590002.164977557957172, 3461045.885967063251883 ], [ -10589988.671973908320069, 3460546.330282621551305 ], [ -10590166.185712285339832, 3460544.142870587296784 ], [ -10590268.952680997550488, 3460768.435907150153071 ], [ -10590531.765009192749858, 3460678.674832838121802 ], [ -10590578.396383762359619, 3460783.269134483765811 ], [ -10590543.32580016925931, 3460857.969081846065819 ], [ -10590629.799447124823928, 3460971.225868215784431 ], [ -10590722.430356862023473, 3461001.647286619059741 ], [ -10590773.802824797108769, 3460978.985149767249823 ], [ -10590952.412938561290503, 3460615.969566543586552 ], [ -10591035.718871245160699, 3460646.765051658730954 ], [ -10591043.496929464861751, 3460855.558395395986736 ], [ -10591371.75761853531003, 3460852.236765662673861 ], [ -10591406.658318942412734, 3460742.13210212578997 ], [ -10591443.90592354722321, 3460726.282921156380326 ], [ -10591526.988989446312189, 3460724.535336347296834 ], [ -10591528.888785101473331, 3460790.011117714922875 ], [ -10591723.59453871846199, 3460786.034829285461456 ], [ -10591722.997997265309095, 3460736.492590439971536 ], [ -10591767.382220016792417, 3460737.025239425711334 ], [ -10591787.622601203620434, 3460785.649596841540188 ], [ -10592191.30618404597044, 3460754.707124207168818 ], [ -10592210.318348661065102, 3460812.97404629830271 ], [ -10592300.543747970834374, 3460813.551454017404467 ], [ -10592299.55673885345459, 3460753.430051397532225 ], [ -10592391.753907, 3460750.947710542939603 ], [ -10592393.86016508564353, 3460850.394725738093257 ], [ -10592491.387815469875932, 3460913.800282786600292 ], [ -10592490.475209029391408, 3460866.291188175324351 ], [ -10592556.069005550816655, 3460866.781760504469275 ], [ -10592554.07588049210608, 3460714.327249558642507 ], [ -10592859.507058285176754, 3460724.783958195708692 ], [ -10592862.347438845783472, 3460849.645182504318655 ], [ -10592883.5286472029984, 3460790.430836208630353 ], [ -10593019.353047769516706, 3460794.076142301782966 ], [ -10593035.554750485345721, 3460884.433996750973165 ], [ -10593433.512736374512315, 3460878.529189963825047 ], [ -10593431.720086112618446, 3460733.356829307507724 ], [ -10593547.126480497419834, 3460704.96696768142283 ], [ -10593549.593543987721205, 3460874.238082447089255 ], [ -10593894.810824632644653, 3460869.316385162062943 ], [ -10593892.253137884661555, 3460614.789280326105654 ], [ -10593946.016950197517872, 3460612.488180645275861 ], [ -10593953.527339842170477, 3460935.134401231538504 ], [ -10594035.508820522576571, 3460934.231374992523342 ], [ -10594033.639594163745642, 3460838.176445958670229 ], [ -10594468.062654945999384, 3460829.64461814891547 ], [ -10594465.61380248889327, 3460676.399852056056261 ], [ -10594525.834475483745337, 3460674.388523458037525 ], [ -10594540.644557289779186, 3460706.68911158060655 ], [ -10594822.934627013280988, 3460704.370468209497631 ], [ -10594823.379294954240322, 3460807.958620434161276 ], [ -10594682.483203556388617, 3460809.895864458754659 ], [ -10594668.854602165520191, 3461021.663010987453163 ], [ -10594765.238346623256803, 3461022.249887087848037 ], [ -10594766.419184567406774, 3461071.289134713355452 ], [ -10594595.83561921492219, 3461072.25873446604237 ], [ -10594587.270597899332643, 3461333.224429045803845 ], [ -10594634.968189395964146, 3461333.247522966004908 ], [ -10594636.543608572334051, 3461595.596394044347107 ], [ -10594594.533030986785889, 3461595.90560750849545 ], [ -10594595.295380890369415, 3461647.263210928998888 ], [ -10594542.437656491994858, 3461648.437072227243334 ], [ -10594545.813567880541086, 3461844.67004969669506 ], [ -10594722.645162848755717, 3461925.230938434135169 ], [ -10594718.753540134057403, 3461991.623664180748165 ], [ -10594548.696881139650941, 3461997.85654788184911 ], [ -10594551.195335071533918, 3462106.367760329972953 ], [ -10594824.713282976299524, 3462104.221720880828798 ], [ -10594825.604652376845479, 3462317.297909474000335 ], [ -10594551.92332311719656, 3462318.907058416400105 ], [ -10594562.84438731521368, 3462997.276121691800654 ], [ -10594688.380588218569756, 3462996.245825460646302 ], [ -10594694.579508824273944, 3463234.334330847952515 ], [ -10594569.584349859505892, 3463236.537930457852781 ], [ -10594570.040303936228156, 3463293.973039740230888 ], [ -10594696.399959096685052, 3463288.357724119909108 ], [ -10594701.215727685019374, 3463664.129159417003393 ], [ -10594670.917679701000452, 3463664.309624501038343 ], [ -10594680.555804416537285, 3463894.179475510958582 ], [ -10594575.901848148554564, 3463896.572162120603025 ], [ -10594579.657395899295807, 3464027.872638955712318 ], [ -10594686.452680338174105, 3464026.961719986982644 ], [ -10594688.356902476400137, 3464142.435716785490513 ], [ -10594615.200688762590289, 3464143.44324252102524 ], [ -10594638.583182267844677, 3464255.870562514755875 ], [ -10594568.0565035790205, 3464256.362696244381368 ], [ -10594547.666064314544201, 3464320.005315068177879 ], [ -10594607.994393927976489, 3464361.556762025225908 ], [ -10594612.023601630702615, 3466662.810242227744311 ], [ -10594442.027498833835125, 3466656.900669293943793 ], [ -10594495.349460024386644, 3469428.129397356882691 ], [ -10594464.513984750956297, 3469682.221640706527978 ], [ -10594479.764805842190981, 3470395.296560836490244 ], [ -10594583.959842804819345, 3470941.347377617377788 ], [ -10594669.119228137657046, 3471070.331166103482246 ], [ -10594433.678476938977838, 3471103.15426857676357 ], [ -10592435.271072831004858, 3469728.758765290956944 ], [ -10591653.251529464498162, 3469637.735955517273396 ] ] ] } },
{ "type": "Feature", "properties": { "ZIP": "77535", "POSTAL": "DAYTON", "STATE": "TX", "ZIP_TYPE": "STANDARD", "bbox_minx": -10583434.437531471, "bbox_miny": 3488678.5488698129, "bbox_maxx": -10573020.483769797, "bbox_maxy": 3516801.3764875424, "label_x": -10580900.901265431, "label_y": 3507163.5697634714 }, "geometry": { "type": "MultiPolygon", "coordinates": [ [ [ [ -10581782.955524252727628, 3511715.232326654717326 ], [ -10578822.414768490940332, 3502691.823451827280223 ], [ -10578910.038378816097975, 3502626.728054529521614 ], [ -10579000.786869533360004, 3502652.846950102131814 ], [ -10579124.373121248558164, 3502611.014605716336519 ], [ -10579269.028980577364564, 3502623.620605220552534 ], [ -10579315.630724674090743, 3502713.465549197979271 ], [ -10579349.496943578124046, 3503067.65224535856396 ], [ -10579411.872709270566702, 3503142.687924803700298 ], [ -10579580.9043093547225, 3503225.194321217015386 ], [ -10579626.476326715201139, 3503345.706616936717182 ], [ -10579745.028262861073017, 3503453.354921331163496 ], [ -10579932.618358852341771, 3503551.84043996501714 ], [ -10580409.67730438709259, 3503671.68085554568097 ], [ -10580539.495926713570952, 3503898.672064890153706 ], [ -10580550.624564068391919, 3504021.853798932395875 ], [ -10580515.727413885295391, 3504151.147564365528524 ], [ -10580825.458577444776893, 3504365.069164291489869 ], [ -10581026.471527170389891, 3504632.862820285838097 ], [ -10581058.990397460758686, 3504595.996268548071384 ], [ -10581206.043636640533805, 3504718.249300569761544 ], [ -10581315.804658848792315, 3504717.606498516630381 ], [ -10581399.516893859952688, 3504820.063141031656414 ], [ -10581476.104711413383484, 3505570.837644345127046 ], [ -10581564.047149006277323, 3505862.803025724831969 ], [ -10581565.38294661603868, 3506072.749749798327684 ], [ -10581472.527580050751567, 3506307.46783168008551 ], [ -10581580.952800938859582, 3506488.493433617055416 ], [ -10581601.324182836338878, 3506664.50741208717227 ], [ -10581498.576289683580399, 3507109.888897481374443 ], [ -10581466.850302208214998, 3507582.159427172504365 ], [ -10581383.805877536535263, 3507876.999749673064798 ], [ -10581382.804061682894826, 3508171.975613596383482 ], [ -10580729.016299229115248, 3508456.912590328603983 ], [ -10581782.955524252727628, 3511715.232326654717326 ] ] ], [ [ [ -10573162.018529785797, 3488680.078526664059609 ], [ -10573284.628766370937228, 3488678.548869812861085 ], [ -10573420.436776917427778, 3488940.350956306327134 ], [ -10573183.566872123628855, 3488836.815495592541993 ], [ -10573162.018529785797, 3488680.078526664059609 ] ] ], [ [ [ -10573679.184349806979299, 3489739.681554846465588 ], [ -10573704.200556239113212, 3489402.028454001061618 ], [ -10573810.407053278759122, 3489545.177981667686254 ], [ -10573679.184349806979299, 3489739.681554846465588 ] ] ], [ [ [ -10573628.622133674100041, 3490413.832554975058883 ], [ -10573620.857268571853638, 3489936.321624793577939 ], [ -10574006.551894435659051, 3491310.412620473653078 ], [ -10574486.784208623692393, 3492121.523860977962613 ], [ -10574557.806081855669618, 3492226.704876195173711 ], [ -10574650.646570486947894, 3492295.156546385958791 ], [ -10574753.982775092124939, 3492624.361300071235746 ], [ -10574511.942425061017275, 3492233.768542821984738 ], [ -10573978.499431388452649, 3491748.70940698357299 ], [ -10573817.086075276136398, 3491517.038220819551498 ], [ -10573854.489568909630179, 3490813.574686539359391 ], [ -10573628.622133674100041, 3490413.832554975058883 ] ] ], [ [ [ -10574749.720861159265041, 3493790.653378634247929 ], [ -10575123.420338358730078, 3493220.510003555566072 ], [ -10575075.072946757078171, 3493142.495538010727614 ], [ -10575202.012016292661428, 3493241.31667290860787 ], [ -10575209.025055786594748, 3493278.691909584216774 ], [ -10575011.098996136337519, 3493710.37711727572605 ], [ -10574963.342950871214271, 3493754.818041519261897 ], [ -10574858.702602734789252, 3493774.726538234390318 ], [ -10574711.13349530287087, 3493998.725074340123683 ], [ -10574749.720861159265041, 3493790.653378634247929 ] ] ], [ [ [ -10574635.952194349840283, 3494404.1094642393291 ], [ -10574646.522914821282029, 3494347.111999507062137 ], [ -10574740.398938590660691, 3494395.493940060492605 ], [ -10574635.952194349840283, 3494404.1094642393291 ] ] ], [ [ [ -10574922.138006445020437, 3494616.297588066663593 ], [ -10574775.845967102795839, 3494406.368862962815911 ], [ -10574900.558831019327044, 3494522.668097239919007 ], [ -10574922.138006445020437, 3494616.297588066663593 ] ] ], [ [ [ -10574454.056260908022523, 3495839.346793387550861 ], [ -10574653.181062964722514, 3495656.488031808752567 ], [ -10574457.84118977189064, 3495937.107557321432978 ], [ -10574279.01107514090836, 3496524.267699002288282 ], [ -10574262.14151606336236, 3496427.464306910522282 ], [ -10574177.204773126170039, 3496298.996049686335027 ], [ -10574454.056260908022523, 3495839.346793387550861 ] ] ], [ [ [ -10573836.889994572848082, 3497571.673314647283405 ], [ -10574009.474550796672702, 3497407.343098517041653 ], [ -10573970.039149643853307, 3497509.218905128538609 ], [ -10573836.889994572848082, 3497571.673314647283405 ] ] ], [ [ [ -10573020.483769796788692, 3497893.636470531113446 ], [ -10573556.58207618072629, 3497701.351508992258459 ], [ -10573256.035925613716245, 3497838.774070729501545 ], [ -10573201.93464894965291, 3497998.4796705506742 ], [ -10573355.59279272519052, 3498995.704294768162072 ], [ -10573154.623736016452312, 3498854.345474595203996 ], [ -10573020.483769796788692, 3497893.636470531113446 ] ] ], [ [ [ -10573732.149345507845283, 3500069.051364103797823 ], [ -10573547.932981133460999, 3499253.147291890345514 ], [ -10573655.339003147557378, 3499440.417296602390707 ], [ -10573722.353304538875818, 3499987.064966393169016 ], [ -10573939.048380974680185, 3500221.905893933493644 ], [ -10573732.149345507845283, 3500069.051364103797823 ] ] ], [ [ [ -10574870.288226414471865, 3501037.641116790473461 ], [ -10574518.621442828327417, 3500604.416999670676887 ], [ -10574190.785742977634072, 3500536.691907092928886 ], [ -10574156.833166079595685, 3500456.373085585422814 ], [ -10574190.785611161962152, 3500394.560234789736569 ], [ -10574070.623953565955162, 3500312.148128611966968 ], [ -10574842.783967038616538, 3500700.415020706597716 ], [ -10574858.257386708632112, 3500748.478581193368882 ], [ -10574820.981139555573463, 3500879.865251132287085 ], [ -10574870.288226414471865, 3501037.641116790473461 ] ] ], [ [ [ -10575396.821070306003094, 3502497.139020515140146 ], [ -10575317.004986269399524, 3502452.024987431708723 ], [ -10575203.236452881246805, 3502152.940205117687583 ], [ -10575142.940849939361215, 3501842.613943282980472 ], [ -10575331.04705074056983, 3502447.829632354900241 ], [ -10575556.852103134617209, 3502520.778302893973887 ], [ -10575396.821070306003094, 3502497.139020515140146 ] ] ], [ [ [ -10578542.932551188394427, 3502860.112979139201343 ], [ -10578649.843294290825725, 3502805.369055049028248 ], [ -10578513.109573299065232, 3502930.708738686516881 ], [ -10578542.932551188394427, 3502860.112979139201343 ] ] ], [ [ [ -10576698.034441808238626, 3502964.868449934758246 ], [ -10576593.662018585950136, 3502811.806152467615902 ], [ -10576815.305075764656067, 3502879.835216470994055 ], [ -10576698.034441808238626, 3502964.868449934758246 ] ] ], [ [ [ -10578046.781421508640051, 3503250.347468153107911 ], [ -10577605.52709518186748, 3503114.489908980205655 ], [ -10577791.096085280179977, 3503150.391587220598012 ], [ -10578105.462307563051581, 3503107.974515792913735 ], [ -10578285.854565348476171, 3503126.063185857608914 ], [ -10578046.781421508640051, 3503250.347468153107911 ] ] ], [ [ [ -10583433.231688868254423, 3516801.37648754240945 ], [ -10583294.801867119967937, 3516374.821302310097963 ], [ -10583434.437531471252441, 3516801.222772098146379 ], [ -10583433.231688868254423, 3516801.37648754240945 ] ] ] ] } },
{ "type": "Feature", "properties": { "ZIP": "77336", "POSTAL": "HUFFMAN", "STATE": "TX", "ZIP_TYPE": "STANDARD", "bbox_minx": -10594598.392865412, "bbox_miny": 3503429.6603790578, "bbox_maxx": -10580729.016299229, "bbox_maxy": 3521651.5860086381, "label_x": -10586820.065565236, "label_y": 3512581.3652964756 }, "geometry": { "type": "Polygon", "coordinates": [ [ [ -10584990.095913017168641, 3521650.217071881052107 ], [ -10583509.674235390499234, 3516887.646330809220672 ], [ -10583441.769406465813518, 3516827.683775115758181 ], [ -10580729.016299229115248, 3508456.912590328603983 ], [ -10581382.804061682894826, 3508171.975613596383482 ], [ -10581383.805877536535263, 3507876.999749673064798 ], [ -10581466.850302208214998, 3507582.159427172504365 ], [ -10581498.576289683580399, 3507109.888897481374443 ], [ -10581599.877081109210849, 3506692.02190250530839 ], [ -10581580.952800938859582, 3506488.493433617055416 ], [ -10581472.527580050751567, 3506307.46783168008551 ], [ -10581565.38294661603868, 3506072.749749798327684 ], [ -10581564.047149006277323, 3505862.803025724831969 ], [ -10581476.104711413383484, 3505570.837644345127046 ], [ -10581403.747093621641397, 3504838.446328790858388 ], [ -10581330.610102558508515, 3504726.090913656633347 ], [ -10581206.043636640533805, 3504718.249300569761544 ], [ -10581058.990397460758686, 3504595.996268548071384 ], [ -10581034.87405995093286, 3504190.35568720381707 ], [ -10584280.244308684021235, 3504133.055019336286932 ], [ -10584319.543047159910202, 3504625.060435400344431 ], [ -10584944.813375214114785, 3504611.396514404565096 ], [ -10584937.290727654471993, 3504153.482723360415548 ], [ -10585788.589809935539961, 3504119.548603477887809 ], [ -10585788.696658313274384, 3504034.805854741949588 ], [ -10585849.08969946578145, 3504030.629052209667861 ], [ -10585848.969335714355111, 3503972.590846207924187 ], [ -10586091.291665226221085, 3503968.713028528727591 ], [ -10586090.752051237970591, 3503888.324029561132193 ], [ -10586209.586987713351846, 3503886.738163353409618 ], [ -10586203.297104991972446, 3503531.318099484313279 ], [ -10589890.248097077012062, 3503429.660379057750106 ], [ -10590164.130753841251135, 3505731.87970320507884 ], [ -10589890.841471938416362, 3507373.345045773312449 ], [ -10590395.083943827077746, 3507968.639590329024941 ], [ -10590064.726862818002701, 3508425.692431817296892 ], [ -10590101.68050323985517, 3508656.11597092077136 ], [ -10589929.914559135213494, 3508805.926659774966538 ], [ -10590231.250239474698901, 3509171.53321441821754 ], [ -10590166.169051198288798, 3509260.422877778764814 ], [ -10589976.040751941502094, 3509376.419232256710529 ], [ -10590164.192779876291752, 3509789.991616694722325 ], [ -10590285.940998794510961, 3509734.041015435941517 ], [ -10590391.042895065620542, 3509518.875576896127313 ], [ -10590398.564843960106373, 3509420.488892982713878 ], [ -10590433.852867549285293, 3509402.681743109133095 ], [ -10591507.563356906175613, 3510627.551423828117549 ], [ -10590903.277371207252145, 3511142.37196674849838 ], [ -10591038.346807762980461, 3511291.272114797960967 ], [ -10591112.413447039201856, 3511548.683195397257805 ], [ -10591217.990223528817296, 3511684.271277382969856 ], [ -10591372.82118565775454, 3511809.205459261778742 ], [ -10591478.938873643055558, 3512021.608598878607154 ], [ -10591522.452089410275221, 3512465.407579983584583 ], [ -10591629.849564712494612, 3512697.323012967128307 ], [ -10592142.419851768761873, 3513134.140284561552107 ], [ -10592290.906266532838345, 3513545.309191100299358 ], [ -10592590.578002838417888, 3513921.463714932557195 ], [ -10593073.637719983235002, 3514103.338604121934623 ], [ -10593407.930316472426057, 3514312.004994729533792 ], [ -10593666.860132219269872, 3514645.210288777481765 ], [ -10593709.220292622223496, 3514642.72468294436112 ], [ -10593768.829128799960017, 3514790.974272573366761 ], [ -10593912.43146556802094, 3514931.079083704855293 ], [ -10594158.004635505378246, 3515792.070523575879633 ], [ -10594319.863793479278684, 3516068.701206454075873 ], [ -10594293.037155710160732, 3516523.547568068373948 ], [ -10594393.670310145244002, 3516678.468903460074216 ], [ -10594494.303797300904989, 3516961.552939516492188 ], [ -10594598.392865411937237, 3517134.621388902422041 ], [ -10590448.06276149302721, 3520985.836901324335486 ], [ -10590386.213117878884077, 3520885.961050574202091 ], [ -10590309.513991553336382, 3520832.80149066215381 ], [ -10590318.642261564731598, 3520803.84058080194518 ], [ -10590060.937640612944961, 3520768.958904006984085 ], [ -10590068.72994377091527, 3520714.512778757605702 ], [ -10589972.215976495295763, 3520729.314817788079381 ], [ -10589961.640622509643435, 3520687.611465733963996 ], [ -10589898.299843559041619, 3520723.651491872034967 ], [ -10589874.36609953455627, 3520677.571888163685799 ], [ -10589831.39674561098218, 3520707.304781773127615 ], [ -10589784.97651994228363, 3520621.581506019923836 ], [ -10589625.7897440623492, 3520729.829688976984471 ], [ -10589567.124279914423823, 3521091.521907130721956 ], [ -10589472.725411554798484, 3521172.871965242549777 ], [ -10589368.53036774136126, 3521141.593344917986542 ], [ -10589367.083246877416968, 3521237.102798156905919 ], [ -10589324.11393415927887, 3521293.095855701714754 ], [ -10589337.472255025058985, 3521338.405361862387508 ], [ -10589261.916238453239202, 3521355.161974850576371 ], [ -10589254.008785642683506, 3520817.435106199700385 ], [ -10588164.087988147512078, 3520807.00291733443737 ], [ -10588099.056599793955684, 3521387.86907761823386 ], [ -10586230.990498466417193, 3521423.875908714719117 ], [ -10586219.858578145503998, 3521643.733797634486109 ], [ -10584990.095913017168641, 3521650.217071881052107 ] ] ] } },
{ "type": "Feature", "properties": { "ZIP": "77355", "POSTAL": "MAGNOLIA", "STATE": "TX", "ZIP_TYPE": "STANDARD", "bbox_minx": -10658799.493145453, "bbox_miny": 3515570.5935424361, "bbox_maxx": -10649612.301077554, "bbox_maxy": 3517225.794050761, "label_x": -10652297.824302126, "label_y": 3516555.7969144313 }, "geometry": { "type": "MultiPolygon", "coordinates": [ [ [ [ -10651892.458208503201604, 3516489.273657536599785 ], [ -10652297.104574596509337, 3516246.730555548332632 ], [ -10652877.635686317458749, 3516321.616103848442435 ], [ -10652990.958921141922474, 3516243.771142076700926 ], [ -10653152.038289112970233, 3516195.649107280187309 ], [ -10653418.091869752854109, 3516214.692066476214677 ], [ -10653490.22679272852838, 3516266.8029172597453 ], [ -10653610.229263816028833, 3516385.822336140088737 ], [ -10653681.33507264405489, 3516506.934976875782013 ], [ -10653495.570216607302427, 3516276.581882067024708 ], [ -10652956.338535644114017, 3516525.430330796632916 ], [ -10652000.549412004649639, 3516671.859669076744467 ], [ -10651905.037220695987344, 3516730.148801581934094 ], [ -10651839.024813633412123, 3516876.966301564127207 ], [ -10651793.272542083635926, 3516781.489612502511591 ], [ -10651807.298780344426632, 3516597.486779375001788 ], [ -10651892.458208503201604, 3516489.273657536599785 ] ] ], [ [ [ -10657009.974204864352942, 3515647.638553815893829 ], [ -10657077.052147395908833, 3515570.593542436137795 ], [ -10657188.504705555737019, 3515604.22682032128796 ], [ -10657009.974204864352942, 3515647.638553815893829 ] ] ], [ [ [ -10657509.80364946089685, 3515740.742252596188337 ], [ -10657488.392572399228811, 3515730.720164437312633 ], [ -10657497.845454221591353, 3515731.74742219876498 ], [ -10657509.80364946089685, 3515740.742252596188337 ] ] ], [ [ [ -10658334.462516928091645, 3515786.333763836883008 ], [ -10658194.590798802673817, 3515769.620397095568478 ], [ -10658321.164314463734627, 3515771.50436056451872 ], [ -10658334.462516928091645, 3515786.333763836883008 ] ] ], [ [ [ -10658145.273982023820281, 3515797.812757474835962 ], [ -10658148.093686951324344, 3515794.982600702438504 ], [ -10658142.269510177895427, 3515804.546361934393644 ], [ -10658145.273982023820281, 3515797.812757474835962 ] ] ], [ [ [ -10658749.927017332985997, 3515835.968948531430215 ], [ -10658796.164563685655594, 3515821.426015282981098 ], [ -10658799.493145452812314, 3515834.477464941330254 ], [ -10658749.927017332985997, 3515835.968948531430215 ] ] ], [ [ [ -10658082.712398912757635, 3515889.03607136849314 ], [ -10658102.329084219411016, 3515870.130618294235319 ], [ -10658077.405966995283961, 3515911.055490238126367 ], [ -10658082.712398912757635, 3515889.03607136849314 ] ] ], [ [ [ -10656053.35816035233438, 3516050.51201647752896 ], [ -10656102.46323105879128, 3516051.196109592914581 ], [ -10656051.206483645364642, 3516086.5251674070023 ], [ -10656053.35816035233438, 3516050.51201647752896 ] ] ], [ [ [ -10655188.628372255712748, 3516339.372510468121618 ], [ -10655260.304960070177913, 3516335.533781574573368 ], [ -10655082.429498927667737, 3516545.654803764540702 ], [ -10655117.606453560292721, 3516453.245776737108827 ], [ -10655184.398213407024741, 3516424.938195004593581 ], [ -10655188.628372255712748, 3516339.372510468121618 ] ] ], [ [ [ -10655019.088761394843459, 3516606.751155709382147 ], [ -10655046.144518479704857, 3516588.516932350117713 ], [ -10655010.982124568894506, 3516630.052714379969984 ], [ -10655019.088761394843459, 3516606.751155709382147 ] ] ], [ [ [ -10654695.371631350368261, 3516635.187860230449587 ], [ -10654813.600411728024483, 3516698.392487080302089 ], [ -10654404.552377160638571, 3516744.095706758089364 ], [ -10654580.712617563083768, 3516652.944639968685806 ], [ -10654695.371631350368261, 3516635.187860230449587 ] ] ], [ [ [ -10654094.6827033739537, 3516776.505517116747797 ], [ -10654115.619758516550064, 3516773.254530461505055 ], [ -10654137.104133563116193, 3516773.970906929112971 ], [ -10654094.6827033739537, 3516776.505517116747797 ] ] ], [ [ [ -10650675.882343057543039, 3516863.950904811732471 ], [ -10650606.161333912983537, 3516811.470740721561015 ], [ -10649680.075529795140028, 3516799.024544668849558 ], [ -10649671.411709433421493, 3516708.531495963223279 ], [ -10649719.279070233926177, 3516647.669094346929342 ], [ -10649826.257141752168536, 3516596.071368409320712 ], [ -10650057.133807137608528, 3516569.950862300116569 ], [ -10650251.386221088469028, 3516618.074396484997123 ], [ -10650610.94826178252697, 3516793.456389468163252 ], [ -10650675.882343057543039, 3516863.950904811732471 ] ] ], [ [ [ -10650946.705497208982706, 3517067.798395178280771 ], [ -10650768.050178656354547, 3516933.326206603087485 ], [ -10650868.541468817740679, 3516983.767156503163278 ], [ -10650946.705497208982706, 3517067.798395178280771 ] ] ], [ [ [ -10649612.301077554002404, 3517067.149734836537391 ], [ -10649637.681836143136024, 3517107.425711842253804 ], [ -10649628.201369646936655, 3517113.381626436021179 ], [ -10649612.301077554002404, 3517067.149734836537391 ] ] ], [ [ [ -10651196.990512017160654, 3517208.807497608941048 ], [ -10651230.21858567930758, 3517213.585257032420486 ], [ -10651248.422370446845889, 3517225.79405076103285 ], [ -10651196.990512017160654, 3517208.807497608941048 ] ] ] ] } },
{ "type": "Feature", "properties": { "ZIP": "77007", "POSTAL": "HOUSTON", "STATE": "TX", "ZIP_TYPE": "STANDARD", "bbox_minx": -10626036.644256916, "bbox_miny": 3471917.655906843, "bbox_maxx": -10615661.075422868, "bbox_maxy": 3476287.6047478616, "label_x": -10620558.312776085, "label_y": 3474108.47792756 }, "geometry": { "type": "Polygon", "coordinates": [ [ [ -10618518.696998802945018, 3476230.150238232221454 ], [ -10618507.113814383745193, 3475502.269243793096393 ], [ -10618437.085553236305714, 3475256.644649834837765 ], [ -10618255.263840431347489, 3475255.499124378431588 ], [ -10618246.213579162955284, 3475392.34476029407233 ], [ -10618005.097156314179301, 3475379.772622464224696 ], [ -10617935.783417448401451, 3475351.760395232588053 ], [ -10617851.959762874990702, 3475251.334952411707491 ], [ -10617758.916659161448479, 3475242.586975543759763 ], [ -10617769.146591840311885, 3475165.199055993929505 ], [ -10617726.39991107583046, 3475170.970499269664288 ], [ -10617356.707810919731855, 3475407.98985283728689 ], [ -10617220.452828746289015, 3475436.33499470539391 ], [ -10617069.280838645994663, 3475378.747025842312723 ], [ -10616907.53359791263938, 3475189.054752442520112 ], [ -10616332.011797569692135, 3474965.634496562648565 ], [ -10616273.671998534351587, 3474697.405741676222533 ], [ -10616063.175114739686251, 3474310.78660793043673 ], [ -10615988.257111687213182, 3474092.126658321358263 ], [ -10615661.075422868132591, 3473562.665232690516859 ], [ -10616783.253963297232985, 3473881.982679978013039 ], [ -10616770.459637083113194, 3473624.806921554729342 ], [ -10616742.629894843325019, 3473624.682786638382822 ], [ -10616739.311076618731022, 3473252.290000837761909 ], [ -10616634.466671317815781, 3473258.046882237773389 ], [ -10616549.307279385626316, 3473156.611860305536538 ], [ -10616767.048230405896902, 3473040.174213118851185 ], [ -10616896.615928284823895, 3472885.984544570092112 ], [ -10617064.151780631393194, 3472918.812303551938385 ], [ -10617297.032073486596346, 3472870.596566113177687 ], [ -10617473.696206003427505, 3473023.194812888745219 ], [ -10617617.966203613206744, 3473026.785289763938636 ], [ -10617750.659031730145216, 3472984.339782054070383 ], [ -10617838.94393684156239, 3473080.512327163945884 ], [ -10618148.960167160257697, 3473003.061936797108501 ], [ -10618244.472354622557759, 3472949.203665420413017 ], [ -10618535.795442692935467, 3472939.073180350475013 ], [ -10618897.138435916975141, 3473065.127559673506767 ], [ -10619060.555518602952361, 3473056.920504944398999 ], [ -10619365.236968236044049, 3473113.856930961366743 ], [ -10619706.765147985890508, 3472974.465742962900549 ], [ -10620011.446633609011769, 3472986.26327400142327 ], [ -10620278.613355049863458, 3472855.465135967358947 ], [ -10620657.099673045799136, 3472834.434865357354283 ], [ -10620778.994504889473319, 3472786.219578416552395 ], [ -10621185.978567041456699, 3473000.497234607115388 ], [ -10621324.014688609167933, 3473042.301699719857424 ], [ -10621352.957751819863915, 3473004.216089297086 ], [ -10621345.944682605564594, 3472807.506047514732927 ], [ -10621377.225387742742896, 3472746.980500585399568 ], [ -10621456.373614409938455, 3472716.589652833994478 ], [ -10621663.539124123752117, 3472757.623751274775714 ], [ -10621770.851107148453593, 3472566.687920222990215 ], [ -10621915.343812718987465, 3472423.071174141019583 ], [ -10621973.118629535660148, 3472466.284181799739599 ], [ -10622044.919740188866854, 3472598.617184172384441 ], [ -10622137.426283931359649, 3472644.908409449271858 ], [ -10622363.182119758799672, 3472396.784281295724213 ], [ -10622409.491110866889358, 3472419.480745257809758 ], [ -10622463.147061316296458, 3472513.472634898032993 ], [ -10622576.359035700559616, 3472518.858209642581642 ], [ -10622625.228291420266032, 3472331.259801304899156 ], [ -10622681.110641116276383, 3472298.946500742807984 ], [ -10622714.395095629617572, 3472319.847624705638736 ], [ -10622763.375677792355418, 3472471.926301952917129 ], [ -10622864.899078195914626, 3472531.168252496514469 ], [ -10622944.603890104219317, 3472754.54625093145296 ], [ -10623015.069076364859939, 3472806.608513670507818 ], [ -10623166.129594316706061, 3472777.756162353325635 ], [ -10623072.732587188482285, 3472711.075662606395781 ], [ -10623047.574422350153327, 3472653.115203972905874 ], [ -10623068.2798534296453, 3472571.175918663386256 ], [ -10623144.867624560371041, 3472517.191188066266477 ], [ -10623294.147039821371436, 3472547.196958784013987 ], [ -10623433.073830651119351, 3472694.277439512312412 ], [ -10623557.417608281597495, 3472711.332167129963636 ], [ -10623579.681573942303658, 3472500.521396649070084 ], [ -10623636.56577767431736, 3472437.817438425961882 ], [ -10623833.601273162290454, 3472477.953096902929246 ], [ -10624174.350322499871254, 3472689.661108349449933 ], [ -10624225.677726119756699, 3472662.399687664583325 ], [ -10624244.602022890001535, 3472581.999158372636884 ], [ -10624133.616473395377398, 3472454.282596399541944 ], [ -10624113.0222836304456, 3472371.190492959227413 ], [ -10624296.588192321360111, 3472364.779056346043944 ], [ -10624460.895773872733116, 3472126.533711947966367 ], [ -10624500.85950524173677, 3471976.382453850470483 ], [ -10624627.763647440820932, 3471917.655906843021512 ], [ -10624768.471498820930719, 3471978.562264524400234 ], [ -10625006.806595453992486, 3471962.149529121816158 ], [ -10625056.455160846933722, 3472110.761964754201472 ], [ -10625204.176083877682686, 3472211.675761508289725 ], [ -10625494.274761885404587, 3472266.941391405649483 ], [ -10625616.058276874944568, 3472361.701520758215338 ], [ -10625762.55477362498641, 3472391.706909274682403 ], [ -10625742.851263422518969, 3472557.250559300649911 ], [ -10626008.227393070235848, 3472716.469186731148511 ], [ -10626036.644256915897131, 3473562.837295807432383 ], [ -10625861.517895616590977, 3473684.440790402702987 ], [ -10625482.586392212659121, 3473841.793682230170816 ], [ -10625378.502603799104691, 3473862.569024533964694 ], [ -10625250.930417325347662, 3473838.074683404527605 ], [ -10625172.004921888932586, 3474031.722536378540099 ], [ -10624390.542093237861991, 3475337.96031347149983 ], [ -10624151.141578938812017, 3475724.143521241378039 ], [ -10624057.252836659550667, 3475785.37356397183612 ], [ -10623608.247430579736829, 3475803.681790612172335 ], [ -10621125.875030383467674, 3475729.922038067597896 ], [ -10621166.558696117252111, 3475939.376014053355902 ], [ -10620956.712819071486592, 3475949.883861728478223 ], [ -10620955.667633168399334, 3476088.721122540999204 ], [ -10620854.750832619145513, 3476088.068890746217221 ], [ -10620855.836872177198529, 3476178.044740245677531 ], [ -10620815.370345812290907, 3476178.242029348853976 ], [ -10620815.627368025481701, 3476205.486514603253454 ], [ -10620554.673802483826876, 3476196.161723388358951 ], [ -10620553.502057932317257, 3476233.508958625141531 ], [ -10620509.06381905451417, 3476231.523208300583065 ], [ -10620508.860646640881896, 3476197.01432310976088 ], [ -10620427.727741599082947, 3476198.524076543748379 ], [ -10620428.863018844276667, 3476222.918070036452264 ], [ -10620306.501222025603056, 3476237.516000175848603 ], [ -10620279.077428907155991, 3476237.280752695631236 ], [ -10620279.573783349245787, 3476201.148574822116643 ], [ -10620183.808496711775661, 3476202.947591807227582 ], [ -10620184.279636772349477, 3476227.610193362925202 ], [ -10620112.558093950152397, 3476240.708810362033546 ], [ -10619943.621504278853536, 3476243.447224782314152 ], [ -10619943.50963488034904, 3476207.296193877235055 ], [ -10619744.69331444427371, 3476211.122188159730285 ], [ -10619744.5007961448282, 3476246.504885114729404 ], [ -10619698.741376172751188, 3476247.845233688130975 ], [ -10619697.989832170307636, 3476212.020544156432152 ], [ -10619459.212407322600484, 3476215.780564299318939 ], [ -10619459.114110065624118, 3476285.849085619673133 ], [ -10619415.999209765344858, 3476287.604747861623764 ], [ -10619413.056517992168665, 3476216.411545228678733 ], [ -10619284.606676558032632, 3476218.795311513356864 ], [ -10619285.387432556599379, 3476253.323200580663979 ], [ -10619239.618553632870317, 3476254.967876323498785 ], [ -10619213.874429849907756, 3476219.86019418342039 ], [ -10619191.283620553091168, 3476255.773435696493834 ], [ -10618766.666746580973268, 3476272.157875340431929 ], [ -10618548.952989872545004, 3476275.20229921117425 ], [ -10618549.089676989242435, 3476231.093995513394475 ], [ -10618518.696998802945018, 3476230.150238232221454 ] ] ] } },
{ "type": "Feature", "properties": { "ZIP": "77506", "POSTAL": "PASADENA", "STATE": "TX", "ZIP_TYPE": "STANDARD", "bbox_minx": -10600821.761459788, "bbox_miny": 3463838.4963302743, "bbox_maxx": -10594442.027498834, "bbox_maxy": 3471070.3311661035, "label_x": -10597622.754822105, "label_y": 3467483.9511248134 }, "geometry": { "type": "Polygon", "coordinates": [ [ [ -10594686.881960542872548, 3464052.630074581597 ], [ -10595076.637139093130827, 3464044.556085137650371 ], [ -10595084.518190501257777, 3464270.768319888040423 ], [ -10595477.795591317117214, 3464266.499855326954275 ], [ -10595476.248917538672686, 3464162.252971600275487 ], [ -10595693.267204040661454, 3464161.256664430256933 ], [ -10595713.139504075050354, 3464098.570573015604168 ], [ -10595870.263878593221307, 3464097.65558507014066 ], [ -10595871.501973992213607, 3464240.232087063603103 ], [ -10596043.053791368380189, 3464239.144434567075223 ], [ -10596101.8901033885777, 3464195.54162218188867 ], [ -10596098.584090767428279, 3463974.45620248420164 ], [ -10596865.341519555076957, 3463967.511792287230492 ], [ -10596866.83535073697567, 3464009.592335348483175 ], [ -10597312.631669897586107, 3464030.356083200778812 ], [ -10597315.526616597548127, 3464196.845738045405596 ], [ -10597431.331213906407356, 3464194.487878877203912 ], [ -10597483.727867064997554, 3464185.667045027483255 ], [ -10597480.318250605836511, 3464056.734618792310357 ], [ -10597718.271348014473915, 3464046.577083688229322 ], [ -10597722.440821098163724, 3463926.041859205346555 ], [ -10597957.060109730809927, 3463927.790350644849241 ], [ -10597956.458722254261374, 3463874.563541646581143 ], [ -10598075.484063055366278, 3463875.64275478804484 ], [ -10598082.311626426875591, 3463924.556289763655514 ], [ -10598177.322917180135846, 3463941.264284484088421 ], [ -10598313.572653537616134, 3463905.161876257043332 ], [ -10598592.900914760306478, 3463925.760764088481665 ], [ -10598592.339326955378056, 3463903.096471505239606 ], [ -10598649.325491612777114, 3463902.859949621837586 ], [ -10598647.97553052008152, 3463866.27859789179638 ], [ -10598792.52782067656517, 3463863.770685765892267 ], [ -10598795.027620509266853, 3463977.318624223582447 ], [ -10598882.186873080208898, 3463979.187245245091617 ], [ -10598869.576803432777524, 3463862.30621957173571 ], [ -10599112.238130541518331, 3463864.200782964937389 ], [ -10599116.45854551717639, 3463944.673211729153991 ], [ -10599207.645701464265585, 3463923.317633058875799 ], [ -10599206.929243084043264, 3463861.069321126677096 ], [ -10599340.509266886860132, 3463866.660355806350708 ], [ -10599349.578560933470726, 3463937.255693131592125 ], [ -10599459.539401166141033, 3463967.672841934021562 ], [ -10599514.588662955909967, 3463916.186158600728959 ], [ -10599734.540394937619567, 3463937.724607497919351 ], [ -10599742.022419879212976, 3463853.546976865734905 ], [ -10599867.169568944722414, 3463848.638365781400353 ], [ -10599870.462382417172194, 3463917.578183329664171 ], [ -10599806.424148581922054, 3463918.505672436207533 ], [ -10599807.521306224167347, 3463989.161524410359561 ], [ -10599970.098803255707026, 3463985.984979171771556 ], [ -10599971.788381794467568, 3463897.869197765365243 ], [ -10600021.137719668447971, 3463883.193108715582639 ], [ -10600022.100357653573155, 3463845.850274432450533 ], [ -10600090.262555936351418, 3463844.731430592481047 ], [ -10600087.913606254383922, 3463898.93147343583405 ], [ -10600150.089542569592595, 3463942.84295415179804 ], [ -10600182.958623493090272, 3463901.483210319653153 ], [ -10600443.200121166184545, 3463897.464665622916073 ], [ -10600441.702742604538798, 3463846.800400057341903 ], [ -10600626.714328251779079, 3463838.496330274268985 ], [ -10600624.607911191880703, 3463922.945495672058314 ], [ -10600741.50478265248239, 3463920.950022526085377 ], [ -10600750.27380390278995, 3465773.416919637937099 ], [ -10600818.101607073098421, 3465776.525295070372522 ], [ -10600821.761459788307548, 3465806.248441583476961 ], [ -10600748.795251734554768, 3465875.682015771046281 ], [ -10600747.074763441458344, 3466027.168327412568033 ], [ -10600511.956558903679252, 3466146.216840298380703 ], [ -10600536.585716681554914, 3466307.437948323786259 ], [ -10600527.827605325728655, 3466882.340653068386018 ], [ -10600765.826684588566422, 3466880.852025332394987 ], [ -10600790.62959717400372, 3468259.50332468887791 ], [ -10600247.784198312088847, 3468287.724426892586052 ], [ -10599776.234799280762672, 3468145.565558937843889 ], [ -10599320.826835291460156, 3468208.889441164210439 ], [ -10598949.019618719816208, 3468433.602383909747005 ], [ -10598670.275669617578387, 3468736.003256733994931 ], [ -10597829.702229052782059, 3470217.216410603374243 ], [ -10596142.87800076417625, 3470929.167124439030886 ], [ -10594669.119228137657046, 3471070.331166103482246 ], [ -10594583.959842804819345, 3470941.347377617377788 ], [ -10594479.764805842190981, 3470395.296560836490244 ], [ -10594464.513984750956297, 3469682.221640706527978 ], [ -10594495.349460024386644, 3469428.129397356882691 ], [ -10594442.027498833835125, 3466656.900669293943793 ], [ -10594612.023601630702615, 3466662.810242227744311 ], [ -10594607.994393927976489, 3464361.556762025225908 ], [ -10594547.666064314544201, 3464320.005315068177879 ], [ -10594568.0565035790205, 3464256.362696244381368 ], [ -10594638.583182267844677, 3464255.870562514755875 ], [ -10594615.200688762590289, 3464143.44324252102524 ], [ -10594688.356902476400137, 3464142.435716785490513 ], [ -10594686.881960542872548, 3464052.630074581597 ] ] ] } },
{ "type": "Feature", "properties": { "ZIP": "77006", "POSTAL": "HOUSTON", "STATE": "TX", "ZIP_TYPE": "STANDARD", "bbox_minx": -10620263.187972793, "bbox_miny": 3468352.4903601548, "bbox_maxx": -10616826.605204511, "bbox_maxy": 3471859.044020352, "label_x": -10618969.243765529, "label_y": 3470113.0011762604 }, "geometry": { "type": "Polygon", "coordinates": [ [ [ -10617529.996135829016566, 3471698.268398639280349 ], [ -10617446.761647744104266, 3471639.641372397542 ], [ -10617482.045746644958854, 3471573.746804280206561 ], [ -10617403.350614747032523, 3471502.486141903791577 ], [ -10617430.798822104930878, 3471459.003586880397052 ], [ -10617337.047527726739645, 3471420.888465284369886 ], [ -10617317.020216630771756, 3471445.512660025153309 ], [ -10616826.60520451143384, 3471103.087529515847564 ], [ -10617271.535888586193323, 3470458.374783063773066 ], [ -10617367.938589848577976, 3470527.992444849107414 ], [ -10617532.519338088110089, 3470287.729179232846946 ], [ -10617812.97107320651412, 3470479.575429898686707 ], [ -10617837.292441323399544, 3470445.257771402597427 ], [ -10617810.284130856394768, 3470089.08717848174274 ], [ -10617877.67297943122685, 3469980.920956479385495 ], [ -10617867.351248275488615, 3469909.097106045112014 ], [ -10617810.271274164319038, 3469907.780890486203134 ], [ -10617845.633250631392002, 3469798.193449718412012 ], [ -10618053.497631408274174, 3469802.861341954674572 ], [ -10618410.808996118605137, 3469265.992294772528112 ], [ -10618526.696018556132913, 3469222.643528778571635 ], [ -10618526.510627750307322, 3469062.564487041439861 ], [ -10618397.843916958197951, 3469061.437481840606779 ], [ -10618515.894300019368529, 3468891.740209763403982 ], [ -10618551.328733894973993, 3468917.447724880184978 ], [ -10618571.406768372282386, 3468885.367180678062141 ], [ -10618512.645103674381971, 3468835.538236623164266 ], [ -10618579.981676492840052, 3468808.283072267659009 ], [ -10618586.007078006863594, 3468705.314605519175529 ], [ -10618637.947071040049195, 3468705.085088742431253 ], [ -10618638.237828766927123, 3468656.0923314220272 ], [ -10618733.606103425845504, 3468656.267956225201488 ], [ -10618745.294697638601065, 3468706.006143873557448 ], [ -10618798.616750981658697, 3468705.493371406104416 ], [ -10618793.275687294080853, 3468388.770291019231081 ], [ -10618870.067461194470525, 3468394.242243356071413 ], [ -10618871.782093849033117, 3468418.492994177155197 ], [ -10619071.80548981577158, 3468414.79258921276778 ], [ -10619071.880864050239325, 3468461.507670277263969 ], [ -10619179.543154867365956, 3468463.219342288561165 ], [ -10619277.923936437815428, 3468446.352279416285455 ], [ -10619288.811319500207901, 3468393.806503271218389 ], [ -10619356.555944079533219, 3468359.807255054824054 ], [ -10619767.821297354996204, 3468352.490360154770315 ], [ -10619768.23183655180037, 3468394.904797641560435 ], [ -10620098.31007918715477, 3468366.779921166133136 ], [ -10620098.35905797034502, 3468392.793106951285154 ], [ -10620151.999843182042241, 3468398.723553774878383 ], [ -10620151.715609740465879, 3468445.735934215132147 ], [ -10620120.031166413798928, 3468447.362391327973455 ], [ -10620153.225276075303555, 3469244.271413241047412 ], [ -10620260.957316538318992, 3469243.560520614963025 ], [ -10620263.187972793355584, 3469425.968782885931432 ], [ -10620127.50449350848794, 3469429.925541871227324 ], [ -10620107.86778979562223, 3469545.600775490514934 ], [ -10620129.073977962136269, 3469586.909824155271053 ], [ -10620119.373394725844264, 3470356.029833120759577 ], [ -10620140.499149549752474, 3470355.419936899561435 ], [ -10620122.592451533302665, 3470574.220354916527867 ], [ -10620157.670531708747149, 3470573.857813381589949 ], [ -10620164.22698699682951, 3471200.625176810193807 ], [ -10620129.265210062265396, 3471201.07577392924577 ], [ -10620130.429369462653995, 3471253.990157382562757 ], [ -10620165.554460529237986, 3471253.543212793767452 ], [ -10620165.960577661171556, 3471321.959544324781746 ], [ -10620131.083343463018537, 3471339.729827788192779 ], [ -10620131.661065764725208, 3471374.117177804931998 ], [ -10620167.533318176865578, 3471387.551158875692636 ], [ -10620168.869451798498631, 3471555.950813429895788 ], [ -10620134.361820405349135, 3471579.788117462303489 ], [ -10620169.711828647181392, 3471580.0837188847363 ], [ -10620171.847829973325133, 3471735.686951807234436 ], [ -10620215.389767976477742, 3471735.496405961923301 ], [ -10620216.051848217844963, 3471763.352187323849648 ], [ -10620037.161352010443807, 3471764.506186566781253 ], [ -10620031.484154880046844, 3471556.788285975344479 ], [ -10619743.945825254544616, 3471695.779407149646431 ], [ -10619718.557699510827661, 3471796.705438553355634 ], [ -10619594.267019636929035, 3471773.127696946728975 ], [ -10619596.681777454912663, 3471813.625256367493421 ], [ -10619447.917577879503369, 3471817.008532561827451 ], [ -10619449.860360737890005, 3471857.704031435307115 ], [ -10619414.429699936881661, 3471823.777521044481546 ], [ -10618290.815516704693437, 3471838.247233485803008 ], [ -10618290.810780672356486, 3471699.289730916265398 ], [ -10617795.583583919331431, 3471704.133701808284968 ], [ -10617795.293148659169674, 3471675.296151486691087 ], [ -10617772.530136285349727, 3471710.972892262041569 ], [ -10617529.996135829016566, 3471698.268398639280349 ] ] ] } },
{ "type": "Feature", "properties": { "ZIP": "77009", "POSTAL": "HOUSTON", "STATE": "TX", "ZIP_TYPE": "STANDARD", "bbox_minx": -10618977.216148367, "bbox_miny": 3474178.1526866062, "bbox_maxx": -10613867.824074585, "bbox_maxy": 3479660.5341950948, "label_x": -10616223.010507176, "label_y": 3476919.2338405889 }, "geometry": { "type": "Polygon", "coordinates": [ [ [ -10614346.55795393884182, 3479462.553726819809526 ], [ -10614272.136846637353301, 3479040.055860875640064 ], [ -10614076.659666212275624, 3478267.232269399333745 ], [ -10613867.82407458499074, 3477156.95696889096871 ], [ -10613872.468437116593122, 3477054.911862296052277 ], [ -10614183.303466390818357, 3476164.91002998733893 ], [ -10614202.523620523512363, 3475903.592315982561558 ], [ -10614306.556036667898297, 3475903.042814957909286 ], [ -10614305.240604801103473, 3475778.381796433124691 ], [ -10614369.978798538446426, 3475778.147279480937868 ], [ -10614369.776609655469656, 3475743.183539781253785 ], [ -10614482.542902426794171, 3475741.542133814189583 ], [ -10614481.923641972243786, 3475688.763329682406038 ], [ -10614520.274994997307658, 3475688.425530588719994 ], [ -10614504.752979218959808, 3474339.765325314365327 ], [ -10614844.66372512280941, 3474226.475873519666493 ], [ -10615367.420054288581014, 3474226.091058406513184 ], [ -10615368.43939913623035, 3474189.720624182373285 ], [ -10615406.301522152498364, 3474178.152686606161296 ], [ -10615561.303313206881285, 3474236.945651336573064 ], [ -10615547.943065254017711, 3474265.660984212066978 ], [ -10615737.372697226703167, 3474322.249989366624504 ], [ -10616071.36941222473979, 3474326.224311933852732 ], [ -10616273.671998534351587, 3474697.405741676222533 ], [ -10616332.011797569692135, 3474965.634496562648565 ], [ -10616907.53359791263938, 3475189.054752442520112 ], [ -10617069.280838645994663, 3475378.747025842312723 ], [ -10617149.43096636980772, 3475421.32874004309997 ], [ -10617275.110693618655205, 3475435.693713175132871 ], [ -10617356.707810919731855, 3475407.98985283728689 ], [ -10617640.90648883394897, 3475202.13684062846005 ], [ -10617769.146591840311885, 3475165.199055993929505 ], [ -10617758.916659161448479, 3475242.586975543759763 ], [ -10617851.959762874990702, 3475251.334952411707491 ], [ -10617935.783417448401451, 3475351.760395232588053 ], [ -10618005.097156314179301, 3475379.772622464224696 ], [ -10618246.213579162955284, 3475392.34476029407233 ], [ -10618255.263840431347489, 3475255.499124378431588 ], [ -10618437.085553236305714, 3475256.644649834837765 ], [ -10618507.113814383745193, 3475502.269243793096393 ], [ -10618517.923967467620969, 3476433.729491897858679 ], [ -10618465.02712924964726, 3476434.388510833028704 ], [ -10618467.650549072772264, 3476691.775781811680645 ], [ -10618520.818288708105683, 3476691.167149130720645 ], [ -10618525.827558808028698, 3476959.513135256245732 ], [ -10618477.628144385293126, 3476960.187441480811685 ], [ -10618479.671136941760778, 3477136.68243075395003 ], [ -10618528.165178889408708, 3477136.147498627193272 ], [ -10618532.951900320127606, 3477491.091030854731798 ], [ -10618484.177929235622287, 3477490.585640198551118 ], [ -10618487.452722961083055, 3477666.973574656527489 ], [ -10618536.691554550081491, 3477665.780216010753065 ], [ -10618543.972288534045219, 3478390.616015274543315 ], [ -10618579.0131412204355, 3478500.020670684985816 ], [ -10618620.490414272993803, 3478484.500702173449099 ], [ -10618657.544444663450122, 3478545.954783867578954 ], [ -10618675.789860809221864, 3478748.798986050765961 ], [ -10618735.989317916333675, 3478753.607149771880358 ], [ -10618739.449672235175967, 3478920.537799344863743 ], [ -10618752.500944981351495, 3478957.92363034421578 ], [ -10618783.551614921540022, 3478957.409477293025702 ], [ -10618784.695864733308554, 3479020.273706600535661 ], [ -10618822.378360709175467, 3479019.753563902340829 ], [ -10618822.845254063606262, 3479074.547549247741699 ], [ -10618902.315972758457065, 3479073.1957389828749 ], [ -10618905.091406693682075, 3479176.163754639215767 ], [ -10618856.233406756073236, 3479176.877538860309869 ], [ -10618857.254189690575004, 3479240.522164017427713 ], [ -10618884.632078127935529, 3479239.964422950986773 ], [ -10618876.748422114178538, 3479365.302401907742023 ], [ -10618907.961782559752464, 3479460.928149418905377 ], [ -10618950.400101438164711, 3479463.129543788265437 ], [ -10618933.173779992386699, 3479533.410625810269266 ], [ -10618977.216148367151618, 3479646.782801934052259 ], [ -10617558.521574171259999, 3479660.534195094835013 ], [ -10617079.847743842750788, 3479558.792100416496396 ], [ -10616662.845020554959774, 3479617.296945038251579 ], [ -10615007.190203785896301, 3479647.57583687081933 ], [ -10614798.80006561614573, 3479620.889358124695718 ], [ -10614346.55795393884182, 3479462.553726819809526 ] ] ] } },
{ "type": "Feature", "properties": { "ZIP": "77023", "POSTAL": "HOUSTON", "STATE": "TX", "ZIP_TYPE": "STANDARD", "bbox_minx": -10613494.60312232, "bbox_miny": 3464448.2033592458, "bbox_maxx": -10607154.253505789, "bbox_maxy": 3470839.6811503265, "label_x": -10609924.589161959, "label_y": 3467645.7143562054 }, "geometry": { "type": "Polygon", "coordinates": [ [ [ -10612566.86603019759059, 3470812.977913679089397 ], [ -10612345.359714055433869, 3470712.325029350351542 ], [ -10612432.411560548469424, 3470585.268033016007394 ], [ -10610111.783171197399497, 3469747.422689334489405 ], [ -10610192.260910473763943, 3469514.514397033024579 ], [ -10610127.8194515183568, 3469491.324836475774646 ], [ -10610143.150751281529665, 3469422.687709762714803 ], [ -10610116.067521998658776, 3469363.858064324595034 ], [ -10610158.691604947671294, 3469235.818427068646997 ], [ -10610136.787366982549429, 3469158.932046276982874 ], [ -10609876.212538925930858, 3469168.901883362326771 ], [ -10609678.570552283897996, 3469268.275155520066619 ], [ -10609622.938085129484534, 3469260.556018834467977 ], [ -10609962.825085274875164, 3468313.559863932430744 ], [ -10610007.981838185340166, 3468328.063039718195796 ], [ -10610045.483286991715431, 3468232.267622538842261 ], [ -10609658.886507410556078, 3468094.512779318261892 ], [ -10609306.560359686613083, 3467913.900879795663059 ], [ -10609328.26758081279695, 3468156.170096322894096 ], [ -10609301.550942618399858, 3468324.479388855397701 ], [ -10609353.648372476920485, 3468493.431864914484322 ], [ -10609321.36575797572732, 3468542.65673943515867 ], [ -10609218.395242884755135, 3468589.7024294459261 ], [ -10609173.088164914399385, 3468762.760498481802642 ], [ -10609101.398432498797774, 3468890.568610979709774 ], [ -10609052.751802749931812, 3468901.593244046904147 ], [ -10608991.748710574582219, 3468868.519395700190216 ], [ -10608917.609977960586548, 3468733.532745270989835 ], [ -10608482.796002494171262, 3468574.704093478620052 ], [ -10608178.893806105479598, 3468627.646792562678456 ], [ -10608147.724300015717745, 3468721.995531090535223 ], [ -10607988.858126115053892, 3468913.959996062330902 ], [ -10607805.694783475250006, 3468693.251346863806248 ], [ -10607453.480060528963804, 3468041.671143238432705 ], [ -10607326.241975523531437, 3468028.339929731097072 ], [ -10607208.599841363728046, 3467946.351244331337512 ], [ -10607290.13795580714941, 3467750.372865579091012 ], [ -10607155.078336711972952, 3467550.866428651381284 ], [ -10607154.253505788743496, 3467525.480931523721665 ], [ -10607352.624865753576159, 3467386.406760391779244 ], [ -10609987.167755836620927, 3465704.71816393872723 ], [ -10610596.660812485963106, 3465279.941158262547106 ], [ -10610435.814078228548169, 3465225.893809480126947 ], [ -10610491.490724321454763, 3464961.263636821415275 ], [ -10610783.719252640381455, 3465063.821075222920626 ], [ -10610891.304786283522844, 3465062.644730984698981 ], [ -10611741.187449526041746, 3464448.203359245788306 ], [ -10612923.775834634900093, 3468709.689413662534207 ], [ -10613450.46350016631186, 3469148.931240166071802 ], [ -10613375.217577004805207, 3469319.207932924851775 ], [ -10613442.760947424918413, 3469343.399798443540931 ], [ -10613390.561757069081068, 3469471.008777934126556 ], [ -10613344.005308302119374, 3469454.215768561698496 ], [ -10613248.534880632534623, 3469729.206677073147148 ], [ -10613292.451360551640391, 3469884.715299728326499 ], [ -10613415.752946477383375, 3469927.985371981747448 ], [ -10613329.159988375380635, 3470127.712413317058235 ], [ -10613364.530874483287334, 3470249.759664132725447 ], [ -10613316.704911980777979, 3470238.082049485761672 ], [ -10613291.550111170858145, 3470311.077292179688811 ], [ -10613420.029139434918761, 3470361.348700698465109 ], [ -10613494.603122320026159, 3470662.201608240138739 ], [ -10613288.509607637301087, 3470610.438961126375943 ], [ -10613130.769644372165203, 3470839.681150326505303 ], [ -10612672.241085346788168, 3470672.24426062963903 ], [ -10612566.86603019759059, 3470812.977913679089397 ] ] ] } },
{ "type": "Feature", "properties": { "ZIP": "77028", "POSTAL": "HOUSTON", "STATE": "TX", "ZIP_TYPE": "STANDARD", "bbox_minx": -10611769.553717185, "bbox_miny": 3476958.6966209803, "bbox_maxx": -10604149.286232514, "bbox_maxy": 3484493.2942537912, "label_x": -10607722.089428931, "label_y": 3480750.3035078384 }, "geometry": { "type": "Polygon", "coordinates": [ [ [ -10604149.286232514306903, 3479445.436305548530072 ], [ -10604480.911881096661091, 3479279.337348266039044 ], [ -10604460.433757517486811, 3479236.781711272429675 ], [ -10604520.583598071709275, 3479207.540520267561078 ], [ -10604473.512835700064898, 3479137.618408354464918 ], [ -10604685.273419143632054, 3479001.601784738246351 ], [ -10604684.921732472255826, 3478947.466981933452189 ], [ -10604838.022388612851501, 3478753.505308335181326 ], [ -10605104.581870136782527, 3478749.149847093503922 ], [ -10605135.578812150284648, 3478891.434470301959664 ], [ -10609162.714633893221617, 3476958.696620980277658 ], [ -10609163.1364009026438, 3477205.965421215631068 ], [ -10609105.506111169233918, 3477234.411476723849773 ], [ -10609112.060322554782033, 3477903.787679592613131 ], [ -10609261.428414810448885, 3477902.203331739176065 ], [ -10609232.692283807322383, 3478902.994647149462253 ], [ -10609185.926414556801319, 3479043.443205027841032 ], [ -10609099.622300514951348, 3479170.311995484866202 ], [ -10608959.743913533166051, 3479126.318712319247425 ], [ -10608960.411841012537479, 3479294.900166362058371 ], [ -10611769.553717184811831, 3480427.533773858100176 ], [ -10611131.243658861145377, 3480638.570274122525007 ], [ -10610828.577021801844239, 3480825.208408063743263 ], [ -10610588.630578592419624, 3481039.351405937224627 ], [ -10608116.149965263903141, 3483765.805258927866817 ], [ -10607531.618772881105542, 3484493.294253791216761 ], [ -10607112.968453962355852, 3484334.102863829117268 ], [ -10607021.018598789349198, 3484265.052026384044439 ], [ -10606941.585076900199056, 3484445.00669081043452 ], [ -10606445.32675470598042, 3484277.69777044095099 ], [ -10606447.508085384964943, 3484322.883730021305382 ], [ -10604562.41162022575736, 3484358.120737512595952 ], [ -10604557.033493561670184, 3484152.768373939208686 ], [ -10604465.796051630750299, 3484154.891573396977037 ], [ -10604465.422388460487127, 3484120.670756 ], [ -10604555.582659516483545, 3484116.412305533420295 ], [ -10604552.340603530406952, 3483766.968116322997957 ], [ -10604474.27824048884213, 3483694.431415081489831 ], [ -10604485.499472601339221, 3483486.96310576191172 ], [ -10604549.662952749058604, 3483467.642963926773518 ], [ -10604547.794871546328068, 3483377.039871267974377 ], [ -10604449.407737422734499, 3483378.77351011056453 ], [ -10604449.107363285496831, 3483295.39770445972681 ], [ -10604533.424842540174723, 3483293.325291820801795 ], [ -10604532.60376556403935, 3483231.186464015394449 ], [ -10604490.466600205749273, 3483232.192255653440952 ], [ -10604482.590929245576262, 3482579.677415472920984 ], [ -10604447.665038594976068, 3482579.384225218556821 ], [ -10604445.872628262266517, 3482445.882251013536006 ], [ -10604397.06298122368753, 3482445.197698718402535 ], [ -10604393.178404659032822, 3482214.990479086060077 ], [ -10604495.9415198918432, 3482219.61332488944754 ], [ -10604489.838799566030502, 3481806.864891145378351 ], [ -10604377.039188418537378, 3481806.500033571384847 ], [ -10604375.177902765572071, 3481722.711314346641302 ], [ -10604194.3455871026963, 3481724.498618504498154 ], [ -10604190.632304072380066, 3481185.852198533248156 ], [ -10604508.894088309258223, 3481186.198503739200532 ], [ -10604531.031104300171137, 3479762.760933205951005 ], [ -10604315.069249330088496, 3479767.945135856047273 ], [ -10604149.286232514306903, 3479445.436305548530072 ] ] ] } },
{ "type": "Feature", "properties": { "ZIP": "77547", "POSTAL": "GALENA PARK", "STATE": "TX", "ZIP_TYPE": "STANDARD", "bbox_minx": -10603624.461240903, "bbox_miny": 3467562.8062497252, "bbox_maxx": -10599197.841679366, "bbox_maxy": 3471032.5126757864, "label_x": -10601405.245369274, "label_y": 3469306.755641466 }, "geometry": { "type": "Polygon", "coordinates": [ [ [ -10599197.84167936630547, 3468283.220868252683431 ], [ -10599320.826835291460156, 3468208.889441164210439 ], [ -10599776.234799280762672, 3468145.565558937843889 ], [ -10600247.784198312088847, 3468287.724426892586052 ], [ -10600772.21037002466619, 3468266.829959786962718 ], [ -10601887.544240292161703, 3467823.126045216806233 ], [ -10602307.283285230398178, 3467562.806249725166708 ], [ -10602697.223458666354418, 3467599.277393814176321 ], [ -10602945.747576659545302, 3467787.112380831968039 ], [ -10603043.68450128287077, 3468017.508400947321206 ], [ -10603093.778351346030831, 3468522.693955040536821 ], [ -10603580.271413551643491, 3468885.342888178303838 ], [ -10603588.171312477439642, 3469147.51081776060164 ], [ -10603460.487848456948996, 3469163.535225730389357 ], [ -10603463.137712547555566, 3469221.603408276103437 ], [ -10603575.593231294304132, 3469215.636366646271199 ], [ -10603578.993462575599551, 3469250.87232840526849 ], [ -10603624.461240902543068, 3470969.17510289279744 ], [ -10600435.094129336997867, 3471031.66050493484363 ], [ -10600426.563306951895356, 3470932.757094630040228 ], [ -10600311.570213567465544, 3470838.13579956209287 ], [ -10600270.827280469238758, 3470711.462192708160728 ], [ -10600286.523397600278258, 3470608.893394470214844 ], [ -10600243.887998191639781, 3470512.351288564503193 ], [ -10600177.986899947747588, 3470452.862213533371687 ], [ -10600168.41334973089397, 3470343.372340728063136 ], [ -10600116.315826473757625, 3470280.166059793904424 ], [ -10599997.20397274941206, 3470239.908975136000663 ], [ -10599629.181823233142495, 3470269.909397786483169 ], [ -10599400.308885848149657, 3470231.319213766604662 ], [ -10599281.085746569558978, 3470165.805665577761829 ], [ -10599302.013781998306513, 3469999.523603489622474 ], [ -10599254.114481532946229, 3469904.872036971151829 ], [ -10599197.84167936630547, 3468283.220868252683431 ] ] ] } },
{ "type": "Feature", "properties": { "ZIP": "77020", "POSTAL": "HOUSTON", "STATE": "TX", "ZIP_TYPE": "STANDARD", "bbox_minx": -10614533.20417141, "bbox_miny": 3471081.1647496684, "bbox_maxx": -10607166.396082383, "bbox_maxy": 3477910.2504613316, "label_x": -10610864.664125388, "label_y": 3474494.0258993786 }, "geometry": { "type": "Polygon", "coordinates": [ [ [ -10608012.389928521588445, 3471081.164749668445438 ], [ -10608279.802279222756624, 3471108.831969040445983 ], [ -10608311.305580167099833, 3471138.449775835964829 ], [ -10608284.700259268283844, 3471279.487906293943524 ], [ -10608158.464347114786506, 3471441.170690861996263 ], [ -10608118.602325024083257, 3471629.57787550194189 ], [ -10608441.771607143804431, 3471988.291821429971606 ], [ -10608617.878570822998881, 3472002.396532106678933 ], [ -10608779.959265369921923, 3471814.164529643021524 ], [ -10608849.311133291572332, 3471805.701865496113896 ], [ -10608970.760308654978871, 3471872.762257599271834 ], [ -10609199.409958714619279, 3472175.885195729788393 ], [ -10609292.695385729894042, 3472210.506328422576189 ], [ -10609406.240993453189731, 3472180.885996699333191 ], [ -10609589.36093358695507, 3472070.868498427327722 ], [ -10609791.405229015275836, 3472068.81688545178622 ], [ -10610194.046714559197426, 3472170.371488611213863 ], [ -10610311.822363499552011, 3472165.370579149574041 ], [ -10610630.306534178555012, 3472068.816836969926953 ], [ -10610778.36110015027225, 3472112.413378452416509 ], [ -10611009.793601423501968, 3472266.925975632388145 ], [ -10611231.430087544023991, 3472363.481330327689648 ], [ -10611567.502638818696141, 3472713.035418707411736 ], [ -10611667.133325757458806, 3472734.193615811876953 ], [ -10612069.77476661093533, 3472718.677648948971182 ], [ -10612362.210199035704136, 3472518.381510219536722 ], [ -10612409.298206934705377, 3472537.359560084994882 ], [ -10612442.916605507954955, 3472613.528239484876394 ], [ -10612442.260706350207329, 3472860.483898349571973 ], [ -10612599.990338968113065, 3472950.575294676236808 ], [ -10612968.012561116367579, 3473019.693501215428114 ], [ -10613270.022333946079016, 3472906.847687612753361 ], [ -10613580.714958176016808, 3473012.384273500647396 ], [ -10613849.217539181932807, 3472992.507964466698468 ], [ -10613934.154270056635141, 3473072.398125497158617 ], [ -10613953.523802135139704, 3473525.460462016519159 ], [ -10614074.41670909896493, 3473573.806931232102215 ], [ -10614258.539206983521581, 3473433.128327544312924 ], [ -10614454.572821477428079, 3473404.531177457887679 ], [ -10614453.624457180500031, 3473720.743083882145584 ], [ -10614497.925670633092523, 3473720.626130501274019 ], [ -10614453.925781896337867, 3473851.391151112504303 ], [ -10614533.204171409830451, 3473850.38343241205439 ], [ -10614505.495789460837841, 3474474.394973247312009 ], [ -10614208.556666327640414, 3474475.365977999288589 ], [ -10607193.086402421817183, 3477910.250461331568658 ], [ -10607166.396082382649183, 3476245.145750527270138 ], [ -10607225.94656023196876, 3476240.761426844168454 ], [ -10607225.171476326882839, 3476098.592102627269924 ], [ -10607263.117590637877584, 3476098.945683648809791 ], [ -10607261.70408003218472, 3476020.179028943646699 ], [ -10607434.052826164290309, 3476027.606068105436862 ], [ -10607438.78321323916316, 3475112.343829741701484 ], [ -10607515.666786078363657, 3475109.972050733864307 ], [ -10607507.017728343605995, 3474889.419449765235186 ], [ -10607437.660627719014883, 3474889.103280579205602 ], [ -10607451.686902338638902, 3474745.332255601417273 ], [ -10607549.425448212772608, 3474511.916333548724651 ], [ -10608098.359820915386081, 3473610.354858236853033 ], [ -10608123.422318974509835, 3473453.044127782341093 ], [ -10608097.49446040019393, 3472486.354963579215109 ], [ -10608079.956846756860614, 3472372.133804104756564 ], [ -10607933.086840115487576, 3472023.665075919125229 ], [ -10608012.389928521588445, 3471081.164749668445438 ] ] ] } },
{ "type": "Feature", "properties": { "ZIP": "77004", "POSTAL": "HOUSTON", "STATE": "TX", "ZIP_TYPE": "STANDARD", "bbox_minx": -10618922.036561104, "bbox_miny": 3466101.9074282628, "bbox_maxx": -10612257.0714838, "bbox_maxy": 3470889.7469903352, "label_x": -10615834.862279916, "label_y": 3468490.7478790414 }, "geometry": { "type": "Polygon", "coordinates": [ [ [ -10616254.649307694286108, 3470699.873123757075518 ], [ -10615969.726187145337462, 3470507.534851114265621 ], [ -10615838.035244468599558, 3470694.209192072041333 ], [ -10615647.233681870624423, 3470560.998344775754958 ], [ -10615800.857032004743814, 3470328.019566821865737 ], [ -10615223.299433507025242, 3469956.991976507473737 ], [ -10615009.70703281275928, 3470264.195566338021308 ], [ -10614857.348153719678521, 3470243.634897549636662 ], [ -10613857.142927337437868, 3469507.363689007703215 ], [ -10613253.615483129397035, 3468959.280666911508888 ], [ -10612923.775834634900093, 3468709.689413662534207 ], [ -10612257.071483800187707, 3466351.085938399191946 ], [ -10612735.639164783060551, 3466225.826625522691756 ], [ -10612827.589135214686394, 3466327.335098867304623 ], [ -10612955.693546358495951, 3466709.158614842221141 ], [ -10613089.965004481375217, 3466879.026960104703903 ], [ -10613133.54054569080472, 3466615.419633739627898 ], [ -10613199.487797189503908, 3466508.9611208839342 ], [ -10613253.629730561748147, 3466504.152566223870963 ], [ -10613428.603101, 3466597.643811544869095 ], [ -10613695.658697484061122, 3466656.474209520500153 ], [ -10613971.285811021924019, 3466476.907905133906752 ], [ -10614647.440558908507228, 3466259.662832492031157 ], [ -10614989.414073966443539, 3466269.27534250728786 ], [ -10615152.274520948529243, 3466388.215127696748823 ], [ -10615210.494666544720531, 3466397.955921582877636 ], [ -10615417.882946077734232, 3466331.180326720234007 ], [ -10615866.277910454198718, 3466346.560542596038431 ], [ -10616232.073901826515794, 3466301.189083084464073 ], [ -10616472.190023439005017, 3466235.952017479110509 ], [ -10616579.836036035791039, 3466351.302745283581316 ], [ -10616575.605912750586867, 3466566.114179639611393 ], [ -10616632.824102945625782, 3466723.636310600209981 ], [ -10616728.447606148198247, 3466806.691808889154345 ], [ -10616851.566921168938279, 3466835.658846587873995 ], [ -10616950.529956569895148, 3466822.58520615613088 ], [ -10617511.357759034261107, 3466579.315709305927157 ], [ -10617701.714126717299223, 3466689.158230328932405 ], [ -10617987.848585767671466, 3466727.241988124791533 ], [ -10618217.945931086316705, 3466575.743839647620916 ], [ -10618494.574926055967808, 3466169.963259492535144 ], [ -10618606.228339625522494, 3466118.568646704312414 ], [ -10618819.878976562991738, 3466104.819889375939965 ], [ -10618922.036561103537679, 3466341.109006972517818 ], [ -10618710.517823943868279, 3466730.95697550708428 ], [ -10618681.251859171316028, 3466948.031518741045147 ], [ -10618625.571046145632863, 3467098.425731398165226 ], [ -10618495.813640106469393, 3467090.550265267491341 ], [ -10618421.86639565974474, 3467362.731275366153568 ], [ -10618502.244418147951365, 3467621.864304236602038 ], [ -10618569.70408465526998, 3467686.339318346697837 ], [ -10618778.650694219395518, 3467784.398463903926313 ], [ -10618843.215972080826759, 3467883.868373784702271 ], [ -10618849.672520054504275, 3467995.388289966620505 ], [ -10618773.302001599222422, 3468067.47381398640573 ], [ -10618846.187628537416458, 3468112.700178500264883 ], [ -10618835.08620254509151, 3468189.519822176545858 ], [ -10618720.99271403811872, 3468349.300022420007735 ], [ -10618793.233464475721121, 3468386.228413918521255 ], [ -10618798.616750981658697, 3468705.493371406104416 ], [ -10618745.294697638601065, 3468706.006143873557448 ], [ -10618733.606103425845504, 3468656.267956225201488 ], [ -10618596.161384815350175, 3468654.905217000748962 ], [ -10618447.906688714399934, 3468537.020791932940483 ], [ -10618424.980028506368399, 3468569.37387949693948 ], [ -10618464.212970398366451, 3468598.747960502281785 ], [ -10618423.579599959775805, 3468660.34254448255524 ], [ -10618463.917022680863738, 3468686.237803905270994 ], [ -10618404.69216101244092, 3468772.418611825443804 ], [ -10618365.220092315226793, 3468745.487391302827746 ], [ -10618340.422256257385015, 3468782.744021476246417 ], [ -10618298.274507252499461, 3468755.091624857392162 ], [ -10618280.822905693203211, 3468779.820887696463615 ], [ -10618256.508676266297698, 3468817.642023608088493 ], [ -10618306.891981285065413, 3468874.918475565500557 ], [ -10618194.464972237125039, 3468992.678488184697926 ], [ -10618250.531156728044152, 3469031.773458998650312 ], [ -10617881.260843580588698, 3469567.777191573288292 ], [ -10617837.086151657626033, 3469537.92335339775309 ], [ -10617775.439484372735023, 3469630.494757135864347 ], [ -10617808.47847567871213, 3469650.98510950198397 ], [ -10617312.688006080687046, 3470375.049587720539421 ], [ -10617266.823688935488462, 3470341.971658271271735 ], [ -10617208.744964402168989, 3470417.791813575662673 ], [ -10617172.644477773457766, 3470390.480298170354217 ], [ -10617121.994073893874884, 3470462.14887125371024 ], [ -10617082.882970932871103, 3470434.448085117619485 ], [ -10616952.738671042025089, 3470591.657261590007693 ], [ -10616997.798974918201566, 3470619.916401088703424 ], [ -10616970.6770053897053, 3470659.643565663136542 ], [ -10616942.352071924135089, 3470639.622531132306904 ], [ -10616913.660867435857654, 3470680.831743496470153 ], [ -10616864.662572748959064, 3470645.903701483737677 ], [ -10616781.772853832691908, 3470756.940051491837949 ], [ -10616724.430434955283999, 3470720.094904129393399 ], [ -10616638.98349198140204, 3470849.298071372788399 ], [ -10616595.63377814181149, 3470818.29849407589063 ], [ -10616548.393890876322985, 3470889.746990335173905 ], [ -10616507.489198023453355, 3470865.098764890339226 ], [ -10616512.345438241958618, 3470824.920770529191941 ], [ -10616455.701047878712416, 3470843.103051142767072 ], [ -10616349.102980332449079, 3470767.546302203088999 ], [ -10616401.594473736360669, 3470688.803339460864663 ], [ -10616309.194349994882941, 3470623.110653781797737 ], [ -10616254.649307694286108, 3470699.873123757075518 ] ] ] } },
{ "type": "Feature", "properties": { "ZIP": "77032", "POSTAL": "HOUSTON", "STATE": "TX", "ZIP_TYPE": "STANDARD", "bbox_minx": -10618583.546972848, "bbox_miny": 3493069.2123074038, "bbox_maxx": -10609037.388036834, "bbox_maxy": 3505184.7180279084, "label_x": -10612668.718406428, "label_y": 3499128.0050893803 }, "geometry": { "type": "Polygon", "coordinates": [ [ [ -10609673.984766058623791, 3499959.17943708319217 ], [ -10609639.829392116516829, 3499419.127824247814715 ], [ -10610049.863325217738748, 3499409.257773170713335 ], [ -10610031.105506176128983, 3497411.726727357599884 ], [ -10609238.012578088790178, 3497408.143911928404123 ], [ -10609181.575198911130428, 3496836.719066437799484 ], [ -10609149.540594218298793, 3495760.340523846913129 ], [ -10609552.322518147528172, 3495767.324893331155181 ], [ -10609544.380460334941745, 3495270.498798804823309 ], [ -10609116.115710949525237, 3495273.77632905356586 ], [ -10609037.388036834076047, 3493925.463755417615175 ], [ -10609530.271298522129655, 3493069.212307403795421 ], [ -10609864.786296378821135, 3493077.817522868979722 ], [ -10610106.349608806893229, 3493162.456709403544664 ], [ -10610434.853396723046899, 3493158.603610895574093 ], [ -10610690.443014409393072, 3493212.546849342994392 ], [ -10611720.370880478993058, 3493177.48373223701492 ], [ -10611842.377108160406351, 3493213.317435155622661 ], [ -10612055.442539062350988, 3493349.332651534117758 ], [ -10612475.117082765325904, 3493356.01147164683789 ], [ -10612817.981067821383476, 3493451.569731546100229 ], [ -10613022.363677868619561, 3493423.313204272650182 ], [ -10613172.645024128258228, 3493345.608013535384089 ], [ -10613360.997583275660872, 3493368.084608110133559 ], [ -10613463.522842705249786, 3493425.368238048162311 ], [ -10613682.314934587106109, 3493628.853973790071905 ], [ -10614273.86363753862679, 3493617.667744550388306 ], [ -10614292.680447094142437, 3494585.832261328585446 ], [ -10614610.687112702056766, 3494658.181643114425242 ], [ -10614802.701088884845376, 3494656.530228555202484 ], [ -10614802.03668675199151, 3494600.442286160774529 ], [ -10614972.873853415250778, 3494601.151361239608377 ], [ -10615032.752780565991998, 3494629.526059968397021 ], [ -10615129.85600920021534, 3494612.817640841938555 ], [ -10615134.381666101515293, 3494731.064597295131534 ], [ -10615499.478139510378242, 3494789.809433026239276 ], [ -10615499.135121045634151, 3494724.726364099420607 ], [ -10616467.098434004932642, 3494734.842459072824568 ], [ -10616476.907285755500197, 3494790.699308986775577 ], [ -10616536.902970658615232, 3494790.264045740943402 ], [ -10616545.75136136636138, 3494963.124596335459501 ], [ -10616773.69403425976634, 3494989.510812509804964 ], [ -10616773.520459972321987, 3494902.128347075078636 ], [ -10617225.658383138477802, 3494902.750692713074386 ], [ -10617373.152973337098956, 3494873.876810193993151 ], [ -10617388.536704052239656, 3494955.808290974237025 ], [ -10617457.475577270612121, 3494942.144641377963126 ], [ -10617434.353060729801655, 3494844.715780545026064 ], [ -10617620.320926183834672, 3494801.391463845968246 ], [ -10617846.282519865781069, 3495725.914381709415466 ], [ -10618583.546972848474979, 3499171.343976765871048 ], [ -10618196.573836140334606, 3499089.498219452332705 ], [ -10618171.478562600910664, 3499068.493324916344136 ], [ -10618148.56276092864573, 3498833.098818550817668 ], [ -10617970.237023556604981, 3498830.987258794251829 ], [ -10617919.404219260439277, 3498791.212568699847907 ], [ -10617690.819687297567725, 3498773.043832538183779 ], [ -10617244.001521214842796, 3498785.370162157341838 ], [ -10617236.006347689777613, 3498975.248706115875393 ], [ -10616639.234259052202106, 3498984.621732125524431 ], [ -10616638.512067273259163, 3498779.363921691663563 ], [ -10615902.180372036993504, 3498786.899029869586229 ], [ -10615906.212301064282656, 3499085.119913698639721 ], [ -10615289.942465763539076, 3499091.017423819750547 ], [ -10615308.66691087000072, 3501503.066708842292428 ], [ -10614574.099284548312426, 3501511.796887408941984 ], [ -10614600.955186316743493, 3504069.466013267636299 ], [ -10612826.78701994381845, 3505184.718027908354998 ], [ -10612098.411908758804202, 3505032.389358763117343 ], [ -10609736.768950486555696, 3503987.532181729562581 ], [ -10609673.984766058623791, 3499959.17943708319217 ] ] ] } },
{ "type": "Feature", "properties": { "ZIP": "77587", "POSTAL": "SOUTH HOUSTON", "STATE": "TX", "ZIP_TYPE": "STANDARD", "bbox_minx": -10603128.064700391, "bbox_miny": 3458773.077129045, "bbox_maxx": -10598486.866935467, "bbox_maxy": 3461249.730057566, "label_x": -10601010.558686197, "label_y": 3459991.008785035 }, "geometry": { "type": "Polygon", "coordinates": [ [ [ -10598487.587586905807257, 3460535.373413789551705 ], [ -10598506.672568617388606, 3460264.305613752454519 ], [ -10598649.718019217252731, 3460270.122748263180256 ], [ -10598658.965927397832274, 3460165.317485907580703 ], [ -10598916.073155665770173, 3460152.346678628120571 ], [ -10598908.616885136812925, 3459950.7074009408243 ], [ -10598662.837704688310623, 3459952.151677976362407 ], [ -10598657.122268555685878, 3459753.260234197136015 ], [ -10598527.675426555797458, 3459756.097447843756527 ], [ -10598504.298316532745957, 3458783.708734650164843 ], [ -10599416.78418062441051, 3458773.07712904503569 ], [ -10599440.495279455557466, 3458949.974246075376868 ], [ -10599665.026693629100919, 3458963.552289098501205 ], [ -10600968.243934269994497, 3458977.770806134678423 ], [ -10603088.880266178399324, 3458922.946349429432303 ], [ -10603122.721333624795079, 3461245.374049860518426 ], [ -10602922.86048848181963, 3461215.014278530608863 ], [ -10601661.894579760730267, 3461246.758677322417498 ], [ -10601343.644349919632077, 3461161.392415043897927 ], [ -10601306.655247360467911, 3461190.411880759056658 ], [ -10601222.524086281657219, 3461169.793429565150291 ], [ -10598743.9691550899297, 3461209.88565082103014 ], [ -10598733.021662687882781, 3460662.149412748403847 ], [ -10598547.153812788426876, 3460666.339499730151147 ], [ -10598543.595870953053236, 3460534.022039156872779 ], [ -10598487.587586905807257, 3460535.373413789551705 ] ] ] } },
{ "type": "Feature", "properties": { "ZIP": "77029", "POSTAL": "HOUSTON", "STATE": "TX", "ZIP_TYPE": "STANDARD", "bbox_minx": -10608123.422318975, "bbox_miny": 3467679.2504782323, "bbox_maxx": -10599672.930389864, "bbox_maxy": 3478512.2264353791, "label_x": -10604187.360456802, "label_y": 3473094.87811082 }, "geometry": { "type": "Polygon", "coordinates": [ [ [ -10600133.136656261980534, 3474182.693986526224762 ], [ -10600138.610359236598015, 3473679.089682412333786 ], [ -10600254.604827247560024, 3473719.822798075620085 ], [ -10600295.095032416284084, 3473596.544222812633961 ], [ -10600277.506468722596765, 3473490.746463852003217 ], [ -10600336.394464580342174, 3473394.823841320816427 ], [ -10600259.138831105083227, 3473084.619298884645104 ], [ -10600294.872321082279086, 3473002.805476792156696 ], [ -10600260.553054165095091, 3472919.359804447740316 ], [ -10600315.132432801648974, 3472834.306646007113159 ], [ -10600257.580362938344479, 3472780.705562464892864 ], [ -10600005.107694420963526, 3472886.625672996044159 ], [ -10599784.806376032531261, 3472927.532200579997152 ], [ -10599782.02350140735507, 3472838.794786001555622 ], [ -10599750.543257508426905, 3472801.846759539097548 ], [ -10599814.194727268069983, 3472738.6455366932787 ], [ -10599738.6945188511163, 3472701.858712646178901 ], [ -10599801.61569962464273, 3472652.602266624104232 ], [ -10599744.063530769199133, 3472606.054630169644952 ], [ -10599809.964693235233426, 3472516.550113270524889 ], [ -10599774.208519633859396, 3472432.306526931002736 ], [ -10599809.986596131697297, 3472419.998530171811581 ], [ -10599852.17675257474184, 3472473.598219173960388 ], [ -10599882.878938440233469, 3472417.813800141215324 ], [ -10599831.004009503871202, 3472307.153054560534656 ], [ -10599672.930389864370227, 3472261.50413235090673 ], [ -10599717.698567835614085, 3472122.33232683641836 ], [ -10599866.203034047037363, 3472018.777749995701015 ], [ -10600056.336740419268608, 3471710.914375473279506 ], [ -10600057.450038751587272, 3471474.476217624265701 ], [ -10600126.802097529172897, 3471285.354536851868033 ], [ -10600223.427474912256002, 3471145.854975593276322 ], [ -10600296.675728030502796, 3471105.979868033900857 ], [ -10600401.316038930788636, 3471103.543831379152834 ], [ -10600435.094129336997867, 3471031.66050493484363 ], [ -10600558.05388792976737, 3471024.563342791981995 ], [ -10603624.461240902543068, 3470969.17510289279744 ], [ -10603578.993462575599551, 3469250.87232840526849 ], [ -10603575.593231294304132, 3469215.636366646271199 ], [ -10603463.137712547555566, 3469221.603408276103437 ], [ -10603460.487848456948996, 3469163.535225730389357 ], [ -10603588.171312477439642, 3469147.51081776060164 ], [ -10603580.271413551643491, 3468885.342888178303838 ], [ -10603093.778351346030831, 3468522.693955040536821 ], [ -10603043.68450128287077, 3468017.508400947321206 ], [ -10602945.747576659545302, 3467787.112380831968039 ], [ -10602828.874131767079234, 3467679.25047823227942 ], [ -10603069.399254167452455, 3467799.981001086067408 ], [ -10603561.431475257501006, 3468318.617540131788701 ], [ -10603882.588271493092179, 3468458.727470746263862 ], [ -10604322.300221251323819, 3468469.623532804660499 ], [ -10605023.835645627230406, 3468296.697507479693741 ], [ -10605451.859114671126008, 3468249.781052279751748 ], [ -10606020.701688282191753, 3468595.24948137672618 ], [ -10606355.105441022664309, 3469703.75937273632735 ], [ -10606570.842595806345344, 3470122.984972909558564 ], [ -10607066.548238730058074, 3470859.162596770562232 ], [ -10607421.100910348817706, 3471471.394058276899159 ], [ -10608012.389928521588445, 3471081.164749668445438 ], [ -10607933.086840115487576, 3472023.665075919125229 ], [ -10608079.956846756860614, 3472372.133804104756564 ], [ -10608097.49446040019393, 3472486.354963579215109 ], [ -10608123.422318974509835, 3473453.044127782341093 ], [ -10608098.359820915386081, 3473610.354858236853033 ], [ -10607549.425448212772608, 3474511.916333548724651 ], [ -10607451.686902338638902, 3474745.332255601417273 ], [ -10607437.660627719014883, 3474889.103280579205602 ], [ -10607507.017728343605995, 3474889.419449765235186 ], [ -10607515.666786078363657, 3475109.972050733864307 ], [ -10607438.78321323916316, 3475112.343829741701484 ], [ -10607434.052826164290309, 3476027.606068105436862 ], [ -10607261.70408003218472, 3476020.179028943646699 ], [ -10607263.117590637877584, 3476098.945683648809791 ], [ -10607225.171476326882839, 3476098.592102627269924 ], [ -10607225.94656023196876, 3476240.761426844168454 ], [ -10607166.396082382649183, 3476245.145750527270138 ], [ -10607193.086402421817183, 3477910.250461331568658 ], [ -10605882.254349686205387, 3478512.226435379125178 ], [ -10605874.425435891374946, 3477875.390568053815514 ], [ -10605752.662735527381301, 3477874.137389701325446 ], [ -10605739.620800387114286, 3477778.589253795798868 ], [ -10605481.966064414009452, 3477572.965536641422659 ], [ -10605409.105912933126092, 3477669.361942275892943 ], [ -10605189.165664069354534, 3477500.451993776019663 ], [ -10605328.734083689749241, 3477319.603314136620611 ], [ -10605252.607502268627286, 3477213.362603405956179 ], [ -10605081.431320069357753, 3477353.524868604727089 ], [ -10605077.613241815939546, 3477096.880686285439879 ], [ -10605024.22591233626008, 3477160.629757099784911 ], [ -10605019.566890507936478, 3476729.639164510183036 ], [ -10604892.807356452569366, 3476527.776746385730803 ], [ -10604901.974441593512893, 3476243.396677738055587 ], [ -10604972.651463964954019, 3476249.088544809259474 ], [ -10604837.170330606400967, 3475865.478555432986468 ], [ -10604734.62758563272655, 3475598.492334925103933 ], [ -10604514.249548099935055, 3475675.087460694368929 ], [ -10604408.619328189641237, 3475297.108949674293399 ], [ -10604319.132727583870292, 3475316.201695069670677 ], [ -10604270.442925676703453, 3474958.647203638218343 ], [ -10604745.498060800135136, 3474753.22567910188809 ], [ -10603315.59922382235527, 3474505.701750813052058 ], [ -10603313.409778323024511, 3474713.175685943104327 ], [ -10602905.670261455699801, 3474716.259185659699142 ], [ -10602903.873944088816643, 3474588.898719937074929 ], [ -10602495.181193061172962, 3474614.945857471320778 ], [ -10602491.746558055281639, 3474587.096288945060223 ], [ -10602310.397538937628269, 3474657.079512664116919 ], [ -10602309.137137634679675, 3474595.360538197681308 ], [ -10602022.912035193294287, 3474596.323536985553801 ], [ -10601916.785870065912604, 3474654.910916268825531 ], [ -10601760.030785825103521, 3474637.35283943451941 ], [ -10601765.407422250136733, 3474795.850298572331667 ], [ -10601568.75936315394938, 3474723.727218767162412 ], [ -10601236.702790385112166, 3474723.383182480931282 ], [ -10601268.516191618517041, 3474549.265024087857455 ], [ -10601146.480950102210045, 3474520.727724923752248 ], [ -10601155.261659502983093, 3474732.414397430140525 ], [ -10601088.599329300224781, 3474728.059763929340988 ], [ -10601003.159458342939615, 3474774.514628618955612 ], [ -10600984.903015717864037, 3474850.696556178387254 ], [ -10600789.853168211877346, 3474624.647769181989133 ], [ -10600755.142140639945865, 3474365.877527099102736 ], [ -10600669.193392802029848, 3474367.175406424794346 ], [ -10600651.024685433134437, 3474393.884183746296912 ], [ -10600572.386839240789413, 3474374.75128983380273 ], [ -10600458.536767339333892, 3474324.250765590928495 ], [ -10600474.308973042294383, 3474269.670465702190995 ], [ -10600133.136656261980534, 3474182.693986526224762 ] ] ] } },
{ "type": "Feature", "properties": { "ZIP": "77502", "POSTAL": "PASADENA", "STATE": "TX", "ZIP_TYPE": "STANDARD", "bbox_minx": -10601460.721340504, "bbox_miny": 3460534.0220391569, "bbox_maxx": -10594542.437656492, "bbox_maxy": 3464270.768319888, "label_x": -10597576.084031735, "label_y": 3462412.5747290412 }, "geometry": { "type": "Polygon", "coordinates": [ [ [ -10594686.881960542872548, 3464052.630074581597 ], [ -10594686.452680338174105, 3464026.961719986982644 ], [ -10594579.657395899295807, 3464027.872638955712318 ], [ -10594575.901848148554564, 3463896.572162120603025 ], [ -10594680.555804416537285, 3463894.179475510958582 ], [ -10594696.399959096685052, 3463288.357724119909108 ], [ -10594570.040303936228156, 3463293.973039740230888 ], [ -10594569.584349859505892, 3463236.537930457852781 ], [ -10594694.579508824273944, 3463234.334330847952515 ], [ -10594688.380588218569756, 3462996.245825460646302 ], [ -10594562.84438731521368, 3462997.276121691800654 ], [ -10594551.92332311719656, 3462318.907058416400105 ], [ -10594825.604652376845479, 3462317.297909474000335 ], [ -10594824.713282976299524, 3462104.221720880828798 ], [ -10594551.195335071533918, 3462106.367760329972953 ], [ -10594548.696881139650941, 3461997.85654788184911 ], [ -10594718.753540134057403, 3461991.623664180748165 ], [ -10594722.645162848755717, 3461925.230938434135169 ], [ -10594545.813567880541086, 3461844.67004969669506 ], [ -10594542.437656491994858, 3461648.437072227243334 ], [ -10594595.295380890369415, 3461647.263210928998888 ], [ -10594594.533030986785889, 3461595.90560750849545 ], [ -10594636.543608572334051, 3461595.596394044347107 ], [ -10594634.968189395964146, 3461333.247522966004908 ], [ -10594587.270597899332643, 3461333.224429045803845 ], [ -10594595.83561921492219, 3461072.25873446604237 ], [ -10594766.419184567406774, 3461071.289134713355452 ], [ -10594765.238346623256803, 3461022.249887087848037 ], [ -10594668.854602165520191, 3461021.663010987453163 ], [ -10594682.483203556388617, 3460809.895864458754659 ], [ -10594823.379294954240322, 3460807.958620434161276 ], [ -10594822.934627013280988, 3460704.370468209497631 ], [ -10595334.631537107750773, 3460696.814542314037681 ], [ -10595338.817242302000523, 3460998.878884936217219 ], [ -10595701.162197234109044, 3460991.704448857344687 ], [ -10595764.948317717760801, 3461030.907596061006188 ], [ -10595948.402850406244397, 3460785.31328930798918 ], [ -10595999.387091452255845, 3460764.430997527204454 ], [ -10595995.616687215864658, 3460686.378500567749143 ], [ -10596998.449228592216969, 3460672.435496282298118 ], [ -10597000.495033130049706, 3460806.687608391046524 ], [ -10597384.677520321682096, 3460798.396085822954774 ], [ -10597381.921278631314635, 3460625.752512267790735 ], [ -10597488.836181443184614, 3460619.228646914940327 ], [ -10597531.099370412528515, 3460690.51865432690829 ], [ -10597858.584304247051477, 3460679.037484324537218 ], [ -10597857.92621542699635, 3460602.129784001037478 ], [ -10597970.314607402309775, 3460592.700242709368467 ], [ -10597972.174908354878426, 3460677.198591812048107 ], [ -10598249.843140508979559, 3460671.132903495337814 ], [ -10598249.705397840589285, 3460713.124460832681507 ], [ -10598410.932514186948538, 3460716.58236523764208 ], [ -10598408.945993626490235, 3460536.625041994266212 ], [ -10598543.595870953053236, 3460534.022039156872779 ], [ -10598547.153812788426876, 3460666.339499730151147 ], [ -10598733.021662687882781, 3460662.149412748403847 ], [ -10598740.09951033629477, 3461208.889847743324935 ], [ -10600760.992179771885276, 3461178.791952933650464 ], [ -10600774.560052294284105, 3461942.76797911291942 ], [ -10600302.442102208733559, 3461954.522258252836764 ], [ -10601460.721340503543615, 3463827.066384252626449 ], [ -10600741.504812549799681, 3463836.297460139263421 ], [ -10600741.50478265248239, 3463920.950022526085377 ], [ -10600624.607911191880703, 3463922.945495672058314 ], [ -10600626.714328251779079, 3463838.496330274268985 ], [ -10600441.702742604538798, 3463846.800400057341903 ], [ -10600443.200121166184545, 3463897.464665622916073 ], [ -10600182.958623493090272, 3463901.483210319653153 ], [ -10600150.089542569592595, 3463942.84295415179804 ], [ -10600087.913606254383922, 3463898.93147343583405 ], [ -10600090.262555936351418, 3463844.731430592481047 ], [ -10600022.100357653573155, 3463845.850274432450533 ], [ -10600021.137719668447971, 3463883.193108715582639 ], [ -10599971.788381794467568, 3463897.869197765365243 ], [ -10599970.098803255707026, 3463985.984979171771556 ], [ -10599807.521306224167347, 3463989.161524410359561 ], [ -10599806.424148581922054, 3463918.505672436207533 ], [ -10599870.462382417172194, 3463917.578183329664171 ], [ -10599867.169568944722414, 3463848.638365781400353 ], [ -10599742.022419879212976, 3463853.546976865734905 ], [ -10599734.540394937619567, 3463937.724607497919351 ], [ -10599514.588662955909967, 3463916.186158600728959 ], [ -10599459.539401166141033, 3463967.672841934021562 ], [ -10599349.578560933470726, 3463937.255693131592125 ], [ -10599340.509266886860132, 3463866.660355806350708 ], [ -10599206.929243084043264, 3463861.069321126677096 ], [ -10599207.645701464265585, 3463923.317633058875799 ], [ -10599116.45854551717639, 3463944.673211729153991 ], [ -10599112.238130541518331, 3463864.200782964937389 ], [ -10598869.576803432777524, 3463862.30621957173571 ], [ -10598882.186873080208898, 3463979.187245245091617 ], [ -10598795.027620509266853, 3463977.318624223582447 ], [ -10598792.52782067656517, 3463863.770685765892267 ], [ -10598647.97553052008152, 3463866.27859789179638 ], [ -10598649.325491612777114, 3463902.859949621837586 ], [ -10598592.339326955378056, 3463903.096471505239606 ], [ -10598592.900914760306478, 3463925.760764088481665 ], [ -10598313.572653537616134, 3463905.161876257043332 ], [ -10598177.322917180135846, 3463941.264284484088421 ], [ -10598082.311626426875591, 3463924.556289763655514 ], [ -10598075.484063055366278, 3463875.64275478804484 ], [ -10597956.458722254261374, 3463874.563541646581143 ], [ -10597957.060109730809927, 3463927.790350644849241 ], [ -10597722.440821098163724, 3463926.041859205346555 ], [ -10597718.271348014473915, 3464046.577083688229322 ], [ -10597480.318250605836511, 3464056.734618792310357 ], [ -10597483.727867064997554, 3464185.667045027483255 ], [ -10597431.331213906407356, 3464194.487878877203912 ], [ -10597315.526616597548127, 3464196.845738045405596 ], [ -10597312.631669897586107, 3464030.356083200778812 ], [ -10596866.83535073697567, 3464009.592335348483175 ], [ -10596865.341519555076957, 3463967.511792287230492 ], [ -10596098.584090767428279, 3463974.45620248420164 ], [ -10596101.8901033885777, 3464195.54162218188867 ], [ -10596043.053791368380189, 3464239.144434567075223 ], [ -10595871.501973992213607, 3464240.232087063603103 ], [ -10595870.263878593221307, 3464097.65558507014066 ], [ -10595713.139504075050354, 3464098.570573015604168 ], [ -10595693.267204040661454, 3464161.256664430256933 ], [ -10595476.248917538672686, 3464162.252971600275487 ], [ -10595477.795591317117214, 3464266.499855326954275 ], [ -10595084.518190501257777, 3464270.768319888040423 ], [ -10595076.637139093130827, 3464044.556085137650371 ], [ -10594686.881960542872548, 3464052.630074581597 ] ] ] } },
{ "type": "Feature", "properties": { "ZIP": "77504", "POSTAL": "PASADENA", "STATE": "TX", "ZIP_TYPE": "STANDARD", "bbox_minx": -10598916.073155666, "bbox_miny": 3456001.6614961335, "bbox_maxx": -10594400.572852695, "bbox_maxy": 3461030.907596061, "label_x": -10596461.138404397, "label_y": 3458491.7246791343 }, "geometry": { "type": "Polygon", "coordinates": [ [ [ -10595334.631537107750773, 3460696.814542314037681 ], [ -10594540.644557289779186, 3460706.68911158060655 ], [ -10594521.936989195644855, 3460674.51874517602846 ], [ -10594522.553927326574922, 3460438.274851568974555 ], [ -10594810.493755744770169, 3460440.828849783167243 ], [ -10594809.760823242366314, 3460400.944188731256872 ], [ -10594682.808953342959285, 3460403.119829976465553 ], [ -10594673.662446260452271, 3460175.795815713237971 ], [ -10594519.278508648276329, 3460181.09805188793689 ], [ -10594534.001292763277888, 3459966.832130009308457 ], [ -10594682.6046895198524, 3459965.733312494121492 ], [ -10594701.619810512289405, 3459523.193974099587649 ], [ -10594744.950348762795329, 3459522.572615292854607 ], [ -10594737.596458, 3459415.059836238157004 ], [ -10594784.94968762435019, 3459414.118519914336503 ], [ -10594782.455178301781416, 3459310.369784676004201 ], [ -10594442.310195665806532, 3459310.452035205438733 ], [ -10594431.563388185575604, 3458860.180436096154153 ], [ -10594644.975878838449717, 3458862.995337527245283 ], [ -10594644.485227841883898, 3458724.58085878379643 ], [ -10594428.565171355381608, 3458729.076316728256643 ], [ -10594402.381999440491199, 3457563.275287330616266 ], [ -10594559.322002982720733, 3457560.199311546050012 ], [ -10594556.230425218120217, 3457412.799042530823499 ], [ -10594607.808789679780602, 3457411.775904388166964 ], [ -10594613.024290578439832, 3457135.475959488190711 ], [ -10594878.669435296207666, 3456655.833866692148149 ], [ -10594406.486798146739602, 3456641.395944928750396 ], [ -10594400.57285269536078, 3456150.903822505380958 ], [ -10595718.305377140641212, 3456117.990083821117878 ], [ -10595862.798129083588719, 3456089.175131925847381 ], [ -10596029.544922858476639, 3456001.661496133543551 ], [ -10596107.798705700784922, 3456114.978870756924152 ], [ -10596573.564568310976028, 3456106.394519464112818 ], [ -10596593.371293507516384, 3456257.820430126041174 ], [ -10596811.942207301035523, 3456259.677545761689544 ], [ -10596821.195058856159449, 3456143.872526259627193 ], [ -10596954.814255001023412, 3456147.399807814508677 ], [ -10596952.200782807543874, 3456190.490723730064929 ], [ -10597026.645811591297388, 3456195.311327828560024 ], [ -10597018.286084832623601, 3456112.696210684254766 ], [ -10597179.797331247478724, 3456300.445612739305943 ], [ -10597095.083252150565386, 3456374.456270637921989 ], [ -10597442.470155201852322, 3456744.432009850628674 ], [ -10597556.680442819371819, 3456740.543369812425226 ], [ -10597481.33734036795795, 3456651.720490092877299 ], [ -10597658.407778838649392, 3456498.253425387199968 ], [ -10597614.426028143614531, 3456447.709485569037497 ], [ -10597787.347559263929725, 3456286.491812287364155 ], [ -10598133.262525478377938, 3456670.923567823134363 ], [ -10598290.211889650672674, 3456536.436652943026274 ], [ -10598396.977209225296974, 3456500.134189442265779 ], [ -10598486.255033534020185, 3456531.505029120016843 ], [ -10598842.709537392482162, 3456971.964205289725214 ], [ -10598574.986225022003055, 3457239.130866460967809 ], [ -10598479.696694418787956, 3457511.042033655568957 ], [ -10598527.675426555797458, 3459756.097447843756527 ], [ -10598657.122268555685878, 3459753.260234197136015 ], [ -10598662.837704688310623, 3459952.151677976362407 ], [ -10598908.616885136812925, 3459950.7074009408243 ], [ -10598916.073155665770173, 3460152.346678628120571 ], [ -10598658.965927397832274, 3460165.317485907580703 ], [ -10598649.718019217252731, 3460270.122748263180256 ], [ -10598506.672568617388606, 3460264.305613752454519 ], [ -10598487.587586905807257, 3460535.373413789551705 ], [ -10598408.945993626490235, 3460536.625041994266212 ], [ -10598410.932514186948538, 3460716.58236523764208 ], [ -10598249.705397840589285, 3460713.124460832681507 ], [ -10598249.843140508979559, 3460671.132903495337814 ], [ -10597972.174908354878426, 3460677.198591812048107 ], [ -10597970.314607402309775, 3460592.700242709368467 ], [ -10597857.92621542699635, 3460602.129784001037478 ], [ -10597858.584304247051477, 3460679.037484324537218 ], [ -10597531.099370412528515, 3460690.51865432690829 ], [ -10597488.836181443184614, 3460619.228646914940327 ], [ -10597381.921278631314635, 3460625.752512267790735 ], [ -10597384.677520321682096, 3460798.396085822954774 ], [ -10597000.495033130049706, 3460806.687608391046524 ], [ -10596998.449228592216969, 3460672.435496282298118 ], [ -10595995.616687215864658, 3460686.378500567749143 ], [ -10595999.387091452255845, 3460764.430997527204454 ], [ -10595948.402850406244397, 3460785.31328930798918 ], [ -10595764.948317717760801, 3461030.907596061006188 ], [ -10595701.162197234109044, 3460991.704448857344687 ], [ -10595338.817242302000523, 3460998.878884936217219 ], [ -10595334.631537107750773, 3460696.814542314037681 ] ] ] } },
{ "type": "Feature", "properties": { "ZIP": "77047", "POSTAL": "HOUSTON", "STATE": "TX", "ZIP_TYPE": "STANDARD", "bbox_minx": -10623333.285572438, "bbox_miny": 3449709.7584310882, "bbox_maxx": -10613683.228470286, "bbox_maxy": 3458410.8361902102, "label_x": -10618336.979001813, "label_y": 3454043.2351873163 }, "geometry": { "type": "Polygon", "coordinates": [ [ [ -10613707.4978356808424, 3451226.134612185880542 ], [ -10613691.727654615417123, 3450614.87508234474808 ], [ -10613852.584408534690738, 3450479.951437327079475 ], [ -10613896.827985752373934, 3450398.133456740994006 ], [ -10614136.825209686532617, 3450442.647351081483066 ], [ -10614198.565379183739424, 3450505.169491160660982 ], [ -10614360.312622031196952, 3450476.239183318801224 ], [ -10614537.867136087268591, 3450371.655317949596792 ], [ -10615005.965716272592545, 3450570.199043191503733 ], [ -10615271.24002473987639, 3450382.919952048920095 ], [ -10615369.40448135137558, 3450350.889631239231676 ], [ -10615914.889371417462826, 3450436.044026620220393 ], [ -10616341.910864733159542, 3450279.616876388899982 ], [ -10616875.576404931023717, 3450627.676210481207818 ], [ -10617214.655702605843544, 3450747.111890484578907 ], [ -10617245.859282448887825, 3450711.376734327990562 ], [ -10617463.900071823969483, 3450686.049799214117229 ], [ -10617964.413149550557137, 3450545.699599789921194 ], [ -10618096.306057633832097, 3450562.390423767734319 ], [ -10618308.628784069791436, 3450386.539382575079799 ], [ -10618588.672163316980004, 3450388.808477270882577 ], [ -10618758.211724400520325, 3450255.167259704787284 ], [ -10619086.151164641603827, 3449887.001766795758158 ], [ -10619449.394480692222714, 3450024.498649948276579 ], [ -10620308.558326598256826, 3449908.653915566392243 ], [ -10620402.051882710307837, 3449924.510521963238716 ], [ -10620475.871479865163565, 3449976.240554311778396 ], [ -10620610.506482563912868, 3449975.217548980843276 ], [ -10620809.162033462896943, 3450043.187590515706688 ], [ -10621384.795197211205959, 3450100.918334812391549 ], [ -10621783.875510547310114, 3450095.670155591797084 ], [ -10622564.734093388542533, 3449736.085281540639699 ], [ -10622571.069581316784024, 3449709.75843108817935 ], [ -10623333.285572437569499, 3450125.598652927670628 ], [ -10623294.926242524757981, 3450418.378596280701458 ], [ -10622381.772517612203956, 3453034.138564214110374 ], [ -10622304.84537305124104, 3453061.268369063735008 ], [ -10622276.420564848929644, 3453144.186993080191314 ], [ -10622166.980929635465145, 3453145.637286007869989 ], [ -10622168.263790402561426, 3453284.779629062395543 ], [ -10622247.233976328745484, 3453283.764738529920578 ], [ -10622228.040520254522562, 3453338.138471624813974 ], [ -10622064.217664819210768, 3453321.636930197943002 ], [ -10622065.746585557237267, 3453601.717794280033559 ], [ -10622185.001617208123207, 3453613.17923683160916 ], [ -10621820.388291802257299, 3454673.611376843415201 ], [ -10621728.772409299388528, 3454663.11116176424548 ], [ -10621330.47124589048326, 3454793.340539968572557 ], [ -10621199.336827134713531, 3455022.429599035065621 ], [ -10621104.270020248368382, 3455081.975548635236919 ], [ -10620968.126264881342649, 3455111.044184478465468 ], [ -10620837.548503985628486, 3455215.282453346066177 ], [ -10620796.471676602959633, 3455319.777705627959222 ], [ -10620791.239600505679846, 3455597.795322350692004 ], [ -10620682.925743093714118, 3455744.938365790061653 ], [ -10620634.5018107034266, 3455900.535325640812516 ], [ -10620097.607886180281639, 3456001.962489282246679 ], [ -10620013.450367856770754, 3456100.957186027895659 ], [ -10619731.255376262590289, 3456179.333978625945747 ], [ -10619296.218852445483208, 3456207.764775647781789 ], [ -10619139.03572753816843, 3456283.068523594643921 ], [ -10619018.031510408967733, 3456255.918114243540913 ], [ -10618934.430460453033447, 3456365.544528863858432 ], [ -10618837.471284816041589, 3456418.949315058067441 ], [ -10618632.754706161096692, 3456331.990498981438577 ], [ -10618478.131954077631235, 3456371.563718948513269 ], [ -10618249.481699746102095, 3456194.830046820919961 ], [ -10618175.454263173043728, 3456060.104228711221367 ], [ -10618112.113421730697155, 3456026.294862435664982 ], [ -10617917.86088564619422, 3455985.057878686580807 ], [ -10617750.10242990590632, 3456022.452941739931703 ], [ -10617641.231987023726106, 3456095.450411673635244 ], [ -10617640.452757781371474, 3456286.782504721079022 ], [ -10617438.630496270954609, 3456418.437062172684819 ], [ -10617420.37417090497911, 3456843.890116145834327 ], [ -10617254.062797663733363, 3456916.379852385725826 ], [ -10617151.203559031710029, 3457048.29698030045256 ], [ -10617202.076641865074635, 3457302.657469615805894 ], [ -10617157.882705328986049, 3457405.50455194991082 ], [ -10616958.064245328307152, 3457414.085810834541917 ], [ -10616830.826101206243038, 3457601.723167603369802 ], [ -10616633.567948473617435, 3457658.719250426627696 ], [ -10616590.598620811477304, 3457783.343283800873905 ], [ -10616540.059628857299685, 3457835.088810564950109 ], [ -10616417.274236427620053, 3457905.278626543935388 ], [ -10616257.196803171187639, 3457933.072900361381471 ], [ -10616208.661516085267067, 3458084.59751088405028 ], [ -10616074.07617768459022, 3458183.992558347992599 ], [ -10615877.819987557828426, 3458188.859787783119828 ], [ -10615436.215512385591865, 3458291.457798989955336 ], [ -10615334.692094398662448, 3458393.800415394362062 ], [ -10615159.80921682715416, 3458374.587082823272794 ], [ -10615013.201454270631075, 3458410.83619021018967 ], [ -10614993.18743653036654, 3457990.779798518400639 ], [ -10614897.091775247827172, 3457989.315920064225793 ], [ -10614897.080883959308267, 3457842.476313308347017 ], [ -10614843.77409578487277, 3457843.864998049568385 ], [ -10614840.150830248370767, 3457666.322918841149658 ], [ -10614803.568272113800049, 3457668.235490832012147 ], [ -10614805.891190856695175, 3457593.360764731653035 ], [ -10614754.153224701061845, 3457593.268674741033465 ], [ -10614753.41087456792593, 3457126.744435345754027 ], [ -10614853.842760730534792, 3457126.833132866304368 ], [ -10614840.880956480279565, 3456563.58881868282333 ], [ -10614879.26495854370296, 3456552.556241183541715 ], [ -10614867.931843679398298, 3456172.1234998004511 ], [ -10614190.564166747033596, 3456170.325815573334694 ], [ -10614200.66616427525878, 3455845.195653532631695 ], [ -10614940.959747016429901, 3455849.231397118419409 ], [ -10614922.959555353969336, 3455183.636567397974432 ], [ -10614723.65450650267303, 3455188.120678129605949 ], [ -10614720.959724638611078, 3455066.852893236093223 ], [ -10614921.402928670868278, 3455064.800893676932901 ], [ -10614919.843643721193075, 3455005.049942432437092 ], [ -10614719.772536730393767, 3455010.102620975580066 ], [ -10614717.841000072658062, 3454945.599515865091234 ], [ -10614918.737559592351317, 3454942.030787807889283 ], [ -10614919.451822247356176, 3454595.168587513267994 ], [ -10614721.992524037137628, 3454595.830632293596864 ], [ -10614720.833193441852927, 3454494.300439864397049 ], [ -10614921.175662618130445, 3454494.790969396475703 ], [ -10614918.374809343367815, 3454221.130740934982896 ], [ -10614632.579942930489779, 3454220.659928512293845 ], [ -10614635.531947294250131, 3454004.335432847961783 ], [ -10614916.199167424812913, 3454006.058249619789422 ], [ -10614918.763952005654573, 3453513.161718907300383 ], [ -10614636.006844993680716, 3453513.292878796812147 ], [ -10614637.592730041593313, 3453240.954608388710767 ], [ -10614918.476911347359419, 3453241.931701826862991 ], [ -10614876.61248966678977, 3452820.192679014522582 ], [ -10614667.999681159853935, 3452074.802893466316164 ], [ -10614453.375732902437449, 3452121.404506686143577 ], [ -10614433.894848899915814, 3451370.038164741825312 ], [ -10614286.841792179271579, 3451365.173448496498168 ], [ -10614284.576340647414327, 3451234.583644329570234 ], [ -10613707.4978356808424, 3451226.134612185880542 ] ] ] } },
{ "type": "Feature", "properties": { "ZIP": "77048", "POSTAL": "HOUSTON", "STATE": "TX", "ZIP_TYPE": "STANDARD", "bbox_minx": -10615013.201454271, "bbox_miny": 3450831.4726649746, "bbox_maxx": -10608463.021832369, "bbox_maxy": 3459273.8009911212, "label_x": -10612109.389681088, "label_y": 3455031.5687334947 }, "geometry": { "type": "Polygon", "coordinates": [ [ [ -10610405.465132718905807, 3459273.800991121213883 ], [ -10608463.021832369267941, 3451807.375567456241697 ], [ -10608626.579668154940009, 3451856.520252732094377 ], [ -10608993.933907572180033, 3451664.485525215044618 ], [ -10610004.266727754846215, 3451712.407307329121977 ], [ -10610339.452674483880401, 3451955.995162208098918 ], [ -10610518.788347786292434, 3452019.239635887555778 ], [ -10610750.5554801505059, 3451970.718097946606576 ], [ -10610929.111973149701953, 3452015.014791650231928 ], [ -10611237.437798485159874, 3451813.217110737226903 ], [ -10611330.418731465935707, 3451853.831669390201569 ], [ -10611382.961496153846383, 3451917.075671390164644 ], [ -10611553.169074302539229, 3451981.856295780278742 ], [ -10611899.817990742623806, 3451990.946062259376049 ], [ -10612102.308129539713264, 3452109.882156302686781 ], [ -10612269.621339110657573, 3452121.788580970838666 ], [ -10612472.779354639351368, 3451997.859435143880546 ], [ -10612661.799853241071105, 3451738.098525335546583 ], [ -10612886.553956154733896, 3451607.771969710942358 ], [ -10612934.755150498822331, 3451446.8499312591739 ], [ -10613246.449866255745292, 3451408.443999252282083 ], [ -10613302.109591899439692, 3451254.821415316779166 ], [ -10613392.723630789667368, 3451195.805172237567604 ], [ -10613686.050432307645679, 3450831.472664974629879 ], [ -10613707.4978356808424, 3451226.134612185880542 ], [ -10614284.576340647414327, 3451234.583644329570234 ], [ -10614286.841792179271579, 3451365.173448496498168 ], [ -10614433.894848899915814, 3451370.038164741825312 ], [ -10614453.375732902437449, 3452121.404506686143577 ], [ -10614667.999681159853935, 3452074.802893466316164 ], [ -10614876.61248966678977, 3452820.192679014522582 ], [ -10614917.578006066381931, 3453078.695073993410915 ], [ -10614918.476911347359419, 3453241.931701826862991 ], [ -10614637.592730041593313, 3453240.954608388710767 ], [ -10614636.006844993680716, 3453513.292878796812147 ], [ -10614918.763952005654573, 3453513.161718907300383 ], [ -10614917.80061211809516, 3453797.893950066529214 ], [ -10614916.199167424812913, 3454006.058249619789422 ], [ -10614635.531947294250131, 3454004.335432847961783 ], [ -10614632.579942930489779, 3454220.659928512293845 ], [ -10614918.374809343367815, 3454221.130740934982896 ], [ -10614921.175662618130445, 3454494.790969396475703 ], [ -10614720.833193441852927, 3454494.300439864397049 ], [ -10614721.992524037137628, 3454595.830632293596864 ], [ -10614919.451822247356176, 3454595.168587513267994 ], [ -10614918.737559592351317, 3454942.030787807889283 ], [ -10614717.841000072658062, 3454945.599515865091234 ], [ -10614719.772536730393767, 3455010.102620975580066 ], [ -10614919.843643721193075, 3455005.049942432437092 ], [ -10614921.402928670868278, 3455064.800893676932901 ], [ -10614720.959724638611078, 3455066.852893236093223 ], [ -10614723.65450650267303, 3455188.120678129605949 ], [ -10614922.959555353969336, 3455183.636567397974432 ], [ -10614940.959747016429901, 3455849.231397118419409 ], [ -10614200.66616427525878, 3455845.195653532631695 ], [ -10614190.564166747033596, 3456170.325815573334694 ], [ -10614867.931843679398298, 3456172.1234998004511 ], [ -10614879.26495854370296, 3456552.556241183541715 ], [ -10614840.880956480279565, 3456563.58881868282333 ], [ -10614853.842760730534792, 3457126.833132866304368 ], [ -10614753.41087456792593, 3457126.744435345754027 ], [ -10614754.153224701061845, 3457593.268674741033465 ], [ -10614805.891190856695175, 3457593.360764731653035 ], [ -10614803.568272113800049, 3457668.235490832012147 ], [ -10614840.150830248370767, 3457666.322918841149658 ], [ -10614843.77409578487277, 3457843.864998049568385 ], [ -10614897.080883959308267, 3457842.476313308347017 ], [ -10614897.091775247827172, 3457989.315920064225793 ], [ -10614993.18743653036654, 3457990.779798518400639 ], [ -10615013.201454270631075, 3458410.83619021018967 ], [ -10614914.795040737837553, 3458524.579819673206657 ], [ -10614834.978895278647542, 3458557.627019009087235 ], [ -10614653.973402990028262, 3458552.375368955545127 ], [ -10614541.763467125594616, 3458507.671892624348402 ], [ -10614498.014798695221543, 3458396.746384987607598 ], [ -10614153.480972800403833, 3458262.894180299248546 ], [ -10613766.979774767532945, 3458359.600737900473177 ], [ -10613663.786572720855474, 3458191.293395474553108 ], [ -10613375.469055587425828, 3458146.463116995058954 ], [ -10613256.357219360768795, 3458030.801595160271972 ], [ -10613028.374913422390819, 3457914.372653246857226 ], [ -10612961.360647847875953, 3457913.988425855990499 ], [ -10612813.862304678186774, 3458061.670226417947561 ], [ -10612622.05875095911324, 3458059.87706146389246 ], [ -10612510.739347511902452, 3458179.637517323251814 ], [ -10612277.747581420466304, 3458182.455464626662433 ], [ -10612052.214272974058986, 3458501.907779754605144 ], [ -10611953.139966236427426, 3458593.620580526068807 ], [ -10611760.779858974739909, 3458570.051824056077749 ], [ -10611526.340994445607066, 3458695.068952481262386 ], [ -10610988.556575121358037, 3458719.790705540217459 ], [ -10610921.208338188007474, 3458747.970913333818316 ], [ -10610673.411052221432328, 3458960.60610295785591 ], [ -10610594.708189848810434, 3459171.963732084725052 ], [ -10610405.465132718905807, 3459273.800991121213883 ] ] ] } },
{ "type": "Feature", "properties": { "ZIP": "77002", "POSTAL": "HOUSTON", "STATE": "TX", "ZIP_TYPE": "STANDARD", "bbox_minx": -10618638.237828767, "bbox_miny": 3468537.0207919329, "bbox_maxx": -10613942.671699502, "bbox_maxy": 3474339.7653253144, "label_x": -10616525.118558168, "label_y": 3471438.8326496645 }, "geometry": { "type": "Polygon", "coordinates": [ [ [ -10614408.003551023080945, 3473399.882623692508787 ], [ -10614435.50932907499373, 3473222.383710311725736 ], [ -10614535.495759103447199, 3473227.0309739257209 ], [ -10614540.626874450594187, 3473147.201651056297123 ], [ -10614459.446910437196493, 3473064.284827190451324 ], [ -10614419.066249603405595, 3473106.337708888575435 ], [ -10614298.800369212403893, 3472883.278001346625388 ], [ -10614369.599747959524393, 3472682.081813971046358 ], [ -10614339.73735666833818, 3472663.844926730263978 ], [ -10614289.62524376064539, 3472740.088938297703862 ], [ -10614025.64911262691021, 3472542.756074080709368 ], [ -10614094.552363593131304, 3472469.715802826918662 ], [ -10613942.671699501574039, 3472356.533602765761316 ], [ -10613992.955146409571171, 3472268.075616638176143 ], [ -10614100.285617016255856, 3472338.584686106536537 ], [ -10614132.526338027790189, 3472291.10492669371888 ], [ -10614235.52957609295845, 3472404.315679580904543 ], [ -10614558.630073744803667, 3471944.213078742381185 ], [ -10615093.854582777246833, 3472307.029302812181413 ], [ -10615161.564322324469686, 3472205.515820655040443 ], [ -10615105.406119465827942, 3472168.125862583052367 ], [ -10615171.625849567353725, 3472074.599689215421677 ], [ -10615102.641081238165498, 3472028.043444614857435 ], [ -10615166.873992579057813, 3471935.413171300198883 ], [ -10615333.565009308978915, 3472045.297383354976773 ], [ -10615266.538750035688281, 3472138.373986416030675 ], [ -10615554.189349714666605, 3472334.049362572375685 ], [ -10615619.990854287520051, 3472241.680497904773802 ], [ -10615809.758404344320297, 3472372.363878262694925 ], [ -10615875.770856715738773, 3472279.398903874214739 ], [ -10615780.147485746070743, 3472212.464491532649845 ], [ -10615844.490097982808948, 3472118.090226085856557 ], [ -10615749.423266323283315, 3472048.335700865834951 ], [ -10615813.543327311053872, 3471953.83428944228217 ], [ -10615376.28038976714015, 3471642.510530934203416 ], [ -10615432.776487218216062, 3471554.527108444366604 ], [ -10615493.625201884657145, 3471597.455162195954472 ], [ -10615624.549400940537453, 3471408.703776727430522 ], [ -10615718.204791534692049, 3471474.872556880582124 ], [ -10616079.043198943138123, 3470952.783775439951569 ], [ -10615983.887536333873868, 3470889.231578221544623 ], [ -10616026.856918908655643, 3470829.484353172127157 ], [ -10616120.798357443884015, 3470892.979390590917319 ], [ -10616309.194349994882941, 3470623.110653781797737 ], [ -10616401.594473736360669, 3470688.803339460864663 ], [ -10616349.102980332449079, 3470767.546302203088999 ], [ -10616455.701047878712416, 3470843.103051142767072 ], [ -10616512.345438241958618, 3470824.920770529191941 ], [ -10616507.489198023453355, 3470865.098764890339226 ], [ -10616548.393890876322985, 3470889.746990335173905 ], [ -10616595.63377814181149, 3470818.29849407589063 ], [ -10616638.98349198140204, 3470849.298071372788399 ], [ -10616724.430434955283999, 3470720.094904129393399 ], [ -10616781.772853832691908, 3470756.940051491837949 ], [ -10616864.662572748959064, 3470645.903701483737677 ], [ -10616913.660867435857654, 3470680.831743496470153 ], [ -10616942.352071924135089, 3470639.622531132306904 ], [ -10616970.6770053897053, 3470659.643565663136542 ], [ -10616997.798974918201566, 3470619.916401088703424 ], [ -10616952.738671042025089, 3470591.657261590007693 ], [ -10617082.882970932871103, 3470434.448085117619485 ], [ -10617121.994073893874884, 3470462.14887125371024 ], [ -10617172.644477773457766, 3470390.480298170354217 ], [ -10617208.744964402168989, 3470417.791813575662673 ], [ -10617266.823688935488462, 3470341.971658271271735 ], [ -10617312.688006080687046, 3470375.049587720539421 ], [ -10617808.47847567871213, 3469650.98510950198397 ], [ -10617775.439484372735023, 3469630.494757135864347 ], [ -10617837.086151657626033, 3469537.92335339775309 ], [ -10617881.260843580588698, 3469567.777191573288292 ], [ -10618250.531156728044152, 3469031.773458998650312 ], [ -10618194.464972237125039, 3468992.678488184697926 ], [ -10618306.891981285065413, 3468874.918475565500557 ], [ -10618256.508676266297698, 3468817.642023608088493 ], [ -10618298.274507252499461, 3468755.091624857392162 ], [ -10618340.422256257385015, 3468782.744021476246417 ], [ -10618365.220092315226793, 3468745.487391302827746 ], [ -10618404.69216101244092, 3468772.418611825443804 ], [ -10618463.917022680863738, 3468686.237803905270994 ], [ -10618423.579599959775805, 3468660.34254448255524 ], [ -10618464.212970398366451, 3468598.747960502281785 ], [ -10618424.980028506368399, 3468569.37387949693948 ], [ -10618447.906688714399934, 3468537.020791932940483 ], [ -10618543.99843624420464, 3468601.849132677540183 ], [ -10618539.229402812197804, 3468625.042714092414826 ], [ -10618638.237828766927123, 3468656.0923314220272 ], [ -10618637.947071040049195, 3468705.085088742431253 ], [ -10618586.007078006863594, 3468705.314605519175529 ], [ -10618579.981676492840052, 3468808.283072267659009 ], [ -10618512.645103674381971, 3468835.538236623164266 ], [ -10618571.406768372282386, 3468885.367180678062141 ], [ -10618551.328733894973993, 3468917.447724880184978 ], [ -10618515.894300019368529, 3468891.740209763403982 ], [ -10618397.843916958197951, 3469061.437481840606779 ], [ -10618526.510627750307322, 3469062.564487041439861 ], [ -10618526.696018556132913, 3469222.643528778571635 ], [ -10618410.808996118605137, 3469265.992294772528112 ], [ -10618053.497631408274174, 3469802.861341954674572 ], [ -10617845.633250631392002, 3469798.193449718412012 ], [ -10617810.271274164319038, 3469907.780890486203134 ], [ -10617867.351248275488615, 3469909.097106045112014 ], [ -10617877.67297943122685, 3469980.920956479385495 ], [ -10617810.284130856394768, 3470089.08717848174274 ], [ -10617837.292441323399544, 3470445.257771402597427 ], [ -10617812.97107320651412, 3470479.575429898686707 ], [ -10617532.519338088110089, 3470287.729179232846946 ], [ -10617367.938589848577976, 3470527.992444849107414 ], [ -10617271.535888586193323, 3470458.374783063773066 ], [ -10616826.60520451143384, 3471103.087529515847564 ], [ -10617317.020216630771756, 3471445.512660025153309 ], [ -10617337.047527726739645, 3471420.888465284369886 ], [ -10617430.798822104930878, 3471459.003586880397052 ], [ -10617403.350614747032523, 3471502.486141903791577 ], [ -10617482.045746644958854, 3471573.746804280206561 ], [ -10617446.761647744104266, 3471639.641372397542 ], [ -10617529.996135829016566, 3471698.268398639280349 ], [ -10617501.637362513691187, 3471726.296092474833131 ], [ -10617504.022543650120497, 3471971.51885773986578 ], [ -10617214.126445025205612, 3471966.45251842867583 ], [ -10617209.5823880340904, 3472118.282455503474921 ], [ -10617104.75086959451437, 3472118.42357881506905 ], [ -10617112.130431603640318, 3472451.794354081619531 ], [ -10617048.789676271378994, 3472451.922580215614289 ], [ -10616871.354630444198847, 3472933.86812541866675 ], [ -10616767.048230405896902, 3473040.174213118851185 ], [ -10616549.307279385626316, 3473156.611860305536538 ], [ -10616634.466671317815781, 3473258.046882237773389 ], [ -10616739.311076618731022, 3473252.290000837761909 ], [ -10616742.629894843325019, 3473624.682786638382822 ], [ -10616770.459637083113194, 3473624.806921554729342 ], [ -10616783.253963297232985, 3473881.982679978013039 ], [ -10615661.075422868132591, 3473562.665232690516859 ], [ -10615967.217693557962775, 3474052.498970760032535 ], [ -10616071.36941222473979, 3474326.224311933852732 ], [ -10615737.372697226703167, 3474322.249989366624504 ], [ -10615547.943065254017711, 3474265.660984212066978 ], [ -10615561.303313206881285, 3474236.945651336573064 ], [ -10615406.301522152498364, 3474178.152686606161296 ], [ -10615368.43939913623035, 3474189.720624182373285 ], [ -10615367.420054288581014, 3474226.091058406513184 ], [ -10614844.66372512280941, 3474226.475873519666493 ], [ -10614504.752979218959808, 3474339.765325314365327 ], [ -10614533.204171409830451, 3473850.38343241205439 ], [ -10614453.925781896337867, 3473851.391151112504303 ], [ -10614497.925670633092523, 3473720.626130501274019 ], [ -10614453.624457180500031, 3473720.743083882145584 ], [ -10614454.572821477428079, 3473404.531177457887679 ], [ -10614408.003551023080945, 3473399.882623692508787 ] ] ] } },
{ "type": "Feature", "properties": { "ZIP": "77078", "POSTAL": "HOUSTON", "STATE": "TX", "ZIP_TYPE": "STANDARD", "bbox_minx": -10607531.618772881, "bbox_miny": 3479241.1006269464, "bbox_maxx": -10600764.306633022, "bbox_maxy": 3488559.3617168516, "label_x": -10602669.160705898, "label_y": 3483897.2240364603 }, "geometry": { "type": "Polygon", "coordinates": [ [ [ -10601706.848735904321074, 3488531.757973857689649 ], [ -10601683.805615667253733, 3488473.854286186397076 ], [ -10601737.016380127519369, 3488270.487547722645104 ], [ -10601611.113942369818687, 3487983.802452952601016 ], [ -10601660.317231142893434, 3487944.388511527329683 ], [ -10601807.926866697147489, 3487914.090057550463825 ], [ -10601869.820436848327518, 3487835.134432666469365 ], [ -10601917.910554248839617, 3487425.471708452794701 ], [ -10601878.614688059315085, 3487139.832552576437593 ], [ -10601722.544798703864217, 3486766.521263542119414 ], [ -10601584.174631262198091, 3486665.749686148948967 ], [ -10601563.691872911527753, 3486538.021148330532014 ], [ -10601529.294192342087626, 3486497.071322754956782 ], [ -10601364.875270422548056, 3486393.349253984633833 ], [ -10601029.692298321053386, 3485838.81044831359759 ], [ -10601002.975602881982923, 3485714.555876493919641 ], [ -10601071.771103193983436, 3485670.784724170807749 ], [ -10601142.570225911214948, 3485535.236201455350965 ], [ -10601108.84041840210557, 3485407.518953768536448 ], [ -10601068.765496345236897, 3485359.513036342803389 ], [ -10600820.189060989767313, 3485235.391561526805162 ], [ -10600776.663143638521433, 3485165.565762436948717 ], [ -10600794.028977381065488, 3484827.480622940231115 ], [ -10600764.306633021682501, 3484404.822547511197627 ], [ -10600793.695024060085416, 3484097.81703405501321 ], [ -10600771.87639307230711, 3483819.824221037793905 ], [ -10600798.481706123799086, 3483603.055568855255842 ], [ -10600831.43226645514369, 3483543.890791446901858 ], [ -10600959.895011052489281, 3483526.179992970079184 ], [ -10601134.666624262928963, 3483370.120021016802639 ], [ -10601166.94919846393168, 3483305.822907192166895 ], [ -10601113.515894327312708, 3483161.187562894076109 ], [ -10601135.223195588216186, 3483040.552350884769112 ], [ -10601225.725936634466052, 3482947.381769982166588 ], [ -10601364.76400288566947, 3482905.673312949482352 ], [ -10601420.089720433577895, 3482754.625949753914028 ], [ -10601079.452167497947812, 3482404.798148296773434 ], [ -10600977.260854432359338, 3482256.70817996840924 ], [ -10600983.717321399599314, 3482054.594957154244184 ], [ -10601156.596566878259182, 3481711.84394491603598 ], [ -10601017.447165325284004, 3481501.013657430652529 ], [ -10600986.945592159405351, 3481119.012992173433304 ], [ -10600867.495515145361423, 3480872.094013924244791 ], [ -10601912.643227135762572, 3480350.70946826133877 ], [ -10601862.487202938646078, 3480243.96974058682099 ], [ -10602134.057621451094747, 3480118.452685532625765 ], [ -10602134.681184552609921, 3480159.998227843083441 ], [ -10602399.256904467940331, 3480154.470317792147398 ], [ -10602300.960367627441883, 3479970.171400830615312 ], [ -10602624.717673972249031, 3479801.869771641679108 ], [ -10603143.582912418991327, 3479794.104727251920849 ], [ -10603163.455501576885581, 3479371.123964269645512 ], [ -10603292.102595968171954, 3479367.622414047829807 ], [ -10603292.83066214248538, 3479578.52619601925835 ], [ -10603424.428513837978244, 3479530.39403731143102 ], [ -10603425.870261302217841, 3479644.759662057738751 ], [ -10603560.884822353720665, 3479575.611587731167674 ], [ -10603589.369222948327661, 3479641.912060779053718 ], [ -10603829.819777866825461, 3479524.031501505989581 ], [ -10603827.641669498756528, 3479254.236289091408253 ], [ -10604033.916007908061147, 3479241.100626946426928 ], [ -10604036.61858981102705, 3479423.506793327163905 ], [ -10604149.286232514306903, 3479445.436305548530072 ], [ -10604315.069249330088496, 3479767.945135856047273 ], [ -10604531.031104300171137, 3479762.760933205951005 ], [ -10604508.894088309258223, 3481186.198503739200532 ], [ -10604190.632304072380066, 3481185.852198533248156 ], [ -10604194.3455871026963, 3481724.498618504498154 ], [ -10604375.177902765572071, 3481722.711314346641302 ], [ -10604377.039188418537378, 3481806.500033571384847 ], [ -10604489.838799566030502, 3481806.864891145378351 ], [ -10604495.9415198918432, 3482219.61332488944754 ], [ -10604393.178404659032822, 3482214.990479086060077 ], [ -10604397.06298122368753, 3482445.197698718402535 ], [ -10604445.872628262266517, 3482445.882251013536006 ], [ -10604447.665038594976068, 3482579.384225218556821 ], [ -10604482.590929245576262, 3482579.677415472920984 ], [ -10604490.466600205749273, 3483232.192255653440952 ], [ -10604532.60376556403935, 3483231.186464015394449 ], [ -10604533.424842540174723, 3483293.325291820801795 ], [ -10604449.107363285496831, 3483295.39770445972681 ], [ -10604449.407737422734499, 3483378.77351011056453 ], [ -10604547.794871546328068, 3483377.039871267974377 ], [ -10604549.662952749058604, 3483467.642963926773518 ], [ -10604485.499472601339221, 3483486.96310576191172 ], [ -10604474.27824048884213, 3483694.431415081489831 ], [ -10604552.340603530406952, 3483766.968116322997957 ], [ -10604555.582659516483545, 3484116.412305533420295 ], [ -10604465.422388460487127, 3484120.670756 ], [ -10604465.796051630750299, 3484154.891573396977037 ], [ -10604557.033493561670184, 3484152.768373939208686 ], [ -10604562.41162022575736, 3484358.120737512595952 ], [ -10606447.508085384964943, 3484322.883730021305382 ], [ -10606445.32675470598042, 3484277.69777044095099 ], [ -10606941.585076900199056, 3484445.00669081043452 ], [ -10607021.018598789349198, 3484265.052026384044439 ], [ -10607112.968453962355852, 3484334.102863829117268 ], [ -10607531.618772881105542, 3484493.294253791216761 ], [ -10603992.460570698603988, 3488460.630234294105321 ], [ -10603834.609486823901534, 3488548.191804278641939 ], [ -10602179.734012948349118, 3488559.361716851592064 ], [ -10601706.848735904321074, 3488531.757973857689649 ] ] ] } },
{ "type": "Feature", "properties": { "ZIP": "77044", "POSTAL": "HOUSTON", "STATE": "TX", "ZIP_TYPE": "STANDARD", "bbox_minx": -10602144.556955695, "bbox_miny": 3481018.5423031002, "bbox_maxx": -10586014.826618973, "bbox_maxy": 3501734.7880753623, "label_x": -10595233.977907147, "label_y": 3491392.6643694183 }, "geometry": { "type": "Polygon", "coordinates": [ [ [ -10586014.826618973165751, 3488656.555128290783614 ], [ -10589641.217548808082938, 3488595.495849084574729 ], [ -10589621.662673696875572, 3487400.817072049248964 ], [ -10588869.094320181757212, 3487400.080336223356426 ], [ -10588865.015442073345184, 3487006.513627767562866 ], [ -10590013.318209575489163, 3486449.223924193996936 ], [ -10590343.848981309682131, 3486450.559053267817944 ], [ -10590557.460858276113868, 3486414.819483510218561 ], [ -10590644.75508451089263, 3486343.356035154312849 ], [ -10590559.292154356837273, 3486169.579333650879562 ], [ -10592983.903161907568574, 3484942.641644597519189 ], [ -10593120.100513085722923, 3485201.891627310309559 ], [ -10593412.208992123603821, 3485036.792536800727248 ], [ -10593305.441017813980579, 3484820.398466027341783 ], [ -10593908.334318369626999, 3484561.209405164700001 ], [ -10593917.282013976946473, 3484500.524060837458819 ], [ -10595707.254714578390121, 3483622.470394038595259 ], [ -10595712.022353092208505, 3483811.671251669991761 ], [ -10596035.84403264708817, 3483806.993320548441261 ], [ -10595924.474224364385009, 3483495.769717507530004 ], [ -10596616.114139256998897, 3483153.907574983779341 ], [ -10596636.285229075700045, 3483839.021854734048247 ], [ -10596957.085454097017646, 3483832.460505584720522 ], [ -10596953.479655163362622, 3483005.83004793478176 ], [ -10598283.516654826700687, 3482367.634028060827404 ], [ -10598304.026723055168986, 3482410.6664122720249 ], [ -10598566.964218033477664, 3482258.797628166619688 ], [ -10598553.372235879302025, 3482232.656683125067502 ], [ -10600602.982825582846999, 3481215.540677412878722 ], [ -10600662.956563195213675, 3481156.943568221759051 ], [ -10600946.75931815430522, 3481018.54230310022831 ], [ -10600997.743552431464195, 3481184.838926082942635 ], [ -10601017.447165325284004, 3481501.013657430652529 ], [ -10601156.596566878259182, 3481711.84394491603598 ], [ -10600983.717321399599314, 3482054.594957154244184 ], [ -10600977.260854432359338, 3482256.70817996840924 ], [ -10601079.452167497947812, 3482404.798148296773434 ], [ -10601420.089720433577895, 3482754.625949753914028 ], [ -10601364.76400288566947, 3482905.673312949482352 ], [ -10601225.725936634466052, 3482947.381769982166588 ], [ -10601135.223195588216186, 3483040.552350884769112 ], [ -10601113.515894327312708, 3483161.187562894076109 ], [ -10601166.94919846393168, 3483305.822907192166895 ], [ -10601134.666624262928963, 3483370.120021016802639 ], [ -10600959.895011052489281, 3483526.179992970079184 ], [ -10600831.43226645514369, 3483543.890791446901858 ], [ -10600798.481706123799086, 3483603.055568855255842 ], [ -10600771.87639307230711, 3483819.824221037793905 ], [ -10600793.695024060085416, 3484097.81703405501321 ], [ -10600764.306633021682501, 3484404.822547511197627 ], [ -10600794.028977381065488, 3484827.480622940231115 ], [ -10600776.663143638521433, 3485165.565762436948717 ], [ -10600820.189060989767313, 3485235.391561526805162 ], [ -10601068.765496345236897, 3485359.513036342803389 ], [ -10601108.84041840210557, 3485407.518953768536448 ], [ -10601142.570225911214948, 3485535.236201455350965 ], [ -10601071.771103193983436, 3485670.784724170807749 ], [ -10601002.975602881982923, 3485714.555876493919641 ], [ -10601029.692298321053386, 3485838.81044831359759 ], [ -10601364.875270422548056, 3486393.349253984633833 ], [ -10601529.294192342087626, 3486497.071322754956782 ], [ -10601563.691872911527753, 3486538.021148330532014 ], [ -10601584.174631262198091, 3486665.749686148948967 ], [ -10601722.544798703864217, 3486766.521263542119414 ], [ -10601878.614688059315085, 3487139.832552576437593 ], [ -10601917.910554248839617, 3487425.471708452794701 ], [ -10601869.820436848327518, 3487835.134432666469365 ], [ -10601807.926866697147489, 3487914.090057550463825 ], [ -10601660.317231142893434, 3487944.388511527329683 ], [ -10601611.113942369818687, 3487983.802452952601016 ], [ -10601737.016380127519369, 3488270.487547722645104 ], [ -10601683.805615667253733, 3488473.854286186397076 ], [ -10601723.546717949211597, 3488628.435801354702562 ], [ -10601513.820722559466958, 3489059.322084637358785 ], [ -10601523.728252228349447, 3489108.112286666873842 ], [ -10601690.818730279803276, 3489305.329228617250919 ], [ -10601837.092583166435361, 3489438.47817509714514 ], [ -10601868.818634588271379, 3489524.89076191233471 ], [ -10601865.033799313008785, 3489683.336993645876646 ], [ -10601945.740395959466696, 3489734.697539960034192 ], [ -10602091.123630633577704, 3489757.809932237491012 ], [ -10602103.146091975271702, 3489911.636429627425969 ], [ -10602076.652093252167106, 3490014.102904960978776 ], [ -10601950.861044844612479, 3490127.484553197398782 ], [ -10601924.144354289397597, 3490189.889887710567564 ], [ -10601995.16620597243309, 3490406.641633021179587 ], [ -10602144.556955695152283, 3490527.603042487520725 ], [ -10592954.576386444270611, 3500809.265195803716779 ], [ -10592663.475982062518597, 3501096.366538889240474 ], [ -10592391.29980438016355, 3501273.462819620035589 ], [ -10591917.74670453555882, 3501434.110977462958544 ], [ -10591026.411516634747386, 3501523.817870866507292 ], [ -10590697.017167281359434, 3501599.38796583423391 ], [ -10590443.876585463061929, 3501720.06971936346963 ], [ -10590085.681408988311887, 3501734.788075362332165 ], [ -10590676.534406043589115, 3500045.534832146484405 ], [ -10591839.155089378356934, 3498257.507604700978845 ], [ -10592160.645829979330301, 3495201.800462240818888 ], [ -10590853.421074863523245, 3493388.506341641303152 ], [ -10589330.049443984404206, 3492778.583670586813241 ], [ -10589307.861185029149055, 3492798.345297989435494 ], [ -10589196.319118864834309, 3492694.058480434119701 ], [ -10589035.907730929553509, 3492333.299573969561607 ], [ -10589143.77632668428123, 3491732.913464131299406 ], [ -10589160.585554860532284, 3491470.293550877831876 ], [ -10589024.107879864051938, 3491250.698610228486359 ], [ -10588927.148560956120491, 3491216.925068339798599 ], [ -10588943.957773203030229, 3491175.960130631923676 ], [ -10588915.126119907945395, 3491131.399768707808107 ], [ -10588371.886957025155425, 3490648.694001860916615 ], [ -10588189.545682361349463, 3490019.752724792808294 ], [ -10588074.329936377704144, 3489815.719326247926801 ], [ -10587845.234412679448724, 3489627.354130238760263 ], [ -10587708.200133956968784, 3489610.405326413456351 ], [ -10587447.712560843676329, 3489798.38499836390838 ], [ -10587104.959875544533134, 3489976.480333447922021 ], [ -10586941.98811629973352, 3489999.721536729950458 ], [ -10586818.312151592224836, 3489976.480371959973127 ], [ -10586349.657054269686341, 3489575.608790617436171 ], [ -10586178.113707531243563, 3489335.63111907010898 ], [ -10586035.402209660038352, 3489053.287520851474255 ], [ -10586014.826618973165751, 3488656.555128290783614 ] ] ] } },
{ "type": "Feature", "properties": { "ZIP": "77046", "POSTAL": "HOUSTON", "STATE": "TX", "ZIP_TYPE": "STANDARD", "bbox_minx": -10624158.320213623, "bbox_miny": 3468905.2684743633, "bbox_maxx": -10623099.556643305, "bbox_maxy": 3469386.4648916009, "label_x": -10623698.667724185, "label_y": 3469143.723715961 }, "geometry": { "type": "Polygon", "coordinates": [ [ [ -10623200.416023591533303, 3469149.556607514619827 ], [ -10623283.349114106968045, 3469137.890824406873435 ], [ -10623252.290962483733892, 3468978.672692293766886 ], [ -10623605.076896486803889, 3468905.268474363256246 ], [ -10623603.281301636248827, 3468999.311882239300758 ], [ -10624150.97316562756896, 3469021.233163946308196 ], [ -10624158.320213623344898, 3469235.320037906523794 ], [ -10623928.668136913329363, 3469238.140300111379474 ], [ -10623931.339788410812616, 3469314.161231579259038 ], [ -10623600.387002216652036, 3469326.981031907256693 ], [ -10623604.283115224912763, 3469272.497139165177941 ], [ -10623137.186621887609363, 3469386.464891600888222 ], [ -10623099.55664330534637, 3469253.951508331112564 ], [ -10623216.000778825953603, 3469227.243629684206098 ], [ -10623200.416023591533303, 3469149.556607514619827 ] ] ] } },
{ "type": "Feature", "properties": { "ZIP": "77530", "POSTAL": "CHANNELVIEW", "STATE": "TX", "ZIP_TYPE": "STANDARD", "bbox_minx": -10593298.664982911, "bbox_miny": 3471985.9475207292, "bbox_maxx": -10581716.651184088, "bbox_maxy": 3480558.2431189222, "label_x": -10587810.960856324, "label_y": 3476314.3071034271 }, "geometry": { "type": "Polygon", "coordinates": [ [ [ -10584288.607046654447913, 3480358.320484588388354 ], [ -10584645.667232919484377, 3480079.50635349098593 ], [ -10585131.599235113710165, 3479867.100255526602268 ], [ -10585299.023758916184306, 3479676.058609657920897 ], [ -10585346.891095668077469, 3478725.64004458906129 ], [ -10585305.257626006379724, 3478563.09571738820523 ], [ -10585303.58784606307745, 3478057.130341800861061 ], [ -10585227.5566674657166, 3477839.817787197418511 ], [ -10585056.903803829103708, 3477708.713533441070467 ], [ -10584842.279881136491895, 3477695.372246589977294 ], [ -10584256.739365473389626, 3477905.883498525712639 ], [ -10583843.41011743247509, 3478172.074095550458878 ], [ -10583405.03388662263751, 3478332.432548427488655 ], [ -10583369.745616337284446, 3478265.979846703354269 ], [ -10582810.685568198561668, 3478273.617476355750114 ], [ -10581871.496610758826137, 3477839.176290429197252 ], [ -10581716.651184087619185, 3477528.736135825514793 ], [ -10581788.006958484649658, 3477202.268820842262357 ], [ -10583839.625205731019378, 3475316.746104132384062 ], [ -10583975.991648733615875, 3473796.857157597318292 ], [ -10584567.765996336936951, 3473257.609606572892517 ], [ -10585390.528367480263114, 3472887.138601001817733 ], [ -10585623.074784720316529, 3471985.947520729154348 ], [ -10586244.237549820914865, 3472456.923573327250779 ], [ -10587332.719554433599114, 3472894.063214919064194 ], [ -10587463.63121872022748, 3473073.462828607298434 ], [ -10587582.297767456620932, 3473108.214534976985306 ], [ -10587834.102449269965291, 3473127.834614712744951 ], [ -10587960.227466383948922, 3473014.987799479626119 ], [ -10588113.403129428625107, 3472765.830607304349542 ], [ -10588268.248502101749182, 3472645.549572055693716 ], [ -10588581.835510764271021, 3472627.85379875311628 ], [ -10588858.353100061416626, 3472688.122240819968283 ], [ -10589038.690680678933859, 3472442.561921271495521 ], [ -10589120.844451429322362, 3472392.168104062322527 ], [ -10589288.6029616240412, 3472396.91260238783434 ], [ -10589458.92184298299253, 3472560.14821430016309 ], [ -10589522.48517943918705, 3472671.324041051324457 ], [ -10589411.94499197602272, 3473133.476981316693127 ], [ -10589422.075008487328887, 3473191.952504728920758 ], [ -10589502.225111363455653, 3473270.818015232216567 ], [ -10590080.084535218775272, 3473179.770079485140741 ], [ -10590140.308411259204149, 3473251.454321080353111 ], [ -10590084.203424813225865, 3473460.225470940116793 ], [ -10590105.354011870920658, 3473553.583789934404194 ], [ -10590703.696306347846985, 3473676.438148579094559 ], [ -10590947.819966990500689, 3473935.359474630095065 ], [ -10591078.954352518543601, 3474127.213371903635561 ], [ -10591261.407006073743105, 3474114.645268001593649 ], [ -10591308.495174985378981, 3474169.0215476853773 ], [ -10591668.391070192679763, 3474043.597538754809648 ], [ -10592090.514549134299159, 3474126.956921060569584 ], [ -10592610.933182494714856, 3474408.843690075911582 ], [ -10592751.307016644626856, 3474590.829379154834896 ], [ -10592794.833009945228696, 3474656.493646342307329 ], [ -10592709.339601216837764, 3474797.6986552355811 ], [ -10592793.497103465721011, 3474900.044377352111042 ], [ -10592810.974257104098797, 3474976.868267838843167 ], [ -10592719.803581135347486, 3475108.71419314481318 ], [ -10592608.81811510398984, 3475380.874916863162071 ], [ -10592561.729945242404938, 3475636.239315012935549 ], [ -10592463.546135634183884, 3475684.080621628090739 ], [ -10592457.868815373629332, 3475783.61155711999163 ], [ -10592509.075825188308954, 3475899.304481513332576 ], [ -10592990.309952884912491, 3476490.483448047190905 ], [ -10593199.97910638153553, 3477044.106364454608411 ], [ -10593138.954832369461656, 3477120.523785396944731 ], [ -10592991.534540811553597, 3477170.328051066026092 ], [ -10592977.508263567462564, 3477312.073759873397648 ], [ -10592894.686536438763142, 3477374.16016849456355 ], [ -10592907.26567373611033, 3477648.549765815492719 ], [ -10592662.25146790407598, 3477978.620263176970184 ], [ -10592714.126384703442454, 3478085.866268538869917 ], [ -10593012.351308373734355, 3478151.548336522653699 ], [ -10593218.737544756382704, 3478248.917632278986275 ], [ -10593247.458029102534056, 3478356.165833901148289 ], [ -10593297.217877546325326, 3478411.84284996939823 ], [ -10593290.204651134088635, 3478478.168119446374476 ], [ -10593210.945171553641558, 3478529.612089111004025 ], [ -10593003.890917589887977, 3478566.302897250279784 ], [ -10592872.534012800082564, 3478662.905611462425441 ], [ -10592845.14940957352519, 3478733.465842192992568 ], [ -10592779.916113525629044, 3478778.624442727770656 ], [ -10592830.455259619280696, 3478916.924017410259694 ], [ -10592895.688379887491465, 3478928.213901426643133 ], [ -10593001.664618108421564, 3479028.411504002287984 ], [ -10593014.721658127382398, 3479124.331727700307965 ], [ -10592519.623282514512539, 3479267.240848863963038 ], [ -10592524.978718226775527, 3478656.367340001743287 ], [ -10589259.860070269554853, 3478730.746980661526322 ], [ -10589336.63553267903626, 3479261.884474133141339 ], [ -10588999.404637616127729, 3479265.767962150275707 ], [ -10588973.222300110384822, 3480396.257999200373888 ], [ -10587429.068666912615299, 3480455.903245288878679 ], [ -10587355.718403467908502, 3480539.551279523875564 ], [ -10586487.910564498975873, 3480558.243118922226131 ], [ -10586480.217691749334335, 3480298.867519853636622 ], [ -10585684.968438383191824, 3480404.444166888017207 ], [ -10585584.558200318366289, 3480282.423512506764382 ], [ -10585519.881595911458135, 3480272.672216545324773 ], [ -10585416.799789659678936, 3480321.300680343993008 ], [ -10585583.1110710054636, 3480439.857349715195596 ], [ -10585574.762096306309104, 3480520.948629423975945 ], [ -10585382.401980867609382, 3480481.557715224567801 ], [ -10585294.570999804884195, 3480401.108101336285472 ], [ -10585273.53157109208405, 3480435.623147508595139 ], [ -10585045.437900610268116, 3480384.171465253457427 ], [ -10584935.899568138644099, 3480460.51502432115376 ], [ -10584897.271683158352971, 3480430.105899265035987 ], [ -10584905.064030872657895, 3480368.004642116837204 ], [ -10584649.474471978843212, 3480396.360725907143205 ], [ -10584288.607046654447913, 3480358.320484588388354 ] ] ] } },
{ "type": "Feature", "properties": { "ZIP": "77015", "POSTAL": "HOUSTON", "STATE": "TX", "ZIP_TYPE": "STANDARD", "bbox_minx": -10600435.691476353, "bbox_miny": 3468283.2208682527, "bbox_maxx": -10585623.07478472, "bbox_maxy": 3479143.4921763102, "label_x": -10595443.044736892, "label_y": 3473710.0148743503 }, "geometry": { "type": "Polygon", "coordinates": [ [ [ -10593014.721658127382398, 3479124.331727700307965 ], [ -10593001.664618108421564, 3479028.411504002287984 ], [ -10592895.688379887491465, 3478928.213901426643133 ], [ -10592830.455259619280696, 3478916.924017410259694 ], [ -10592779.916113525629044, 3478778.624442727770656 ], [ -10592845.14940957352519, 3478733.465842192992568 ], [ -10592872.534012800082564, 3478662.905611462425441 ], [ -10593003.890917589887977, 3478566.302897250279784 ], [ -10593210.945171553641558, 3478529.612089111004025 ], [ -10593290.204651134088635, 3478478.168119446374476 ], [ -10593297.217877546325326, 3478411.84284996939823 ], [ -10593247.458029102534056, 3478356.165833901148289 ], [ -10593218.737544756382704, 3478248.917632278986275 ], [ -10593012.351308373734355, 3478151.548336522653699 ], [ -10592714.126384703442454, 3478085.866268538869917 ], [ -10592662.25146790407598, 3477978.620263176970184 ], [ -10592907.26567373611033, 3477648.549765815492719 ], [ -10592894.686536438763142, 3477374.16016849456355 ], [ -10592977.508263567462564, 3477312.073759873397648 ], [ -10592991.534540811553597, 3477170.328051066026092 ], [ -10593138.954832369461656, 3477120.523785396944731 ], [ -10593199.97910638153553, 3477044.106364454608411 ], [ -10592990.309952884912491, 3476490.483448047190905 ], [ -10592464.882021348923445, 3475829.401284302584827 ], [ -10592463.546135634183884, 3475684.080621628090739 ], [ -10592561.729945242404938, 3475636.239315012935549 ], [ -10592608.81811510398984, 3475380.874916863162071 ], [ -10592816.651631809771061, 3474951.474065424874425 ], [ -10592709.339601216837764, 3474797.6986552355811 ], [ -10592794.833009945228696, 3474656.493646342307329 ], [ -10592610.933182494714856, 3474408.843690075911582 ], [ -10592090.514549134299159, 3474126.956921060569584 ], [ -10591723.939454395323992, 3474048.983764659613371 ], [ -10591612.174663031473756, 3474052.318198192398995 ], [ -10591308.495174985378981, 3474169.0215476853773 ], [ -10591261.407006073743105, 3474114.645268001593649 ], [ -10591078.954352518543601, 3474127.213371903635561 ], [ -10590947.819966990500689, 3473935.359474630095065 ], [ -10590703.696306347846985, 3473676.438148579094559 ], [ -10590105.354011870920658, 3473553.583789934404194 ], [ -10590084.203424813225865, 3473460.225470940116793 ], [ -10590140.308411259204149, 3473251.454321080353111 ], [ -10590080.084535218775272, 3473179.770079485140741 ], [ -10589502.225111363455653, 3473270.818015232216567 ], [ -10589422.075008487328887, 3473191.952504728920758 ], [ -10589411.94499197602272, 3473133.476981316693127 ], [ -10589522.48517943918705, 3472671.324041051324457 ], [ -10589458.92184298299253, 3472560.14821430016309 ], [ -10589288.6029616240412, 3472396.91260238783434 ], [ -10589120.844451429322362, 3472392.168104062322527 ], [ -10589038.690680678933859, 3472442.561921271495521 ], [ -10588858.353100061416626, 3472688.122240819968283 ], [ -10588581.835510764271021, 3472627.85379875311628 ], [ -10588268.248502101749182, 3472645.549572055693716 ], [ -10588113.403129428625107, 3472765.830607304349542 ], [ -10587960.227466383948922, 3473014.987799479626119 ], [ -10587834.102449269965291, 3473127.834614712744951 ], [ -10587582.297767456620932, 3473108.214534976985306 ], [ -10587463.63121872022748, 3473073.462828607298434 ], [ -10587332.719554433599114, 3472894.063214919064194 ], [ -10586244.237549820914865, 3472456.923573327250779 ], [ -10585623.074784720316529, 3471985.947520729154348 ], [ -10585789.27475643157959, 3471770.660896968096495 ], [ -10586448.541801251471043, 3471244.885235971771181 ], [ -10587274.499386301264167, 3470399.142809114418924 ], [ -10588582.058119500055909, 3469817.090081207454205 ], [ -10589155.242277067154646, 3469364.030135373119265 ], [ -10590075.743099097162485, 3469345.569676966406405 ], [ -10590659.725126059725881, 3469629.915722516831011 ], [ -10591653.251529464498162, 3469637.735955517273396 ], [ -10592435.271072831004858, 3469728.758765290956944 ], [ -10594433.678476938977838, 3471103.15426857676357 ], [ -10596142.87800076417625, 3470929.167124439030886 ], [ -10597829.702229052782059, 3470217.216410603374243 ], [ -10598670.275669617578387, 3468736.003256733994931 ], [ -10598949.019618719816208, 3468433.602383909747005 ], [ -10599197.84167936630547, 3468283.220868252683431 ], [ -10599254.114481532946229, 3469904.872036971151829 ], [ -10599302.013781998306513, 3469999.523603489622474 ], [ -10599281.085746569558978, 3470165.805665577761829 ], [ -10599400.308885848149657, 3470231.319213766604662 ], [ -10599629.181823233142495, 3470269.909397786483169 ], [ -10599997.20397274941206, 3470239.908975136000663 ], [ -10600116.315826473757625, 3470280.166059793904424 ], [ -10600168.41334973089397, 3470343.372340728063136 ], [ -10600177.986899947747588, 3470452.862213533371687 ], [ -10600243.887998191639781, 3470512.351288564503193 ], [ -10600286.523397600278258, 3470608.893394470214844 ], [ -10600270.827280469238758, 3470711.462192708160728 ], [ -10600311.570213567465544, 3470838.13579956209287 ], [ -10600426.563306951895356, 3470932.757094630040228 ], [ -10600435.691476352512836, 3471055.971082401927561 ], [ -10600401.316038930788636, 3471103.543831379152834 ], [ -10600247.80638887360692, 3471125.340402993373573 ], [ -10600150.958448207005858, 3471246.248331493232399 ], [ -10600057.450038751587272, 3471474.476217624265701 ], [ -10600056.336740419268608, 3471710.914375473279506 ], [ -10599866.203034047037363, 3472018.777749995701015 ], [ -10599717.698567835614085, 3472122.33232683641836 ], [ -10599675.156749084591866, 3472230.088567189872265 ], [ -10599682.169856231659651, 3472271.634082090109587 ], [ -10599831.004009503871202, 3472307.153054560534656 ], [ -10599882.878938440233469, 3472417.813800141215324 ], [ -10599852.17675257474184, 3472473.598219173960388 ], [ -10599809.986596131697297, 3472419.998530171811581 ], [ -10599774.208519633859396, 3472432.306526931002736 ], [ -10599809.964693235233426, 3472516.550113270524889 ], [ -10599744.063530769199133, 3472606.054630169644952 ], [ -10599801.61569962464273, 3472652.602266624104232 ], [ -10599738.6945188511163, 3472701.858712646178901 ], [ -10599814.194727268069983, 3472738.6455366932787 ], [ -10599750.543257508426905, 3472801.846759539097548 ], [ -10599782.02350140735507, 3472838.794786001555622 ], [ -10599784.806376032531261, 3472927.532200579997152 ], [ -10600005.107694420963526, 3472886.625672996044159 ], [ -10600257.580362938344479, 3472780.705562464892864 ], [ -10600315.132432801648974, 3472834.306646007113159 ], [ -10600260.553054165095091, 3472919.359804447740316 ], [ -10600294.872321082279086, 3473002.805476792156696 ], [ -10600259.138831105083227, 3473084.619298884645104 ], [ -10600338.509616462513804, 3473378.024660358205438 ], [ -10600277.506468722596765, 3473490.746463852003217 ], [ -10600295.095032416284084, 3473596.544222812633961 ], [ -10600254.604827247560024, 3473719.822798075620085 ], [ -10600138.610359236598015, 3473679.089682412333786 ], [ -10600135.813896143808961, 3474380.567597805988044 ], [ -10599659.297418650239706, 3474386.482367962598801 ], [ -10599666.101046070456505, 3474696.024286846164614 ], [ -10599646.73137391731143, 3474768.101639050524682 ], [ -10599617.749939261004329, 3474776.325350923463702 ], [ -10598500.808562129735947, 3474815.426435315981507 ], [ -10598508.489530170336366, 3475091.685183926019818 ], [ -10598541.996739406138659, 3475161.712723345961422 ], [ -10598593.24265062622726, 3475185.539302749559283 ], [ -10598805.267333751544356, 3475165.175729667302221 ], [ -10598940.186499021947384, 3475243.283858833368868 ], [ -10599027.906220901757479, 3475342.554893992841244 ], [ -10599056.626635583117604, 3475577.396977693773806 ], [ -10599155.255680523812771, 3475727.590359166264534 ], [ -10599268.578850191086531, 3476041.963205140084028 ], [ -10599249.543114993721247, 3476138.67523319972679 ], [ -10599173.177967203781009, 3476241.801147211808711 ], [ -10598938.182464549317956, 3476312.09143374254927 ], [ -10598650.310310363769531, 3476543.744340504519641 ], [ -10598428.982335822656751, 3476538.56893089460209 ], [ -10598310.882928060367703, 3476504.400828145444393 ], [ -10598249.382301049306989, 3476531.179911725688726 ], [ -10598199.282915914431214, 3476657.747586830053478 ], [ -10598302.102799458429217, 3476870.323095276486129 ], [ -10598317.019527610391378, 3477108.784676476381719 ], [ -10598367.781221086159348, 3477277.981014207471162 ], [ -10598329.7099649887532, 3477318.003509839996696 ], [ -10598074.454391025006771, 3477305.688803519587964 ], [ -10598024.917219521477818, 3477391.891402149572968 ], [ -10598034.490617800503969, 3477441.535180358216166 ], [ -10598153.829427229240537, 3477600.599713280797005 ], [ -10598096.980345398187637, 3477698.066194850020111 ], [ -10598039.428119238466024, 3477729.110238065011799 ], [ -10598021.675584923475981, 3477821.54077247902751 ], [ -10597849.677405109629035, 3477836.295003472827375 ], [ -10597849.814608892425895, 3477910.451410276815295 ], [ -10597643.019387332722545, 3477934.490700228605419 ], [ -10597539.826284626498818, 3478079.836804859805852 ], [ -10597430.743642250075936, 3478080.17826459929347 ], [ -10597424.593170506879687, 3478049.38582133082673 ], [ -10597210.726741254329681, 3478016.649369738530368 ], [ -10597153.881542658433318, 3478031.08864484867081 ], [ -10597135.42988876439631, 3478083.224420800339431 ], [ -10597072.3957484588027, 3478084.070265151094645 ], [ -10597077.098769025877118, 3478193.986348169855773 ], [ -10597052.194915473461151, 3478209.878726279363036 ], [ -10596951.725423140451312, 3478175.024708969984204 ], [ -10596896.061182979494333, 3478227.918020508717746 ], [ -10596406.398071184754372, 3478234.38658683700487 ], [ -10596411.148700669407845, 3478509.729145789053291 ], [ -10595894.5271210167557, 3478503.869307010434568 ], [ -10595888.34178851172328, 3478585.378887139260769 ], [ -10595739.87270182184875, 3478588.613307345192879 ], [ -10595738.274649903178215, 3478641.108539314009249 ], [ -10594785.752135463058949, 3478651.269280419219285 ], [ -10594202.75409466587007, 3478774.136447658296674 ], [ -10594205.079995132982731, 3478688.826529835350811 ], [ -10593970.833144316449761, 3478692.511192711535841 ], [ -10593976.160870630294085, 3478837.791566107422113 ], [ -10593897.218336200341582, 3478860.133995277807117 ], [ -10593886.191450145095587, 3478836.428544683847576 ], [ -10593381.564855448901653, 3478975.367443043738604 ], [ -10593392.062085885554552, 3479028.924725031014532 ], [ -10593162.743897169828415, 3479100.25669625820592 ], [ -10593134.93523876927793, 3479031.303649247158319 ], [ -10593045.601422637701035, 3479059.562409371137619 ], [ -10593059.432118384167552, 3479130.630863828118891 ], [ -10593014.721658127382398, 3479124.331727700307965 ] ] ] } },
{ "type": "Feature", "properties": { "ZIP": "77049", "POSTAL": "HOUSTON", "STATE": "TX", "ZIP_TYPE": "STANDARD", "bbox_minx": -10601058.929328866, "bbox_miny": 3477600.5997132808, "bbox_maxx": -10582202.226808742, "bbox_maxy": 3488656.5551282908, "label_x": -10591963.104541663, "label_y": 3483079.8688114593 }, "geometry": { "type": "Polygon", "coordinates": [ [ [ -10585207.853097856044769, 3484369.013442236930132 ], [ -10585463.887884300202131, 3483893.364651870448142 ], [ -10586246.575242502614856, 3483648.488161532673985 ], [ -10586637.306692300364375, 3483415.936863801907748 ], [ -10586911.041323572397232, 3483707.011614231858402 ], [ -10587228.524435227736831, 3483702.904733547009528 ], [ -10586886.662324409931898, 3482871.280009634327143 ], [ -10585568.862144619226456, 3481898.039672858547419 ], [ -10584352.251444328576326, 3481624.585815412458032 ], [ -10583358.27977597899735, 3481802.054332546889782 ], [ -10582695.260844748467207, 3482106.181624674703926 ], [ -10582330.244225319474936, 3481880.84440373070538 ], [ -10582202.226808741688728, 3481552.726424376945943 ], [ -10582341.710079185664654, 3481175.471835130825639 ], [ -10582647.616086428985, 3480933.341833468992263 ], [ -10583728.751002494245768, 3481223.975467790383846 ], [ -10584010.50061016343534, 3481178.679832506459206 ], [ -10584129.278562400490046, 3481052.674064693041146 ], [ -10584288.607046654447913, 3480358.320484588388354 ], [ -10584649.474471978843212, 3480396.360725907143205 ], [ -10584905.064030872657895, 3480368.004642116837204 ], [ -10584897.271683158352971, 3480430.105899265035987 ], [ -10584935.899568138644099, 3480460.51502432115376 ], [ -10585045.437900610268116, 3480384.171465253457427 ], [ -10585273.53157109208405, 3480435.623147508595139 ], [ -10585294.570999804884195, 3480401.108101336285472 ], [ -10585382.401980867609382, 3480481.557715224567801 ], [ -10585574.762096306309104, 3480520.948629423975945 ], [ -10585583.1110710054636, 3480439.857349715195596 ], [ -10585416.799789659678936, 3480321.300680343993008 ], [ -10585519.881595911458135, 3480272.672216545324773 ], [ -10585584.558200318366289, 3480282.423512506764382 ], [ -10585684.968438383191824, 3480404.444166888017207 ], [ -10586480.217691749334335, 3480298.867519853636622 ], [ -10586487.910564498975873, 3480558.243118922226131 ], [ -10587355.718403467908502, 3480539.551279523875564 ], [ -10587429.068666912615299, 3480455.903245288878679 ], [ -10588973.222300110384822, 3480396.257999200373888 ], [ -10588999.404637616127729, 3479265.767962150275707 ], [ -10589336.63553267903626, 3479261.884474133141339 ], [ -10589259.860070269554853, 3478730.746980661526322 ], [ -10592524.978718226775527, 3478656.367340001743287 ], [ -10592519.623282514512539, 3479267.240848863963038 ], [ -10592845.677284697070718, 3479158.445604511536658 ], [ -10593059.432118384167552, 3479130.630863828118891 ], [ -10593045.601422637701035, 3479059.562409371137619 ], [ -10593134.93523876927793, 3479031.303649247158319 ], [ -10593162.743897169828415, 3479100.25669625820592 ], [ -10593392.062085885554552, 3479028.924725031014532 ], [ -10593381.564855448901653, 3478975.367443043738604 ], [ -10593886.191450145095587, 3478836.428544683847576 ], [ -10593897.218336200341582, 3478860.133995277807117 ], [ -10593976.160870630294085, 3478837.791566107422113 ], [ -10593970.833144316449761, 3478692.511192711535841 ], [ -10594205.079995132982731, 3478688.826529835350811 ], [ -10594202.75409466587007, 3478774.136447658296674 ], [ -10594785.752135463058949, 3478651.269280419219285 ], [ -10595738.274649903178215, 3478641.108539314009249 ], [ -10595739.87270182184875, 3478588.613307345192879 ], [ -10595888.34178851172328, 3478585.378887139260769 ], [ -10595894.5271210167557, 3478503.869307010434568 ], [ -10596411.148700669407845, 3478509.729145789053291 ], [ -10596406.398071184754372, 3478234.38658683700487 ], [ -10596896.061182979494333, 3478227.918020508717746 ], [ -10596951.725423140451312, 3478175.024708969984204 ], [ -10597052.194915473461151, 3478209.878726279363036 ], [ -10597077.098769025877118, 3478193.986348169855773 ], [ -10597072.3957484588027, 3478084.070265151094645 ], [ -10597135.42988876439631, 3478083.224420800339431 ], [ -10597153.881542658433318, 3478031.08864484867081 ], [ -10597210.726741254329681, 3478016.649369738530368 ], [ -10597424.593170506879687, 3478049.38582133082673 ], [ -10597430.743642250075936, 3478080.17826459929347 ], [ -10597539.826284626498818, 3478079.836804859805852 ], [ -10597643.019387332722545, 3477934.490700228605419 ], [ -10597849.814608892425895, 3477910.451410276815295 ], [ -10597849.677405109629035, 3477836.295003472827375 ], [ -10598021.675584923475981, 3477821.54077247902751 ], [ -10598039.428119238466024, 3477729.110238065011799 ], [ -10598096.980345398187637, 3477698.066194850020111 ], [ -10598153.829427229240537, 3477600.599713280797005 ], [ -10598422.995511120185256, 3477878.45983927603811 ], [ -10598583.40685910359025, 3478217.388192887883633 ], [ -10598736.137169862166047, 3478332.461578832007945 ], [ -10598811.611709225922823, 3478477.299104581587017 ], [ -10599037.033749215304852, 3478535.157618863508105 ], [ -10599203.169102773070335, 3478679.873473208863288 ], [ -10599194.513763612136245, 3478745.374108365736902 ], [ -10599092.346841787919402, 3478869.228597735520452 ], [ -10599022.930724835023284, 3479059.933833857998252 ], [ -10599033.805231468752027, 3479215.367151910904795 ], [ -10599065.197349594905972, 3479265.274513238109648 ], [ -10599155.183444190770388, 3479241.638787277508527 ], [ -10599283.306075423955917, 3479098.560236391611397 ], [ -10599388.914460735395551, 3479176.493530812207609 ], [ -10599471.330699311569333, 3479171.332443540915847 ], [ -10599624.840294606983662, 3479003.009270723443478 ], [ -10599697.198049942031503, 3478977.350359974429011 ], [ -10600139.359005654230714, 3479246.899024296086282 ], [ -10600189.898067874833941, 3479407.399187164381146 ], [ -10600352.607222942635417, 3479429.752532116137445 ], [ -10600386.225631073117256, 3479660.178791390731931 ], [ -10600438.211872704327106, 3479716.503039749804884 ], [ -10600484.226832162588835, 3479710.058478964492679 ], [ -10600554.358085865154862, 3479588.172811347991228 ], [ -10600603.895238386467099, 3479579.320069209672511 ], [ -10600743.601176586002111, 3479601.3877397258766 ], [ -10600966.42283564247191, 3479556.127334013581276 ], [ -10601045.571031687781215, 3479643.243269170168787 ], [ -10601049.912393480539322, 3479787.582383547443897 ], [ -10600837.069533007219434, 3479878.420509901829064 ], [ -10600790.538033528253436, 3479960.278091551270336 ], [ -10600969.762351546436548, 3479994.278732167556882 ], [ -10601045.348203608766198, 3480114.756906597875059 ], [ -10601046.350064674392343, 3480210.857973262201995 ], [ -10600945.494641896337271, 3480364.698292909190059 ], [ -10600928.01736874319613, 3480528.035251336637884 ], [ -10600812.579096473753452, 3480592.190124135930091 ], [ -10600772.392783734947443, 3480652.495988881681114 ], [ -10600946.75931815430522, 3481018.54230310022831 ], [ -10600662.956563195213675, 3481156.943568221759051 ], [ -10600602.982825582846999, 3481215.540677412878722 ], [ -10598553.372235879302025, 3482232.656683125067502 ], [ -10598566.964218033477664, 3482258.797628166619688 ], [ -10598304.026723055168986, 3482410.6664122720249 ], [ -10598283.516654826700687, 3482367.634028060827404 ], [ -10596953.479655163362622, 3483005.83004793478176 ], [ -10596957.085454097017646, 3483832.460505584720522 ], [ -10596636.285229075700045, 3483839.021854734048247 ], [ -10596616.114139256998897, 3483153.907574983779341 ], [ -10595924.474224364385009, 3483495.769717507530004 ], [ -10596035.84403264708817, 3483806.993320548441261 ], [ -10595712.022353092208505, 3483811.671251669991761 ], [ -10595707.254714578390121, 3483622.470394038595259 ], [ -10593917.282013976946473, 3484500.524060837458819 ], [ -10593908.334318369626999, 3484561.209405164700001 ], [ -10593305.441017813980579, 3484820.398466027341783 ], [ -10593412.208992123603821, 3485036.792536800727248 ], [ -10593120.100513085722923, 3485201.891627310309559 ], [ -10592983.903161907568574, 3484942.641644597519189 ], [ -10590559.292154356837273, 3486169.579333650879562 ], [ -10590644.75508451089263, 3486343.356035154312849 ], [ -10590557.460858276113868, 3486414.819483510218561 ], [ -10590343.848981309682131, 3486450.559053267817944 ], [ -10590013.318209575489163, 3486449.223924193996936 ], [ -10588865.015442073345184, 3487006.513627767562866 ], [ -10588869.094320181757212, 3487400.080336223356426 ], [ -10589621.662673696875572, 3487400.817072049248964 ], [ -10589641.217548808082938, 3488595.495849084574729 ], [ -10586014.826618973165751, 3488656.555128290783614 ], [ -10586008.574111053720117, 3488535.994805191643536 ], [ -10585871.094584604725242, 3488183.441460973117501 ], [ -10585831.353538181632757, 3488153.142258863896132 ], [ -10585774.023960461840034, 3487889.440420587081462 ], [ -10585852.392932651564479, 3487381.823067572433501 ], [ -10585810.314176300540566, 3486962.803629003465176 ], [ -10585756.324129009619355, 3486745.339924139901996 ], [ -10585797.289853010326624, 3485706.212481507100165 ], [ -10585501.068663738667965, 3484901.283484016545117 ], [ -10585207.853097856044769, 3484369.013442236930132 ] ] ] } },
{ "type": "Feature", "properties": { "ZIP": "77013", "POSTAL": "HOUSTON", "STATE": "TX", "ZIP_TYPE": "STANDARD", "bbox_minx": -10605882.254349686, "bbox_miny": 3474182.6939865262, "bbox_maxx": -10598024.917219521, "bbox_maxy": 3480872.0940139242, "label_x": -10601667.266541932, "label_y": 3477536.7087652087 }, "geometry": { "type": "Polygon", "coordinates": [ [ [ -10598422.995511120185256, 3477878.45983927603811 ], [ -10598034.490617800503969, 3477441.535180358216166 ], [ -10598040.056641485542059, 3477348.790071823168546 ], [ -10598103.063505927100778, 3477292.604511763900518 ], [ -10598329.7099649887532, 3477318.003509839996696 ], [ -10598371.454824969172478, 3477260.022279564291239 ], [ -10598317.019527610391378, 3477108.784676476381719 ], [ -10598302.102799458429217, 3476870.323095276486129 ], [ -10598199.282915914431214, 3476657.747586830053478 ], [ -10598249.382301049306989, 3476531.179911725688726 ], [ -10598310.882928060367703, 3476504.400828145444393 ], [ -10598428.982335822656751, 3476538.56893089460209 ], [ -10598696.619155334308743, 3476524.760420026723295 ], [ -10598938.182464549317956, 3476312.09143374254927 ], [ -10599173.177967203781009, 3476241.801147211808711 ], [ -10599268.467450695112348, 3476092.884480179287493 ], [ -10599155.255680523812771, 3475727.590359166264534 ], [ -10599056.626635583117604, 3475577.396977693773806 ], [ -10599027.906220901757479, 3475342.554893992841244 ], [ -10598940.186499021947384, 3475243.283858833368868 ], [ -10598805.267333751544356, 3475165.175729667302221 ], [ -10598593.24265062622726, 3475185.539302749559283 ], [ -10598541.996739406138659, 3475161.712723345961422 ], [ -10598508.489530170336366, 3475091.685183926019818 ], [ -10598500.808562129735947, 3474815.426435315981507 ], [ -10599646.73137391731143, 3474768.101639050524682 ], [ -10599659.297418650239706, 3474386.482367962598801 ], [ -10600135.813896143808961, 3474380.567597805988044 ], [ -10600133.136656261980534, 3474182.693986526224762 ], [ -10600474.308973042294383, 3474269.670465702190995 ], [ -10600458.536767339333892, 3474324.250765590928495 ], [ -10600572.386839240789413, 3474374.75128983380273 ], [ -10600651.024685433134437, 3474393.884183746296912 ], [ -10600669.193392802029848, 3474367.175406424794346 ], [ -10600755.142140639945865, 3474365.877527099102736 ], [ -10600789.853168211877346, 3474624.647769181989133 ], [ -10600984.903015717864037, 3474850.696556178387254 ], [ -10601003.159458342939615, 3474774.514628618955612 ], [ -10601088.599329300224781, 3474728.059763929340988 ], [ -10601155.261659502983093, 3474732.414397430140525 ], [ -10601146.480950102210045, 3474520.727724923752248 ], [ -10601268.516191618517041, 3474549.265024087857455 ], [ -10601236.702790385112166, 3474723.383182480931282 ], [ -10601568.75936315394938, 3474723.727218767162412 ], [ -10601765.407422250136733, 3474795.850298572331667 ], [ -10601760.030785825103521, 3474637.35283943451941 ], [ -10601916.785870065912604, 3474654.910916268825531 ], [ -10602022.912035193294287, 3474596.323536985553801 ], [ -10602309.137137634679675, 3474595.360538197681308 ], [ -10602310.397538937628269, 3474657.079512664116919 ], [ -10602491.746558055281639, 3474587.096288945060223 ], [ -10602495.181193061172962, 3474614.945857471320778 ], [ -10602903.873944088816643, 3474588.898719937074929 ], [ -10602905.670261455699801, 3474716.259185659699142 ], [ -10603313.409778323024511, 3474713.175685943104327 ], [ -10603315.59922382235527, 3474505.701750813052058 ], [ -10603493.153864977881312, 3474520.8352209944278 ], [ -10604745.498060800135136, 3474753.22567910188809 ], [ -10604270.442925676703453, 3474958.647203638218343 ], [ -10604319.132727583870292, 3475316.201695069670677 ], [ -10604408.619328189641237, 3475297.108949674293399 ], [ -10604514.249548099935055, 3475675.087460694368929 ], [ -10604734.62758563272655, 3475598.492334925103933 ], [ -10604837.170330606400967, 3475865.478555432986468 ], [ -10604972.651463964954019, 3476249.088544809259474 ], [ -10604901.974441593512893, 3476243.396677738055587 ], [ -10604892.807356452569366, 3476527.776746385730803 ], [ -10605019.566890507936478, 3476729.639164510183036 ], [ -10605024.22591233626008, 3477160.629757099784911 ], [ -10605077.613241815939546, 3477096.880686285439879 ], [ -10605081.431320069357753, 3477353.524868604727089 ], [ -10605252.607502268627286, 3477213.362603405956179 ], [ -10605328.734083689749241, 3477319.603314136620611 ], [ -10605189.165664069354534, 3477500.451993776019663 ], [ -10605409.105912933126092, 3477669.361942275892943 ], [ -10605481.966064414009452, 3477572.965536641422659 ], [ -10605739.620800387114286, 3477778.589253795798868 ], [ -10605752.662735527381301, 3477874.137389701325446 ], [ -10605874.425435891374946, 3477875.390568053815514 ], [ -10605882.254349686205387, 3478512.226435379125178 ], [ -10605135.578812150284648, 3478891.434470301959664 ], [ -10605104.581870136782527, 3478749.149847093503922 ], [ -10604838.022388612851501, 3478753.505308335181326 ], [ -10604684.921732472255826, 3478947.466981933452189 ], [ -10604685.273419143632054, 3479001.601784738246351 ], [ -10604473.512835700064898, 3479137.618408354464918 ], [ -10604520.583598071709275, 3479207.540520267561078 ], [ -10604460.433757517486811, 3479236.781711272429675 ], [ -10604480.911881096661091, 3479279.337348266039044 ], [ -10604149.286232514306903, 3479445.436305548530072 ], [ -10604036.61858981102705, 3479423.506793327163905 ], [ -10604033.916007908061147, 3479241.100626946426928 ], [ -10603827.641669498756528, 3479254.236289091408253 ], [ -10603829.819777866825461, 3479524.031501505989581 ], [ -10603589.369222948327661, 3479641.912060779053718 ], [ -10603560.884822353720665, 3479575.611587731167674 ], [ -10603425.870261302217841, 3479644.759662057738751 ], [ -10603424.428513837978244, 3479530.39403731143102 ], [ -10603292.83066214248538, 3479578.52619601925835 ], [ -10603292.102595968171954, 3479367.622414047829807 ], [ -10603163.455501576885581, 3479371.123964269645512 ], [ -10603143.582912418991327, 3479794.104727251920849 ], [ -10602624.717673972249031, 3479801.869771641679108 ], [ -10602300.960367627441883, 3479970.171400830615312 ], [ -10602399.256904467940331, 3480154.470317792147398 ], [ -10602134.681184552609921, 3480159.998227843083441 ], [ -10602134.057621451094747, 3480118.452685532625765 ], [ -10601862.487202938646078, 3480243.96974058682099 ], [ -10601912.643227135762572, 3480350.70946826133877 ], [ -10600867.495515145361423, 3480872.094013924244791 ], [ -10600772.392783734947443, 3480652.495988881681114 ], [ -10600812.579096473753452, 3480592.190124135930091 ], [ -10600928.01736874319613, 3480528.035251336637884 ], [ -10600959.186905827373266, 3480320.816978292074054 ], [ -10601051.136877678334713, 3480179.038047205191106 ], [ -10600998.371476335451007, 3480016.860249673016369 ], [ -10600811.466055024415255, 3479982.602936513256282 ], [ -10600794.545549558475614, 3479919.477504221256822 ], [ -10601049.912393480539322, 3479787.582383547443897 ], [ -10601025.756190162152052, 3479596.926847583148628 ], [ -10600941.449450558051467, 3479552.588415402919054 ], [ -10600743.601176586002111, 3479601.3877397258766 ], [ -10600554.358085865154862, 3479588.172811347991228 ], [ -10600484.226832162588835, 3479710.058478964492679 ], [ -10600438.211872704327106, 3479716.503039749804884 ], [ -10600386.225631073117256, 3479660.178791390731931 ], [ -10600352.607222942635417, 3479429.752532116137445 ], [ -10600189.898067874833941, 3479407.399187164381146 ], [ -10600139.359005654230714, 3479246.899024296086282 ], [ -10599697.198049942031503, 3478977.350359974429011 ], [ -10599624.840294606983662, 3479003.009270723443478 ], [ -10599471.330699311569333, 3479171.332443540915847 ], [ -10599388.914460735395551, 3479176.493530812207609 ], [ -10599283.306075423955917, 3479098.560236391611397 ], [ -10599155.183444190770388, 3479241.638787277508527 ], [ -10599065.197349594905972, 3479265.274513238109648 ], [ -10599033.805231468752027, 3479215.367151910904795 ], [ -10599022.930724835023284, 3479059.933833857998252 ], [ -10599092.346841787919402, 3478869.228597735520452 ], [ -10599194.513763612136245, 3478745.374108365736902 ], [ -10599203.169102773070335, 3478679.873473208863288 ], [ -10599037.033749215304852, 3478535.157618863508105 ], [ -10598811.611709225922823, 3478477.299104581587017 ], [ -10598736.137169862166047, 3478332.461578832007945 ], [ -10598583.40685910359025, 3478217.388192887883633 ], [ -10598422.995511120185256, 3477878.45983927603811 ] ] ] } },
{ "type": "Feature", "properties": { "ZIP": "77051", "POSTAL": "HOUSTON", "STATE": "TX", "ZIP_TYPE": "STANDARD", "bbox_minx": -10620108.405911677, "bbox_miny": 3455985.0578786866, "bbox_maxx": -10614642.753647828, "bbox_maxy": 3463046.3239602563, "label_x": -10616675.474793874, "label_y": 3459521.6443138719 }, "geometry": { "type": "Polygon", "coordinates": [ [ [ -10614966.034554082900286, 3462935.360598946455866 ], [ -10614976.46607250161469, 3462529.428714096546173 ], [ -10614895.694936126470566, 3462500.809295391663909 ], [ -10614899.407481731846929, 3462259.774938331916928 ], [ -10614826.821790531277657, 3462233.858394050039351 ], [ -10614858.745279693976045, 3462145.019605381879956 ], [ -10614642.753647828474641, 3462071.106851059477776 ], [ -10614693.029260102659464, 3461922.613413841463625 ], [ -10614969.341596057638526, 3462017.815887423232198 ], [ -10614967.053816618397832, 3461903.016039357986301 ], [ -10614919.830979220569134, 3461884.863701019901782 ], [ -10614904.986462811008096, 3461783.510130006354302 ], [ -10614840.878844628110528, 3461765.027864687610418 ], [ -10614873.495541552081704, 3461627.425248138140887 ], [ -10614923.032724656164646, 3461628.450153017416596 ], [ -10614884.961455579847097, 3461324.294524835422635 ], [ -10614949.637969495728612, 3461131.990765301510692 ], [ -10614933.561379997059703, 3460216.569402242079377 ], [ -10614867.759666737169027, 3460216.881966214161366 ], [ -10614933.261414553970098, 3460197.568477135151625 ], [ -10614932.703252175822854, 3460141.808145144954324 ], [ -10614866.517576444894075, 3460143.153588571585715 ], [ -10614865.865070726722479, 3460106.13742592651397 ], [ -10614931.860053360462189, 3460078.270413644146174 ], [ -10614857.11512210033834, 3460086.532343794591725 ], [ -10614845.518071657046676, 3460018.885355249978602 ], [ -10614929.678552446886897, 3460010.396436211187392 ], [ -10614929.035764256492257, 3459969.292766936589032 ], [ -10614859.308284219354391, 3459969.961337068118155 ], [ -10614858.17369332537055, 3459915.403413971420377 ], [ -10614928.782404210418463, 3459916.66808155644685 ], [ -10614928.519662456586957, 3459876.283739070873708 ], [ -10614857.017945058643818, 3459859.443633136339486 ], [ -10614928.3841443490237, 3459858.247095169033855 ], [ -10614928.115058122202754, 3459822.433780509512872 ], [ -10614835.141815636307001, 3459823.847308719996363 ], [ -10614834.762047857046127, 3459801.931641542352736 ], [ -10614927.980098824948072, 3459786.96265808166936 ], [ -10614927.267017701640725, 3459702.55824561137706 ], [ -10614854.469461124390364, 3459703.837892553303391 ], [ -10614926.71731130965054, 3459684.970945628359914 ], [ -10614925.121232278645039, 3459633.912087304517627 ], [ -10614853.443769933655858, 3459633.79592113988474 ], [ -10614852.929983643814921, 3459598.672013340052217 ], [ -10614924.294668769463897, 3459598.847307294607162 ], [ -10614923.481115654110909, 3459540.494269583374262 ], [ -10614852.158908724784851, 3459542.42763305362314 ], [ -10614851.22621769271791, 3459471.803739784751087 ], [ -10614830.265329591929913, 3459472.043038809206337 ], [ -10614850.466589195653796, 3459418.729563284665346 ], [ -10614921.802202211692929, 3459418.490017394535244 ], [ -10614921.112717213109136, 3459379.310988160781562 ], [ -10614850.042618632316589, 3459379.836133693810552 ], [ -10614848.759844159707427, 3459316.438245934434235 ], [ -10614919.734196480363607, 3459325.016835032496601 ], [ -10614918.460673106834292, 3459274.860538457520306 ], [ -10614698.271499777212739, 3459259.50855741975829 ], [ -10614696.296709129586816, 3459143.217492680530995 ], [ -10614915.644797446206212, 3459139.354417055379599 ], [ -10614916.184369690716267, 3459075.331761964131147 ], [ -10614842.366687763482332, 3459075.099820593837649 ], [ -10614840.717403685674071, 3459009.702131010126323 ], [ -10614920.859015362337232, 3459006.138347712811083 ], [ -10615004.40726925060153, 3458619.366853266023099 ], [ -10615013.201454270631075, 3458410.83619021018967 ], [ -10615159.80921682715416, 3458374.587082823272794 ], [ -10615334.692094398662448, 3458393.800415394362062 ], [ -10615436.215512385591865, 3458291.457798989955336 ], [ -10615877.819987557828426, 3458188.859787783119828 ], [ -10616074.07617768459022, 3458183.992558347992599 ], [ -10616208.661516085267067, 3458084.59751088405028 ], [ -10616257.196803171187639, 3457933.072900361381471 ], [ -10616417.274236427620053, 3457905.278626543935388 ], [ -10616540.059628857299685, 3457835.088810564950109 ], [ -10616590.598620811477304, 3457783.343283800873905 ], [ -10616633.567948473617435, 3457658.719250426627696 ], [ -10616830.826101206243038, 3457601.723167603369802 ], [ -10616958.064245328307152, 3457414.085810834541917 ], [ -10617157.882705328986049, 3457405.50455194991082 ], [ -10617202.076641865074635, 3457302.657469615805894 ], [ -10617151.203559031710029, 3457048.29698030045256 ], [ -10617254.062797663733363, 3456916.379852385725826 ], [ -10617420.37417090497911, 3456843.890116145834327 ], [ -10617438.630496270954609, 3456418.437062172684819 ], [ -10617640.452757781371474, 3456286.782504721079022 ], [ -10617648.46775665320456, 3456078.67376821488142 ], [ -10617881.904770907014608, 3455987.107005548663437 ], [ -10618150.073416827246547, 3456041.150504986289889 ], [ -10618249.481699746102095, 3456194.830046820919961 ], [ -10618463.437761414796114, 3456361.190152447670698 ], [ -10618489.486514825373888, 3459616.33852097671479 ], [ -10619668.471195003017783, 3459599.557313945144415 ], [ -10620108.405911676585674, 3459621.334422712214291 ], [ -10619568.506187573075294, 3461237.686973965261132 ], [ -10617852.293615180999041, 3461837.673451053909957 ], [ -10617850.449747886508703, 3461884.678499825764447 ], [ -10617046.579379919916391, 3462164.433093464467674 ], [ -10617048.166727777570486, 3462334.043253969401121 ], [ -10616836.446952549740672, 3462332.532494943123311 ], [ -10616836.553142553195357, 3462240.373831341043115 ], [ -10615355.937890786677599, 3462749.317748960573226 ], [ -10615250.581499727442861, 3463046.323960256297141 ], [ -10614966.034554082900286, 3462935.360598946455866 ] ] ] } },
{ "type": "Feature", "properties": { "ZIP": "77025", "POSTAL": "HOUSTON", "STATE": "TX", "ZIP_TYPE": "STANDARD", "bbox_minx": -10625156.42072654, "bbox_miny": 3459216.7982033859, "bbox_maxx": -10621392.389052907, "bbox_maxy": 3465974.2644430869, "label_x": -10623854.718364837, "label_y": 3462552.7802208504 }, "geometry": { "type": "Polygon", "coordinates": [ [ [ -10621928.002239070832729, 3465855.353018854744732 ], [ -10621928.302921688184142, 3465706.968844233080745 ], [ -10621999.105893878266215, 3465706.653302386403084 ], [ -10621996.806590789929032, 3465663.365364329423755 ], [ -10622111.941561030223966, 3465663.676847239024937 ], [ -10622113.082333400845528, 3465556.907149325590581 ], [ -10621930.01846974901855, 3465556.579362535383552 ], [ -10621925.763130644336343, 3465242.994659927207977 ], [ -10622016.146972671151161, 3465240.58599908137694 ], [ -10622014.649341177195311, 3465077.219780576881021 ], [ -10621924.23759894259274, 3465077.287956244312227 ], [ -10621929.243003653362393, 3464937.860091587528586 ], [ -10622059.247711449861526, 3464933.346918548457325 ], [ -10622061.362850055098534, 3464727.405308657325804 ], [ -10622037.923158459365368, 3464686.078650627750903 ], [ -10621901.157877406105399, 3464766.955516352783889 ], [ -10621842.212134269997478, 3464599.364264281932265 ], [ -10621529.435713930055499, 3464253.467213802970946 ], [ -10621477.956196019425988, 3464335.596209142822772 ], [ -10621392.389052907004952, 3464252.928675469942391 ], [ -10621421.682442367076874, 3464238.047632384579629 ], [ -10621407.356616357341409, 3464113.967871048487723 ], [ -10621626.112454008311033, 3464010.843649560585618 ], [ -10621571.473978359252214, 3463903.762778616510332 ], [ -10621672.431729415431619, 3463788.840788385365158 ], [ -10621703.942606240510941, 3463810.96477861655876 ], [ -10621879.799979712814093, 3463611.553455134853721 ], [ -10621638.785322539508343, 3463444.953980856109411 ], [ -10621654.641167890280485, 3463322.540841601788998 ], [ -10621606.996498653665185, 3463138.02360196178779 ], [ -10622168.157998001202941, 3463152.503013646230102 ], [ -10622242.215445101261139, 3463041.259499085601419 ], [ -10622311.973310213536024, 3463045.988714001141489 ], [ -10622360.336371453478932, 3462893.360537149943411 ], [ -10622701.005800062790513, 3462439.527436344418675 ], [ -10622627.193344965577126, 3462420.026737671811134 ], [ -10622550.476857079192996, 3462316.830814220476896 ], [ -10622640.375450909137726, 3462312.982145088724792 ], [ -10622630.801916092634201, 3462162.432847665157169 ], [ -10622853.545089218765497, 3462168.957580340560526 ], [ -10622897.709350073710084, 3461964.187376862391829 ], [ -10622968.259705601260066, 3462004.993542484473437 ], [ -10622987.394814565777779, 3461974.615797857288271 ], [ -10623011.381975816562772, 3461988.786002621985972 ], [ -10623464.59119064733386, 3461335.142424118239433 ], [ -10623413.410797037184238, 3461232.491756818722934 ], [ -10623412.416219182312489, 3461007.132776213809848 ], [ -10624142.194204092025757, 3460332.2833879054524 ], [ -10623822.885903490707278, 3460130.007698763161898 ], [ -10623967.375176522880793, 3459894.662524004932493 ], [ -10624224.509579719975591, 3460027.090785550419241 ], [ -10624266.206990640610456, 3459913.21221529552713 ], [ -10624320.245995363220572, 3459918.358654637355357 ], [ -10624319.359174398705363, 3459849.130524187814444 ], [ -10624464.078838342800736, 3459844.476799642201513 ], [ -10624468.001925008371472, 3459504.303433270659298 ], [ -10625068.913633953779936, 3459216.798203385900706 ], [ -10625040.544222425669432, 3459664.802233989816159 ], [ -10625156.420726539567113, 3465955.871827250346541 ], [ -10624932.688761522993445, 3465960.025445396080613 ], [ -10624930.829645773395896, 3465868.804424238856882 ], [ -10624638.35204846598208, 3465870.075935040600598 ], [ -10624637.544340278953314, 3465965.004906916525215 ], [ -10624443.270222684368491, 3465967.982952002435923 ], [ -10624441.851690461859107, 3465890.401063062250614 ], [ -10624408.637638662010431, 3465874.615927222650498 ], [ -10624262.622853836044669, 3465887.096889656037092 ], [ -10624263.496493889018893, 3465971.735593636054546 ], [ -10624087.467528345063329, 3465974.264443086925894 ], [ -10624083.563315244391561, 3465815.756133181042969 ], [ -10624008.838561184704304, 3465817.466330405790359 ], [ -10624010.548065098002553, 3465900.528549950569868 ], [ -10623637.50124873034656, 3465906.75727337738499 ], [ -10623637.086671145632863, 3465818.193255642428994 ], [ -10623554.913237253203988, 3465819.751834634225816 ], [ -10623555.589211739599705, 3465876.70712895039469 ], [ -10623318.455561166629195, 3465877.369874122086912 ], [ -10623317.317805157974362, 3465822.062569991219789 ], [ -10623272.000270806252956, 3465822.594991257414222 ], [ -10623274.80858208052814, 3465912.387502094730735 ], [ -10623239.189045486971736, 3465912.737071096431464 ], [ -10623239.354075267910957, 3465822.641757586039603 ], [ -10622902.391491377726197, 3465826.228263637982309 ], [ -10622903.008107971400023, 3465917.039265407714993 ], [ -10622849.943863051012158, 3465917.619308267720044 ], [ -10622846.205023746937513, 3465847.224145291838795 ], [ -10621928.002239070832729, 3465855.353018854744732 ] ] ] } },
{ "type": "Feature", "properties": { "ZIP": "77030", "POSTAL": "HOUSTON", "STATE": "TX", "ZIP_TYPE": "STANDARD", "bbox_minx": -10622113.082333401, "bbox_miny": 3464159.7477923711, "bbox_maxx": -10617885.694000261, "bbox_maxy": 3468112.7085331208, "label_x": -10620368.951546649, "label_y": 3466139.0356541201 }, "geometry": { "type": "Polygon", "coordinates": [ [ [ -10618846.187628537416458, 3468112.700178500264883 ], [ -10618773.302001599222422, 3468067.47381398640573 ], [ -10618849.672520054504275, 3467995.388289966620505 ], [ -10618817.27861262857914, 3467825.545109547674656 ], [ -10618522.281930692493916, 3467645.705924672074616 ], [ -10618445.674406768754125, 3467506.469048231840134 ], [ -10618421.86639565974474, 3467362.731275366153568 ], [ -10618495.813640106469393, 3467090.550265267491341 ], [ -10618625.571046145632863, 3467098.425731398165226 ], [ -10618681.251859171316028, 3466948.031518741045147 ], [ -10618710.517823943868279, 3466730.95697550708428 ], [ -10618922.036561103537679, 3466341.109006972517818 ], [ -10618819.878976562991738, 3466104.819889375939965 ], [ -10618606.228339625522494, 3466118.568646704312414 ], [ -10618517.618073005229235, 3466153.301633498165756 ], [ -10618433.237827042117715, 3466234.559123840648681 ], [ -10618190.227369433268905, 3466601.762440959922969 ], [ -10618036.940471518784761, 3466672.000061442609876 ], [ -10617987.848585767671466, 3466727.241988124791533 ], [ -10617885.694000260904431, 3466725.419834828004241 ], [ -10618416.183776175603271, 3464920.279403126332909 ], [ -10619291.126699233427644, 3464702.505034325644374 ], [ -10619306.190067691728473, 3464753.668239226564765 ], [ -10619479.390678070485592, 3464703.71499555464834 ], [ -10619465.812723433598876, 3464743.146165916696191 ], [ -10619556.852313309907913, 3464756.740117257926613 ], [ -10619569.535126250237226, 3464676.84623037930578 ], [ -10619836.658211402595043, 3464642.583990751765668 ], [ -10619829.497475996613503, 3464604.862038269173354 ], [ -10619967.396668182685971, 3464566.537710026372224 ], [ -10619958.117339614778757, 3464517.937539379112422 ], [ -10620067.810500223189592, 3464487.162216424010694 ], [ -10620083.150039216503501, 3464564.129565267357975 ], [ -10620158.06522074341774, 3464550.659078848082572 ], [ -10620169.525229841470718, 3464618.611370833590627 ], [ -10620328.601248469203711, 3464589.052548384759575 ], [ -10620307.039667764678597, 3464479.508144378662109 ], [ -10620348.617764618247747, 3464468.810493213124573 ], [ -10620338.597391353920102, 3464414.185978616122156 ], [ -10621246.161626849323511, 3464159.747792371083051 ], [ -10621302.056636055931449, 3464294.151146971620619 ], [ -10621392.406052513048053, 3464252.929777966812253 ], [ -10621477.956196019425988, 3464335.596209142822772 ], [ -10621529.435713930055499, 3464253.467213802970946 ], [ -10621842.212134269997478, 3464599.364264281932265 ], [ -10621901.157877406105399, 3464766.955516352783889 ], [ -10622037.923158459365368, 3464686.078650627750903 ], [ -10622061.362850055098534, 3464727.405308657325804 ], [ -10622059.247711449861526, 3464933.346918548457325 ], [ -10621929.243003653362393, 3464937.860091587528586 ], [ -10621923.527792528271675, 3465004.351530969608575 ], [ -10621924.23759894259274, 3465077.287956244312227 ], [ -10622014.649341177195311, 3465077.219780576881021 ], [ -10622016.146972671151161, 3465240.58599908137694 ], [ -10621925.763130644336343, 3465242.994659927207977 ], [ -10621930.01846974901855, 3465556.579362535383552 ], [ -10622113.082333400845528, 3465556.907149325590581 ], [ -10622111.941561030223966, 3465663.676847239024937 ], [ -10621996.806590789929032, 3465663.365364329423755 ], [ -10621999.105893878266215, 3465706.653302386403084 ], [ -10621928.302921688184142, 3465706.968844233080745 ], [ -10621928.002239070832729, 3465855.353018854744732 ], [ -10621903.875667603686452, 3465855.480115988757461 ], [ -10621914.00805645622313, 3466919.43110575992614 ], [ -10621322.117683961987495, 3466926.153992594219744 ], [ -10621288.823837496340275, 3466982.029645515605807 ], [ -10621179.061580419540405, 3466972.33280531084165 ], [ -10619969.909692181274295, 3466518.346454978454858 ], [ -10618906.028401657938957, 3468068.011065816972405 ], [ -10618846.187628537416458, 3468112.700178500264883 ] ] ] } },
{ "type": "Feature", "properties": { "ZIP": "77054", "POSTAL": "HOUSTON", "STATE": "TX", "ZIP_TYPE": "STANDARD", "bbox_minx": -10624481.972001327, "bbox_miny": 3459424.5660849013, "bbox_maxx": -10617141.860182641, "bbox_maxy": 3465172.9836116056, "label_x": -10620235.582993764, "label_y": 3462270.5074069547 }, "geometry": { "type": "Polygon", "coordinates": [ [ [ -10617841.837422525510192, 3462224.188821924384683 ], [ -10617852.293615180999041, 3461837.673451053909957 ], [ -10623216.000633478164673, 3459986.555832891725004 ], [ -10624481.972001327201724, 3459424.566084901336581 ], [ -10624464.078838342800736, 3459844.476799642201513 ], [ -10624319.359174398705363, 3459849.130524187814444 ], [ -10624320.245995363220572, 3459918.358654637355357 ], [ -10624266.206990640610456, 3459913.21221529552713 ], [ -10624224.509579719975591, 3460027.090785550419241 ], [ -10623967.375176522880793, 3459894.662524004932493 ], [ -10623822.885903490707278, 3460130.007698763161898 ], [ -10624142.194204092025757, 3460332.2833879054524 ], [ -10623412.416219182312489, 3461007.132776213809848 ], [ -10623413.410797037184238, 3461232.491756818722934 ], [ -10623464.59119064733386, 3461335.142424118239433 ], [ -10623011.381975816562772, 3461988.786002621985972 ], [ -10622987.394814565777779, 3461974.615797857288271 ], [ -10622968.259705601260066, 3462004.993542484473437 ], [ -10622897.709350073710084, 3461964.187376862391829 ], [ -10622853.545089218765497, 3462168.957580340560526 ], [ -10622630.801916092634201, 3462162.432847665157169 ], [ -10622640.375450909137726, 3462312.982145088724792 ], [ -10622550.476857079192996, 3462316.830814220476896 ], [ -10622627.193344965577126, 3462420.026737671811134 ], [ -10622701.005800062790513, 3462439.527436344418675 ], [ -10622360.336371453478932, 3462893.360537149943411 ], [ -10622311.973310213536024, 3463045.988714001141489 ], [ -10622242.215445101261139, 3463041.259499085601419 ], [ -10622168.157998001202941, 3463152.503013646230102 ], [ -10621606.996498653665185, 3463138.02360196178779 ], [ -10621654.641167890280485, 3463322.540841601788998 ], [ -10621638.785322539508343, 3463444.953980856109411 ], [ -10621879.799979712814093, 3463611.553455134853721 ], [ -10621703.942606240510941, 3463810.96477861655876 ], [ -10621672.431729415431619, 3463788.840788385365158 ], [ -10621571.473978359252214, 3463903.762778616510332 ], [ -10621626.112454008311033, 3464010.843649560585618 ], [ -10621407.356616357341409, 3464113.967871048487723 ], [ -10621421.682442367076874, 3464238.047632384579629 ], [ -10621302.056636055931449, 3464294.151146971620619 ], [ -10621246.161626849323511, 3464159.747792371083051 ], [ -10620338.597391353920102, 3464414.185978616122156 ], [ -10620348.617764618247747, 3464468.810493213124573 ], [ -10620307.039667764678597, 3464479.508144378662109 ], [ -10620328.601248469203711, 3464589.052548384759575 ], [ -10620169.525229841470718, 3464618.611370833590627 ], [ -10620158.06522074341774, 3464550.659078848082572 ], [ -10620083.150039216503501, 3464564.129565267357975 ], [ -10620067.810500223189592, 3464487.162216424010694 ], [ -10619958.117339614778757, 3464517.937539379112422 ], [ -10619967.396668182685971, 3464566.537710026372224 ], [ -10619829.497475996613503, 3464604.862038269173354 ], [ -10619836.658211402595043, 3464642.583990751765668 ], [ -10619569.535126250237226, 3464676.84623037930578 ], [ -10619556.852313309907913, 3464756.740117257926613 ], [ -10619465.812723433598876, 3464743.146165916696191 ], [ -10619479.390678070485592, 3464703.71499555464834 ], [ -10619306.190067691728473, 3464753.668239226564765 ], [ -10619291.126699233427644, 3464702.505034325644374 ], [ -10618416.183776175603271, 3464920.279403126332909 ], [ -10618395.916225869208574, 3465015.053993369452655 ], [ -10618271.690936302766204, 3464994.140238157473505 ], [ -10618264.143082560971379, 3464960.101909788325429 ], [ -10617141.860182641074061, 3465172.983611605595797 ], [ -10617588.474207216873765, 3463398.397636223118752 ], [ -10617725.285876708105206, 3463077.670686613302678 ], [ -10617738.310238240286708, 3462806.28269274532795 ], [ -10617841.837422525510192, 3462224.188821924384683 ] ] ] } },
{ "type": "Feature", "properties": { "ZIP": "77507", "POSTAL": "PASADENA", "STATE": "TX", "ZIP_TYPE": "STANDARD", "bbox_minx": -10588919.903957484, "bbox_miny": 3450945.2775033438, "bbox_maxx": -10578893.703470718, "bbox_maxy": 3459122.2254791246, "label_x": -10583099.532770509, "label_y": 3455030.6251617884 }, "geometry": { "type": "Polygon", "coordinates": [ [ [ -10579086.171600382775068, 3454084.457924773916602 ], [ -10578893.703470718115568, 3452718.06992172030732 ], [ -10579559.947437623515725, 3452709.44413486821577 ], [ -10579882.996584752574563, 3452760.529239940457046 ], [ -10579940.882675893604755, 3452657.719189523719251 ], [ -10580066.339702568948269, 3452566.176648286171257 ], [ -10580120.32971827685833, 3452413.436545212753117 ], [ -10580090.162155678495765, 3452358.512016069144011 ], [ -10580097.843160400167108, 3452273.245007428806275 ], [ -10579933.312994973734021, 3452108.473805238492787 ], [ -10579998.434828486293554, 3452107.065517652314156 ], [ -10580110.533641504123807, 3451914.899227047339082 ], [ -10580254.803692579269409, 3452055.086901093833148 ], [ -10580410.984878608956933, 3452024.744716048706323 ], [ -10580495.810360059142113, 3451958.683726431801915 ], [ -10580500.040467055514455, 3451909.394109798129648 ], [ -10580398.405734334141016, 3451724.144053841009736 ], [ -10580439.816670263186097, 3451662.949354550801218 ], [ -10580524.530806578695774, 3451605.97956480551511 ], [ -10580825.761341702193022, 3451618.653719977941364 ], [ -10580703.19854000210762, 3451507.40346463304013 ], [ -10580517.517617447301745, 3451503.17879548529163 ], [ -10580488.797253634780645, 3451455.299145086668432 ], [ -10580503.602740205824375, 3451321.518895899876952 ], [ -10580440.929869119077921, 3451230.625944250728935 ], [ -10580796.15028528496623, 3450952.958337543997914 ], [ -10581184.21009468100965, 3450997.891716002486646 ], [ -10581570.043446656316519, 3451175.450389831792563 ], [ -10583125.844654833897948, 3452522.774183822330087 ], [ -10583416.165855774655938, 3452384.245826976839453 ], [ -10583762.703431012108922, 3452144.065286662895232 ], [ -10583955.731476588174701, 3452100.280118253547698 ], [ -10584224.790671130642295, 3452134.71927886782214 ], [ -10584425.165721286088228, 3452121.532498580403626 ], [ -10584794.412512989714742, 3451999.65175823122263 ], [ -10585197.723007440567017, 3451972.510390190873295 ], [ -10585505.521387942135334, 3451839.620992820244282 ], [ -10585575.430023889988661, 3451920.788306228350848 ], [ -10585595.022252032533288, 3452038.315519201103598 ], [ -10585361.807962292805314, 3452067.249415270518512 ], [ -10584982.31975107267499, 3452794.58602796588093 ], [ -10584931.224130555987358, 3452832.61201596679166 ], [ -10584829.144145891070366, 3453463.577339506708086 ], [ -10584752.77903257869184, 3453547.315741004422307 ], [ -10584714.373510967940092, 3453901.715489828959107 ], [ -10585235.682956740260124, 3454362.0647749369964 ], [ -10585729.496162680909038, 3454875.935104501433671 ], [ -10585844.711913872510195, 3454775.156993211247027 ], [ -10586064.011299332603812, 3454665.672165686730295 ], [ -10586187.687246233224869, 3454768.498299750965089 ], [ -10586275.51834955625236, 3454690.002041344996542 ], [ -10586382.273702710866928, 3454648.129046970978379 ], [ -10586427.135424323379993, 3454675.660249609034508 ], [ -10586427.914746534079313, 3454738.277778996620327 ], [ -10586336.632667517289519, 3454785.017086603213102 ], [ -10586321.159299397841096, 3454838.287229732144624 ], [ -10586449.955955304205418, 3454892.326031462289393 ], [ -10586451.403069851920009, 3454969.158692992758006 ], [ -10586514.40990231372416, 3455014.874370854813606 ], [ -10586546.692621417343616, 3455005.014075161423534 ], [ -10586550.143453795462847, 3454940.98665176378563 ], [ -10586595.005207594484091, 3454945.084329805336893 ], [ -10586666.361017089337111, 3454834.573697546496987 ], [ -10586692.298513213172555, 3454834.57364858314395 ], [ -10586722.466083981096745, 3454908.460773825645447 ], [ -10586753.301588036119938, 3454838.799459133762866 ], [ -10586826.104460058733821, 3454834.445646249689162 ], [ -10586800.946331091225147, 3454918.961210160981864 ], [ -10586887.886813033372164, 3454961.219298433978111 ], [ -10586813.636757038533688, 3455014.1059689396061 ], [ -10586841.02137234993279, 3455142.161940487101674 ], [ -10586957.350217228755355, 3455198.507006303872913 ], [ -10586926.514722242951393, 3455292.117122686002403 ], [ -10586862.728598481044173, 3455304.794801583047956 ], [ -10586866.958743490278721, 3455350.127474557142705 ], [ -10586779.543209876865149, 3455380.076105250045657 ], [ -10586745.133392313495278, 3455450.555866396520287 ], [ -10586806.743078013882041, 3455513.164226769469678 ], [ -10586987.807655239477754, 3455509.346222718711942 ], [ -10587054.39602280408144, 3455670.342329195700586 ], [ -10587119.960087018087506, 3455615.615639258176088 ], [ -10587245.782858639955521, 3455648.388399491086602 ], [ -10587260.757261753082275, 3455592.074573927558959 ], [ -10587291.368120852857828, 3455586.800239646341652 ], [ -10587348.028906133025885, 3455648.154555106069893 ], [ -10587368.402314756065607, 3455771.28427857812494 ], [ -10587553.831176104024053, 3455892.800394432153553 ], [ -10587506.692263882607222, 3456044.822876258287579 ], [ -10587613.728617867454886, 3456065.962575648445636 ], [ -10587745.552568821236491, 3456165.809348576236516 ], [ -10587707.74035556614399, 3456259.984807806555182 ], [ -10587591.856286024674773, 3456340.537585003767163 ], [ -10587577.452103890478611, 3456444.673824989702553 ], [ -10587636.72992523945868, 3456681.596809977199882 ], [ -10587371.671428203582764, 3456716.491650189273059 ], [ -10587652.763001454994082, 3456980.28906696010381 ], [ -10587897.375557381659746, 3457286.429891605861485 ], [ -10588558.400501223281026, 3458266.256590018980205 ], [ -10588627.050170388072729, 3458212.513643762562424 ], [ -10588712.284323666244745, 3458278.619481258559972 ], [ -10588600.665146501734853, 3458318.740936714224517 ], [ -10588919.903957484290004, 3458666.61357278842479 ], [ -10588785.764340667054057, 3458699.328024213667959 ], [ -10588494.783707840368152, 3458685.590089052449912 ], [ -10587743.711126582697034, 3458740.157367222476751 ], [ -10587764.639950083568692, 3458821.253801545593888 ], [ -10587736.844286119565368, 3458865.914352142717689 ], [ -10587463.429242135956883, 3458836.36815623473376 ], [ -10587450.337083589285612, 3458738.919208167586476 ], [ -10587007.534107809886336, 3458737.037704438902438 ], [ -10587011.252942780032754, 3459117.374991002026945 ], [ -10586657.723003927618265, 3459122.225479124579579 ], [ -10586595.164373956620693, 3459093.275219875853509 ], [ -10586262.842400731518865, 3459104.007846283726394 ], [ -10586262.307381693273783, 3458769.320193045772612 ], [ -10585209.411599596962333, 3458793.059608781710267 ], [ -10584670.736518040299416, 3458858.899477562867105 ], [ -10584286.511520508676767, 3458863.439726905431598 ], [ -10582801.904921574518085, 3458806.765507926698774 ], [ -10581857.347579400986433, 3458807.624956265091896 ], [ -10581858.418804403394461, 3458624.634391035418957 ], [ -10581742.900334933772683, 3458620.778629478532821 ], [ -10581451.018854370340705, 3458641.566167489159852 ], [ -10581441.216767447069287, 3458808.061042606364936 ], [ -10581102.709032122045755, 3458808.405819569248706 ], [ -10581104.294061819091439, 3458515.942271734587848 ], [ -10579821.629852063953876, 3458545.384903367143124 ], [ -10579822.186899026855826, 3458569.303941191639751 ], [ -10579692.640965843573213, 3458584.576394035480917 ], [ -10579672.380091432482004, 3456889.868577030021697 ], [ -10579344.655457399785519, 3454736.485051605384797 ], [ -10579134.150293787941337, 3454739.814413925167173 ], [ -10579086.171600382775068, 3454084.457924773916602 ] ] ] } },
{ "type": "Feature", "properties": { "ZIP": "77586", "POSTAL": "SEABROOK", "STATE": "TX", "ZIP_TYPE": "STANDARD", "bbox_minx": -10583352.379851075, "bbox_miny": 3445585.12259808, "bbox_maxx": -10573443.023032451, "bbox_maxy": 3454205.0779009578, "label_x": -10579196.354380485, "label_y": 3449889.8292055149 }, "geometry": { "type": "Polygon", "coordinates": [ [ [ -10577381.536309523507953, 3454121.463228116743267 ], [ -10577544.841946056112647, 3454061.793777552898973 ], [ -10577679.315945560112596, 3454053.470840940251946 ], [ -10577713.602349597960711, 3454078.823895278852433 ], [ -10577715.049493094906211, 3454178.059979501646012 ], [ -10577740.207650957629085, 3454186.511029665358365 ], [ -10577755.013175792992115, 3454037.977213423233479 ], [ -10578082.181109607219696, 3454009.166971212252975 ], [ -10578099.101686343550682, 3453736.689374105073512 ], [ -10578191.496853305026889, 3453687.393085512332618 ], [ -10578081.513189500197768, 3453667.034435101784766 ], [ -10578117.246782680973411, 3453630.41446690261364 ], [ -10578113.795838594436646, 3453540.273442822508514 ], [ -10578083.739643167704344, 3453542.322137786541134 ], [ -10578083.739660736173391, 3453509.287723251152784 ], [ -10578114.575067300349474, 3453506.470847251825035 ], [ -10578111.012867335230112, 3453379.711488136090338 ], [ -10578071.160517191514373, 3453344.5007059504278 ], [ -10578119.473218543455005, 3453250.904799190815538 ], [ -10578084.518902940675616, 3453229.778570263646543 ], [ -10578024.962967783212662, 3453332.465162942651659 ], [ -10577779.726115394383669, 3453323.246398869901896 ], [ -10577686.551718909293413, 3453379.583404659293592 ], [ -10577582.134007358923554, 3453385.217139188200235 ], [ -10577533.153466150164604, 3453350.006470207124949 ], [ -10577505.10085598193109, 3453366.907511410303414 ], [ -10577360.83080205693841, 3453225.041139079723507 ], [ -10577366.396796178072691, 3453198.537348943762481 ], [ -10577252.962226416915655, 3453128.11705064913258 ], [ -10577204.649557262659073, 3453176.643062658142298 ], [ -10577201.755239862948656, 3453252.697262245696038 ], [ -10577397.900202963501215, 3453480.862700306810439 ], [ -10577399.903936693444848, 3453672.412131099030375 ], [ -10577189.06484385766089, 3453813.131127440370619 ], [ -10577118.265625193715096, 3453818.893079620786011 ], [ -10577121.048612091690302, 3453761.529648125171661 ], [ -10577092.662142489105463, 3453819.021041308529675 ], [ -10575663.208620117977262, 3453820.941714996937662 ], [ -10575313.999375004321337, 3453849.239334189798683 ], [ -10575021.117733296006918, 3453821.966059552971274 ], [ -10574929.390578232705593, 3453859.354829164687544 ], [ -10574749.275567529723048, 3453799.558451282791793 ], [ -10574506.265108345076442, 3453806.088750304654241 ], [ -10574154.384265933185816, 3453554.87014183588326 ], [ -10574096.943320693448186, 3453401.478181827813387 ], [ -10574034.493187157437205, 3453360.633695893920958 ], [ -10574006.440673127770424, 3453255.00201523816213 ], [ -10573781.463921038433909, 3452910.840834354516119 ], [ -10573663.014830769971013, 3452794.771541448775679 ], [ -10573452.039794242009521, 3452450.323101733345538 ], [ -10573443.023032451048493, 3452377.710634521674365 ], [ -10573642.982524352148175, 3452068.145521293859929 ], [ -10573774.005479546263814, 3451967.389385197777301 ], [ -10573850.927341662347317, 3451842.05340974451974 ], [ -10573941.986644679680467, 3451855.367964801378548 ], [ -10574030.930948646739125, 3451715.950560801196843 ], [ -10574068.000348120927811, 3451708.909283499233425 ], [ -10574043.509990889579058, 3451684.200957999564707 ], [ -10574086.256662517786026, 3451665.893778000492603 ], [ -10573963.58263611420989, 3451554.002965087071061 ], [ -10573969.927833411842585, 3451481.54335770662874 ], [ -10574007.665200790390372, 3451471.685721645131707 ], [ -10574032.934632703661919, 3451516.620929017663002 ], [ -10574140.023968499153852, 3451546.705809283070266 ], [ -10574196.79692067950964, 3451476.422459817491472 ], [ -10574156.8332863394171, 3451453.250888000708073 ], [ -10574168.74447594024241, 3451425.086497702635825 ], [ -10574216.389208063483238, 3451389.11294265743345 ], [ -10574326.37284959666431, 3451379.255534020718187 ], [ -10574324.257778810337186, 3451324.335305484943092 ], [ -10574376.800565993413329, 3451317.294291495345533 ], [ -10574595.877305386587977, 3451036.936566495802253 ], [ -10574710.647726336494088, 3451002.372268295381218 ], [ -10574749.164239976555109, 3450837.617321339901537 ], [ -10574657.325661104172468, 3450749.031993741169572 ], [ -10574676.25001029111445, 3450701.795288903173059 ], [ -10574712.651536567136645, 3450670.176238662563264 ], [ -10574704.970432532951236, 3450729.958063519094139 ], [ -10574800.927783077582717, 3450729.190027522388846 ], [ -10574882.079774141311646, 3450618.587475946173072 ], [ -10574867.38560045696795, 3450589.784788263496011 ], [ -10574925.494388852268457, 3450541.14051826344803 ], [ -10574985.718148244544864, 3450538.324344337452203 ], [ -10575052.175876805558801, 3450438.348219418432564 ], [ -10575048.613678462803364, 3450301.762282899115235 ], [ -10575204.127044573426247, 3450272.064354373142123 ], [ -10575351.736666271463037, 3450097.462265846319497 ], [ -10575511.591486964374781, 3450021.938536846544594 ], [ -10575551.443819474428892, 3449947.439366925507784 ], [ -10575525.617735033854842, 3449904.429760500323027 ], [ -10575572.59460112079978, 3449829.163218149915338 ], [ -10575624.358156038448215, 3449815.08279325440526 ], [ -10575578.939723497256637, 3449741.09682278521359 ], [ -10575627.252443294972181, 3449689.127744853496552 ], [ -10575704.953376084566116, 3449677.863470276352018 ], [ -10575730.222892470657825, 3449618.726522765588015 ], [ -10575772.301672197878361, 3449637.798813576344401 ], [ -10575776.420551512390375, 3449602.598376038018614 ], [ -10575830.410449180752039, 3449598.374299170449376 ], [ -10575872.489279389381409, 3449392.805348861031234 ], [ -10575939.837515953928232, 3449316.133761929348111 ], [ -10576028.781791074201465, 3449300.77394013851881 ], [ -10576110.712987991049886, 3449083.306070160120726 ], [ -10576218.692928299307823, 3448945.326488626655191 ], [ -10576320.327544346451759, 3448720.185064602643251 ], [ -10576360.179991142824292, 3448718.009148833341897 ], [ -10576348.268765488639474, 3448692.026624760124832 ], [ -10576481.518204974010587, 3448470.985192290507257 ], [ -10576552.873985940590501, 3448410.573894354514778 ], [ -10577161.123689919710159, 3447209.828835722990334 ], [ -10577186.611911136657, 3446955.010904451832175 ], [ -10577389.328655254095793, 3446462.587124513462186 ], [ -10577581.911324568092823, 3446347.542117259930819 ], [ -10577769.484643051400781, 3446157.892773467581719 ], [ -10577581.090191239491105, 3446016.870999150443822 ], [ -10577290.922157460823655, 3445640.786260746885091 ], [ -10577615.418420672416687, 3445678.919056486804038 ], [ -10577845.678339479491115, 3445755.858750376850367 ], [ -10577914.200073689222336, 3445825.053447057493031 ], [ -10578075.613207111135125, 3445824.92538911383599 ], [ -10578486.04824111610651, 3445585.122598079964519 ], [ -10578471.131426798179746, 3446009.835120016243309 ], [ -10578680.523385677486658, 3446229.426814912352711 ], [ -10578892.920988176018, 3446118.734851464163512 ], [ -10580199.871241439133883, 3446527.617482367902994 ], [ -10580713.996526218950748, 3446857.894192513544112 ], [ -10580904.575544079765677, 3446921.497643764596432 ], [ -10581655.314245143905282, 3447001.354409649968147 ], [ -10581704.183434955775738, 3447726.614089284092188 ], [ -10582350.059099594131112, 3447733.141400158405304 ], [ -10583349.596769906580448, 3447522.610786783974618 ], [ -10583189.185428658500314, 3447716.887467065826058 ], [ -10583154.231119139119983, 3448232.797136537265033 ], [ -10583068.849061505869031, 3448398.158823431935161 ], [ -10583020.536439634859562, 3448636.093983983621001 ], [ -10582973.002920635044575, 3448721.976937705650926 ], [ -10583008.736523749306798, 3448912.687851449009031 ], [ -10583093.450640294700861, 3448997.16469187149778 ], [ -10583145.993414372205734, 3449007.660259545780718 ], [ -10583162.802675588056445, 3448980.269269657786936 ], [ -10583162.02352293394506, 3448867.633643299341202 ], [ -10583205.438023459166288, 3448810.676323137711734 ], [ -10583232.822720671072602, 3449068.970376146491617 ], [ -10583286.033342564478517, 3449230.758858239743859 ], [ -10583267.888354098424315, 3449277.222199677489698 ], [ -10583097.012838298454881, 3449386.405310404952615 ], [ -10583036.009797504171729, 3449500.453347846399993 ], [ -10582815.485879385843873, 3449757.353230569511652 ], [ -10582813.370774099603295, 3449812.266694024670869 ], [ -10582874.525314766913652, 3449875.228650529868901 ], [ -10582635.505339918658137, 3450092.748037139419466 ], [ -10582503.075943371281028, 3450071.670062158256769 ], [ -10582468.286643501371145, 3450253.599802184384316 ], [ -10582262.557691093534231, 3450234.736027472652495 ], [ -10581812.81814332306385, 3450264.612934459932148 ], [ -10581775.553173707798123, 3450503.296959719154984 ], [ -10581657.296638440340757, 3450759.234786881133914 ], [ -10581373.00794130936265, 3451067.02029743976891 ], [ -10581079.79238817282021, 3450972.032653514761478 ], [ -10580805.723860256373882, 3450950.910192707087845 ], [ -10580440.929869119077921, 3451230.625944250728935 ], [ -10580503.602740205824375, 3451321.518895899876952 ], [ -10580488.797253634780645, 3451455.299145086668432 ], [ -10580517.517617447301745, 3451503.17879548529163 ], [ -10580703.19854000210762, 3451507.40346463304013 ], [ -10580825.761341702193022, 3451618.653719977941364 ], [ -10580524.530806578695774, 3451605.97956480551511 ], [ -10580439.816670263186097, 3451662.949354550801218 ], [ -10580398.405734334141016, 3451724.144053841009736 ], [ -10580500.040467055514455, 3451909.394109798129648 ], [ -10580495.810360059142113, 3451958.683726431801915 ], [ -10580410.984878608956933, 3452024.744716048706323 ], [ -10580254.803692579269409, 3452055.086901093833148 ], [ -10580110.533641504123807, 3451914.899227047339082 ], [ -10579998.434828486293554, 3452107.065517652314156 ], [ -10579933.312994973734021, 3452108.473805238492787 ], [ -10580097.843160400167108, 3452273.245007428806275 ], [ -10580090.162155678495765, 3452358.512016069144011 ], [ -10580120.32971827685833, 3452413.436545212753117 ], [ -10580066.339702568948269, 3452566.176648286171257 ], [ -10579940.882675893604755, 3452657.719189523719251 ], [ -10579882.996584752574563, 3452760.529239940457046 ], [ -10579559.947437623515725, 3452709.44413486821577 ], [ -10578893.703470718115568, 3452718.06992172030732 ], [ -10579086.171600382775068, 3454084.457924773916602 ], [ -10578026.187447015196085, 3454159.493188975378871 ], [ -10577992.457619337365031, 3454138.109296238049865 ], [ -10577731.302141204476357, 3454205.077900957781821 ], [ -10577454.784499099478126, 3454161.669924543239176 ], [ -10577381.536309523507953, 3454121.463228116743267 ] ] ] } },
{ "type": "Feature", "properties": { "ZIP": "77062", "POSTAL": "HOUSTON", "STATE": "TX", "ZIP_TYPE": "STANDARD", "bbox_minx": -10594021.118085921, "bbox_miny": 3445926.3062195624, "bbox_maxx": -10587254.804728536, "bbox_maxy": 3451641.441658936, "label_x": -10589889.903691631, "label_y": 3448768.0668817968 }, "geometry": { "type": "Polygon", "coordinates": [ [ [ -10587254.804728535935283, 3450345.702072619460523 ], [ -10587530.800883490592241, 3450192.754653337411582 ], [ -10587812.598239658400416, 3449644.735326142515987 ], [ -10587489.11632190272212, 3449479.119500269182026 ], [ -10587513.620291059836745, 3449426.373874162323773 ], [ -10587431.657358007505536, 3449392.900758098810911 ], [ -10587722.692773720249534, 3448785.5236308532767 ], [ -10587650.114580810070038, 3448750.610132740344852 ], [ -10587736.406454175710678, 3448552.31515971198678 ], [ -10587640.172067103907466, 3448510.318353177513927 ], [ -10588139.264880985021591, 3447445.8403783980757 ], [ -10588276.33931166306138, 3447502.865297590382397 ], [ -10588561.241392964497209, 3446909.595979840029031 ], [ -10588489.002789609134197, 3446877.231039636302739 ], [ -10588567.712266216054559, 3446734.942484213039279 ], [ -10588677.588483184576035, 3446617.844696279615164 ], [ -10588638.143562100827694, 3446560.003772133029997 ], [ -10588685.388940522447228, 3446522.048260731156915 ], [ -10588728.694528603926301, 3446578.399889245163649 ], [ -10588868.731568681076169, 3446438.808111572172493 ], [ -10588898.615198390558362, 3446474.867676895577461 ], [ -10589018.632929127663374, 3446398.021291004028171 ], [ -10589076.632431777194142, 3446476.269571402110159 ], [ -10589725.992667021229863, 3445939.965038139838725 ], [ -10589779.010371631011367, 3445926.306219562422484 ], [ -10594021.118085920810699, 3451135.038308635354042 ], [ -10593677.919923480600119, 3451168.834769378881902 ], [ -10591828.234699370339513, 3451193.029664281755686 ], [ -10591622.293619513511658, 3451288.658989570103586 ], [ -10591178.24004496820271, 3451361.117573079653084 ], [ -10591113.11802783049643, 3451403.235826992895454 ], [ -10591020.289014367386699, 3451553.490937649738044 ], [ -10590800.989556543529034, 3451635.168597949203104 ], [ -10590379.422700926661491, 3451618.781749500427395 ], [ -10590054.481067053973675, 3451490.504693998023868 ], [ -10589854.105985980480909, 3451495.369529834017158 ], [ -10589793.214258940890431, 3451460.163987568579614 ], [ -10589733.101645799353719, 3451270.055535151623189 ], [ -10589436.991869017481804, 3450953.086451853625476 ], [ -10589351.609817555174232, 3450722.917443393729627 ], [ -10589297.06324790418148, 3450674.272698830347508 ], [ -10589116.725679907947779, 3450622.42780003324151 ], [ -10589045.25854760967195, 3450535.252101154066622 ], [ -10588974.793329551815987, 3450365.638800206594169 ], [ -10588904.88464399240911, 3450316.99527355376631 ], [ -10588782.210612468421459, 3450316.739358921535313 ], [ -10588630.927430713549256, 3450224.573346530552953 ], [ -10588354.521127514541149, 3450197.691711757797748 ], [ -10588220.158510839566588, 3450220.349066689610481 ], [ -10587960.784026604145765, 3450362.566472714301199 ], [ -10587587.64111303538084, 3450308.802823908161372 ], [ -10587432.239192, 3450360.646347338799387 ], [ -10587254.804728535935283, 3450345.702072619460523 ] ] ] } },
{ "type": "Feature", "properties": { "ZIP": "77063", "POSTAL": "HOUSTON", "STATE": "TX", "ZIP_TYPE": "STANDARD", "bbox_minx": -10635845.367649151, "bbox_miny": 3467556.1802687771, "bbox_maxx": -10631085.286893632, "bbox_maxy": 3472789.425354192, "label_x": -10633344.472192444, "label_y": 3470162.3099278095 }, "geometry": { "type": "Polygon", "coordinates": [ [ [ -10631106.771561855450273, 3472785.706591081805527 ], [ -10631085.286893632262945, 3472510.651542158331722 ], [ -10631134.156183304265141, 3472184.311836182605475 ], [ -10631134.601404836401343, 3471837.336481063161045 ], [ -10631227.920268684625626, 3471835.066746109165251 ], [ -10631226.540888732299209, 3471707.136059332638979 ], [ -10631271.677552880719304, 3471707.066262669395655 ], [ -10631269.79525045864284, 3471593.64014191692695 ], [ -10631214.48918647505343, 3471560.005389271304011 ], [ -10631204.388563860207796, 3471440.809204594697803 ], [ -10631133.452239176258445, 3471440.141284586396068 ], [ -10631117.171776389703155, 3470492.091289607342333 ], [ -10631294.500337220728397, 3470491.249384653288871 ], [ -10631299.379448588937521, 3469979.357858293224126 ], [ -10631111.147119862958789, 3469950.390096927527338 ], [ -10631106.330406291410327, 3469672.557475255802274 ], [ -10631235.086958644911647, 3469670.80769372638315 ], [ -10631232.751502443104982, 3469539.499933896120638 ], [ -10631145.125538047403097, 3469535.946178489830345 ], [ -10631154.381245767697692, 3469501.320919866207987 ], [ -10631225.572163201868534, 3469504.380508785601705 ], [ -10631222.488471824675798, 3469439.651132109574974 ], [ -10631259.104446761310101, 3469439.104601980186999 ], [ -10631257.592279888689518, 3469165.497295739129186 ], [ -10631211.66952508315444, 3469170.370302173774689 ], [ -10631214.048537159338593, 3469031.925885534845293 ], [ -10631250.039766110479832, 3469026.91826894460246 ], [ -10631239.560920113697648, 3468481.094127583317459 ], [ -10631197.550141740590334, 3468481.702601553872228 ], [ -10631198.190665118396282, 3468425.031648573931307 ], [ -10631240.264243295416236, 3468424.778674802277237 ], [ -10631239.522756766527891, 3468316.612926013302058 ], [ -10631311.419520160183311, 3468315.880732930731028 ], [ -10631309.818693453446031, 3468190.156908222474158 ], [ -10631130.927881769835949, 3468196.455462935846299 ], [ -10631127.560617668554187, 3467952.265220674220473 ], [ -10633262.250826293602586, 3467752.681690166704357 ], [ -10633272.046997705474496, 3467796.391851596534252 ], [ -10635359.398754315450788, 3467556.180268777068704 ], [ -10635360.376167422160506, 3467699.079149906989187 ], [ -10635521.885030765086412, 3467684.234073778614402 ], [ -10635530.674678253009915, 3467779.049281321000308 ], [ -10635442.100691383704543, 3467787.079940052237362 ], [ -10635432.155285984277725, 3467927.070982568897307 ], [ -10635521.062994660809636, 3467964.522425172384828 ], [ -10635527.240701671689749, 3468276.516046966891736 ], [ -10635363.658238792791963, 3468278.997666181065142 ], [ -10635363.974930867552757, 3468309.607861409429461 ], [ -10635525.014322562143207, 3468307.840520495548844 ], [ -10635546.344856422394514, 3468610.681814195588231 ], [ -10635395.498750880360603, 3468619.923786104656756 ], [ -10635395.125766331329942, 3468782.086988600902259 ], [ -10635673.788825830444694, 3468780.536557386163622 ], [ -10635845.367649151012301, 3468843.174374625552446 ], [ -10635824.441581886261702, 3468935.946233047638088 ], [ -10635606.37202138081193, 3468939.594430172350258 ], [ -10635611.374797388911247, 3469192.831107852514833 ], [ -10635709.85750837624073, 3469179.389496040064842 ], [ -10635714.241289297118783, 3469504.110804823692888 ], [ -10635385.113521361723542, 3469499.151561612728983 ], [ -10635341.476330788806081, 3469737.220114936120808 ], [ -10635338.470724377781153, 3469803.244182656519115 ], [ -10635400.252971610054374, 3469801.83392246440053 ], [ -10635412.742550417780876, 3471083.519563631154597 ], [ -10635321.909442069008946, 3471083.262767524924129 ], [ -10635321.826747737824917, 3471141.139533118344843 ], [ -10635412.492478678002954, 3471147.097707796376199 ], [ -10635418.056329742074013, 3471509.09933561924845 ], [ -10635489.493897812440991, 3471393.187862479127944 ], [ -10635553.702750256285071, 3471414.665302894543856 ], [ -10635606.59062104485929, 3471541.400261395610869 ], [ -10635589.592828325927258, 3471668.948185563087463 ], [ -10635462.035317160189152, 3471671.545547067187726 ], [ -10635401.700210280716419, 3471763.223910523112863 ], [ -10635319.6576435752213, 3471791.432787336409092 ], [ -10635192.085564946755767, 3471639.105643318034708 ], [ -10635014.642308289185166, 3471624.232149943243712 ], [ -10634763.616808786988258, 3471399.719771846663207 ], [ -10634612.778903216123581, 3471497.294290564022958 ], [ -10634480.19743362814188, 3471454.982101482339203 ], [ -10634452.924166137352586, 3471397.668313902337104 ], [ -10634571.368103204295039, 3471296.889153886586428 ], [ -10634572.81516869738698, 3471208.675911956932396 ], [ -10634494.33494871109724, 3471087.511940439697355 ], [ -10634316.223749846220016, 3471061.35611594747752 ], [ -10634323.236932581290603, 3470947.117055308073759 ], [ -10634287.503384025767446, 3470917.499636541586369 ], [ -10633934.509229946881533, 3471053.406712490599602 ], [ -10633892.541840018704534, 3471096.487013378180563 ], [ -10633879.96267462708056, 3471205.085829253308475 ], [ -10633846.232958406209946, 3471244.576560985762626 ], [ -10633789.459948468953371, 3471237.396458128932863 ], [ -10633753.05844983831048, 3471100.718114426359534 ], [ -10633686.378067193552852, 3471033.661721315700561 ], [ -10633584.743424484506249, 3471077.382938655093312 ], [ -10633558.694609578698874, 3471212.00948242796585 ], [ -10633522.293165700510144, 3471220.471825769171119 ], [ -10633427.560308123007417, 3471122.514764968305826 ], [ -10633190.561058202758431, 3471028.661270551849157 ], [ -10633255.126386340707541, 3470914.42253065854311 ], [ -10633253.790562484413385, 3470858.77803151588887 ], [ -10633219.392827032133937, 3470811.595690033398569 ], [ -10633199.800609411671758, 3470661.45983648346737 ], [ -10633107.294178951531649, 3470590.943911362905055 ], [ -10633064.547427421435714, 3470513.377007725648582 ], [ -10632999.982169236987829, 3470540.17276757908985 ], [ -10632945.212991809472442, 3470680.435055513400584 ], [ -10632882.094816617667675, 3470615.560304739512503 ], [ -10632822.538905741646886, 3470601.457210036925972 ], [ -10632723.575898870825768, 3470735.309523024130613 ], [ -10632619.158163027837873, 3470809.928996703587472 ], [ -10632553.924941359087825, 3470794.415250841528177 ], [ -10632490.806737156584859, 3470682.999230694025755 ], [ -10632408.096379758790135, 3470659.023804905358702 ], [ -10632347.093295074999332, 3470699.153862427920103 ], [ -10632382.047679679468274, 3470771.080721750855446 ], [ -10632364.459140317514539, 3470878.266424803063273 ], [ -10632198.259172672405839, 3470895.062359923496842 ], [ -10632029.944047110155225, 3470976.093418730888516 ], [ -10631884.115571077913046, 3470954.168817184865475 ], [ -10631784.484578942880034, 3471051.483562514651567 ], [ -10631777.360200705006719, 3471135.336361901368946 ], [ -10631946.343169307336211, 3471231.883119386155158 ], [ -10631875.543925510719419, 3471272.143168481066823 ], [ -10631740.179491315037012, 3471236.114260748028755 ], [ -10631681.959333790466189, 3471267.783787123858929 ], [ -10631640.548542449250817, 3471314.326676511671394 ], [ -10631641.216467207297683, 3471424.209552547428757 ], [ -10631597.022598093375564, 3471496.909721069037914 ], [ -10631808.515526454895735, 3471587.270561885554343 ], [ -10631819.736664490774274, 3471669.740419929847121 ], [ -10631727.38758253864944, 3471712.379268546588719 ], [ -10631576.310757581144571, 3471697.456490902695805 ], [ -10631536.576086856424809, 3471751.299275777302682 ], [ -10631507.744394322857261, 3471920.168610679917037 ], [ -10631537.911974566057324, 3471996.590067457407713 ], [ -10631754.539665317162871, 3472084.808683415874839 ], [ -10631771.348952712491155, 3472212.393317103851587 ], [ -10631649.899340335279703, 3472333.567932836245745 ], [ -10631500.508579077199101, 3472329.336397752631456 ], [ -10631499.172783745452762, 3472367.420024076476693 ], [ -10631584.666140373796225, 3472475.260313559323549 ], [ -10631336.423712814226747, 3472408.196603511460125 ], [ -10631290.003389144316316, 3472484.364550463389605 ], [ -10631313.82580160163343, 3472646.447266703471541 ], [ -10631177.01420514844358, 3472772.626879145856947 ], [ -10631106.771561855450273, 3472785.706591081805527 ] ] ] } },
{ "type": "Feature", "properties": { "ZIP": "77057", "POSTAL": "HOUSTON", "STATE": "TX", "ZIP_TYPE": "STANDARD", "bbox_minx": -10631311.41952016, "bbox_miny": 3467952.2652206742, "bbox_maxx": -10628393.136366017, "bbox_maxy": 3474452.8330269596, "label_x": -10629835.167660315, "label_y": 3471172.1344489641 }, "geometry": { "type": "Polygon", "coordinates": [ [ [ -10628393.803656896576285, 3468240.176038578152657 ], [ -10629935.849085159599781, 3468096.090280851814896 ], [ -10630061.145078519359231, 3467973.633797107730061 ], [ -10630186.591607738286257, 3468019.322517849504948 ], [ -10631127.560617668554187, 3467952.265220674220473 ], [ -10631130.927881769835949, 3468196.455462935846299 ], [ -10631309.818693453446031, 3468190.156908222474158 ], [ -10631311.419520160183311, 3468315.880732930731028 ], [ -10631239.522756766527891, 3468316.612926013302058 ], [ -10631240.264243295416236, 3468424.778674802277237 ], [ -10631198.190665118396282, 3468425.031648573931307 ], [ -10631197.550141740590334, 3468481.702601553872228 ], [ -10631239.560920113697648, 3468481.094127583317459 ], [ -10631250.039766110479832, 3469026.91826894460246 ], [ -10631214.048537159338593, 3469031.925885534845293 ], [ -10631211.66952508315444, 3469170.370302173774689 ], [ -10631257.592279888689518, 3469165.497295739129186 ], [ -10631259.104446761310101, 3469439.104601980186999 ], [ -10631222.488471824675798, 3469439.651132109574974 ], [ -10631225.572163201868534, 3469504.380508785601705 ], [ -10631154.381245767697692, 3469501.320919866207987 ], [ -10631145.125538047403097, 3469535.946178489830345 ], [ -10631232.751502443104982, 3469539.499933896120638 ], [ -10631235.086958644911647, 3469670.80769372638315 ], [ -10631106.330406291410327, 3469672.557475255802274 ], [ -10631111.147119862958789, 3469950.390096927527338 ], [ -10631299.379448588937521, 3469979.357858293224126 ], [ -10631294.500337220728397, 3470491.249384653288871 ], [ -10631117.171776389703155, 3470492.091289607342333 ], [ -10631133.452239176258445, 3471440.141284586396068 ], [ -10631204.388563860207796, 3471440.809204594697803 ], [ -10631214.48918647505343, 3471560.005389271304011 ], [ -10631269.79525045864284, 3471593.64014191692695 ], [ -10631271.677552880719304, 3471707.066262669395655 ], [ -10631226.540888732299209, 3471707.136059332638979 ], [ -10631227.920268684625626, 3471835.066746109165251 ], [ -10631134.601404836401343, 3471837.336481063161045 ], [ -10631134.156183304265141, 3472184.311836182605475 ], [ -10631085.286893632262945, 3472510.651542158331722 ], [ -10631106.771561855450273, 3472785.706591081805527 ], [ -10631024.061166293919086, 3472752.109778004232794 ], [ -10630922.760473202914, 3472804.428480660542846 ], [ -10630835.931236673146486, 3473003.318452223204076 ], [ -10630762.905670367181301, 3472993.444406939670444 ], [ -10630704.017634756863117, 3472937.790816124994308 ], [ -10630651.363496469333768, 3472949.075379211921245 ], [ -10630579.22851300984621, 3473018.193595779128373 ], [ -10630559.636291477829218, 3473150.019310955423862 ], [ -10630470.580720912665129, 3473238.887043916620314 ], [ -10630410.356861701235175, 3473384.821298458613455 ], [ -10630321.969190321862698, 3473387.001370101701468 ], [ -10630214.545840598642826, 3473342.630964290350676 ], [ -10630151.427702909335494, 3473273.639281397219747 ], [ -10630166.121910506859422, 3473171.434745474718511 ], [ -10630129.609042480587959, 3473135.400475680828094 ], [ -10630081.964377900585532, 3473122.06402650475502 ], [ -10630027.195164123550057, 3473155.918245858047158 ], [ -10629985.11633824929595, 3473213.752716911491007 ], [ -10629992.908699464052916, 3473270.818040400743484 ], [ -10630140.29574023373425, 3473375.844600677490234 ], [ -10630155.769104072824121, 3473430.089374463539571 ], [ -10630036.434687973931432, 3473455.60897276410833 ], [ -10629910.866293108090758, 3473359.686665019951761 ], [ -10629857.544228984043002, 3473359.814874975942075 ], [ -10629875.132658896967769, 3473481.000208393670619 ], [ -10630009.161400454118848, 3473593.722865984309465 ], [ -10629791.754380274564028, 3473582.566023467108607 ], [ -10629655.722010921686888, 3473662.331622632686049 ], [ -10629591.26806315779686, 3473787.110628418624401 ], [ -10629700.69509251229465, 3473959.08456510771066 ], [ -10629571.675789278000593, 3473975.371497162152082 ], [ -10629474.15994037874043, 3473902.144335639197379 ], [ -10629409.594595957547426, 3473902.144369921647012 ], [ -10629368.962945848703384, 3473958.571569101884961 ], [ -10629353.60088468529284, 3474112.978131337091327 ], [ -10629116.4903848990798, 3474243.532563272863626 ], [ -10629115.043183179572225, 3474062.962471862789243 ], [ -10629003.50104951299727, 3474049.625067675486207 ], [ -10628952.294128032401204, 3474105.411632597912103 ], [ -10628983.24092561006546, 3474299.191797077655792 ], [ -10628958.750717910006642, 3474386.015553389675915 ], [ -10628849.323571234941483, 3474449.498449635691941 ], [ -10628752.809600088745356, 3474452.833026959560812 ], [ -10628598.966017549857497, 3474206.982315772678703 ], [ -10628580.041713373735547, 3474124.904969925060868 ], [ -10628581.492017785087228, 3473388.880028723739088 ], [ -10628776.429104652255774, 3473376.792336133308709 ], [ -10628691.616910949349403, 3473253.917398612946272 ], [ -10628642.955345997586846, 3473278.515455079264939 ], [ -10628608.398189831525087, 3473208.921243761666119 ], [ -10628567.687011193484068, 3473209.673488568048924 ], [ -10628559.024940971285105, 3472343.394304270390421 ], [ -10628490.373092396184802, 3472344.663631435949355 ], [ -10628489.399688005447388, 3472277.183039577677846 ], [ -10628558.027511207386851, 3472276.11949306493625 ], [ -10628550.795533044263721, 3471557.080955110024661 ], [ -10628448.739159939810634, 3471528.697829138487577 ], [ -10628447.126281073316932, 3471462.41875594900921 ], [ -10628457.436374090611935, 3471380.870932859368622 ], [ -10628547.168775167316198, 3471381.923237059731036 ], [ -10628528.193952253088355, 3470044.075729204807431 ], [ -10628470.885747684165835, 3470044.684408132918179 ], [ -10628470.342275854200125, 3469993.04004260757938 ], [ -10628416.273887310177088, 3469999.813375821802765 ], [ -10628406.717283830046654, 3469963.241837922483683 ], [ -10628404.210393991321325, 3469716.959934729617089 ], [ -10628433.945794237777591, 3469716.864217380993068 ], [ -10628443.165244154632092, 3469592.779167033731937 ], [ -10628414.21168939769268, 3469084.327444835100323 ], [ -10628454.111571798101068, 3469084.506732293404639 ], [ -10628393.803656896576285, 3468240.176038578152657 ] ] ] } },
{ "type": "Feature", "properties": { "ZIP": "77076", "POSTAL": "HOUSTON", "STATE": "TX", "ZIP_TYPE": "STANDARD", "bbox_minx": -10620845.597577879, "bbox_miny": 3483711.0802913206, "bbox_maxx": -10615343.749446407, "bbox_maxy": 3487907.5376601997, "label_x": -10618265.052841257, "label_y": 3485747.8563768789 }, "geometry": { "type": "Polygon", "coordinates": [ [ [ -10616148.592514961957932, 3487658.840340911410749 ], [ -10615343.749446406960487, 3483935.006618301384151 ], [ -10616556.730419067665935, 3483896.341007891576737 ], [ -10616555.457954127341509, 3483808.142300796229392 ], [ -10617486.220562044531107, 3483768.701499876566231 ], [ -10617682.504249665886164, 3483769.256039500702173 ], [ -10617684.258188553154469, 3483795.751620086375624 ], [ -10617752.439542971551418, 3483794.214054291136563 ], [ -10617753.276245331391692, 3483847.505457354709506 ], [ -10617856.06915421038866, 3483820.792908811941743 ], [ -10617856.336555810645223, 3483896.001180266495794 ], [ -10617978.175256194546819, 3483900.513088277541101 ], [ -10617977.180757919326425, 3483823.065934800542891 ], [ -10618128.328391788527369, 3483824.561577381566167 ], [ -10618145.786186221987009, 3483758.534116296563298 ], [ -10618685.029620757326484, 3483758.33747612638399 ], [ -10618685.080013535916805, 3483856.746030598413199 ], [ -10618851.040428, 3483854.724552002269775 ], [ -10618869.446419717743993, 3483769.280083076097071 ], [ -10619475.18442627415061, 3483784.799739504698664 ], [ -10619474.550948640331626, 3483712.987294291611761 ], [ -10619616.826897384598851, 3483711.080291320569813 ], [ -10619616.870803661644459, 3483802.991862149909139 ], [ -10620043.149908613413572, 3483807.237980498932302 ], [ -10620043.737743908539414, 3483837.348350810818374 ], [ -10620213.183172656223178, 3483836.994498453568667 ], [ -10620214.604632392525673, 3483923.782035630196333 ], [ -10620279.973102189600468, 3483923.874107748270035 ], [ -10620280.375073786824942, 3484086.732348286081105 ], [ -10620664.450316580012441, 3484085.628351083956659 ], [ -10620660.01480046287179, 3484271.501520569901913 ], [ -10620280.542869046330452, 3484269.329840722493827 ], [ -10620537.233314407989383, 3484392.019385935273021 ], [ -10620214.52664983458817, 3484394.327691419515759 ], [ -10620216.827324721962214, 3484562.441257903818041 ], [ -10620257.718059647828341, 3484561.917768243700266 ], [ -10620258.593268161639571, 3484633.465699387248605 ], [ -10620325.325886782258749, 3484665.247725449036807 ], [ -10620325.539269289001822, 3484703.28688331739977 ], [ -10620216.569371743127704, 3484704.454522006213665 ], [ -10620220.017846299335361, 3485169.513357944786549 ], [ -10620279.524656534194946, 3485169.111293755006045 ], [ -10620279.000590067356825, 3485348.01313512865454 ], [ -10620220.95054629072547, 3485340.283464513253421 ], [ -10620224.57379443384707, 3485467.481113434769213 ], [ -10620267.596057819202542, 3485451.398617741186172 ], [ -10620307.420054789632559, 3485518.046606491319835 ], [ -10620241.156033668667078, 3485564.758694039657712 ], [ -10620273.788372840732336, 3485632.918284094892442 ], [ -10620797.050074465572834, 3485627.339317786507308 ], [ -10620798.619524966925383, 3485860.869021092075855 ], [ -10620593.216729870066047, 3485861.453758008312434 ], [ -10620596.461075887084007, 3486108.780763907823712 ], [ -10620630.55816763266921, 3486108.449691317044199 ], [ -10620630.846257224678993, 3486292.357503077480942 ], [ -10620777.135545201599598, 3486289.280033628456295 ], [ -10620782.399041693657637, 3486464.887650518212467 ], [ -10620822.195847563445568, 3486464.15963594801724 ], [ -10620824.152568720281124, 3486526.649173847399652 ], [ -10620822.341884210705757, 3486811.275582839269191 ], [ -10620777.173131547868252, 3486812.175657282583416 ], [ -10620845.597577879205346, 3486967.876085136085749 ], [ -10620172.123686442151666, 3486983.923700738232583 ], [ -10620171.556842926889658, 3486920.508752545341849 ], [ -10620040.17661072127521, 3486891.949438932817429 ], [ -10619848.263837451115251, 3486901.229701061267406 ], [ -10619848.835709095001221, 3486944.350708522833884 ], [ -10619799.962825203314424, 3486944.567638916894794 ], [ -10619799.515481237322092, 3486900.875745173543692 ], [ -10619638.272112190723419, 3486900.285873337648809 ], [ -10619630.552426170557737, 3486943.671230864245445 ], [ -10619389.175860868766904, 3486945.410633615218103 ], [ -10619391.039821606129408, 3486908.837623573839664 ], [ -10619217.189712038263679, 3486893.157926914747804 ], [ -10619221.046173362061381, 3487191.86440849583596 ], [ -10618904.452648526057601, 3487192.766367042902857 ], [ -10618906.420749139040709, 3487357.994395319372416 ], [ -10618620.493463585153222, 3487362.003505719359964 ], [ -10618604.527674717828631, 3486921.332198129501194 ], [ -10618505.333479419350624, 3486921.874535602051765 ], [ -10618502.51127309538424, 3487028.911696356721222 ], [ -10618299.137677378952503, 3487030.537367638200521 ], [ -10618270.094442114233971, 3486913.794039370026439 ], [ -10618194.740083115175366, 3486912.860029541421682 ], [ -10618197.200030473992229, 3487031.405695225577801 ], [ -10618079.267434867098927, 3487038.568487408570945 ], [ -10618079.442005150020123, 3487095.295101500116289 ], [ -10618131.68874822370708, 3487094.246862490195781 ], [ -10618135.580453990027308, 3487205.517128948587924 ], [ -10618190.343246901407838, 3487215.124761356040835 ], [ -10618192.072786005213857, 3487886.015116267371923 ], [ -10616969.122380595654249, 3487905.654302817769349 ], [ -10616959.80901150777936, 3487576.322862633969635 ], [ -10616876.801009146496654, 3487577.216108261141926 ], [ -10616874.349789408966899, 3487645.102742077317089 ], [ -10616148.592514961957932, 3487658.840340911410749 ] ] ] } },
{ "type": "Feature", "properties": { "ZIP": "77037", "POSTAL": "HOUSTON", "STATE": "TX", "ZIP_TYPE": "STANDARD", "bbox_minx": -10621818.231495328, "bbox_miny": 3486891.9494389328, "bbox_maxx": -10616148.592514962, "bbox_maxy": 3494786.2498964714, "label_x": -10619112.119762313, "label_y": 3490829.9473326784 }, "geometry": { "type": "Polygon", "coordinates": [ [ [ -10616893.707118371501565, 3491215.054942290764302 ], [ -10616148.592514961957932, 3487658.840340911410749 ], [ -10616874.349789408966899, 3487645.102742077317089 ], [ -10616876.801009146496654, 3487577.216108261141926 ], [ -10616959.80901150777936, 3487576.322862633969635 ], [ -10616969.122380595654249, 3487905.654302817769349 ], [ -10618192.072786005213857, 3487886.015116267371923 ], [ -10618190.343246901407838, 3487215.124761356040835 ], [ -10618135.580453990027308, 3487205.517128948587924 ], [ -10618131.68874822370708, 3487094.246862490195781 ], [ -10618079.442005150020123, 3487095.295101500116289 ], [ -10618079.267434867098927, 3487038.568487408570945 ], [ -10618197.200030473992229, 3487031.405695225577801 ], [ -10618194.740083115175366, 3486912.860029541421682 ], [ -10618270.094442114233971, 3486913.794039370026439 ], [ -10618299.137677378952503, 3487030.537367638200521 ], [ -10618502.51127309538424, 3487028.911696356721222 ], [ -10618505.333479419350624, 3486921.874535602051765 ], [ -10618604.527674717828631, 3486921.332198129501194 ], [ -10618620.493463585153222, 3487362.003505719359964 ], [ -10618906.420749139040709, 3487357.994395319372416 ], [ -10618904.452648526057601, 3487192.766367042902857 ], [ -10619221.046173362061381, 3487191.86440849583596 ], [ -10619217.189712038263679, 3486893.157926914747804 ], [ -10619391.039821606129408, 3486908.837623573839664 ], [ -10619389.175860868766904, 3486945.410633615218103 ], [ -10619630.552426170557737, 3486943.671230864245445 ], [ -10619638.272112190723419, 3486900.285873337648809 ], [ -10619799.515481237322092, 3486900.875745173543692 ], [ -10619799.962825203314424, 3486944.567638916894794 ], [ -10619848.835709095001221, 3486944.350708522833884 ], [ -10619848.263837451115251, 3486901.229701061267406 ], [ -10620040.17661072127521, 3486891.949438932817429 ], [ -10620171.556842926889658, 3486920.508752545341849 ], [ -10620172.123686442151666, 3486983.923700738232583 ], [ -10620958.550071317702532, 3486966.883116220124066 ], [ -10620968.126334903761744, 3487193.236959650181234 ], [ -10621407.588764436542988, 3487863.978620985522866 ], [ -10621343.651715267449617, 3487864.546263951342553 ], [ -10621344.439123436808586, 3487935.579169583041221 ], [ -10621453.179452687501907, 3487935.43934091925621 ], [ -10621626.444443620741367, 3488200.891535382717848 ], [ -10621506.115228407084942, 3488197.655749614350498 ], [ -10621519.650095574557781, 3488513.550213161855936 ], [ -10621487.96605409681797, 3488513.785238583572209 ], [ -10621490.124018868431449, 3488855.505185089539737 ], [ -10621451.628513080999255, 3488855.478280241135508 ], [ -10621462.104143347591162, 3490397.038229807280004 ], [ -10621282.899618659168482, 3490383.447060332633555 ], [ -10621279.691016962751746, 3490497.875737430993468 ], [ -10621385.284886380657554, 3490497.725571742281318 ], [ -10621386.585960360243917, 3490601.380484641063958 ], [ -10621501.558572802692652, 3490599.877508931793272 ], [ -10621501.29588046297431, 3490740.999555485323071 ], [ -10621334.342283168807626, 3490744.326273025479168 ], [ -10621409.599282942712307, 3490806.201454581692815 ], [ -10621463.164097500964999, 3490912.966425744816661 ], [ -10621554.668730765581131, 3490977.430200742091984 ], [ -10621556.860553093254566, 3491453.491243029013276 ], [ -10621414.144492207095027, 3491457.296652318909764 ], [ -10621409.531154928728938, 3491561.546059816610068 ], [ -10621558.825912723317742, 3491557.867108867038041 ], [ -10621560.369483407586813, 3491620.053390948567539 ], [ -10621491.083420775830746, 3491620.999078948050737 ], [ -10621494.962597357109189, 3491750.056437608785927 ], [ -10621362.28890111669898, 3491752.686228224541992 ], [ -10621363.340536324307323, 3491836.390118691604584 ], [ -10621432.482957538217306, 3491834.898725782521069 ], [ -10621434.994526362046599, 3491926.345023546367884 ], [ -10621488.55270011909306, 3491925.222893760539591 ], [ -10621491.556153422221541, 3492103.562290326226503 ], [ -10621818.231495328247547, 3492095.89410571847111 ], [ -10621813.155529728159308, 3492439.902804590296 ], [ -10621461.561496486887336, 3492445.202107024844736 ], [ -10621458.347835291177034, 3492540.686435095500201 ], [ -10621397.962237255647779, 3492542.325262025464326 ], [ -10621399.254076363518834, 3492640.477604277431965 ], [ -10621710.70305392332375, 3492633.777094047516584 ], [ -10621749.536359831690788, 3492911.134357667993754 ], [ -10621671.185857689008117, 3493203.238549524452537 ], [ -10621637.440290348604321, 3493720.693037217482924 ], [ -10621600.652835343033075, 3493764.205323465168476 ], [ -10621489.84667126648128, 3493764.858139713760465 ], [ -10621462.858750991523266, 3494237.215839482378215 ], [ -10621487.640889409929514, 3494773.517538533546031 ], [ -10620964.441990118473768, 3494772.262174888979644 ], [ -10620963.362061033025384, 3494684.395431330427527 ], [ -10620718.929513009265065, 3494684.657866391353309 ], [ -10620710.674859376624227, 3494572.508647090755403 ], [ -10620753.594217009842396, 3494572.283021299634129 ], [ -10620647.201818574219942, 3494236.318749842233956 ], [ -10620681.553054327145219, 3494159.228720602579415 ], [ -10620676.744583973661065, 3494072.395909845363349 ], [ -10620880.616185085847974, 3494066.637451126705855 ], [ -10620789.120965098962188, 3493768.125032146461308 ], [ -10620507.002971777692437, 3493781.422385448589921 ], [ -10620500.788611829280853, 3493534.881492419634014 ], [ -10620439.641590982675552, 3493338.209198176860809 ], [ -10620572.045057760551572, 3493297.782458697911352 ], [ -10620548.640168545767665, 3493229.904606303200126 ], [ -10620466.175482071936131, 3493257.730145500507206 ], [ -10620290.652675569057465, 3492714.896107599139214 ], [ -10620362.55631729401648, 3492697.671758052427322 ], [ -10620294.182054605334997, 3492677.176698471885175 ], [ -10620291.053729711100459, 3492492.543317413888872 ], [ -10620386.102219991385937, 3492484.034953635651618 ], [ -10620331.354465235024691, 3492308.167646002024412 ], [ -10620170.973259771242738, 3492310.729065848980099 ], [ -10620162.653167193755507, 3492200.671920798253268 ], [ -10620198.975922832265496, 3492203.271307698450983 ], [ -10620184.537604292854667, 3492085.506796166766435 ], [ -10620108.747662488371134, 3492079.359879598487169 ], [ -10620108.16060795634985, 3492034.750342444516718 ], [ -10620074.438755378127098, 3492035.356915104202926 ], [ -10620071.671704430133104, 3492002.794698441866785 ], [ -10620132.147944370284677, 3492000.98485938552767 ], [ -10620110.593107646331191, 3491859.823853171430528 ], [ -10619703.686634926125407, 3491861.598983396776021 ], [ -10619698.432343939319253, 3491552.799696673639119 ], [ -10619995.795473309233785, 3491549.20575926406309 ], [ -10619961.306003384292126, 3491380.858807878568769 ], [ -10619990.918595166876912, 3491380.230955985374749 ], [ -10619988.828040111809969, 3491338.762051857542247 ], [ -10619942.519558990374207, 3491318.750433423556387 ], [ -10619922.15114320255816, 3491252.341954356059432 ], [ -10619876.538214126601815, 3491253.329314429312944 ], [ -10619899.032472422346473, 3491180.065739433281124 ], [ -10619877.518685018643737, 3491105.385250613093376 ], [ -10619112.853590402752161, 3491119.24036920350045 ], [ -10618883.945636013522744, 3491101.188997781369835 ], [ -10618867.902898980304599, 3491027.000915183220059 ], [ -10618457.458895139396191, 3491030.347151474561542 ], [ -10618457.026364864781499, 3491007.284190101549029 ], [ -10618412.086884800344706, 3491010.760207595769316 ], [ -10618404.783335499465466, 3491205.733733694534749 ], [ -10618218.393795263022184, 3491204.011194551829249 ], [ -10618199.462821129709482, 3491081.215362008661032 ], [ -10618023.791737528517842, 3491048.965714467223734 ], [ -10617996.327092574909329, 3490976.100404019933194 ], [ -10617479.262079471722245, 3490980.512176414486021 ], [ -10617474.816693130880594, 3491095.253603185527027 ], [ -10617392.711651364341378, 3491094.983693636488169 ], [ -10617389.545179972425103, 3491211.520727127790451 ], [ -10616893.707118371501565, 3491215.054942290764302 ] ] ] } },
{ "type": "Feature", "properties": { "ZIP": "77024", "POSTAL": "HOUSTON", "STATE": "TX", "ZIP_TYPE": "STANDARD", "bbox_minx": -10638400.319322003, "bbox_miny": 3470509.1460986864, "bbox_maxx": -10623966.312915646, "bbox_maxy": 3476334.984411526, "label_x": -10634060.428204395, "label_y": 3473421.0485549378 }, "geometry": { "type": "Polygon", "coordinates": [ [ [ -10623966.312915645539761, 3475807.426932363770902 ], [ -10624151.141578938812017, 3475724.143521241378039 ], [ -10625172.004921888932586, 3474031.722536378540099 ], [ -10625250.930417325347662, 3473838.074683404527605 ], [ -10625378.502603799104691, 3473862.569024533964694 ], [ -10625482.586392212659121, 3473841.793682230170816 ], [ -10625861.517895616590977, 3473684.440790402702987 ], [ -10626036.644256915897131, 3473562.837295807432383 ], [ -10626008.227393070235848, 3472716.469186731148511 ], [ -10626118.099901149049401, 3472733.003257738891989 ], [ -10626293.316768700256944, 3472655.936311388853937 ], [ -10626337.065338600426912, 3472679.915468754246831 ], [ -10626338.623835138976574, 3472939.457854516338557 ], [ -10626576.84754285030067, 3473007.550230505876243 ], [ -10626639.409076785668731, 3473072.436984611209482 ], [ -10626597.552989998832345, 3473117.319277702365071 ], [ -10626471.094052525237203, 3473105.136905600316823 ], [ -10626370.127260034903884, 3473163.099388835020363 ], [ -10626332.278626270592213, 3473229.910507630556822 ], [ -10626378.253571165725589, 3473358.788947523571551 ], [ -10626419.553090944886208, 3473394.439151786267757 ], [ -10626534.212111406028271, 3473395.978049677796662 ], [ -10626738.372087776660919, 3473499.594893399626017 ], [ -10626859.042392326518893, 3473736.455088539514691 ], [ -10626921.937986213713884, 3473732.992605678271502 ], [ -10627068.545755632221699, 3473630.656133486889303 ], [ -10627112.40562011860311, 3473631.040926028974354 ], [ -10627112.628264823928475, 3473825.583322666119784 ], [ -10627253.224746039137244, 3473844.306768790818751 ], [ -10627305.729756375774741, 3473897.709382193163037 ], [ -10627367.68592606112361, 3473908.799984617158771 ], [ -10627439.796176331117749, 3473974.730271972715855 ], [ -10627500.242645403370261, 3474097.460454989224672 ], [ -10627686.034921336919069, 3474052.959389666095376 ], [ -10627913.701556792482734, 3474079.455471005290747 ], [ -10627990.370479172095656, 3474270.80315148551017 ], [ -10628067.786722334101796, 3474334.268515420611948 ], [ -10628248.327901815995574, 3474330.076812713872641 ], [ -10628314.531683273613453, 3474188.484982921741903 ], [ -10628387.029626112431288, 3474153.944263894576579 ], [ -10628499.891732716932893, 3474340.359291292726994 ], [ -10628619.894083904102445, 3474424.233476697467268 ], [ -10628687.242415202781558, 3474451.6787627087906 ], [ -10628884.389192566275597, 3474443.855534743517637 ], [ -10628958.750717910006642, 3474386.015553389675915 ], [ -10628983.24092561006546, 3474299.191797077655792 ], [ -10628952.294128032401204, 3474105.411632597912103 ], [ -10629003.50104951299727, 3474049.625067675486207 ], [ -10629115.043183179572225, 3474062.962471862789243 ], [ -10629116.4903848990798, 3474243.532563272863626 ], [ -10629353.60088468529284, 3474112.978131337091327 ], [ -10629368.962945848703384, 3473958.571569101884961 ], [ -10629409.594595957547426, 3473902.144369921647012 ], [ -10629474.15994037874043, 3473902.144335639197379 ], [ -10629571.675789278000593, 3473975.371497162152082 ], [ -10629700.69509251229465, 3473959.08456510771066 ], [ -10629591.26806315779686, 3473787.110628418624401 ], [ -10629655.722010921686888, 3473662.331622632686049 ], [ -10629791.754380274564028, 3473582.566023467108607 ], [ -10630009.161400454118848, 3473593.722865984309465 ], [ -10629875.132658896967769, 3473481.000208393670619 ], [ -10629857.544228984043002, 3473359.814874975942075 ], [ -10629910.866293108090758, 3473359.686665019951761 ], [ -10630036.434687973931432, 3473455.60897276410833 ], [ -10630155.769104072824121, 3473430.089374463539571 ], [ -10630140.29574023373425, 3473375.844600677490234 ], [ -10629992.908699464052916, 3473270.818040400743484 ], [ -10629985.11633824929595, 3473213.752716911491007 ], [ -10630027.195164123550057, 3473155.918245858047158 ], [ -10630081.964377900585532, 3473122.06402650475502 ], [ -10630129.609042480587959, 3473135.400475680828094 ], [ -10630166.121910506859422, 3473171.434745474718511 ], [ -10630151.427702909335494, 3473273.639281397219747 ], [ -10630214.545840598642826, 3473342.630964290350676 ], [ -10630321.969190321862698, 3473387.001370101701468 ], [ -10630410.356861701235175, 3473384.821298458613455 ], [ -10630470.580720912665129, 3473238.887043916620314 ], [ -10630559.636291477829218, 3473150.019310955423862 ], [ -10630579.22851300984621, 3473018.193595779128373 ], [ -10630651.363496469333768, 3472949.075379211921245 ], [ -10630704.017634756863117, 3472937.790816124994308 ], [ -10630762.905670367181301, 3472993.444406939670444 ], [ -10630835.931236673146486, 3473003.318452223204076 ], [ -10630899.605952352285385, 3472837.512466838117689 ], [ -10630964.171283531934023, 3472771.216332974843681 ], [ -10631024.061166293919086, 3472752.109778004232794 ], [ -10631145.399401254951954, 3472786.732482082210481 ], [ -10631294.122285652905703, 3472669.015824483241886 ], [ -10631322.286138074472547, 3472621.057507046498358 ], [ -10631291.450614366680384, 3472475.132093507796526 ], [ -10631336.423712814226747, 3472408.196603511460125 ], [ -10631483.588028270751238, 3472467.4382947338745 ], [ -10631590.232144581153989, 3472471.798034253064543 ], [ -10631496.278463218361139, 3472337.799483308568597 ], [ -10631633.090135062113404, 3472339.979323759675026 ], [ -10631726.375830721110106, 3472281.5076242107898 ], [ -10631771.348952712491155, 3472212.393317103851587 ], [ -10631765.782911268994212, 3472113.787635226733983 ], [ -10631734.279495775699615, 3472071.473296175710857 ], [ -10631537.911974566057324, 3471996.590067457407713 ], [ -10631507.744394322857261, 3471920.168610679917037 ], [ -10631536.576086856424809, 3471751.299275777302682 ], [ -10631576.310757581144571, 3471697.456490902695805 ], [ -10631727.38758253864944, 3471712.379268546588719 ], [ -10631819.736664490774274, 3471669.740419929847121 ], [ -10631808.515526454895735, 3471587.270561885554343 ], [ -10631597.02264548279345, 3471484.215975510887802 ], [ -10631641.216467207297683, 3471424.209552547428757 ], [ -10631640.548542449250817, 3471314.326676511671394 ], [ -10631705.781772023066878, 3471250.218056806828827 ], [ -10631875.543925510719419, 3471272.143168481066823 ], [ -10631946.343169307336211, 3471231.883119386155158 ], [ -10631777.360200705006719, 3471135.336361901368946 ], [ -10631770.458335496485233, 3471087.383723304606974 ], [ -10631824.448369853198528, 3471000.710580696817487 ], [ -10631884.115571077913046, 3470954.168817184865475 ], [ -10632029.944047110155225, 3470976.093418730888516 ], [ -10632198.259172672405839, 3470895.062359923496842 ], [ -10632325.94267450273037, 3470900.831986840348691 ], [ -10632380.600521786138415, 3470835.315072873141617 ], [ -10632347.093295074999332, 3470699.153862427920103 ], [ -10632408.096379758790135, 3470659.023804905358702 ], [ -10632490.806737156584859, 3470682.999230694025755 ], [ -10632553.924941359087825, 3470794.415250841528177 ], [ -10632638.750413525849581, 3470805.056864143814892 ], [ -10632822.538905741646886, 3470601.457210036925972 ], [ -10632882.094816617667675, 3470615.560304739512503 ], [ -10632945.212991809472442, 3470680.435055513400584 ], [ -10633034.379884174093604, 3470511.197380110155791 ], [ -10633185.774371080100536, 3470641.71527733001858 ], [ -10633215.941993437707424, 3470711.462180469650775 ], [ -10633259.356494598090649, 3470896.216303145512938 ], [ -10633190.561058202758431, 3471028.661270551849157 ], [ -10633427.560308123007417, 3471122.514764968305826 ], [ -10633522.293165700510144, 3471220.471825769171119 ], [ -10633558.694609578698874, 3471212.00948242796585 ], [ -10633584.743424484506249, 3471077.382938655093312 ], [ -10633686.378067193552852, 3471033.661721315700561 ], [ -10633753.05844983831048, 3471100.718114426359534 ], [ -10633789.459948468953371, 3471237.396458128932863 ], [ -10633846.232958406209946, 3471244.576560985762626 ], [ -10633879.96267462708056, 3471205.085829253308475 ], [ -10633892.541840018704534, 3471096.487013378180563 ], [ -10633934.509229946881533, 3471053.406712490599602 ], [ -10634287.503384025767446, 3470917.499636541586369 ], [ -10634323.236932581290603, 3470947.117055308073759 ], [ -10634316.223749846220016, 3471061.35611594747752 ], [ -10634494.33494871109724, 3471087.511940439697355 ], [ -10634572.81516869738698, 3471208.675911956932396 ], [ -10634571.368103204295039, 3471296.889153886586428 ], [ -10634452.924166137352586, 3471397.668313902337104 ], [ -10634480.19743362814188, 3471454.982101482339203 ], [ -10634612.778903216123581, 3471497.294290564022958 ], [ -10634763.616808786988258, 3471399.719771846663207 ], [ -10635014.642308289185166, 3471624.232149943243712 ], [ -10635192.085564946755767, 3471639.105643318034708 ], [ -10635319.6576435752213, 3471791.432787336409092 ], [ -10635401.700210280716419, 3471763.223910523112863 ], [ -10635462.035317160189152, 3471671.545547067187726 ], [ -10635654.172755401581526, 3471666.032122734934092 ], [ -10635692.800629984587431, 3471689.240073712076992 ], [ -10635696.251518419012427, 3471804.126854888163507 ], [ -10635748.905700579285622, 3471852.851428866386414 ], [ -10636086.203719986602664, 3471838.105788316577673 ], [ -10636114.924184486269951, 3471911.321147501002997 ], [ -10636045.572060002014041, 3472003.001243816222996 ], [ -10636036.332569563761353, 3472096.733653270173818 ], [ -10636231.364265942946076, 3472303.306251435074955 ], [ -10636390.551137113943696, 3472404.862667186185718 ], [ -10636332.331059738993645, 3472622.724504875019193 ], [ -10636476.044583093374968, 3472629.777185348328203 ], [ -10636621.205134641379118, 3472781.987820647656918 ], [ -10636719.388909734785557, 3472835.58903769031167 ], [ -10636873.789098771288991, 3472823.663392554037273 ], [ -10636854.864833321422338, 3472715.948502525687218 ], [ -10637078.394288638606668, 3472635.034648871049285 ], [ -10637106.892144460231066, 3472694.533845584839582 ], [ -10637069.934050960466266, 3472852.130989357363433 ], [ -10637198.730649426579475, 3472899.192548008169979 ], [ -10637237.135859530419111, 3473028.708899470511824 ], [ -10637414.91318291425705, 3473048.072294729296118 ], [ -10637552.170033860951662, 3472986.263302691746503 ], [ -10637585.009357960894704, 3473128.219334991183132 ], [ -10637622.857956385239959, 3473172.588922712020576 ], [ -10637711.24564440920949, 3473182.463093727361411 ], [ -10637678.295086655765772, 3473231.192871063016355 ], [ -10637717.479522876441479, 3473250.941385372541845 ], [ -10637721.709624998271465, 3473293.90069916471839 ], [ -10637893.091606818139553, 3473212.822040168102831 ], [ -10637988.750775631517172, 3473478.320269104093313 ], [ -10638060.127378353849053, 3473505.35018687415868 ], [ -10638167.980929102748632, 3473486.509437597822398 ], [ -10638239.179884316399693, 3473577.674371969420463 ], [ -10638245.729250745847821, 3473655.358955924864858 ], [ -10638393.728544671088457, 3473823.169918373227119 ], [ -10638400.319322003051639, 3474296.104883360210806 ], [ -10638011.753812117502093, 3474305.963064598850906 ], [ -10638044.424896739423275, 3475869.034426860976964 ], [ -10635905.977430460974574, 3475854.925545751582831 ], [ -10635907.136344248428941, 3475935.986857114359736 ], [ -10630822.044460708275437, 3475878.56250225706026 ], [ -10630811.03813854418695, 3476334.984411526005715 ], [ -10630513.176496190950274, 3476332.727022526785731 ], [ -10630516.57131832651794, 3476219.488674911204726 ], [ -10629958.43193413130939, 3476207.540410283021629 ], [ -10629891.550810866057873, 3476269.668861632235348 ], [ -10629776.837589276954532, 3476192.902471111621708 ], [ -10629740.324862256646156, 3476100.422893733717501 ], [ -10629559.208026263862848, 3476010.252736811991781 ], [ -10629532.066316517069936, 3475949.501714090816677 ], [ -10629320.648757176473737, 3475949.311093012802303 ], [ -10629318.582851730287075, 3475858.322585247922689 ], [ -10629089.551012860611081, 3475854.797242025379092 ], [ -10629018.918200390413404, 3475854.268657363019884 ], [ -10629022.026518970727921, 3476056.097957250662148 ], [ -10628699.090639600530267, 3476049.92936725448817 ], [ -10628697.604167668148875, 3476019.904413643293083 ], [ -10628363.596940727904439, 3476024.083675659261644 ], [ -10628366.53953592851758, 3475915.08055669721216 ], [ -10628288.636887853965163, 3475915.523383036255836 ], [ -10628284.734777256846428, 3475859.303341797553003 ], [ -10628202.832991950213909, 3475879.234733948949724 ], [ -10628194.263327518478036, 3476076.719577002804726 ], [ -10627910.263176713138819, 3476087.69696769816801 ], [ -10627613.809865353628993, 3476146.622838319744915 ], [ -10627555.275941606611013, 3476131.683693069498986 ], [ -10627552.787770062685013, 3475998.200678146444261 ], [ -10627451.17566929012537, 3475996.187097470741719 ], [ -10627440.356952400878072, 3476205.960009377449751 ], [ -10626517.842910310253501, 3476229.694736445322633 ], [ -10626511.846950232982635, 3476048.959438150282949 ], [ -10626250.376004729419947, 3476049.395120349247009 ], [ -10626239.691250471398234, 3475826.584027335979044 ], [ -10626049.060682456940413, 3475821.549445626791567 ], [ -10626039.133929152041674, 3475957.170100306626409 ], [ -10625873.846055964007974, 3475954.032711358740926 ], [ -10625874.27406707406044, 3475866.50835771812126 ], [ -10625429.211125824600458, 3475849.597859050147235 ], [ -10625429.156696135178208, 3476253.579973426181823 ], [ -10624509.330557821318507, 3476258.275813616346568 ], [ -10623966.312915645539761, 3475807.426932363770902 ] ] ] } },
{ "type": "Feature", "properties": { "ZIP": "77056", "POSTAL": "HOUSTON", "STATE": "TX", "ZIP_TYPE": "STANDARD", "bbox_minx": -10628776.429104652, "bbox_miny": 3468240.1760385782, "bbox_maxx": -10626124.282170294, "bbox_maxy": 3474453.7307504071, "label_x": -10627422.974998958, "label_y": 3471354.8918044372 }, "geometry": { "type": "Polygon", "coordinates": [ [ [ -10626148.267442304641008, 3472722.488287757150829 ], [ -10626124.282170293852687, 3471936.811604309827089 ], [ -10626203.409653684124351, 3471931.289626461919397 ], [ -10626205.729152990505099, 3471662.08027085987851 ], [ -10626132.141351325437427, 3471662.860550337005407 ], [ -10626142.451355695724487, 3471495.263236319180578 ], [ -10626309.235421817749739, 3471493.832457387354225 ], [ -10626297.315487112849951, 3471328.912676014471799 ], [ -10626385.297741249203682, 3471161.064557746518403 ], [ -10626443.177429836243391, 3471157.600294339004904 ], [ -10626439.553024441003799, 3470870.670326636638492 ], [ -10626500.167678097262979, 3470869.371418462600559 ], [ -10626508.939239524304867, 3470311.181438794359565 ], [ -10626471.674212072044611, 3470274.839999546762556 ], [ -10626468.998250022530556, 3469898.531537296250463 ], [ -10626584.29416330717504, 3469322.50463695731014 ], [ -10626725.691417092457414, 3468939.337834431324154 ], [ -10626697.560081584379077, 3468410.956622137222439 ], [ -10628393.803656896576285, 3468240.176038578152657 ], [ -10628454.111571798101068, 3469084.506732293404639 ], [ -10628414.21168939769268, 3469084.327444835100323 ], [ -10628443.165244154632092, 3469592.779167033731937 ], [ -10628433.945794237777591, 3469716.864217380993068 ], [ -10628404.210393991321325, 3469716.959934729617089 ], [ -10628406.717283830046654, 3469963.241837922483683 ], [ -10628416.273887310177088, 3469999.813375821802765 ], [ -10628470.342275854200125, 3469993.04004260757938 ], [ -10628470.885747684165835, 3470044.684408132918179 ], [ -10628528.193952253088355, 3470044.075729204807431 ], [ -10628547.168775167316198, 3471381.923237059731036 ], [ -10628457.436374090611935, 3471380.870932859368622 ], [ -10628447.126281073316932, 3471462.41875594900921 ], [ -10628448.739159939810634, 3471528.697829138487577 ], [ -10628550.795533044263721, 3471557.080955110024661 ], [ -10628558.027511207386851, 3472276.11949306493625 ], [ -10628489.399688005447388, 3472277.183039577677846 ], [ -10628490.373092396184802, 3472344.663631435949355 ], [ -10628559.024940971285105, 3472343.394304270390421 ], [ -10628567.687011193484068, 3473209.673488568048924 ], [ -10628608.398189831525087, 3473208.921243761666119 ], [ -10628642.955345997586846, 3473278.515455079264939 ], [ -10628691.616910949349403, 3473253.917398612946272 ], [ -10628776.429104652255774, 3473376.792336133308709 ], [ -10628581.492017785087228, 3473388.880028723739088 ], [ -10628580.041713373735547, 3474124.904969925060868 ], [ -10628598.966017549857497, 3474206.982315772678703 ], [ -10628752.809600088745356, 3474452.833026959560812 ], [ -10628659.85786360129714, 3474447.446578742936254 ], [ -10628521.710370689630508, 3474363.572142013348639 ], [ -10628387.029626112431288, 3474153.944263894576579 ], [ -10628314.531683273613453, 3474188.484982921741903 ], [ -10628248.327901815995574, 3474330.076812713872641 ], [ -10628067.786722334101796, 3474334.268515420611948 ], [ -10627990.370479172095656, 3474270.80315148551017 ], [ -10627913.701556792482734, 3474079.455471005290747 ], [ -10627686.034921336919069, 3474052.959389666095376 ], [ -10627500.242645403370261, 3474097.460454989224672 ], [ -10627439.796176331117749, 3473974.730271972715855 ], [ -10627367.68592606112361, 3473908.799984617158771 ], [ -10627305.729756375774741, 3473897.709382193163037 ], [ -10627253.224746039137244, 3473844.306768790818751 ], [ -10627112.628264823928475, 3473825.583322666119784 ], [ -10627112.40562011860311, 3473631.040926028974354 ], [ -10627068.545755632221699, 3473630.656133486889303 ], [ -10626921.937986213713884, 3473732.992605678271502 ], [ -10626859.042392326518893, 3473736.455088539514691 ], [ -10626738.372087776660919, 3473499.594893399626017 ], [ -10626534.212111406028271, 3473395.978049677796662 ], [ -10626419.553090944886208, 3473394.439151786267757 ], [ -10626340.070905711501837, 3473265.560318950098008 ], [ -10626337.844582695513964, 3473207.725618938915431 ], [ -10626410.758868604898453, 3473126.167543358169496 ], [ -10626597.552989998832345, 3473117.319277702365071 ], [ -10626638.963815927505493, 3473090.646299920044839 ], [ -10626619.928204828873277, 3473041.532322598621249 ], [ -10626338.623835138976574, 3472939.457854516338557 ], [ -10626357.102871408686042, 3472750.571028479840606 ], [ -10626313.020369416102767, 3472659.013888558372855 ], [ -10626148.267442304641008, 3472722.488287757150829 ] ] ] } },
{ "type": "Feature", "properties": { "ZIP": "77005", "POSTAL": "HOUSTON", "STATE": "TX", "ZIP_TYPE": "STANDARD", "bbox_minx": -10625206.601020359, "bbox_miny": 3465815.756133181, "bbox_maxx": -10618720.992714038, "bbox_maxy": 3468797.5484161037, "label_x": -10622315.265349885, "label_y": 3467282.0887248521 }, "geometry": { "type": "Polygon", "coordinates": [ [ [ -10620342.127086531370878, 3468392.660858076997101 ], [ -10620098.35905797034502, 3468392.793106951285154 ], [ -10620098.31007918715477, 3468366.779921166133136 ], [ -10619768.23183655180037, 3468394.904797641560435 ], [ -10619767.821297354996204, 3468352.490360154770315 ], [ -10619356.555944079533219, 3468359.807255054824054 ], [ -10619288.811319500207901, 3468393.806503271218389 ], [ -10619277.923936437815428, 3468446.352279416285455 ], [ -10619071.880864050239325, 3468461.507670277263969 ], [ -10619071.80548981577158, 3468414.79258921276778 ], [ -10618871.782093849033117, 3468418.492994177155197 ], [ -10618870.067461194470525, 3468394.242243356071413 ], [ -10618720.99271403811872, 3468349.300022420007735 ], [ -10618835.08620254509151, 3468189.519822176545858 ], [ -10618846.18271410651505, 3468112.706505738198757 ], [ -10618906.028401657938957, 3468068.011065816972405 ], [ -10619969.909692181274295, 3466518.346454978454858 ], [ -10621179.061580419540405, 3466972.33280531084165 ], [ -10621288.823837496340275, 3466982.029645515605807 ], [ -10621322.117683961987495, 3466926.153992594219744 ], [ -10621914.00805645622313, 3466919.43110575992614 ], [ -10621903.875667603686452, 3465855.480115988757461 ], [ -10622846.205023746937513, 3465847.224145291838795 ], [ -10622849.943863051012158, 3465917.619308267720044 ], [ -10622903.008107971400023, 3465917.039265407714993 ], [ -10622902.391491377726197, 3465826.228263637982309 ], [ -10623239.354075267910957, 3465822.641757586039603 ], [ -10623239.189045486971736, 3465912.737071096431464 ], [ -10623274.80858208052814, 3465912.387502094730735 ], [ -10623272.000270806252956, 3465822.594991257414222 ], [ -10623317.317805157974362, 3465822.062569991219789 ], [ -10623318.455561166629195, 3465877.369874122086912 ], [ -10623555.589211739599705, 3465876.70712895039469 ], [ -10623554.913237253203988, 3465819.751834634225816 ], [ -10623637.086671145632863, 3465818.193255642428994 ], [ -10623637.50124873034656, 3465906.75727337738499 ], [ -10624010.548065098002553, 3465900.528549950569868 ], [ -10624008.838561184704304, 3465817.466330405790359 ], [ -10624083.563315244391561, 3465815.756133181042969 ], [ -10624087.467528345063329, 3465974.264443086925894 ], [ -10624263.496493889018893, 3465971.735593636054546 ], [ -10624262.622853836044669, 3465887.096889656037092 ], [ -10624408.637638662010431, 3465874.615927222650498 ], [ -10624441.851690461859107, 3465890.401063062250614 ], [ -10624443.270222684368491, 3465967.982952002435923 ], [ -10624637.544340278953314, 3465965.004906916525215 ], [ -10624638.35204846598208, 3465870.075935040600598 ], [ -10624930.829645773395896, 3465868.804424238856882 ], [ -10624932.688761522993445, 3465960.025445396080613 ], [ -10625156.420726539567113, 3465955.871827250346541 ], [ -10625201.240077221766114, 3468541.408911888487637 ], [ -10622211.122879706323147, 3468797.548416103702039 ], [ -10622209.774099588394165, 3468741.417609879281372 ], [ -10622171.781371239572763, 3468702.5029958775267 ], [ -10622173.731096498668194, 3468590.294461671728641 ], [ -10622028.268771296367049, 3468589.062891822308302 ], [ -10622026.068355668336153, 3468322.146396473515779 ], [ -10621947.792659852653742, 3468323.896079080644995 ], [ -10621947.293064884841442, 3468367.292270262725651 ], [ -10620695.934920782223344, 3468380.996117170434445 ], [ -10620695.194940444082022, 3468338.700226471293718 ], [ -10620639.684759832918644, 3468339.484548950567842 ], [ -10620624.10325507260859, 3468387.378770702518523 ], [ -10620375.327027192339301, 3468391.43953436659649 ], [ -10620374.493160434067249, 3468356.550095918122679 ], [ -10620341.494827251881361, 3468357.378556349314749 ], [ -10620342.127086531370878, 3468392.660858076997101 ] ] ] } },
{ "type": "Feature", "properties": { "ZIP": "77042", "POSTAL": "HOUSTON", "STATE": "TX", "ZIP_TYPE": "STANDARD", "bbox_minx": -10640950.306881122, "bbox_miny": 3467174.7153486698, "bbox_maxx": -10635321.784187531, "bbox_maxy": 3473637.5812077909, "label_x": -10637297.14053544, "label_y": 3470397.243630481 }, "geometry": { "type": "Polygon", "coordinates": [ [ [ -10637552.170033860951662, 3472986.263302691746503 ], [ -10637414.91318291425705, 3473048.072294729296118 ], [ -10637237.135859530419111, 3473028.708899470511824 ], [ -10637198.730649426579475, 3472899.192548008169979 ], [ -10637069.934050960466266, 3472852.130989357363433 ], [ -10637106.892144460231066, 3472694.533845584839582 ], [ -10637078.394288638606668, 3472635.034648871049285 ], [ -10636854.864833321422338, 3472715.948502525687218 ], [ -10636873.789098771288991, 3472823.663392554037273 ], [ -10636719.388909734785557, 3472835.58903769031167 ], [ -10636621.205134641379118, 3472781.987820647656918 ], [ -10636476.044583093374968, 3472629.777185348328203 ], [ -10636332.331059738993645, 3472622.724504875019193 ], [ -10636390.551137113943696, 3472404.862667186185718 ], [ -10636231.364265942946076, 3472303.306251435074955 ], [ -10636036.332569563761353, 3472096.733653270173818 ], [ -10636045.572060002014041, 3472003.001243816222996 ], [ -10636114.924184486269951, 3471911.321147501002997 ], [ -10636100.897837162017822, 3471851.440947366412729 ], [ -10635748.905700579285622, 3471852.851428866386414 ], [ -10635696.251518419012427, 3471804.126854888163507 ], [ -10635687.90261348336935, 3471680.136386374942958 ], [ -10635589.592828325927258, 3471668.948185563087463 ], [ -10635606.59062104485929, 3471541.400261395610869 ], [ -10635553.702750256285071, 3471414.665302894543856 ], [ -10635489.493897812440991, 3471393.187862479127944 ], [ -10635418.056329742074013, 3471509.09933561924845 ], [ -10635412.492478678002954, 3471147.097707796376199 ], [ -10635321.826747737824917, 3471141.139533118344843 ], [ -10635321.909442069008946, 3471083.262767524924129 ], [ -10635412.742550417780876, 3471083.519563631154597 ], [ -10635400.252971610054374, 3469801.83392246440053 ], [ -10635338.470724377781153, 3469803.244182656519115 ], [ -10635344.481928734108806, 3469710.297722834162414 ], [ -10635385.113521361723542, 3469499.151561612728983 ], [ -10635714.241289297118783, 3469504.110804823692888 ], [ -10635709.85750837624073, 3469179.389496040064842 ], [ -10635611.374797388911247, 3469192.831107852514833 ], [ -10635606.37202138081193, 3468939.594430172350258 ], [ -10635824.441581886261702, 3468935.946233047638088 ], [ -10635845.367649151012301, 3468843.174374625552446 ], [ -10635673.788825830444694, 3468780.536557386163622 ], [ -10635395.125766331329942, 3468782.086988600902259 ], [ -10635395.498750880360603, 3468619.923786104656756 ], [ -10635546.344856422394514, 3468610.681814195588231 ], [ -10635525.014322562143207, 3468307.840520495548844 ], [ -10635363.974930867552757, 3468309.607861409429461 ], [ -10635363.658238792791963, 3468278.997666181065142 ], [ -10635527.240701671689749, 3468276.516046966891736 ], [ -10635521.062994660809636, 3467964.522425172384828 ], [ -10635432.155285984277725, 3467927.070982568897307 ], [ -10635442.100691383704543, 3467787.079940052237362 ], [ -10635530.674678253009915, 3467779.049281321000308 ], [ -10635521.885030765086412, 3467684.234073778614402 ], [ -10635360.376167422160506, 3467699.079149906989187 ], [ -10635359.398754315450788, 3467556.180268777068704 ], [ -10637414.467815706506371, 3467362.62988016474992 ], [ -10637412.79803810082376, 3467178.952019673772156 ], [ -10637466.893999725580215, 3467174.715348669793457 ], [ -10637470.34565693885088, 3467250.703590229619294 ], [ -10637613.688239010050893, 3467344.53728528926149 ], [ -10638964.591810280457139, 3467219.07117453077808 ], [ -10638985.63115699402988, 3468599.736187253613025 ], [ -10639133.874226700514555, 3468596.811153240967542 ], [ -10639147.065625896677375, 3469554.954664688091725 ], [ -10639482.338748194277287, 3469540.94470050977543 ], [ -10639495.954378634691238, 3469973.063274764455855 ], [ -10639182.565011914819479, 3469980.981552365235984 ], [ -10639198.96923371963203, 3471048.228649829048663 ], [ -10639509.212952187284827, 3471047.889791315421462 ], [ -10639528.38220938295126, 3472414.685142557602376 ], [ -10639828.336555482819676, 3472405.13119997177273 ], [ -10639972.316203843802214, 3472360.115974766667932 ], [ -10640329.053337331861258, 3472353.244679345283657 ], [ -10640524.189433574676514, 3472448.087555981241167 ], [ -10640665.162605859339237, 3472479.002633033320308 ], [ -10640810.034977331757545, 3472409.621254687663168 ], [ -10640811.495134294033051, 3472560.148344065994024 ], [ -10640831.759898547083139, 3472604.272680754773319 ], [ -10640909.444249557331204, 3472594.032833539880812 ], [ -10640950.306881122291088, 3472735.147469793446362 ], [ -10640826.966904608532786, 3472843.539494203869253 ], [ -10640628.818160006776452, 3473285.821761552710086 ], [ -10640526.96077523380518, 3473421.369219745043665 ], [ -10640373.339887317270041, 3473488.951065168250352 ], [ -10640012.887402810156345, 3473479.204848774243146 ], [ -10639765.646773112937808, 3473637.068208774551749 ], [ -10639605.124115593731403, 3473584.489649200811982 ], [ -10638772.899563925340772, 3473002.549021462444216 ], [ -10637992.216026710346341, 3472988.827960344031453 ], [ -10637764.12238996103406, 3472937.277896638028324 ], [ -10637643.118046313524246, 3472823.535194750409573 ], [ -10637587.458368115127087, 3472850.463957551401109 ], [ -10637552.170033860951662, 3472986.263302691746503 ] ] ] } },
{ "type": "Feature", "properties": { "ZIP": "77099", "POSTAL": "HOUSTON", "STATE": "TX", "ZIP_TYPE": "STANDARD", "bbox_minx": -10643890.813244192, "bbox_miny": 3458474.0531588132, "bbox_maxx": -10637518.440264409, "bbox_maxy": 3463361.3997462075, "label_x": -10640586.639379686, "label_y": 3460947.1982278982 }, "geometry": { "type": "Polygon", "coordinates": [ [ [ -10637518.440264409407973, 3463080.143175427801907 ], [ -10637718.815342487767339, 3461997.700296313036233 ], [ -10637750.875343726947904, 3461646.130850105546415 ], [ -10637705.457050126045942, 3460840.786214457359165 ], [ -10637614.954224145039916, 3460428.268329281359911 ], [ -10637891.58314873278141, 3459611.470647639129311 ], [ -10638945.259721640497446, 3458474.053158813156188 ], [ -10639005.869211992248893, 3458507.361146259587258 ], [ -10638915.182718412950635, 3458605.258503631222993 ], [ -10639773.229681737720966, 3458917.72178596444428 ], [ -10640161.325567396357656, 3459116.053390579298139 ], [ -10640072.504894215613604, 3459370.741069245152175 ], [ -10640265.02611100487411, 3459434.564441784285009 ], [ -10640332.597011102363467, 3459846.922421948984265 ], [ -10640602.546714881435037, 3459825.016765712294728 ], [ -10640824.629153717309237, 3459902.391233684960753 ], [ -10641015.987361818552017, 3460122.859921452123672 ], [ -10641091.684609105810523, 3460368.56967628467828 ], [ -10641365.085278229787946, 3460637.60029333550483 ], [ -10641461.821939716115594, 3460679.10833985498175 ], [ -10641583.271477907896042, 3460670.653036130592227 ], [ -10641809.173485938459635, 3460019.9999661562033 ], [ -10641878.602001747116446, 3460039.847493088804185 ], [ -10643247.943187400698662, 3460808.501857854425907 ], [ -10643563.928604183718562, 3461017.651721753645688 ], [ -10643467.337205287069082, 3461277.201256519183517 ], [ -10643763.637159297242761, 3461295.007016678806394 ], [ -10643890.813244191929698, 3461382.331999168265611 ], [ -10643843.127239897847176, 3461531.587985079735518 ], [ -10643750.323039399459958, 3461531.038344949949533 ], [ -10643624.472962709143758, 3461877.47738981153816 ], [ -10643751.276758849620819, 3461880.176234685350209 ], [ -10643744.581361537799239, 3462965.845405885949731 ], [ -10641265.565689325332642, 3462980.966700021643192 ], [ -10641257.153968447819352, 3463056.496189878322184 ], [ -10640749.488522201776505, 3463066.688978497870266 ], [ -10640737.17969855107367, 3463355.609458145219833 ], [ -10640170.698205964639783, 3463361.399746207520366 ], [ -10640168.58371502533555, 3463100.69831489212811 ], [ -10640025.800500521436334, 3463010.822095604613423 ], [ -10639347.308152984827757, 3463085.653015459422022 ], [ -10638240.681077800691128, 3463104.745189413428307 ], [ -10637518.440264409407973, 3463080.143175427801907 ] ] ] } },
{ "type": "Feature", "properties": { "ZIP": "77072", "POSTAL": "HOUSTON", "STATE": "TX", "ZIP_TYPE": "STANDARD", "bbox_minx": -10643788.73320863, "bbox_miny": 3462965.8454058859, "bbox_maxx": -10637121.384660648, "bbox_maxy": 3467345.0695051895, "label_x": -10640512.619907731, "label_y": 3465052.940065098 }, "geometry": { "type": "Polygon", "coordinates": [ [ [ -10637412.79803810082376, 3467178.952019673772156 ], [ -10637403.706186322495341, 3466033.426820824388415 ], [ -10637249.657270969823003, 3466035.998645115178078 ], [ -10637207.916320867836475, 3465408.390951032750309 ], [ -10637213.249220229685307, 3465339.811081752646714 ], [ -10637393.86096010543406, 3465336.627188861370087 ], [ -10637376.864463943988085, 3464404.171429625246674 ], [ -10637225.811497524380684, 3464388.66240389412269 ], [ -10637121.384660648182034, 3464322.723685398232192 ], [ -10637206.001911673694849, 3464216.621987996157259 ], [ -10637149.116905363276601, 3463832.923017997760326 ], [ -10637200.160534771159291, 3463828.656149842310697 ], [ -10637198.118583664298058, 3463783.295051860623062 ], [ -10637247.474543064832687, 3463789.465991960372776 ], [ -10637259.120855478569865, 3463687.598158170003444 ], [ -10637404.894354501739144, 3463715.838843456003815 ], [ -10637518.440264409407973, 3463080.143175427801907 ], [ -10638240.681077800691128, 3463104.745189413428307 ], [ -10639347.308152984827757, 3463085.653015459422022 ], [ -10640025.800500521436334, 3463010.822095604613423 ], [ -10640168.58371502533555, 3463100.69831489212811 ], [ -10640170.698205964639783, 3463361.399746207520366 ], [ -10640737.17969855107367, 3463355.609458145219833 ], [ -10640749.488522201776505, 3463066.688978497870266 ], [ -10641257.153968447819352, 3463056.496189878322184 ], [ -10641265.565689325332642, 3462980.966700021643192 ], [ -10643744.581361537799239, 3462965.845405885949731 ], [ -10643761.0141741335392, 3464116.506440297700465 ], [ -10643705.82330472394824, 3464118.518647015094757 ], [ -10643709.286158684641123, 3464447.110809780657291 ], [ -10643763.249074455350637, 3464445.705658199265599 ], [ -10643766.530629213899374, 3464633.637211406603456 ], [ -10643710.673851754516363, 3464635.158952386584133 ], [ -10643712.362722001969814, 3464814.27220114832744 ], [ -10643650.127624399960041, 3464815.598816216923296 ], [ -10643638.365282822400331, 3464934.864289247896522 ], [ -10643641.375376775860786, 3465169.201829382684082 ], [ -10643771.751643208786845, 3465167.498718474060297 ], [ -10643788.399293506518006, 3466573.205147540662438 ], [ -10643786.99516517482698, 3466616.193454351276159 ], [ -10643678.312834011390805, 3466618.48765616491437 ], [ -10643681.912562668323517, 3466742.955914807505906 ], [ -10641518.260936420410872, 3466946.698720768094063 ], [ -10640813.942432096228004, 3466961.695064588449895 ], [ -10640663.59530027769506, 3467023.29504068242386 ], [ -10637634.991820814087987, 3467345.069505189545453 ], [ -10637512.36542228423059, 3467295.498890337068588 ], [ -10637470.34565693885088, 3467250.703590229619294 ], [ -10637466.893999725580215, 3467174.715348669793457 ], [ -10637412.79803810082376, 3467178.952019673772156 ] ] ] } },
{ "type": "Feature", "properties": { "ZIP": "77083", "POSTAL": "HOUSTON", "STATE": "TX", "ZIP_TYPE": "STANDARD", "bbox_minx": -10651283.615140993, "bbox_miny": 3461382.3319991683, "bbox_maxx": -10643624.472962709, "bbox_maxy": 3466733.8034480708, "label_x": -10645992.64779193, "label_y": 3464031.4372463617 }, "geometry": { "type": "Polygon", "coordinates": [ [ [ -10643783.723830670118332, 3466733.803448070771992 ], [ -10643771.751643208786845, 3465167.498718474060297 ], [ -10643641.375376775860786, 3465169.201829382684082 ], [ -10643638.365282822400331, 3464934.864289247896522 ], [ -10643650.127624399960041, 3464815.598816216923296 ], [ -10643712.362722001969814, 3464814.27220114832744 ], [ -10643710.673851754516363, 3464635.158952386584133 ], [ -10643766.530629213899374, 3464633.637211406603456 ], [ -10643763.249074455350637, 3464445.705658199265599 ], [ -10643709.286158684641123, 3464447.110809780657291 ], [ -10643705.82330472394824, 3464118.518647015094757 ], [ -10643761.0141741335392, 3464116.506440297700465 ], [ -10643737.860214024782181, 3463563.094789374619722 ], [ -10643751.276758849620819, 3461880.176234685350209 ], [ -10643624.472962709143758, 3461877.47738981153816 ], [ -10643750.323039399459958, 3461531.038344949949533 ], [ -10643843.127239897847176, 3461531.587985079735518 ], [ -10643890.813244191929698, 3461382.331999168265611 ], [ -10644057.269106611609459, 3461462.960898128338158 ], [ -10644204.457503948360682, 3461467.240338915027678 ], [ -10644501.330024518072605, 3461665.946451039984822 ], [ -10644577.780643746256828, 3461660.793675689958036 ], [ -10647947.963316051289439, 3463885.499684709589928 ], [ -10648438.882242422550917, 3464143.583339050412178 ], [ -10649379.86583636701107, 3464750.241054622456431 ], [ -10649334.002213148400187, 3464978.481750320177525 ], [ -10649486.955347606912255, 3465035.254368509165943 ], [ -10649395.22807789966464, 3465157.002026753034443 ], [ -10649945.591476056724787, 3465444.97210799343884 ], [ -10649945.591511828824878, 3465125.73204370168969 ], [ -10651208.560909410938621, 3465933.121988829690963 ], [ -10651209.231074584648013, 3465992.710386422928423 ], [ -10651283.615140993148088, 3466041.182075539603829 ], [ -10649986.297548174858093, 3466156.298108006827533 ], [ -10649983.514843763783574, 3466052.282017388381064 ], [ -10649580.006659217178822, 3466170.363346992060542 ], [ -10646501.749410353600979, 3466466.278544910252094 ], [ -10646484.467876186594367, 3466387.398367885034531 ], [ -10645989.963065415620804, 3466465.43535163346678 ], [ -10645980.504129962995648, 3466097.434236571192741 ], [ -10645572.375177895650268, 3466095.994120599702001 ], [ -10645574.548268033191562, 3466176.738275783602148 ], [ -10645230.054888134822249, 3466185.223125955089927 ], [ -10645232.167335797101259, 3466384.923090079333633 ], [ -10645077.192131886258721, 3466467.033592055551708 ], [ -10645078.426363883540034, 3466526.40066390670836 ], [ -10644368.043420501053333, 3466602.105334396939725 ], [ -10644369.299122096970677, 3466673.965412985533476 ], [ -10643783.723830670118332, 3466733.803448070771992 ] ] ] } },
{ "type": "Feature", "properties": { "ZIP": "77045", "POSTAL": "HOUSTON", "STATE": "TX", "ZIP_TYPE": "STANDARD", "bbox_minx": -10627365.913137712, "bbox_miny": 3453712.5361383334, "bbox_maxx": -10618463.437761415, "bbox_maxy": 3461237.6869739653, "label_x": -10622764.736258466, "label_y": 3457456.8427363764 }, "geometry": { "type": "Polygon", "coordinates": [ [ [ -10618463.437761414796114, 3456361.190152447670698 ], [ -10618527.223839452490211, 3456372.716361831873655 ], [ -10618632.754706161096692, 3456331.990498981438577 ], [ -10618837.471284816041589, 3456418.949315058067441 ], [ -10618934.430460453033447, 3456365.544528863858432 ], [ -10619018.031510408967733, 3456255.918114243540913 ], [ -10619139.03572753816843, 3456283.068523594643921 ], [ -10619296.218852445483208, 3456207.764775647781789 ], [ -10619731.255376262590289, 3456179.333978625945747 ], [ -10620013.450367856770754, 3456100.957186027895659 ], [ -10620097.607886180281639, 3456001.962489282246679 ], [ -10620613.462376201525331, 3455918.080120343714952 ], [ -10620682.925743093714118, 3455744.938365790061653 ], [ -10620791.239600505679846, 3455597.795322350692004 ], [ -10620796.471676602959633, 3455319.777705627959222 ], [ -10620837.548503985628486, 3455215.282453346066177 ], [ -10620968.126264881342649, 3455111.044184478465468 ], [ -10621104.270020248368382, 3455081.975548635236919 ], [ -10621199.336827134713531, 3455022.429599035065621 ], [ -10621330.47124589048326, 3454793.340539968572557 ], [ -10621728.772409299388528, 3454663.11116176424548 ], [ -10621820.388291802257299, 3454673.611376843415201 ], [ -10622060.393172167241573, 3453981.381265026517212 ], [ -10623812.208052009344101, 3453941.875536036211997 ], [ -10623846.138686433434486, 3453791.37593058263883 ], [ -10623876.217293359339237, 3453815.591661304235458 ], [ -10623966.659485397860408, 3453770.736175451427698 ], [ -10624141.86623889952898, 3453768.352270467672497 ], [ -10624146.692163195461035, 3453956.719802675303072 ], [ -10624167.075306301936507, 3453956.217414797283709 ], [ -10624164.155880546197295, 3453829.979982694610953 ], [ -10624209.73818264529109, 3453829.366344841662794 ], [ -10624211.60157804004848, 3453954.893517907243222 ], [ -10624289.09556601755321, 3453953.514980285428464 ], [ -10624287.743314815685153, 3453864.051191229838878 ], [ -10624361.315778683871031, 3453863.47410832811147 ], [ -10624362.134770670905709, 3453952.191869969945401 ], [ -10624419.864751087501645, 3453951.227971598505974 ], [ -10624418.554396448656917, 3453895.664828758686781 ], [ -10624447.148406304419041, 3453895.419364555273205 ], [ -10624442.944544658064842, 3453950.844070692081004 ], [ -10624495.428874082863331, 3453949.970964901149273 ], [ -10624493.875909628346562, 3453877.945516857784241 ], [ -10624536.135575734078884, 3453877.57166539458558 ], [ -10624534.143055524677038, 3453949.326829442754388 ], [ -10624669.883624840527773, 3453950.001060966402292 ], [ -10624666.087235519662499, 3453717.970330943819135 ], [ -10624989.516910698264837, 3453712.536138333380222 ], [ -10624966.430077224969864, 3453943.643615470267832 ], [ -10624998.962550729513168, 3453943.057363300118595 ], [ -10625005.966189930215478, 3453876.841630811337382 ], [ -10625070.358422866091132, 3453875.580927758011967 ], [ -10625071.17678264901042, 3453942.288058407139033 ], [ -10625827.613215755671263, 3453927.322180148214102 ], [ -10626232.279499093070626, 3453813.805358541663736 ], [ -10627110.520184695720673, 3453802.749134283978492 ], [ -10627107.79046381264925, 3453895.729585263878107 ], [ -10627208.521825306117535, 3453892.741989977657795 ], [ -10627223.910294756293297, 3454472.108361520804465 ], [ -10627188.751322068274021, 3454471.76788441138342 ], [ -10627189.799205884337425, 3454582.757473753299564 ], [ -10627236.883538341149688, 3454575.895079143345356 ], [ -10627260.720210848376155, 3454759.334428836591542 ], [ -10627211.421349005773664, 3454793.531954081729054 ], [ -10627202.809171125292778, 3455014.320780910085887 ], [ -10627361.093389498069882, 3455036.515660977456719 ], [ -10627365.913137711584568, 3455343.476849569007754 ], [ -10627252.755825759842992, 3455342.882008352782577 ], [ -10627245.78307812474668, 3455570.787624439690262 ], [ -10627155.112131468951702, 3455574.864694856107235 ], [ -10627144.299838988110423, 3455872.617874903138727 ], [ -10627006.638124689459801, 3456198.578147721011192 ], [ -10626975.591275695711374, 3456353.350146850105375 ], [ -10626972.300964834168553, 3456860.486160578671843 ], [ -10627040.522284952923656, 3456859.526026694569737 ], [ -10627062.66062013246119, 3458189.658476036041975 ], [ -10626947.359220588579774, 3458280.838796778582036 ], [ -10626947.007502976804972, 3458140.403322965372354 ], [ -10626771.654997015371919, 3458144.050609703175724 ], [ -10626770.890496758744121, 3458027.047538283281028 ], [ -10626526.903840202838182, 3458028.657550768461078 ], [ -10626468.266213651746511, 3458085.885438411962241 ], [ -10626465.784637670964003, 3457903.236832417082042 ], [ -10625788.198687406256795, 3457915.432852980215102 ], [ -10625793.717345304787159, 3458346.771149245090783 ], [ -10625619.27545403316617, 3458350.52590931719169 ], [ -10625627.632154995575547, 3458749.980135799385607 ], [ -10625659.239154558628798, 3458866.439077202696353 ], [ -10625636.820983707904816, 3458876.665209412574768 ], [ -10625618.872007152065635, 3458836.173013351392001 ], [ -10625232.639324370771646, 3458850.284245863091201 ], [ -10625235.140984058380127, 3459014.975350844673812 ], [ -10624640.778892444446683, 3459163.125039865262806 ], [ -10624530.016021054238081, 3459274.057102357503027 ], [ -10624481.972001327201724, 3459424.566084901336581 ], [ -10623566.434433115646243, 3459847.947207434568554 ], [ -10619568.506187573075294, 3461237.686973965261132 ], [ -10620108.405911676585674, 3459621.334422712214291 ], [ -10619668.471195003017783, 3459599.557313945144415 ], [ -10618489.486514825373888, 3459616.33852097671479 ], [ -10618463.437761414796114, 3456361.190152447670698 ] ] ] } },
{ "type": "Feature", "properties": { "ZIP": "77031", "POSTAL": "HOUSTON", "STATE": "TX", "ZIP_TYPE": "STANDARD", "bbox_minx": -10638945.25972164, "bbox_miny": 3457453.9701960245, "bbox_maxx": -10634124.884911831, "bbox_maxy": 3461619.9619674771, "label_x": -10635831.198298369, "label_y": 3459536.2756418949 }, "geometry": { "type": "Polygon", "coordinates": [ [ [ -10635274.350615387782454, 3457482.095981723628938 ], [ -10636855.072326719760895, 3457453.970196024514735 ], [ -10636849.63279677182436, 3457506.687359820120037 ], [ -10637092.838713854551315, 3457488.143212984781712 ], [ -10638300.959170555695891, 3458130.69050613604486 ], [ -10638308.296321623027325, 3458249.401339244097471 ], [ -10638647.141677886247635, 3458315.184215250425041 ], [ -10638945.259721640497446, 3458474.053158813156188 ], [ -10637990.068106062710285, 3459503.823313834145665 ], [ -10637916.407430421561003, 3459423.932213823311031 ], [ -10637509.757402002811432, 3459542.296368975192308 ], [ -10636824.474551910534501, 3460063.418793311808258 ], [ -10636595.267724689096212, 3460166.159827231895179 ], [ -10636535.711788989603519, 3460302.850121455732733 ], [ -10636295.373032288625836, 3460442.232290019281209 ], [ -10636258.97153109498322, 3460549.972516528796405 ], [ -10636139.080491662025452, 3460603.522825439460576 ], [ -10636059.932271458208561, 3460735.221421556081623 ], [ -10635807.571004051715136, 3460960.572623884771019 ], [ -10635608.531769089400768, 3461028.857770682312548 ], [ -10635469.827703641727567, 3461004.131518439389765 ], [ -10635257.430049311369658, 3461052.687125605996698 ], [ -10635150.229414362460375, 3461202.07043836498633 ], [ -10634891.634191812947392, 3461454.8473716895096 ], [ -10634532.072304716333747, 3461606.925846086815 ], [ -10634314.34546091593802, 3461619.961967477109283 ], [ -10634162.936908317729831, 3461555.165195510257035 ], [ -10634167.177762577310205, 3461352.64838590612635 ], [ -10634232.151790449395776, 3461353.973025808576494 ], [ -10634210.355082986876369, 3461147.548385902307928 ], [ -10634303.826122485101223, 3461146.787283279933035 ], [ -10634302.539619866758585, 3460849.762298359069973 ], [ -10634144.993064941838384, 3460853.715483225416392 ], [ -10634139.880549401044846, 3460540.527559454087168 ], [ -10634211.607502685859799, 3460541.665807170327753 ], [ -10634211.361247381195426, 3460497.627849231474102 ], [ -10634205.556501410901546, 3460291.043963188771158 ], [ -10634135.343235306441784, 3460294.914665975607932 ], [ -10634135.38490604609251, 3460211.877614408731461 ], [ -10634205.735565168783069, 3460212.181809767149389 ], [ -10634190.143743490800261, 3460065.690141414292157 ], [ -10634265.67560838162899, 3460066.755618365015835 ], [ -10634263.925825035199523, 3459928.088572938926518 ], [ -10634420.069880601018667, 3459925.195634684059769 ], [ -10634418.597205683588982, 3459828.927882325835526 ], [ -10634132.57523026689887, 3459833.590563953388482 ], [ -10634124.884911831468344, 3458864.84395240014419 ], [ -10635038.959423957392573, 3458848.797128957230598 ], [ -10635022.657237786799669, 3457750.810280862729996 ], [ -10635274.350615387782454, 3457482.095981723628938 ] ] ] } },
{ "type": "Feature", "properties": { "ZIP": "77085", "POSTAL": "HOUSTON", "STATE": "TX", "ZIP_TYPE": "STANDARD", "bbox_minx": -10633204.689677574, "bbox_miny": 3452842.4705292988, "bbox_maxx": -10626972.300964834, "bbox_maxy": 3458230.5189495706, "label_x": -10629773.923587646, "label_y": 3455536.4793342985 }, "geometry": { "type": "Polygon", "coordinates": [ [ [ -10627063.01357982121408, 3458230.518949570599943 ], [ -10627040.522284952923656, 3456859.526026694569737 ], [ -10626972.300964834168553, 3456860.486160578671843 ], [ -10626975.591275695711374, 3456353.350146850105375 ], [ -10627006.638124689459801, 3456198.578147721011192 ], [ -10627144.299838988110423, 3455872.617874903138727 ], [ -10627155.112131468951702, 3455574.864694856107235 ], [ -10627245.78307812474668, 3455570.787624439690262 ], [ -10627252.755825759842992, 3455342.882008352782577 ], [ -10627365.913137711584568, 3455343.476849569007754 ], [ -10627361.093389498069882, 3455036.515660977456719 ], [ -10627202.809171125292778, 3455014.320780910085887 ], [ -10627211.421349005773664, 3454793.531954081729054 ], [ -10627260.720210848376155, 3454759.334428836591542 ], [ -10627236.883538341149688, 3454575.895079143345356 ], [ -10627189.799205884337425, 3454582.757473753299564 ], [ -10627188.751322068274021, 3454471.76788441138342 ], [ -10627223.910294756293297, 3454472.108361520804465 ], [ -10627208.521825306117535, 3453892.741989977657795 ], [ -10627107.79046381264925, 3453895.729585263878107 ], [ -10627111.448107961565256, 3453676.814696964342147 ], [ -10627403.627974983304739, 3453655.3397954730317 ], [ -10627701.321802077814937, 3452977.8831921457313 ], [ -10628294.499524731189013, 3452967.496212160680443 ], [ -10628341.817994372919202, 3452842.470529298763722 ], [ -10630779.143577305600047, 3454145.627188135869801 ], [ -10631194.966071123257279, 3454444.640167088713497 ], [ -10632469.687424594536424, 3455043.801437884103507 ], [ -10633204.689677573740482, 3455621.936910844873637 ], [ -10632518.849317781627178, 3455899.667326867580414 ], [ -10632511.369747577235103, 3455560.586968530435115 ], [ -10632336.184017671272159, 3455565.033746160101146 ], [ -10632335.871634867042303, 3455535.804191431030631 ], [ -10632266.157242609187961, 3455537.154477166477591 ], [ -10632268.158326826989651, 3455697.558593378867954 ], [ -10632141.052086943760514, 3455698.29416778171435 ], [ -10632143.028697254136205, 3455898.116185112390667 ], [ -10631926.504086533561349, 3455996.659839631523937 ], [ -10631850.401179436594248, 3455990.073711977340281 ], [ -10631865.351607894524932, 3456114.206914850976318 ], [ -10631831.485625900328159, 3456125.014946292620152 ], [ -10631817.667024329304695, 3456033.463222161401063 ], [ -10631730.602325705811381, 3456034.383997236844152 ], [ -10631731.385356903076172, 3456079.450506998226047 ], [ -10631634.52865194529295, 3456066.953820828814059 ], [ -10631664.57271252386272, 3456179.337160822469741 ], [ -10631646.253983091562986, 3456190.389467888511717 ], [ -10631623.817326191812754, 3456136.42498472193256 ], [ -10631518.963117327541113, 3456137.118360250722617 ], [ -10631519.353359224274755, 3456266.6946229939349 ], [ -10631390.40523224323988, 3456321.243669750634581 ], [ -10631389.008957728743553, 3456252.824913253076375 ], [ -10631324.12502552755177, 3456247.82803986268118 ], [ -10631325.632373256608844, 3456318.520565263926983 ], [ -10631273.069814769551158, 3456319.694215146359056 ], [ -10631272.40284164249897, 3456373.917184336576611 ], [ -10631212.977579033002257, 3456395.129871142096817 ], [ -10631211.029428413137794, 3456248.689199357293546 ], [ -10631111.525628777220845, 3456249.759278281591833 ], [ -10631113.623406883329153, 3456337.233675335999578 ], [ -10630968.635332344099879, 3456335.927510629408062 ], [ -10630972.381954638287425, 3456487.574944853316993 ], [ -10630911.347068576142192, 3456488.535798769444227 ], [ -10630910.098595060408115, 3456374.743784293998033 ], [ -10630801.525225944817066, 3456375.422145643737167 ], [ -10630800.270565887913108, 3456533.93042875546962 ], [ -10630750.368652850389481, 3456535.498974674846977 ], [ -10630750.059055238962173, 3456565.579888375476003 ], [ -10630573.803125623613596, 3456573.626572076231241 ], [ -10630563.923052277415991, 3456486.772043195553124 ], [ -10630483.272888960316777, 3456407.302170454058796 ], [ -10630269.517575021833181, 3456407.644214458763599 ], [ -10630241.804149094969034, 3456256.481148984283209 ], [ -10629904.320734335109591, 3456255.916535568423569 ], [ -10629907.484265550971031, 3456559.170113043859601 ], [ -10629513.989923488348722, 3456566.234609535895288 ], [ -10629524.818070231005549, 3457146.024675402790308 ], [ -10628051.687462428584695, 3457795.981615682132542 ], [ -10628048.934258114546537, 3457651.588766283355653 ], [ -10627906.321278486400843, 3457652.89353288942948 ], [ -10627905.631354978308082, 3457595.672846333123744 ], [ -10627726.870329519733787, 3457675.325425190851092 ], [ -10627730.416994512081146, 3457865.931222471874207 ], [ -10627653.466903990134597, 3457867.746146867517382 ], [ -10627655.490093220025301, 3457979.327606738545001 ], [ -10627063.01357982121408, 3458230.518949570599943 ] ] ] } },
{ "type": "Feature", "properties": { "ZIP": "77489", "POSTAL": "MISSOURI CITY", "STATE": "TX", "ZIP_TYPE": "STANDARD", "bbox_minx": -10635404.371856373, "bbox_miny": 3453892.8126456123, "bbox_maxx": -10630313.384520663, "bbox_maxy": 3457190.039185395, "label_x": -10633228.997919628, "label_y": 3455533.4218409639 }, "geometry": { "type": "Polygon", "coordinates": [ [ [ -10633240.156367124989629, 3455626.376403420232236 ], [ -10632469.687424594536424, 3455043.801437884103507 ], [ -10631194.966071123257279, 3454444.640167088713497 ], [ -10630779.143577305600047, 3454145.627188135869801 ], [ -10630313.384520662948489, 3453892.812645612284541 ], [ -10635129.33100020326674, 3456441.646371691953391 ], [ -10635404.37185637280345, 3456701.985414763446897 ], [ -10634930.827594881877303, 3457190.03918539499864 ], [ -10634789.797228081151843, 3457056.212341906968504 ], [ -10634786.87319029122591, 3456945.682403304148465 ], [ -10634655.885592401027679, 3456819.169173907954246 ], [ -10634531.788785513490438, 3456971.165158628020436 ], [ -10633395.452909283339977, 3455893.766760721802711 ], [ -10633434.533458426594734, 3455862.020705683156848 ], [ -10633240.156367124989629, 3455626.376403420232236 ] ] ] } },
{ "type": "Feature", "properties": { "ZIP": "77064", "POSTAL": "HOUSTON", "STATE": "TX", "ZIP_TYPE": "STANDARD", "bbox_minx": -10640423.354658607, "bbox_miny": 3490122.5421028431, "bbox_maxx": -10631094.732193563, "bbox_maxy": 3498612.552221206, "label_x": -10636603.457184119, "label_y": 3494379.5337962895 }, "geometry": { "type": "Polygon", "coordinates": [ [ [ -10634808.017229061573744, 3498211.402550749480724 ], [ -10631094.732193563133478, 3490653.123108255211264 ], [ -10632345.757471496239305, 3490460.701772439759225 ], [ -10633109.789305552840233, 3490446.380101023707539 ], [ -10633109.670109717175364, 3490205.634892661590129 ], [ -10633692.339213578030467, 3490200.681029257364571 ], [ -10633692.867974331602454, 3490303.862793542910367 ], [ -10633785.05290019325912, 3490305.663251929916441 ], [ -10633782.812337409704924, 3490398.155168346595019 ], [ -10633877.777137544006109, 3490419.906606139149517 ], [ -10635155.518024798482656, 3490400.361886440776289 ], [ -10635102.523589773103595, 3490371.447395265102386 ], [ -10635077.612240070477128, 3490292.878469449002296 ], [ -10635302.616165645420551, 3490275.769626056775451 ], [ -10635287.798801142722368, 3490607.581982757430524 ], [ -10635518.083528989925981, 3490642.318360371980816 ], [ -10635519.47381797619164, 3490892.676227387506515 ], [ -10636491.110140327364206, 3490883.757353821769357 ], [ -10636525.676547022536397, 3490992.013249101582915 ], [ -10636615.783834010362625, 3490940.477127058431506 ], [ -10636811.61329815723002, 3490977.050463042221963 ], [ -10636810.236706163734198, 3490821.192385510541499 ], [ -10636871.746969932690263, 3490831.716362508945167 ], [ -10636751.928806932643056, 3490611.418605343904346 ], [ -10636740.164038609713316, 3490253.059591603465378 ], [ -10637313.581176793202758, 3490242.574214096181095 ], [ -10637313.032548606395721, 3490168.97673294134438 ], [ -10638563.156047970056534, 3490144.805598177015781 ], [ -10638588.765587374567986, 3490214.650329972617328 ], [ -10638537.583293940871954, 3490493.484829839318991 ], [ -10638635.197445334866643, 3490562.658986336085945 ], [ -10638795.386096118018031, 3490613.894688769243658 ], [ -10639683.959339529275894, 3490590.569693093653768 ], [ -10639675.112688856199384, 3490125.367653395980597 ], [ -10639888.570098454132676, 3490122.542102843057364 ], [ -10640283.885089628398418, 3490417.312173723708838 ], [ -10640248.537983423098922, 3490433.035257031209767 ], [ -10640243.222406746819615, 3491020.989719131030142 ], [ -10639938.990952687337995, 3491023.820108058396727 ], [ -10639942.548659292981029, 3491147.606583222281188 ], [ -10640030.180914632976055, 3491145.858952842652798 ], [ -10640030.528985746204853, 3491242.930231230333447 ], [ -10640333.384647462517023, 3491284.973700503353029 ], [ -10640327.676060607656837, 3491370.833793412428349 ], [ -10640356.181769726797938, 3491375.59066419582814 ], [ -10640355.393145181238651, 3491650.486563050188124 ], [ -10640234.51133724488318, 3491651.284238397609442 ], [ -10640238.400481138378382, 3491972.342769049108028 ], [ -10640349.352427419275045, 3491968.618661642074585 ], [ -10640326.613240174949169, 3492048.547314207535237 ], [ -10640238.469589317217469, 3492049.893102980218828 ], [ -10640238.777865881100297, 3492168.314938446506858 ], [ -10640309.770866047590971, 3492166.480840617790818 ], [ -10640313.855281243100762, 3492533.640688562300056 ], [ -10640007.902921136468649, 3492671.861055555287749 ], [ -10639850.47603165730834, 3492430.057226377539337 ], [ -10639726.706696897745132, 3492388.381667715962976 ], [ -10639747.393877863883972, 3492925.005407490767539 ], [ -10640062.1742626093328, 3492920.576872842386365 ], [ -10640267.488810265436769, 3493037.282983219251037 ], [ -10640422.147623181343079, 3493038.332026741933078 ], [ -10640423.354658607393503, 3493110.093056971207261 ], [ -10640177.18769022449851, 3493110.041795574128628 ], [ -10640182.294509081169963, 3493320.110172590240836 ], [ -10640373.936981502920389, 3493318.554012158885598 ], [ -10640374.540463736280799, 3493382.931241279002279 ], [ -10640288.762985205277801, 3493383.371164124459028 ], [ -10640292.144893975928426, 3493841.152334914542735 ], [ -10640380.222680479288101, 3493841.304294449742883 ], [ -10640382.032173672690988, 3493917.758301222231239 ], [ -10640324.108597040176392, 3493918.645577979274094 ], [ -10640338.31137321703136, 3494099.620843200478703 ], [ -10640278.005500607192516, 3494102.841475704684854 ], [ -10640284.128217888996005, 3494725.137836861889809 ], [ -10640123.296057319268584, 3494726.174158848356456 ], [ -10640125.68883066624403, 3494828.123021702282131 ], [ -10640173.949309328570962, 3494827.435902748722583 ], [ -10640178.416826782748103, 3495016.666402966249734 ], [ -10639039.955107126384974, 3495023.889271377585828 ], [ -10639035.947612939402461, 3495590.644701222889125 ], [ -10639062.265369296073914, 3495725.235703656915575 ], [ -10638742.630251700058579, 3495723.435736354906112 ], [ -10638738.946641579270363, 3495990.997017316054553 ], [ -10638602.318729687482119, 3496079.212567371781915 ], [ -10638639.403991343453526, 3496135.24182373797521 ], [ -10638562.962097959592938, 3496134.830769607331604 ], [ -10638542.933829663321376, 3496247.079043583013117 ], [ -10638336.822651015594602, 3496254.873758536297828 ], [ -10638214.867675064131618, 3496405.061795053537935 ], [ -10638174.154473396018147, 3496397.367051825392991 ], [ -10638152.47502619959414, 3496508.254664681851864 ], [ -10637918.432137550786138, 3496594.591909583192319 ], [ -10637920.653565550222993, 3496836.768272624816746 ], [ -10637872.400659574195743, 3496886.288714385125786 ], [ -10637740.343976246193051, 3496883.529517963062972 ], [ -10637745.573036873713136, 3496950.284267497248948 ], [ -10637639.626242361962795, 3496951.741793551016599 ], [ -10637639.237829204648733, 3497084.510363662615418 ], [ -10637390.469374347478151, 3497096.626665582880378 ], [ -10637392.353092342615128, 3497220.889266843907535 ], [ -10637265.336345611140132, 3497222.836482356768101 ], [ -10637266.532939018681645, 3497357.077635497786105 ], [ -10637136.261177625507116, 3497359.111776135396212 ], [ -10637134.989784816280007, 3497492.453308925498277 ], [ -10636907.303140573203564, 3497496.354057055432349 ], [ -10636909.557670628651977, 3497791.809057419188321 ], [ -10636873.194559341296554, 3497809.469873828347772 ], [ -10636874.620680343359709, 3497915.723089269828051 ], [ -10636816.069486139342189, 3497972.093211353290826 ], [ -10636699.279044577851892, 3497972.864948174916208 ], [ -10636700.655441537499428, 3498112.92007260536775 ], [ -10636507.625418080016971, 3498294.296120321378112 ], [ -10636487.051000809296966, 3498213.621279436163604 ], [ -10636241.168272444978356, 3498451.03604673454538 ], [ -10636188.414126371964812, 3498397.805862861685455 ], [ -10635979.755966560915112, 3498612.552221206016839 ], [ -10635730.076647320762277, 3498442.123022909741849 ], [ -10635622.319621181115508, 3498116.882585823070258 ], [ -10635422.740665070712566, 3497876.921970702242106 ], [ -10635323.180993771180511, 3497851.278907844796777 ], [ -10635186.828391719609499, 3497872.785025426186621 ], [ -10635016.870932707563043, 3498037.68749473663047 ], [ -10634962.944287883117795, 3498185.644196887500584 ], [ -10634808.017229061573744, 3498211.402550749480724 ] ] ] } },
{ "type": "Feature", "properties": { "ZIP": "77066", "POSTAL": "HOUSTON", "STATE": "TX", "ZIP_TYPE": "STANDARD", "bbox_minx": -10635159.235166986, "bbox_miny": 3495515.3670104733, "bbox_maxx": -10626779.269985368, "bbox_maxy": 3501722.9251250369, "label_x": -10631924.792683762, "label_y": 3498609.1010171287 }, "geometry": { "type": "Polygon", "coordinates": [ [ [ -10629154.430190054699779, 3499277.800486367661506 ], [ -10628793.986067375168204, 3498734.033307970501482 ], [ -10628918.757656369358301, 3498718.550171649083495 ], [ -10628886.188460810109973, 3498560.292869868688285 ], [ -10628608.150456305593252, 3498578.125779801979661 ], [ -10628563.079299166798592, 3498514.648958282545209 ], [ -10628637.121151393279433, 3498469.043798510916531 ], [ -10628537.923844385892153, 3498304.921640437562019 ], [ -10628572.456942921504378, 3498282.494768511038274 ], [ -10628538.59513084217906, 3498231.297082656528801 ], [ -10628559.939614871516824, 3498116.834235945250839 ], [ -10628497.005189737305045, 3498116.171703863423318 ], [ -10628496.477129241451621, 3497985.171508976723999 ], [ -10628342.867317264899611, 3497986.35234972788021 ], [ -10628342.051552802324295, 3497880.361516337376088 ], [ -10628189.93900778517127, 3497881.544918488711119 ], [ -10628184.971989484503865, 3497730.488119764719158 ], [ -10628237.722867043688893, 3497729.282028045970947 ], [ -10628255.38903502188623, 3497500.287089494988322 ], [ -10627878.431899266317487, 3497514.534267770592123 ], [ -10627625.81162747554481, 3497132.497884314041585 ], [ -10627783.350099852308631, 3497123.504324787296355 ], [ -10627600.420846208930016, 3496854.581560261547565 ], [ -10627841.571413863450289, 3496704.387779116630554 ], [ -10627696.588363785296679, 3496482.432087114546448 ], [ -10627703.792638620361686, 3496426.217721092980355 ], [ -10627475.369348872452974, 3496390.449574292637408 ], [ -10627114.279689654707909, 3496056.530324971769005 ], [ -10626976.238556971773505, 3495983.833992792293429 ], [ -10626793.312360245734453, 3495693.286750925704837 ], [ -10626779.269985368475318, 3495519.952404933050275 ], [ -10628734.659217974171042, 3495518.329708285164088 ], [ -10628736.30544226616621, 3495624.06156701548025 ], [ -10629150.198046937584877, 3495616.082679936196655 ], [ -10629152.97571268863976, 3495779.146788057871163 ], [ -10629657.123483227565885, 3495774.89085306879133 ], [ -10629657.880000127479434, 3495920.789944544900209 ], [ -10630021.10564106144011, 3495913.843844464980066 ], [ -10630016.324560677632689, 3495771.245913725811988 ], [ -10629927.302656097337604, 3495772.006193683017045 ], [ -10629924.892516110092402, 3495603.139316703658551 ], [ -10631605.975241070613265, 3495584.614054705947638 ], [ -10631605.207948574796319, 3495525.544315919745713 ], [ -10632837.121735367923975, 3495544.270562526304275 ], [ -10633981.263394601643085, 3496542.573000950738788 ], [ -10634865.031447466462851, 3498322.029945574235171 ], [ -10634871.535224577412009, 3498452.932609683834016 ], [ -10635159.235166985541582, 3499029.02204432617873 ], [ -10635007.449426343664527, 3499103.763734389096498 ], [ -10634997.880366787314415, 3499199.572272633668035 ], [ -10634881.721473939716816, 3499210.737014936283231 ], [ -10634881.1407226677984, 3499279.035033451858908 ], [ -10634708.434433862566948, 3499396.573156028520316 ], [ -10634662.441811935976148, 3499323.013590171001852 ], [ -10634342.265281053259969, 3499523.03177928738296 ], [ -10634364.889299096539617, 3499558.839104138314724 ], [ -10634274.233301063999534, 3499615.357551000546664 ], [ -10634274.845824768766761, 3499655.659053269773722 ], [ -10633057.313531581312418, 3500419.959417708683759 ], [ -10633120.98055918328464, 3500535.284214982297271 ], [ -10632736.441909559071064, 3500778.967978151515126 ], [ -10632626.85875241085887, 3500596.710213205777109 ], [ -10631871.881877284497023, 3501067.731974828056991 ], [ -10631936.170172387734056, 3501178.651098385453224 ], [ -10631734.354859735816717, 3501309.853433695156127 ], [ -10631650.380072506144643, 3501362.282516424078494 ], [ -10631565.950937289744616, 3501272.09571019327268 ], [ -10631398.792771371081471, 3501378.108996851369739 ], [ -10631447.29586498439312, 3501480.222416913602501 ], [ -10631247.215720761567354, 3501615.538489525206387 ], [ -10631141.949908519163728, 3501449.453967814799398 ], [ -10630690.05811863206327, 3501722.925125036854297 ], [ -10630624.85495188087225, 3501625.017893809359521 ], [ -10630707.671707192435861, 3501567.246490838937461 ], [ -10630642.16930147446692, 3501469.144248430617154 ], [ -10630603.004588894546032, 3501497.140314941294491 ], [ -10630523.838897513225675, 3501373.594933630432934 ], [ -10630479.177606575191021, 3501404.574063071515411 ], [ -10630310.061667071655393, 3501152.563343896530569 ], [ -10630511.091908317059278, 3501024.500376306008548 ], [ -10630362.583385271951556, 3500790.778693676926196 ], [ -10630282.721523527055979, 3500835.502710373606533 ], [ -10630132.257990015670657, 3500766.775734665803611 ], [ -10630188.345306238159537, 3500574.622229770757258 ], [ -10629977.347754541784525, 3500483.655736638698727 ], [ -10630091.732361849397421, 3500408.152362272143364 ], [ -10629985.495714612305164, 3500310.834879228379577 ], [ -10629850.844606911763549, 3500399.588096229359508 ], [ -10629756.814127659425139, 3500263.241561417933553 ], [ -10629814.847644848749042, 3500226.427503948565573 ], [ -10629776.625711750239134, 3500167.708632059860975 ], [ -10629689.651325110346079, 3500219.211892671883106 ], [ -10629637.440816551446915, 3500138.607126569375396 ], [ -10629695.910464683547616, 3500099.998079866636544 ], [ -10629511.809079091995955, 3499836.370899341534823 ], [ -10629621.2524722982198, 3499762.038811407983303 ], [ -10629448.88283659145236, 3499499.565992120653391 ], [ -10629288.818434651941061, 3499603.354025570210069 ], [ -10629167.919687449932098, 3499424.454363213852048 ], [ -10629219.532592363655567, 3499391.38811872061342 ], [ -10629215.379887245595455, 3499237.141790737397969 ], [ -10629154.430190054699779, 3499277.800486367661506 ] ] ] } },
{ "type": "Feature", "properties": { "ZIP": "77086", "POSTAL": "HOUSTON", "STATE": "TX", "ZIP_TYPE": "STANDARD", "bbox_minx": -10633981.263394602, "bbox_miny": 3490379.7493770965, "bbox_maxx": -10626777.941624537, "bbox_maxy": 3496542.5730009507, "label_x": -10629978.411625765, "label_y": 3493436.9302043328 }, "geometry": { "type": "Polygon", "coordinates": [ [ [ -10627958.18245067819953, 3495527.215879605151713 ], [ -10627955.143670348450541, 3495238.632737693376839 ], [ -10627755.663103181868792, 3495239.853331301826984 ], [ -10627751.829780071973801, 3494978.757356274873018 ], [ -10627504.213719837367535, 3494981.736871710047126 ], [ -10627500.768706366419792, 3494571.750307323876768 ], [ -10627624.130984865128994, 3494570.937644744757563 ], [ -10627619.550236834213138, 3494510.820064867381006 ], [ -10627655.350192727521062, 3494511.408111839555204 ], [ -10627656.757354773581028, 3494450.222724399063736 ], [ -10627501.20365484431386, 3494451.756311723496765 ], [ -10627492.559876846149564, 3493907.648722319863737 ], [ -10627623.80235967412591, 3493905.337000230327249 ], [ -10627622.13332456164062, 3493816.325433013960719 ], [ -10627665.554752433672547, 3493810.285778828430921 ], [ -10627664.069318857043982, 3493733.987551973201334 ], [ -10627715.451447077095509, 3493732.085339426994324 ], [ -10627712.1063666138798, 3493634.512726487126201 ], [ -10627784.452486839145422, 3493636.222979712765664 ], [ -10627783.150897834450006, 3493497.265310821589082 ], [ -10627761.01811333745718, 3493530.703991835936904 ], [ -10627501.56276766769588, 3493518.674241695087403 ], [ -10627486.12551773712039, 3492556.782159978058189 ], [ -10627305.467290068045259, 3492547.074854948092252 ], [ -10627303.764649394899607, 3492468.623178299982101 ], [ -10627216.337218135595322, 3492468.079542027320713 ], [ -10627215.808036619797349, 3492373.715270052663982 ], [ -10627301.314605297520757, 3492378.459349311888218 ], [ -10627296.213501157239079, 3492171.490655281115323 ], [ -10627473.216496722772717, 3492167.654447183012962 ], [ -10627471.251344118267298, 3491214.952652117237449 ], [ -10627086.350589210167527, 3490790.928332825191319 ], [ -10626954.956675425171852, 3490790.211257317103446 ], [ -10626956.152297228574753, 3490699.397166883107275 ], [ -10626894.164439294487238, 3490699.30905465176329 ], [ -10626892.647276734933257, 3490587.751688138581812 ], [ -10626779.330206423997879, 3490588.066540682688355 ], [ -10626786.841907551512122, 3490445.370700045488775 ], [ -10627114.762942412868142, 3490434.482918530702591 ], [ -10627112.495836168527603, 3490379.749377096537501 ], [ -10627556.509270252659917, 3490382.866237663198262 ], [ -10627513.441166575998068, 3490558.437058232724667 ], [ -10627585.798590006306767, 3490608.042987338267267 ], [ -10627599.89164749905467, 3490551.848053741734475 ], [ -10627695.808958750218153, 3490547.730520764365792 ], [ -10627695.296489022672176, 3490382.181462205015123 ], [ -10630329.743381671607494, 3490393.310674583539367 ], [ -10630331.459476850926876, 3490541.682669565081596 ], [ -10630434.309597015380859, 3490539.899664917495102 ], [ -10630436.53199995867908, 3490660.573246485088021 ], [ -10630531.257262455299497, 3490660.827793225180358 ], [ -10630530.504055097699165, 3490579.705361711792648 ], [ -10631057.3866609595716, 3490574.225665156263858 ], [ -10633981.263394601643085, 3496542.573000950738788 ], [ -10632837.121735367923975, 3495544.270562526304275 ], [ -10631605.207948574796319, 3495525.544315919745713 ], [ -10631605.975241070613265, 3495584.614054705947638 ], [ -10629924.892516110092402, 3495603.139316703658551 ], [ -10629927.302656097337604, 3495772.006193683017045 ], [ -10630016.324560677632689, 3495771.245913725811988 ], [ -10630021.10564106144011, 3495913.843844464980066 ], [ -10629657.880000127479434, 3495920.789944544900209 ], [ -10629657.123483227565885, 3495774.89085306879133 ], [ -10629152.97571268863976, 3495779.146788057871163 ], [ -10629150.198046937584877, 3495616.082679936196655 ], [ -10628736.30544226616621, 3495624.06156701548025 ], [ -10628734.659217974171042, 3495518.329708285164088 ], [ -10627958.18245067819953, 3495527.215879605151713 ] ] ] } },
{ "type": "Feature", "properties": { "ZIP": "77021", "POSTAL": "HOUSTON", "STATE": "TX", "ZIP_TYPE": "STANDARD", "bbox_minx": -10618395.916225869, "bbox_miny": 3461884.6784998258, "bbox_maxx": -10611730.665208347, "bbox_maxy": 3466879.0269601047, "label_x": -10614588.638213092, "label_y": 3464380.1106886566 }, "geometry": { "type": "Polygon", "coordinates": [ [ [ -10612257.071483800187707, 3466351.085938399191946 ], [ -10611730.665208347141743, 3464378.306768685113639 ], [ -10611819.931824993342161, 3464391.986519542522728 ], [ -10612764.359733840450644, 3463713.105992431286722 ], [ -10613206.743575986474752, 3463478.8649567887187 ], [ -10614970.73861937224865, 3462861.723799089901149 ], [ -10614966.034554082900286, 3462935.360598946455866 ], [ -10615250.581499727442861, 3463046.323960256297141 ], [ -10615355.937890786677599, 3462749.317748960573226 ], [ -10616836.553142553195357, 3462240.373831341043115 ], [ -10616836.446952549740672, 3462332.532494943123311 ], [ -10617048.166727777570486, 3462334.043253969401121 ], [ -10617046.579379919916391, 3462164.433093464467674 ], [ -10617850.449747886508703, 3461884.678499825764447 ], [ -10617841.837422525510192, 3462224.188821924384683 ], [ -10617738.310238240286708, 3462806.28269274532795 ], [ -10617725.285876708105206, 3463077.670686613302678 ], [ -10617588.474207216873765, 3463398.397636223118752 ], [ -10617141.860182641074061, 3465172.983611605595797 ], [ -10618264.143082560971379, 3464960.101909788325429 ], [ -10618271.690936302766204, 3464994.140238157473505 ], [ -10618395.916225869208574, 3465015.053993369452655 ], [ -10617885.694000260904431, 3466725.419834828004241 ], [ -10617658.856043657287955, 3466674.033925883006305 ], [ -10617584.93991463072598, 3466600.335716694127768 ], [ -10617511.357759034261107, 3466579.315709305927157 ], [ -10616950.529956569895148, 3466822.58520615613088 ], [ -10616851.566921168938279, 3466835.658846587873995 ], [ -10616728.447606148198247, 3466806.691808889154345 ], [ -10616632.824102945625782, 3466723.636310600209981 ], [ -10616575.605912750586867, 3466566.114179639611393 ], [ -10616579.836036035791039, 3466351.302745283581316 ], [ -10616472.190023439005017, 3466235.952017479110509 ], [ -10616232.073901826515794, 3466301.189083084464073 ], [ -10615866.277910454198718, 3466346.560542596038431 ], [ -10615417.882946077734232, 3466331.180326720234007 ], [ -10615210.494666544720531, 3466397.955921582877636 ], [ -10615152.274520948529243, 3466388.215127696748823 ], [ -10614989.414073966443539, 3466269.27534250728786 ], [ -10614822.212171563878655, 3466245.948939519003034 ], [ -10614647.440558908507228, 3466259.662832492031157 ], [ -10613971.285811021924019, 3466476.907905133906752 ], [ -10613695.658697484061122, 3466656.474209520500153 ], [ -10613428.603101, 3466597.643811544869095 ], [ -10613253.629730561748147, 3466504.152566223870963 ], [ -10613199.487797189503908, 3466508.9611208839342 ], [ -10613133.54054569080472, 3466615.419633739627898 ], [ -10613089.965004481375217, 3466879.026960104703903 ], [ -10612955.693546358495951, 3466709.158614842221141 ], [ -10612827.589135214686394, 3466327.335098867304623 ], [ -10612735.639164783060551, 3466225.826625522691756 ], [ -10612257.071483800187707, 3466351.085938399191946 ] ] ] } },
{ "type": "Feature", "properties": { "ZIP": "77033", "POSTAL": "HOUSTON", "STATE": "TX", "ZIP_TYPE": "STANDARD", "bbox_minx": -10615014.091973269, "bbox_miny": 3457908.8650708664, "bbox_maxx": -10610405.465132719, "bbox_maxy": 3464391.9865195425, "label_x": -10612916.235390911, "label_y": 3461148.0052930308 }, "geometry": { "type": "Polygon", "coordinates": [ [ [ -10611819.931824993342161, 3464391.986519542522728 ], [ -10611233.182203091681004, 3464207.342861257493496 ], [ -10611631.344194151461124, 3463985.771948687266558 ], [ -10610405.465132718905807, 3459273.800991121213883 ], [ -10610594.708189848810434, 3459171.963732084725052 ], [ -10610673.411052221432328, 3458960.60610295785591 ], [ -10610921.208338188007474, 3458747.970913333818316 ], [ -10610988.556575121358037, 3458719.790705540217459 ], [ -10611526.340994445607066, 3458695.068952481262386 ], [ -10611760.779858974739909, 3458570.051824056077749 ], [ -10611953.139966236427426, 3458593.620580526068807 ], [ -10612052.214272974058986, 3458501.907779754605144 ], [ -10612277.747581420466304, 3458182.455464626662433 ], [ -10612510.739347511902452, 3458179.637517323251814 ], [ -10612622.05875095911324, 3458059.87706146389246 ], [ -10612813.862304678186774, 3458061.670226417947561 ], [ -10612961.360647847875953, 3457913.988425855990499 ], [ -10613028.374913422390819, 3457914.372653246857226 ], [ -10613256.357219360768795, 3458030.801595160271972 ], [ -10613375.469055587425828, 3458146.463116995058954 ], [ -10613663.786572720855474, 3458191.293395474553108 ], [ -10613788.909647351130843, 3458364.980352413840592 ], [ -10614153.480972800403833, 3458262.894180299248546 ], [ -10614498.014798695221543, 3458396.746384987607598 ], [ -10614556.791501309722662, 3458517.406712416093796 ], [ -10614762.955181943252683, 3458560.573150244541466 ], [ -10614914.795040737837553, 3458524.579819673206657 ], [ -10615013.201454270631075, 3458410.83619021018967 ], [ -10615004.40726925060153, 3458619.366853266023099 ], [ -10614920.859015362337232, 3459006.138347712811083 ], [ -10614840.717403685674071, 3459009.702131010126323 ], [ -10614842.366687763482332, 3459075.099820593837649 ], [ -10614916.184369690716267, 3459075.331761964131147 ], [ -10614915.644797446206212, 3459139.354417055379599 ], [ -10614696.296709129586816, 3459143.217492680530995 ], [ -10614698.271499777212739, 3459259.50855741975829 ], [ -10614918.460673106834292, 3459274.860538457520306 ], [ -10614919.734196480363607, 3459325.016835032496601 ], [ -10614848.759844159707427, 3459316.438245934434235 ], [ -10614850.042618632316589, 3459379.836133693810552 ], [ -10614921.112717213109136, 3459379.310988160781562 ], [ -10614921.802202211692929, 3459418.490017394535244 ], [ -10614850.466589195653796, 3459418.729563284665346 ], [ -10614830.265329591929913, 3459472.043038809206337 ], [ -10614851.22621769271791, 3459471.803739784751087 ], [ -10614852.158908724784851, 3459542.42763305362314 ], [ -10614923.481115654110909, 3459540.494269583374262 ], [ -10614924.294668769463897, 3459598.847307294607162 ], [ -10614852.929983643814921, 3459598.672013340052217 ], [ -10614853.443769933655858, 3459633.79592113988474 ], [ -10614925.121232278645039, 3459633.912087304517627 ], [ -10614926.71731130965054, 3459684.970945628359914 ], [ -10614854.469461124390364, 3459703.837892553303391 ], [ -10614927.267017701640725, 3459702.55824561137706 ], [ -10614927.980098824948072, 3459786.96265808166936 ], [ -10614834.762047857046127, 3459801.931641542352736 ], [ -10614835.141815636307001, 3459823.847308719996363 ], [ -10614928.115058122202754, 3459822.433780509512872 ], [ -10614928.3841443490237, 3459858.247095169033855 ], [ -10614857.017945058643818, 3459859.443633136339486 ], [ -10614928.519662456586957, 3459876.283739070873708 ], [ -10614928.782404210418463, 3459916.66808155644685 ], [ -10614858.17369332537055, 3459915.403413971420377 ], [ -10614859.308284219354391, 3459969.961337068118155 ], [ -10614929.035764256492257, 3459969.292766936589032 ], [ -10614929.678552446886897, 3460010.396436211187392 ], [ -10614845.518071657046676, 3460018.885355249978602 ], [ -10614857.11512210033834, 3460086.532343794591725 ], [ -10614931.860053360462189, 3460078.270413644146174 ], [ -10614865.865070726722479, 3460106.13742592651397 ], [ -10614866.517576444894075, 3460143.153588571585715 ], [ -10614932.703252175822854, 3460141.808145144954324 ], [ -10614933.261414553970098, 3460197.568477135151625 ], [ -10614867.759666737169027, 3460216.881966214161366 ], [ -10614933.561379997059703, 3460216.569402242079377 ], [ -10614949.637969495728612, 3461131.990765301510692 ], [ -10614884.961455579847097, 3461324.294524835422635 ], [ -10614923.032724656164646, 3461628.450153017416596 ], [ -10614873.495541552081704, 3461627.425248138140887 ], [ -10614840.878844628110528, 3461765.027864687610418 ], [ -10614904.986462811008096, 3461783.510130006354302 ], [ -10614919.830979220569134, 3461884.863701019901782 ], [ -10614967.053816618397832, 3461903.016039357986301 ], [ -10614969.341596057638526, 3462017.815887423232198 ], [ -10614693.029260102659464, 3461922.613413841463625 ], [ -10614642.753647828474641, 3462071.106851059477776 ], [ -10614858.745279693976045, 3462145.019605381879956 ], [ -10614826.821790531277657, 3462233.858394050039351 ], [ -10614899.407481731846929, 3462259.774938331916928 ], [ -10614895.694936126470566, 3462500.809295391663909 ], [ -10614976.46607250161469, 3462529.428714096546173 ], [ -10614970.73861937224865, 3462861.723799089901149 ], [ -10613086.629787450656295, 3463533.196290671359748 ], [ -10612764.359733840450644, 3463713.105992431286722 ], [ -10611819.931824993342161, 3464391.986519542522728 ] ] ] } },
{ "type": "Feature", "properties": { "ZIP": "77012", "POSTAL": "HOUSTON", "STATE": "TX", "ZIP_TYPE": "STANDARD", "bbox_minx": -10607939.493715862, "bbox_miny": 3464696.5210220371, "bbox_maxx": -10602307.28328523, "bbox_maxy": 3470500.1323610386, "label_x": -10604837.202568907, "label_y": 3467581.0418217694 }, "geometry": { "type": "Polygon", "coordinates": [ [ [ -10603069.399254167452455, 3467799.981001086067408 ], [ -10602697.223458666354418, 3467599.277393814176321 ], [ -10602307.283285230398178, 3467562.806249725166708 ], [ -10602420.169812040403485, 3467281.812342654913664 ], [ -10602877.557030458003283, 3466659.175469631329179 ], [ -10603007.392228804528713, 3466592.876034579705447 ], [ -10603401.372615007683635, 3466546.777598363347352 ], [ -10604115.227624671533704, 3466788.340768230613321 ], [ -10604212.031546974554658, 3466523.506786759011447 ], [ -10604384.071123050525784, 3466591.636488699819893 ], [ -10604409.444077523425221, 3466502.002396012190729 ], [ -10604678.33235802128911, 3466423.484210362657905 ], [ -10604927.641441168263555, 3466268.226948424242437 ], [ -10605214.066502034664154, 3466350.766977387480438 ], [ -10605357.891319332644343, 3466299.884417965542525 ], [ -10605548.204590769484639, 3466198.857886430807412 ], [ -10605687.524447098374367, 3466043.080276045948267 ], [ -10605755.413179345428944, 3466034.708628503140062 ], [ -10605882.433748591691256, 3465906.126924357842654 ], [ -10605959.458643456920981, 3465999.768096483778208 ], [ -10605986.924659766256809, 3465977.8659269628115 ], [ -10606004.488830860704184, 3465999.853321054019034 ], [ -10606045.376352462917566, 3465968.933433847501874 ], [ -10605883.747618397697806, 3465772.041333013214171 ], [ -10606077.683263866230845, 3465560.507402011658996 ], [ -10606538.991303320974112, 3465171.291090533602983 ], [ -10606941.077442388981581, 3464904.857112208381295 ], [ -10607467.762322472408414, 3464696.5210220371373 ], [ -10607762.281166013330221, 3464966.499351556878537 ], [ -10607644.324811186641455, 3465081.599441815633327 ], [ -10607639.318433880805969, 3465606.897211306262761 ], [ -10607599.977233236655593, 3465669.316284349188209 ], [ -10607636.489897426217794, 3465865.660784587264061 ], [ -10607648.74915630929172, 3466465.18324985448271 ], [ -10607631.427851062268019, 3466543.200627820566297 ], [ -10607589.34950821660459, 3466543.499314854852855 ], [ -10607591.833770647644997, 3466645.025892945937812 ], [ -10607633.716571254655719, 3466701.974897072184831 ], [ -10607590.919791184365749, 3466749.44670181395486 ], [ -10607642.006466440856457, 3466748.465729128569365 ], [ -10607628.598938927054405, 3466976.036449350882322 ], [ -10607658.088600503280759, 3467027.151816988363862 ], [ -10607661.706841697916389, 3467201.427065497729927 ], [ -10607154.253505788743496, 3467525.480931523721665 ], [ -10607290.13795580714941, 3467750.372865579091012 ], [ -10607208.599841363728046, 3467946.351244331337512 ], [ -10607326.241975523531437, 3468028.339929731097072 ], [ -10607453.480060528963804, 3468041.671143238432705 ], [ -10607773.078187191858888, 3468639.667487372644246 ], [ -10607939.493715861812234, 3468871.482963748741895 ], [ -10607835.076748076826334, 3469110.628559309523553 ], [ -10607887.746797116473317, 3469166.568570615723729 ], [ -10607551.783148666843772, 3469997.199135208502412 ], [ -10607443.302250193431973, 3470436.432760517112911 ], [ -10607222.44429549947381, 3470359.635971389245242 ], [ -10607192.610623311251402, 3470448.356090473011136 ], [ -10607113.169946860522032, 3470421.11356169776991 ], [ -10606824.789823688566685, 3470500.132361038587987 ], [ -10606570.842595806345344, 3470122.984972909558564 ], [ -10606355.105441022664309, 3469703.75937273632735 ], [ -10606020.701688282191753, 3468595.24948137672618 ], [ -10605451.859114671126008, 3468249.781052279751748 ], [ -10605023.835645627230406, 3468296.697507479693741 ], [ -10604322.300221251323819, 3468469.623532804660499 ], [ -10603882.588271493092179, 3468458.727470746263862 ], [ -10603561.431475257501006, 3468318.617540131788701 ], [ -10603069.399254167452455, 3467799.981001086067408 ] ] ] } },
{ "type": "Feature", "properties": { "ZIP": "77017", "POSTAL": "HOUSTON", "STATE": "TX", "ZIP_TYPE": "STANDARD", "bbox_minx": -10607831.748063106, "bbox_miny": 3458922.9693701547, "bbox_maxx": -10600302.442102209, "bbox_maxy": 3468259.5033246889, "label_x": -10604026.309673456, "label_y": 3463592.9561680676 }, "geometry": { "type": "Polygon", "coordinates": [ [ [ -10600750.27380390278995, 3465773.416919637937099 ], [ -10600741.504812549799681, 3463836.297460139263421 ], [ -10601460.721340503543615, 3463827.066384252626449 ], [ -10600302.442102208733559, 3461954.522258252836764 ], [ -10600774.560052294284105, 3461942.76797911291942 ], [ -10600760.992179771885276, 3461178.791952933650464 ], [ -10601306.655247360467911, 3461190.411880759056658 ], [ -10601343.644349919632077, 3461161.392415043897927 ], [ -10601422.33504051156342, 3461166.813778843730688 ], [ -10601661.894579760730267, 3461246.758677322417498 ], [ -10602922.86048848181963, 3461215.014278530608863 ], [ -10603122.721333624795079, 3461245.374049860518426 ], [ -10603088.880566781386733, 3458922.96937015466392 ], [ -10603256.407098170369864, 3458925.477799219079316 ], [ -10603287.197356443852186, 3458974.48114572558552 ], [ -10603356.645343165844679, 3458957.56310892989859 ], [ -10603473.652195954695344, 3459162.823737062513828 ], [ -10603591.727400287985802, 3459134.986133579630405 ], [ -10603596.154654582962394, 3459302.247145087458193 ], [ -10603838.792715385556221, 3459302.240385814104229 ], [ -10603842.459495397284627, 3459408.540250378660858 ], [ -10603665.547391356900334, 3459430.236937353387475 ], [ -10604109.499070251360536, 3459421.613762632012367 ], [ -10604113.761978911235929, 3459622.556742529384792 ], [ -10603932.928266916424036, 3459648.612276068422943 ], [ -10603931.659253371879458, 3459741.854854814242572 ], [ -10604001.395476225763559, 3459846.52354022115469 ], [ -10604117.23165175691247, 3459844.451293875463307 ], [ -10604125.886511879041791, 3460080.514369861688465 ], [ -10604299.296668337658048, 3460076.210447672288865 ], [ -10604299.693938691169024, 3460179.586319566704333 ], [ -10604357.035548243671656, 3460178.695236895233393 ], [ -10604357.137037098407745, 3460229.93083141092211 ], [ -10604299.885504860430956, 3460256.829228350892663 ], [ -10604356.569567494094372, 3460359.490797323640436 ], [ -10604642.25151558406651, 3460363.314617764670402 ], [ -10604632.343839142471552, 3461017.431071324273944 ], [ -10604667.701907919719815, 3461098.011251039803028 ], [ -10604690.269544554874301, 3461052.325286589562893 ], [ -10604757.830651162192225, 3461089.321623585186899 ], [ -10604661.779594933614135, 3461168.319924746640027 ], [ -10604679.45676744543016, 3461201.43382807308808 ], [ -10604851.468593966215849, 3461214.610183146782219 ], [ -10604791.012140037491918, 3461267.841339554637671 ], [ -10605060.197393070906401, 3461594.130527796689421 ], [ -10605002.335004441440105, 3461646.02421042136848 ], [ -10605241.474945636466146, 3461901.319424631074071 ], [ -10605277.758320016786456, 3461865.827306142542511 ], [ -10605419.197497656568885, 3462029.598795861937106 ], [ -10605480.555621232837439, 3461978.384138396475464 ], [ -10605512.508193757385015, 3462018.873191165272146 ], [ -10605532.786251528188586, 3462001.691440247464925 ], [ -10605556.802057905122638, 3462073.5590361780487 ], [ -10605496.709288502112031, 3462120.531388624571264 ], [ -10605534.816372334957123, 3462163.856925713829696 ], [ -10605579.428692562505603, 3462100.956740811467171 ], [ -10605647.042705785483122, 3462182.861634432803839 ], [ -10605546.470923701301217, 3462278.966251836158335 ], [ -10605589.337103484198451, 3462260.649098150897771 ], [ -10605618.225717449560761, 3462294.502133138012141 ], [ -10605597.951032260432839, 3462340.187427513767034 ], [ -10605704.43262130394578, 3462247.213537917938083 ], [ -10605796.587074767798185, 3462310.949544718954712 ], [ -10605787.681431209668517, 3462482.38564286287874 ], [ -10605727.346365263685584, 3462515.186833762098104 ], [ -10605915.857500921934843, 3462738.257951144129038 ], [ -10605993.76707006059587, 3462735.546848699450493 ], [ -10605995.957758465781808, 3462802.551372468471527 ], [ -10606064.279264990240335, 3462820.729602077975869 ], [ -10606064.964831743389368, 3462873.126287765335292 ], [ -10606116.297968773171306, 3462872.44534025574103 ], [ -10606150.913875371217728, 3462982.055418292060494 ], [ -10606231.179750109091401, 3462980.052192430011928 ], [ -10606234.629219321534038, 3463059.750217924360186 ], [ -10606319.161277769133449, 3463096.630127917043865 ], [ -10606324.312309868633747, 3463156.946035482920706 ], [ -10606435.18242466263473, 3463307.025896366685629 ], [ -10606570.752211954444647, 3463304.449231422971934 ], [ -10606574.963773412629962, 3463477.540778347291052 ], [ -10606603.565750071778893, 3463503.410362987779081 ], [ -10606729.721423912793398, 3463503.175650525838137 ], [ -10606733.386840367689729, 3463636.784819560591131 ], [ -10606774.968612248077989, 3463661.910959255881608 ], [ -10606775.103310314938426, 3463708.129081980325282 ], [ -10607087.309712862595916, 3464075.850542697124183 ], [ -10607353.701629582792521, 3464341.519599363673478 ], [ -10607394.234298666939139, 3464319.457635498140007 ], [ -10607411.061096832156181, 3464358.03200008161366 ], [ -10607444.912188312038779, 3464341.631293330341578 ], [ -10607532.38745697773993, 3464417.989197640679777 ], [ -10607691.959983490407467, 3464275.659946078900248 ], [ -10607713.875874366611242, 3464308.60515664331615 ], [ -10607755.816609175875783, 3464271.780493833590299 ], [ -10607831.74806310608983, 3464587.693213676102459 ], [ -10607004.752174742519855, 3464875.253646817989647 ], [ -10606674.578474601730704, 3465074.277191600762308 ], [ -10606077.683263866230845, 3465560.507402011658996 ], [ -10605883.747618397697806, 3465772.041333013214171 ], [ -10606045.376352462917566, 3465968.933433847501874 ], [ -10605959.458643456920981, 3465999.768096483778208 ], [ -10605882.433748591691256, 3465906.126924357842654 ], [ -10605755.413179345428944, 3466034.708628503140062 ], [ -10605687.524447098374367, 3466043.080276045948267 ], [ -10605548.204590769484639, 3466198.857886430807412 ], [ -10605357.891319332644343, 3466299.884417965542525 ], [ -10605214.066502034664154, 3466350.766977387480438 ], [ -10604927.641441168263555, 3466268.226948424242437 ], [ -10604678.33235802128911, 3466423.484210362657905 ], [ -10604409.444077523425221, 3466502.002396012190729 ], [ -10604384.071123050525784, 3466591.636488699819893 ], [ -10604212.031546974554658, 3466523.506786759011447 ], [ -10604115.227624671533704, 3466788.340768230613321 ], [ -10603401.372615007683635, 3466546.777598363347352 ], [ -10603007.392228804528713, 3466592.876034579705447 ], [ -10602877.557030458003283, 3466659.175469631329179 ], [ -10602420.169812040403485, 3467281.812342654913664 ], [ -10602307.283285230398178, 3467562.806249725166708 ], [ -10601887.544240292161703, 3467823.126045216806233 ], [ -10600790.62959717400372, 3468259.50332468887791 ], [ -10600765.826684588566422, 3466880.852025332394987 ], [ -10600527.827605325728655, 3466882.340653068386018 ], [ -10600536.585716681554914, 3466307.437948323786259 ], [ -10600511.956558903679252, 3466146.216840298380703 ], [ -10600747.074763441458344, 3466027.168327412568033 ], [ -10600748.795251734554768, 3465875.682015771046281 ], [ -10600821.761459788307548, 3465806.248441583476961 ], [ -10600818.101607073098421, 3465776.525295070372522 ], [ -10600750.27380390278995, 3465773.416919637937099 ] ] ] } },
{ "type": "Feature", "properties": { "ZIP": "77087", "POSTAL": "HOUSTON", "STATE": "TX", "ZIP_TYPE": "STANDARD", "bbox_minx": -10611741.187449526, "bbox_miny": 3459271.3670819253, "bbox_maxx": -10605727.346365264, "bbox_maxy": 3467201.4270654977, "label_x": -10608923.067838807, "label_y": 3463269.4006622378 }, "geometry": { "type": "Polygon", "coordinates": [ [ [ -10607467.762322472408414, 3464696.5210220371373 ], [ -10607831.74806310608983, 3464587.693213676102459 ], [ -10607755.816609175875783, 3464271.780493833590299 ], [ -10607713.875874366611242, 3464308.60515664331615 ], [ -10607691.959983490407467, 3464275.659946078900248 ], [ -10607532.38745697773993, 3464417.989197640679777 ], [ -10607444.912188312038779, 3464341.631293330341578 ], [ -10607411.061096832156181, 3464358.03200008161366 ], [ -10607394.234298666939139, 3464319.457635498140007 ], [ -10607353.701629582792521, 3464341.519599363673478 ], [ -10607087.309712862595916, 3464075.850542697124183 ], [ -10606775.103310314938426, 3463708.129081980325282 ], [ -10606774.968612248077989, 3463661.910959255881608 ], [ -10606733.386840367689729, 3463636.784819560591131 ], [ -10606729.721423912793398, 3463503.175650525838137 ], [ -10606603.565750071778893, 3463503.410362987779081 ], [ -10606574.963773412629962, 3463477.540778347291052 ], [ -10606570.752211954444647, 3463304.449231422971934 ], [ -10606435.18242466263473, 3463307.025896366685629 ], [ -10606324.312309868633747, 3463156.946035482920706 ], [ -10606319.161277769133449, 3463096.630127917043865 ], [ -10606234.629219321534038, 3463059.750217924360186 ], [ -10606231.179750109091401, 3462980.052192430011928 ], [ -10606150.913875371217728, 3462982.055418292060494 ], [ -10606116.297968773171306, 3462872.44534025574103 ], [ -10606064.964831743389368, 3462873.126287765335292 ], [ -10606064.279264990240335, 3462820.729602077975869 ], [ -10605995.957758465781808, 3462802.551372468471527 ], [ -10605993.76707006059587, 3462735.546848699450493 ], [ -10605915.857500921934843, 3462738.257951144129038 ], [ -10605727.346365263685584, 3462515.186833762098104 ], [ -10605787.681431209668517, 3462482.38564286287874 ], [ -10605796.587074767798185, 3462310.949544718954712 ], [ -10605875.652364872395992, 3462297.002993795555085 ], [ -10605945.449672358110547, 3462365.935838807374239 ], [ -10606125.230664096772671, 3462418.853066687937826 ], [ -10606351.765776965767145, 3462326.472408770117909 ], [ -10606508.615045597776771, 3462402.836882632225752 ], [ -10606600.008249416947365, 3462376.69865267444402 ], [ -10606685.946947628632188, 3462277.527574174571782 ], [ -10606814.520990863442421, 3462255.233521056361496 ], [ -10606850.588434768840671, 3462166.313482005149126 ], [ -10606903.687822187319398, 3462124.672448466531932 ], [ -10607083.246167978271842, 3462190.401185335591435 ], [ -10607424.997086621820927, 3462174.129188266582787 ], [ -10607471.639915447682142, 3462091.359787627123296 ], [ -10607474.868169292807579, 3461968.231559126172215 ], [ -10607388.150288240984082, 3461879.569878404960036 ], [ -10607383.252247182652354, 3461783.477596392855048 ], [ -10607439.357307024300098, 3461677.136223938781768 ], [ -10607531.863744024187326, 3461705.963656686712056 ], [ -10607522.122884245589375, 3461514.953860400244594 ], [ -10607692.217010725289583, 3461545.345974601339549 ], [ -10607716.320122359320521, 3461428.967299226205796 ], [ -10607770.08743199147284, 3461362.4737428878434 ], [ -10607840.107454927638173, 3461380.666492998134345 ], [ -10607876.508926767855883, 3461550.809130835346878 ], [ -10607928.940422497689724, 3461583.992297551129013 ], [ -10608391.58417066372931, 3461439.985591957345605 ], [ -10608411.399084, 3461354.658479775302112 ], [ -10608189.09406116604805, 3461215.650918752420694 ], [ -10608249.206534784287214, 3461077.285287930164486 ], [ -10608462.383388230577111, 3460963.903542469721287 ], [ -10608495.556585842743516, 3460820.544336462859064 ], [ -10608625.577741120010614, 3460774.423763276543468 ], [ -10608677.563932498916984, 3460680.389497207012028 ], [ -10608854.116694569587708, 3460637.472218977287412 ], [ -10608915.676374133676291, 3460559.837037432007492 ], [ -10609045.92013505846262, 3460505.134029547218233 ], [ -10609239.616016585379839, 3460257.756305400747806 ], [ -10609511.458306774497032, 3460064.571827123407274 ], [ -10609683.22419329546392, 3459680.00487473141402 ], [ -10609793.43058742210269, 3459625.04936339892447 ], [ -10609991.690521022304893, 3459609.549124435056001 ], [ -10610086.757345709949732, 3459356.424205370713025 ], [ -10610166.796146977692842, 3459289.813140121754259 ], [ -10610405.465132718905807, 3459273.800991121213883 ], [ -10611631.344194151461124, 3463985.771948687266558 ], [ -10611233.182203091681004, 3464207.342861257493496 ], [ -10611730.665208347141743, 3464378.306768685113639 ], [ -10611741.187449526041746, 3464448.203359245788306 ], [ -10610891.304786283522844, 3465062.644730984698981 ], [ -10610783.719252640381455, 3465063.821075222920626 ], [ -10610491.490724321454763, 3464961.263636821415275 ], [ -10610435.814078228548169, 3465225.893809480126947 ], [ -10610596.660812485963106, 3465279.941158262547106 ], [ -10609987.167755836620927, 3465704.71816393872723 ], [ -10607661.706841697916389, 3467201.427065497729927 ], [ -10607658.088600503280759, 3467027.151816988363862 ], [ -10607628.598938927054405, 3466976.036449350882322 ], [ -10607642.006466440856457, 3466748.465729128569365 ], [ -10607590.919791184365749, 3466749.44670181395486 ], [ -10607633.716571254655719, 3466701.974897072184831 ], [ -10607591.833770647644997, 3466645.025892945937812 ], [ -10607589.34950821660459, 3466543.499314854852855 ], [ -10607631.427851062268019, 3466543.200627820566297 ], [ -10607648.74915630929172, 3466465.18324985448271 ], [ -10607636.489897426217794, 3465865.660784587264061 ], [ -10607599.977233236655593, 3465669.316284349188209 ], [ -10607639.318433880805969, 3465606.897211306262761 ], [ -10607644.324811186641455, 3465081.599441815633327 ], [ -10607762.281166013330221, 3464966.499351556878537 ], [ -10607467.762322472408414, 3464696.5210220371373 ] ] ] } },
{ "type": "Feature", "properties": { "ZIP": "77061", "POSTAL": "HOUSTON", "STATE": "TX", "ZIP_TYPE": "STANDARD", "bbox_minx": -10610405.465132719, "bbox_miny": 3455625.1247372883, "bbox_maxx": -10603356.645343166, "bbox_maxy": 3462418.8530666879, "label_x": -10606881.257264482, "label_y": 3459058.0954675833 }, "geometry": { "type": "Polygon", "coordinates": [ [ [ -10605796.587074767798185, 3462310.949544718954712 ], [ -10605704.43262130394578, 3462247.213537917938083 ], [ -10605597.951032260432839, 3462340.187427513767034 ], [ -10605618.225717449560761, 3462294.502133138012141 ], [ -10605589.337103484198451, 3462260.649098150897771 ], [ -10605546.470923701301217, 3462278.966251836158335 ], [ -10605647.042705785483122, 3462182.861634432803839 ], [ -10605579.428692562505603, 3462100.956740811467171 ], [ -10605534.816372334957123, 3462163.856925713829696 ], [ -10605496.709288502112031, 3462120.531388624571264 ], [ -10605556.802057905122638, 3462073.5590361780487 ], [ -10605532.786251528188586, 3462001.691440247464925 ], [ -10605512.508193757385015, 3462018.873191165272146 ], [ -10605480.555621232837439, 3461978.384138396475464 ], [ -10605419.197497656568885, 3462029.598795861937106 ], [ -10605277.758320016786456, 3461865.827306142542511 ], [ -10605241.474945636466146, 3461901.319424631074071 ], [ -10605002.335004441440105, 3461646.02421042136848 ], [ -10605060.197393070906401, 3461594.130527796689421 ], [ -10604791.012140037491918, 3461267.841339554637671 ], [ -10604851.468593966215849, 3461214.610183146782219 ], [ -10604836.772029776126146, 3461195.298894888255745 ], [ -10604679.45676744543016, 3461201.43382807308808 ], [ -10604661.779594933614135, 3461168.319924746640027 ], [ -10604757.830651162192225, 3461089.321623585186899 ], [ -10604690.269544554874301, 3461052.325286589562893 ], [ -10604667.701907919719815, 3461098.011251039803028 ], [ -10604632.343839142471552, 3461017.431071324273944 ], [ -10604642.25151558406651, 3460363.314617764670402 ], [ -10604356.569567494094372, 3460359.490797323640436 ], [ -10604299.885504860430956, 3460256.829228350892663 ], [ -10604357.137037098407745, 3460229.93083141092211 ], [ -10604357.035548243671656, 3460178.695236895233393 ], [ -10604299.693938691169024, 3460179.586319566704333 ], [ -10604299.296668337658048, 3460076.210447672288865 ], [ -10604125.886511879041791, 3460080.514369861688465 ], [ -10604117.23165175691247, 3459844.451293875463307 ], [ -10604001.395476225763559, 3459846.52354022115469 ], [ -10603931.659253371879458, 3459741.854854814242572 ], [ -10603932.928266916424036, 3459648.612276068422943 ], [ -10604113.761978911235929, 3459622.556742529384792 ], [ -10604109.499070251360536, 3459421.613762632012367 ], [ -10603665.547391356900334, 3459430.236937353387475 ], [ -10603842.459495397284627, 3459408.540250378660858 ], [ -10603838.792715385556221, 3459302.240385814104229 ], [ -10603596.154654582962394, 3459302.247145087458193 ], [ -10603591.727400287985802, 3459134.986133579630405 ], [ -10603473.652195954695344, 3459162.823737062513828 ], [ -10603356.645343165844679, 3458957.56310892989859 ], [ -10603506.841208325698972, 3458920.904901783447713 ], [ -10603463.786811865866184, 3458857.692202724516392 ], [ -10603609.053039982914925, 3458855.533632094506174 ], [ -10603607.497861428186297, 3458795.834612958133221 ], [ -10604610.338849117979407, 3458777.575246805790812 ], [ -10604600.481036495417356, 3457936.196745404973626 ], [ -10604727.248372428119183, 3457933.09366523521021 ], [ -10604724.352023718878627, 3457762.49073147168383 ], [ -10604591.121225411072373, 3457765.9020448285155 ], [ -10604569.46417685970664, 3456798.477546806912869 ], [ -10604809.173426739871502, 3456793.227420017123222 ], [ -10604807.249254008755088, 3456571.319205593783408 ], [ -10606059.930546071380377, 3456551.477878591045737 ], [ -10606060.539772460237145, 3456578.827448831871152 ], [ -10606176.14494906924665, 3456577.553888650145382 ], [ -10606172.962581302970648, 3456414.262052566744387 ], [ -10607139.683920331299305, 3456395.881396259646863 ], [ -10607154.602042507380247, 3456625.270468415692449 ], [ -10607260.689435826614499, 3456631.802146734204143 ], [ -10607439.913882344961166, 3456935.20681934710592 ], [ -10607495.462308004498482, 3457123.093289555516094 ], [ -10607496.686765417456627, 3457305.090936637949198 ], [ -10608241.50958838686347, 3457280.439010568428785 ], [ -10608231.840726004913449, 3457439.445543876383454 ], [ -10608274.14211162738502, 3457433.169621084351093 ], [ -10609057.163457060232759, 3456995.273791836109012 ], [ -10609127.294677335768938, 3457218.126218743156642 ], [ -10609242.62165048904717, 3457126.551361782476306 ], [ -10609292.492780571803451, 3456956.339035414159298 ], [ -10609074.974537368863821, 3456062.921601953916252 ], [ -10609191.303455725312233, 3455876.459284318611026 ], [ -10609377.206928763538599, 3455719.197782220784575 ], [ -10609405.259497964754701, 3455632.627994326874614 ], [ -10609452.479691786691546, 3455625.124737288337201 ], [ -10610405.465132718905807, 3459273.800991121213883 ], [ -10610166.796146977692842, 3459289.813140121754259 ], [ -10610086.757345709949732, 3459356.424205370713025 ], [ -10609991.690521022304893, 3459609.549124435056001 ], [ -10609793.43058742210269, 3459625.04936339892447 ], [ -10609683.22419329546392, 3459680.00487473141402 ], [ -10609511.458306774497032, 3460064.571827123407274 ], [ -10609239.616016585379839, 3460257.756305400747806 ], [ -10609045.92013505846262, 3460505.134029547218233 ], [ -10608915.676374133676291, 3460559.837037432007492 ], [ -10608854.116694569587708, 3460637.472218977287412 ], [ -10608677.563932498916984, 3460680.389497207012028 ], [ -10608625.577741120010614, 3460774.423763276543468 ], [ -10608495.556585842743516, 3460820.544336462859064 ], [ -10608462.383388230577111, 3460963.903542469721287 ], [ -10608249.206534784287214, 3461077.285287930164486 ], [ -10608189.09406116604805, 3461215.650918752420694 ], [ -10608411.399084, 3461354.658479775302112 ], [ -10608391.58417066372931, 3461439.985591957345605 ], [ -10607928.940422497689724, 3461583.992297551129013 ], [ -10607876.508926767855883, 3461550.809130835346878 ], [ -10607840.107454927638173, 3461380.666492998134345 ], [ -10607770.08743199147284, 3461362.4737428878434 ], [ -10607716.320122359320521, 3461428.967299226205796 ], [ -10607692.217010725289583, 3461545.345974601339549 ], [ -10607522.122884245589375, 3461514.953860400244594 ], [ -10607531.863744024187326, 3461705.963656686712056 ], [ -10607439.357307024300098, 3461677.136223938781768 ], [ -10607383.252247182652354, 3461783.477596392855048 ], [ -10607388.150288240984082, 3461879.569878404960036 ], [ -10607474.868169292807579, 3461968.231559126172215 ], [ -10607471.639915447682142, 3462091.359787627123296 ], [ -10607424.997086621820927, 3462174.129188266582787 ], [ -10607083.246167978271842, 3462190.401185335591435 ], [ -10606903.687822187319398, 3462124.672448466531932 ], [ -10606850.588434768840671, 3462166.313482005149126 ], [ -10606814.520990863442421, 3462255.233521056361496 ], [ -10606685.946947628632188, 3462277.527574174571782 ], [ -10606600.008249416947365, 3462376.69865267444402 ], [ -10606508.615045597776771, 3462402.836882632225752 ], [ -10606351.765776965767145, 3462326.472408770117909 ], [ -10606125.230664096772671, 3462418.853066687937826 ], [ -10605945.449672358110547, 3462365.935838807374239 ], [ -10605875.652364872395992, 3462297.002993795555085 ], [ -10605796.587074767798185, 3462310.949544718954712 ] ] ] } },
{ "type": "Feature", "properties": { "ZIP": "77038", "POSTAL": "HOUSTON", "STATE": "TX", "ZIP_TYPE": "STANDARD", "bbox_minx": -10627958.182450678, "bbox_miny": 3489876.7843956971, "bbox_maxx": -10621279.691016963, "bbox_maxy": 3495918.2234664471, "label_x": -10624618.277653679, "label_y": 3492880.6361431554 }, "geometry": { "type": "Polygon", "coordinates": [ [ [ -10621491.577330784872174, 3494877.832905727438629 ], [ -10621462.858750991523266, 3494237.215839482378215 ], [ -10621489.84667126648128, 3493764.858139713760465 ], [ -10621600.652835343033075, 3493764.205323465168476 ], [ -10621637.440290348604321, 3493720.693037217482924 ], [ -10621671.185857689008117, 3493203.238549524452537 ], [ -10621749.536359831690788, 3492911.134357667993754 ], [ -10621710.70305392332375, 3492633.777094047516584 ], [ -10621399.254076363518834, 3492640.477604277431965 ], [ -10621397.962237255647779, 3492542.325262025464326 ], [ -10621458.347835291177034, 3492540.686435095500201 ], [ -10621461.561496486887336, 3492445.202107024844736 ], [ -10621813.155529728159308, 3492439.902804590296 ], [ -10621818.231495328247547, 3492095.89410571847111 ], [ -10621491.556153422221541, 3492103.562290326226503 ], [ -10621488.55270011909306, 3491925.222893760539591 ], [ -10621434.994526362046599, 3491926.345023546367884 ], [ -10621432.482957538217306, 3491834.898725782521069 ], [ -10621363.340536324307323, 3491836.390118691604584 ], [ -10621362.28890111669898, 3491752.686228224541992 ], [ -10621494.962597357109189, 3491750.056437608785927 ], [ -10621491.083420775830746, 3491620.999078948050737 ], [ -10621560.369483407586813, 3491620.053390948567539 ], [ -10621558.825912723317742, 3491557.867108867038041 ], [ -10621409.531154928728938, 3491561.546059816610068 ], [ -10621414.144492207095027, 3491457.296652318909764 ], [ -10621556.860553093254566, 3491453.491243029013276 ], [ -10621554.668730765581131, 3490977.430200742091984 ], [ -10621463.164097500964999, 3490912.966425744816661 ], [ -10621409.599282942712307, 3490806.201454581692815 ], [ -10621334.342283168807626, 3490744.326273025479168 ], [ -10621501.29588046297431, 3490740.999555485323071 ], [ -10621501.558572802692652, 3490599.877508931793272 ], [ -10621386.585960360243917, 3490601.380484641063958 ], [ -10621385.284886380657554, 3490497.725571742281318 ], [ -10621279.691016962751746, 3490497.875737430993468 ], [ -10621282.899618659168482, 3490383.447060332633555 ], [ -10621462.104143347591162, 3490397.038229807280004 ], [ -10621462.481599040329456, 3490450.314834616146982 ], [ -10622636.201276564970613, 3490423.966817183420062 ], [ -10622636.286622267216444, 3490362.91799882100895 ], [ -10622981.528608415275812, 3490355.869737626519054 ], [ -10623040.732436891645193, 3490272.563754291273654 ], [ -10623347.76405180990696, 3490269.663298455998302 ], [ -10623373.909131629392505, 3490226.312891081441194 ], [ -10623904.370424591004848, 3490220.06972358096391 ], [ -10623897.604141045361757, 3489899.972731485497206 ], [ -10624429.736610187217593, 3489876.784395697060972 ], [ -10624433.884739853441715, 3490362.662696889601648 ], [ -10624558.966645551845431, 3490361.695116479881108 ], [ -10624548.820896374061704, 3489897.466540206223726 ], [ -10624784.961370170116425, 3489893.943537414073944 ], [ -10624904.912066562101245, 3489941.780446826014668 ], [ -10625137.3938122484833, 3489935.002608487848192 ], [ -10625139.207770686596632, 3489998.359504112042487 ], [ -10625249.221766278147697, 3489997.036337143275887 ], [ -10625245.683738732710481, 3489885.027589112985879 ], [ -10625544.351943606510758, 3489877.299128220416605 ], [ -10625557.488960884511471, 3490379.337285323534161 ], [ -10625958.749480567872524, 3490369.786961905192584 ], [ -10626294.510154586285353, 3490245.56400347687304 ], [ -10626272.278659453615546, 3490391.995807918719947 ], [ -10626625.263472458347678, 3490384.39268920943141 ], [ -10626786.841907551512122, 3490445.370700045488775 ], [ -10626779.330206423997879, 3490588.066540682688355 ], [ -10626892.647276734933257, 3490587.751688138581812 ], [ -10626894.164439294487238, 3490699.30905465176329 ], [ -10626956.152297228574753, 3490699.397166883107275 ], [ -10626954.956675425171852, 3490790.211257317103446 ], [ -10627086.350589210167527, 3490790.928332825191319 ], [ -10627471.251344118267298, 3491214.952652117237449 ], [ -10627473.216496722772717, 3492167.654447183012962 ], [ -10627296.213501157239079, 3492171.490655281115323 ], [ -10627301.314605297520757, 3492378.459349311888218 ], [ -10627215.808036619797349, 3492373.715270052663982 ], [ -10627216.337218135595322, 3492468.079542027320713 ], [ -10627303.764649394899607, 3492468.623178299982101 ], [ -10627305.467290068045259, 3492547.074854948092252 ], [ -10627486.12551773712039, 3492556.782159978058189 ], [ -10627501.56276766769588, 3493518.674241695087403 ], [ -10627761.01811333745718, 3493530.703991835936904 ], [ -10627783.150897834450006, 3493497.265310821589082 ], [ -10627784.452486839145422, 3493636.222979712765664 ], [ -10627712.1063666138798, 3493634.512726487126201 ], [ -10627715.451447077095509, 3493732.085339426994324 ], [ -10627664.069318857043982, 3493733.987551973201334 ], [ -10627665.554752433672547, 3493810.285778828430921 ], [ -10627622.13332456164062, 3493816.325433013960719 ], [ -10627623.80235967412591, 3493905.337000230327249 ], [ -10627492.559876846149564, 3493907.648722319863737 ], [ -10627501.20365484431386, 3494451.756311723496765 ], [ -10627656.757354773581028, 3494450.222724399063736 ], [ -10627655.350192727521062, 3494511.408111839555204 ], [ -10627619.550236834213138, 3494510.820064867381006 ], [ -10627624.130984865128994, 3494570.937644744757563 ], [ -10627500.768706366419792, 3494571.750307323876768 ], [ -10627504.213719837367535, 3494981.736871710047126 ], [ -10627751.829780071973801, 3494978.757356274873018 ], [ -10627755.663103181868792, 3495239.853331301826984 ], [ -10627955.143670348450541, 3495238.632737693376839 ], [ -10627958.18245067819953, 3495527.215879605151713 ], [ -10626779.269985368475318, 3495519.952404933050275 ], [ -10626793.312360245734453, 3495693.286750925704837 ], [ -10626727.787247093394399, 3495738.869468686170876 ], [ -10626656.483061216771603, 3495695.994778772816062 ], [ -10626517.662571828812361, 3495789.110669015906751 ], [ -10626415.235373442992568, 3495656.337095111608505 ], [ -10625432.474788889288902, 3495665.161120924167335 ], [ -10625230.772281162440777, 3495795.540908797644079 ], [ -10623944.141549067571759, 3495790.017039991915226 ], [ -10623945.897393537685275, 3495856.51277858344838 ], [ -10623708.468854563310742, 3495857.071808707434684 ], [ -10623706.651908190920949, 3495704.135417817160487 ], [ -10623509.346227362751961, 3495708.680558030027896 ], [ -10623481.416830675676465, 3495569.202569263987243 ], [ -10622367.493501642718911, 3495896.494888653047383 ], [ -10621874.848197847604752, 3495908.487499034497887 ], [ -10621861.520573582500219, 3495431.667290731333196 ], [ -10621420.841080585494637, 3495437.273087662644684 ], [ -10621514.480043532326818, 3495287.566676765214652 ], [ -10621363.546543050557375, 3495210.709166834130883 ], [ -10621443.090138779953122, 3495194.170125015545636 ], [ -10621426.160056512802839, 3494876.886646368540823 ], [ -10621491.577330784872174, 3494877.832905727438629 ] ] ] } },
{ "type": "Feature", "properties": { "ZIP": "77075", "POSTAL": "HOUSTON", "STATE": "TX", "ZIP_TYPE": "STANDARD", "bbox_minx": -10609452.479691787, "bbox_miny": 3451540.1333272862, "bbox_maxx": -10599962.744146289, "bbox_maxy": 3458857.6922027245, "label_x": -10604895.128769055, "label_y": 3455146.6847381359 }, "geometry": { "type": "Polygon", "coordinates": [ [ [ -10600137.437362860888243, 3454718.045415679458529 ], [ -10600148.46858930401504, 3454751.287442702334374 ], [ -10600544.828794302418828, 3454744.008295154664665 ], [ -10600536.381344154477119, 3454638.358627737034112 ], [ -10600566.302990056574345, 3454569.306218162178993 ], [ -10600648.847648529335856, 3454554.955716619733721 ], [ -10600924.043767590075731, 3454279.953468575142324 ], [ -10601093.824719168245792, 3454443.924452249892056 ], [ -10601283.496917897835374, 3454245.215799999423325 ], [ -10601254.518133109435439, 3454217.493372197262943 ], [ -10601495.104914404451847, 3453964.683714560233057 ], [ -10601524.086743416264653, 3453992.742814476601779 ], [ -10601567.720905669033527, 3453947.225911047309637 ], [ -10601476.026631571352482, 3453858.329311174806207 ], [ -10601564.892075650393963, 3453758.562357410322875 ], [ -10601556.426649702712893, 3453732.995653826277703 ], [ -10601607.200865551829338, 3453732.140634332317859 ], [ -10601653.899064194411039, 3453776.682578718289733 ], [ -10601697.687372813001275, 3453728.926859967410564 ], [ -10601633.753199893981218, 3453657.650224778801203 ], [ -10601686.988585438579321, 3453600.813026951625943 ], [ -10601762.025311097502708, 3453655.083278621081263 ], [ -10601852.73937077075243, 3453558.973552573937923 ], [ -10601901.151318123564124, 3453605.133912786841393 ], [ -10602037.61378975212574, 3453461.997974392026663 ], [ -10601862.618523733690381, 3453288.185223449021578 ], [ -10602090.772714352235198, 3453201.60026348894462 ], [ -10602135.540076192468405, 3453156.669275382533669 ], [ -10601526.172952454537153, 3452555.220948084257543 ], [ -10601739.045752307400107, 3452327.95741462893784 ], [ -10604993.012279205024242, 3452279.157808274030685 ], [ -10604986.366094572469592, 3451544.616713066119701 ], [ -10605954.577946273609996, 3451623.262536380439997 ], [ -10606158.347335088998079, 3451588.770775229670107 ], [ -10606225.529531905427575, 3451733.233678788412362 ], [ -10606413.877785630524158, 3451649.825825418811291 ], [ -10606566.640735475346446, 3451689.980576016008854 ], [ -10606771.106314573436975, 3451915.667316434439272 ], [ -10607070.110459038987756, 3451970.589992204681039 ], [ -10607290.745588911697268, 3451946.137332214042544 ], [ -10607400.72940075956285, 3451985.440955862402916 ], [ -10607730.032287472859025, 3451902.517981229349971 ], [ -10607909.904798734933138, 3451948.185614750254899 ], [ -10607986.271299663931131, 3451844.488652414642274 ], [ -10608341.82429363578558, 3451763.959256650414318 ], [ -10608463.021832369267941, 3451807.375567456241697 ], [ -10609452.479691786691546, 3455625.124737288337201 ], [ -10609405.259497964754701, 3455632.627994326874614 ], [ -10609377.206928763538599, 3455719.197782220784575 ], [ -10609191.303455725312233, 3455876.459284318611026 ], [ -10609074.974537368863821, 3456062.921601953916252 ], [ -10609292.492780571803451, 3456956.339035414159298 ], [ -10609279.691102119162679, 3457054.828798237722367 ], [ -10609221.359642444178462, 3457158.058132037520409 ], [ -10609127.294677335768938, 3457218.126218743156642 ], [ -10609057.163457060232759, 3456995.273791836109012 ], [ -10608231.840726004913449, 3457439.445543876383454 ], [ -10608241.50958838686347, 3457280.439010568428785 ], [ -10607496.686765417456627, 3457305.090936637949198 ], [ -10607495.462308004498482, 3457123.093289555516094 ], [ -10607439.913882344961166, 3456935.20681934710592 ], [ -10607260.689435826614499, 3456631.802146734204143 ], [ -10607154.602042507380247, 3456625.270468415692449 ], [ -10607139.683920331299305, 3456395.881396259646863 ], [ -10606172.962581302970648, 3456414.262052566744387 ], [ -10606176.14494906924665, 3456577.553888650145382 ], [ -10606060.539772460237145, 3456578.827448831871152 ], [ -10606059.930546071380377, 3456551.477878591045737 ], [ -10604807.249254008755088, 3456571.319205593783408 ], [ -10604809.173426739871502, 3456793.227420017123222 ], [ -10604569.46417685970664, 3456798.477546806912869 ], [ -10604591.121225411072373, 3457765.9020448285155 ], [ -10604724.352023718878627, 3457762.49073147168383 ], [ -10604727.248372428119183, 3457933.09366523521021 ], [ -10604600.481036495417356, 3457936.196745404973626 ], [ -10604610.338849117979407, 3458777.575246805790812 ], [ -10603607.497861428186297, 3458795.834612958133221 ], [ -10603609.053039982914925, 3458855.533632094506174 ], [ -10603463.786811865866184, 3458857.692202724516392 ], [ -10603437.771103063598275, 3458819.49559881631285 ], [ -10603442.931700684130192, 3458481.49936896469444 ], [ -10603296.353186106309295, 3458490.181571442168206 ], [ -10603284.82840096578002, 3458374.116514563094825 ], [ -10603078.082124650478363, 3458378.713558374438435 ], [ -10603072.722482100129128, 3458050.880031181499362 ], [ -10602961.54148113168776, 3458051.904716178309172 ], [ -10602957.282428540289402, 3457817.164909300860018 ], [ -10602803.401252452284098, 3457814.627064219675958 ], [ -10602796.52082615159452, 3457630.878192223608494 ], [ -10602627.307294243946671, 3457633.831409628503025 ], [ -10602605.420239791274071, 3457523.460778233595192 ], [ -10602533.358703959733248, 3457505.754367687273771 ], [ -10602624.105394018813968, 3457417.97778254840523 ], [ -10602565.683981856331229, 3457359.396819920279086 ], [ -10602547.38322458602488, 3457376.423515896778554 ], [ -10602427.582620266824961, 3457241.584445647429675 ], [ -10602483.693674063310027, 3457240.0166737427935 ], [ -10602482.6328698489815, 3457101.451386570930481 ], [ -10602265.236823400482535, 3457103.514995131175965 ], [ -10601954.327203128486872, 3456733.728848717175424 ], [ -10601938.114535572007298, 3456667.882821546401829 ], [ -10601802.479323379695415, 3456666.132906880695373 ], [ -10601799.743474399670959, 3456569.322830379009247 ], [ -10601693.240501260384917, 3456458.210889464244246 ], [ -10601729.99134180508554, 3456425.155018945224583 ], [ -10601716.401914615184069, 3456314.289744770620018 ], [ -10601631.917546130716801, 3456239.646888181101531 ], [ -10601425.494206136092544, 3456223.229402078315616 ], [ -10601405.244170369580388, 3455790.289871156681329 ], [ -10600833.166404886171222, 3455801.348647299222648 ], [ -10600434.523798797279596, 3455378.710577419493347 ], [ -10600519.906827503815293, 3455286.797763107810169 ], [ -10600427.714296398684382, 3455064.384835716802627 ], [ -10600418.288812898099422, 3454846.789793149568141 ], [ -10600033.23750620521605, 3454852.309026882052422 ], [ -10600031.819563560187817, 3454783.22651079017669 ], [ -10599966.281448917463422, 3454806.619716187473387 ], [ -10599962.744146289303899, 3454723.183714909013361 ], [ -10600137.437362860888243, 3454718.045415679458529 ] ] ] } },
{ "type": "Feature", "properties": { "ZIP": "77581", "POSTAL": "PEARLAND", "STATE": "TX", "ZIP_TYPE": "STANDARD", "bbox_minx": -10614496.969938667, "bbox_miny": 3446224.819988885, "bbox_maxx": -10599272.392774601, "bbox_maxy": 3452121.7885809708, "label_x": -10601199.660543688, "label_y": 3447698.8498757258 }, "geometry": { "type": "MultiPolygon", "coordinates": [ [ [ [ -10601083.609750451520085, 3449098.073536596260965 ], [ -10600620.743596291169524, 3448675.673422613646835 ], [ -10600733.114168632775545, 3448414.123793041799217 ], [ -10600293.252586850896478, 3447991.963357081636786 ], [ -10600256.661153035238385, 3448033.745933571364731 ], [ -10600071.743295216932893, 3447858.804261263459921 ], [ -10599842.055384727194905, 3447759.141178747173399 ], [ -10599705.278088660910726, 3447635.972132946364582 ], [ -10599630.484569309279323, 3447641.708329095505178 ], [ -10599534.926497248932719, 3447742.986663373652846 ], [ -10599272.392774600535631, 3447492.402634678874165 ], [ -10599646.578280042856932, 3447081.971065086312592 ], [ -10599462.75913798250258, 3446944.661257474683225 ], [ -10599392.187760671600699, 3446843.33732657879591 ], [ -10599642.762758553028107, 3447043.714513543527573 ], [ -10600020.581164943054318, 3446705.477468867320567 ], [ -10600243.99919430539012, 3447005.321666817646474 ], [ -10600789.464851731434464, 3447120.500473188702017 ], [ -10601323.798407007008791, 3446736.574980132747442 ], [ -10601683.58294739574194, 3447054.97636557649821 ], [ -10602054.499379485845566, 3447158.253758014645427 ], [ -10602302.741832936182618, 3447019.27100230846554 ], [ -10602312.760731900110841, 3446895.006890189368278 ], [ -10602882.271314127370715, 3446224.819988884963095 ], [ -10602949.06285959482193, 3446493.55609446298331 ], [ -10603327.54928052611649, 3446557.541686765383929 ], [ -10603594.827270282432437, 3446339.991910002194345 ], [ -10603505.771649854257703, 3446839.082014968618751 ], [ -10603472.375902708619833, 3447197.414977278094739 ], [ -10603500.319093467667699, 3447271.296480145305395 ], [ -10603444.323350822553039, 3447188.328493357636034 ], [ -10603491.522884773090482, 3446938.518438091967255 ], [ -10603444.434746988117695, 3446813.231160745024681 ], [ -10602147.657792285084724, 3448215.60199292562902 ], [ -10602292.172973286360502, 3448359.143370867706835 ], [ -10601976.090685589239001, 3448698.305958014912903 ], [ -10601803.772705234587193, 3448535.414565320126712 ], [ -10601275.120704919099808, 3449075.646418030373752 ], [ -10601083.609750451520085, 3449098.073536596260965 ] ] ], [ [ [ -10599458.195044146850705, 3446591.070186416152865 ], [ -10599366.3564234059304, 3446806.448557889088988 ], [ -10599380.504117177799344, 3446829.023309322074056 ], [ -10599325.836173204705119, 3446773.815211923327297 ], [ -10599458.195044146850705, 3446591.070186416152865 ] ] ], [ [ [ -10603787.966596784070134, 3448035.057066731154919 ], [ -10603787.91674816608429, 3448031.67216510605067 ], [ -10603794.326077906414866, 3448048.617059502284974 ], [ -10603787.966596784070134, 3448035.057066731154919 ] ] ], [ [ [ -10603849.971583189442754, 3448167.267439709976315 ], [ -10603815.905903106555343, 3448094.630921277217567 ], [ -10603880.466858053579926, 3448190.858255201019347 ], [ -10603849.971583189442754, 3448167.267439709976315 ] ] ], [ [ [ -10603984.556902419775724, 3448365.137549484614283 ], [ -10603931.111870648339391, 3448266.343278928194195 ], [ -10604018.30212870426476, 3448396.292155632283539 ], [ -10603984.556902419775724, 3448365.137549484614283 ] ] ], [ [ [ -10604121.368491461500525, 3448784.309609625022858 ], [ -10604124.942595515400171, 3448584.812986679840833 ], [ -10604237.770945101976395, 3448937.992111846804619 ], [ -10604121.368491461500525, 3448784.309609625022858 ] ] ], [ [ [ -10604264.74802078679204, 3449030.571543102152646 ], [ -10604282.558965494856238, 3449078.186317951884121 ], [ -10604258.268373241648078, 3449132.814040300436318 ], [ -10604264.74802078679204, 3449030.571543102152646 ] ] ], [ [ [ -10604158.326596610248089, 3449275.686264323536307 ], [ -10604222.164028191938996, 3449214.009333533700556 ], [ -10604159.691968640312552, 3449354.50156084029004 ], [ -10604158.326596610248089, 3449275.686264323536307 ] ] ], [ [ [ -10604178.364096673205495, 3449441.061291278339922 ], [ -10604160.273151414468884, 3449388.045209578238428 ], [ -10604209.307181887328625, 3449470.900331921409816 ], [ -10604178.364096673205495, 3449441.061291278339922 ] ] ], [ [ [ -10604372.282698467373848, 3449762.089431713335216 ], [ -10604328.085613742470741, 3449671.602779655251652 ], [ -10604382.018977029249072, 3449772.109096831642091 ], [ -10604372.282698467373848, 3449762.089431713335216 ] ] ], [ [ [ -10604368.275141213089228, 3449909.037907973397523 ], [ -10604412.941275149583817, 3449872.173136834986508 ], [ -10604324.069078514352441, 3450189.286765355616808 ], [ -10604311.72489532828331, 3450169.018090254627168 ], [ -10604368.275141213089228, 3449909.037907973397523 ] ] ], [ [ [ -10614198.565379183739424, 3450505.169491160660982 ], [ -10614136.825209686532617, 3450442.647351081483066 ], [ -10614237.193178923800588, 3450461.261952715460211 ], [ -10614496.969938667491078, 3450383.843870536889881 ], [ -10614360.312622031196952, 3450476.239183318801224 ], [ -10614198.565379183739424, 3450505.169491160660982 ] ] ], [ [ [ -10613791.18364579603076, 3450506.861299632582814 ], [ -10613892.102731062099338, 3450397.257029260974377 ], [ -10613896.827985752373934, 3450398.133456740994006 ], [ -10613852.584408534690738, 3450479.951437327079475 ], [ -10613791.18364579603076, 3450506.861299632582814 ] ] ], [ [ [ -10604448.091271881014109, 3450438.220165465027094 ], [ -10604421.569843117147684, 3450357.466467430349439 ], [ -10604495.774695994332433, 3450485.460986637510359 ], [ -10604448.091271881014109, 3450438.220165465027094 ] ] ], [ [ [ -10604535.25440613552928, 3450562.134349194355309 ], [ -10604533.425904866307974, 3450550.404171154368669 ], [ -10604532.99678735807538, 3450582.711083978880197 ], [ -10604535.25440613552928, 3450562.134349194355309 ] ] ], [ [ [ -10613658.832326173782349, 3450892.284261269494891 ], [ -10613683.228470286354423, 3450686.549888287205249 ], [ -10613704.195600625127554, 3450741.095277898479253 ], [ -10613658.832326173782349, 3450892.284261269494891 ] ] ], [ [ [ -10613534.573793416842818, 3451020.992290635593235 ], [ -10613630.123897029086947, 3450924.878703188616782 ], [ -10613559.368925930932164, 3451005.060610647313297 ], [ -10613534.573793416842818, 3451020.992290635593235 ] ] ], [ [ [ -10604463.341991018503904, 3450703.459465814754367 ], [ -10604525.340007627382874, 3450600.951870741788298 ], [ -10604448.970262810587883, 3450782.884691006038338 ], [ -10604463.341991018503904, 3450703.459465814754367 ] ] ], [ [ [ -10613309.771237017586827, 3451247.115017475560308 ], [ -10613426.601567639037967, 3451129.599425280932337 ], [ -10613392.723630789667368, 3451195.805172237567604 ], [ -10613309.771237017586827, 3451247.115017475560308 ] ] ], [ [ [ -10613255.794254435226321, 3451382.653309045359492 ], [ -10613260.994309088215232, 3451368.301198882050812 ], [ -10613261.143998362123966, 3451369.78212791448459 ], [ -10613255.794254435226321, 3451382.653309045359492 ] ] ], [ [ [ -10604401.225686425343156, 3450873.589327190537006 ], [ -10604385.195737848058343, 3450934.780315516982228 ], [ -10604472.589303955435753, 3451349.352926481515169 ], [ -10604385.752254078164697, 3451164.953034966252744 ], [ -10604407.236935930326581, 3451054.090629390906543 ], [ -10604325.862382551655173, 3450950.01409677695483 ], [ -10604349.907475020736456, 3450890.487180497031659 ], [ -10604401.225686425343156, 3450873.589327190537006 ] ] ], [ [ [ -10604704.348700830712914, 3451447.746025301981717 ], [ -10604500.032339926809072, 3451365.70790364779532 ], [ -10604773.927385104820132, 3451455.706369305029511 ], [ -10604704.348700830712914, 3451447.746025301981717 ] ] ], [ [ [ -10605010.074045842513442, 3451547.563335923943669 ], [ -10604927.315197519958019, 3451506.104927369393408 ], [ -10605053.739278137683868, 3451540.133327286224812 ], [ -10605010.074045842513442, 3451547.563335923943669 ] ] ], [ [ [ -10605909.384510390460491, 3451603.088178026024252 ], [ -10605998.804683223366737, 3451597.94630382116884 ], [ -10605954.577946273609996, 3451623.262536380439997 ], [ -10605909.384510390460491, 3451603.088178026024252 ] ] ], [ [ [ -10608400.823679272085428, 3451798.269340038765222 ], [ -10608351.75276991724968, 3451767.515940792392939 ], [ -10608426.577280400320888, 3451794.320225202478468 ], [ -10608400.823679272085428, 3451798.269340038765222 ] ] ], [ [ [ -10606225.529531905427575, 3451733.233678788412362 ], [ -10606177.439541732892394, 3451587.67263000132516 ], [ -10606413.877785630524158, 3451649.825825418811291 ], [ -10606225.529531905427575, 3451733.233678788412362 ] ] ], [ [ [ -10608604.649660916998982, 3451853.191507697571069 ], [ -10608556.862473113462329, 3451836.475702046882361 ], [ -10608613.69965791516006, 3451852.817144427914172 ], [ -10608604.649660916998982, 3451853.191507697571069 ] ] ], [ [ [ -10611553.169074302539229, 3451981.856295780278742 ], [ -10611382.961496153846383, 3451917.075671390164644 ], [ -10611330.418731465935707, 3451853.831669390201569 ], [ -10611237.437798485159874, 3451813.217110737226903 ], [ -10611926.432999979704618, 3451996.531115429941565 ], [ -10611553.169074302539229, 3451981.856295780278742 ] ] ], [ [ [ -10610391.216245850548148, 3451985.568968586623669 ], [ -10610004.266727754846215, 3451712.407307329121977 ], [ -10610073.732850940898061, 3451715.694630719255656 ], [ -10610418.82339246198535, 3451946.137362624052912 ], [ -10610908.740514734759927, 3451971.742259370628744 ], [ -10611135.180797979235649, 3451862.535034278407693 ], [ -10610929.111973149701953, 3452015.014791650231928 ], [ -10610750.5554801505059, 3451970.718097946606576 ], [ -10610537.60132709890604, 3452018.599554209504277 ], [ -10610391.216245850548148, 3451985.568968586623669 ] ] ], [ [ [ -10607930.944143196567893, 3451937.559604769572616 ], [ -10607844.782806040719151, 3451932.694645955227315 ], [ -10607730.032287472859025, 3451902.517981229349971 ], [ -10607986.271299663931131, 3451844.488652414642274 ], [ -10607930.944143196567893, 3451937.559604769572616 ] ] ], [ [ [ -10607563.69926667958498, 3451940.183791963383555 ], [ -10607632.858209237456322, 3451924.523124339990318 ], [ -10607598.989387230947614, 3451936.919436404015869 ], [ -10607563.69926667958498, 3451940.183791963383555 ] ] ], [ [ [ -10606572.289795741438866, 3451696.619220187421888 ], [ -10606745.168780723586679, 3451894.927377362735569 ], [ -10606929.16654303111136, 3451935.885314632207155 ], [ -10606771.106314573436975, 3451915.667316434439272 ], [ -10606711.55043457262218, 3451872.651198083534837 ], [ -10606572.289795741438866, 3451696.619220187421888 ] ] ], [ [ [ -10612314.483032535761595, 3452106.297428046353161 ], [ -10612102.308129539713264, 3452109.882156302686781 ], [ -10611949.94944642111659, 3452003.216091331560165 ], [ -10612244.574404621496797, 3452086.965389536228031 ], [ -10612511.741099560633302, 3451894.92743898788467 ], [ -10612634.192561350762844, 3451741.299100824631751 ], [ -10612845.69965180568397, 3451626.079076670575887 ], [ -10612894.037743994966149, 3451528.826597156468779 ], [ -10612886.553956154733896, 3451607.771969710942358 ], [ -10612646.326445082202554, 3451751.412926251068711 ], [ -10612472.779354639351368, 3451997.859435143880546 ], [ -10612401.312250681221485, 3452022.568360166624188 ], [ -10612314.483032535761595, 3452106.297428046353161 ] ] ], [ [ [ -10607070.110459038987756, 3451970.589992204681039 ], [ -10607035.807277148589492, 3451959.62224494619295 ], [ -10607083.926510933786631, 3451970.332736952230334 ], [ -10607070.110459038987756, 3451970.589992204681039 ] ] ], [ [ [ -10607411.972679486498237, 3451983.264468132983893 ], [ -10607315.329100528731942, 3451950.84950732672587 ], [ -10607464.74318084679544, 3451962.591227527707815 ], [ -10607411.972679486498237, 3451983.264468132983893 ] ] ] ] } },
{ "type": "Feature", "properties": { "ZIP": "77034", "POSTAL": "HOUSTON", "STATE": "TX", "ZIP_TYPE": "STANDARD", "bbox_minx": -10603506.841208326, "bbox_miny": 3450536.1310120877, "bbox_maxx": -10591469.594770776, "bbox_maxy": 3458977.7708061347, "label_x": -10596232.729548806, "label_y": 3454753.2051128494 }, "geometry": { "type": "Polygon", "coordinates": [ [ [ -10598504.298316532745957, 3458783.708734650164843 ], [ -10598485.485285433009267, 3457470.824986989609897 ], [ -10598539.697944218292832, 3457308.805135684553534 ], [ -10598638.215671366080642, 3457148.964673312846571 ], [ -10598842.709537392482162, 3456971.964205289725214 ], [ -10598486.255033534020185, 3456531.505029120016843 ], [ -10598396.977209225296974, 3456500.134189442265779 ], [ -10598290.211889650672674, 3456536.436652943026274 ], [ -10598133.262525478377938, 3456670.923567823134363 ], [ -10597787.347559263929725, 3456286.491812287364155 ], [ -10597614.426028143614531, 3456447.709485569037497 ], [ -10597658.407778838649392, 3456498.253425387199968 ], [ -10597481.33734036795795, 3456651.720490092877299 ], [ -10597556.680442819371819, 3456740.543369812425226 ], [ -10597442.470155201852322, 3456744.432009850628674 ], [ -10597095.083252150565386, 3456374.456270637921989 ], [ -10597179.797331247478724, 3456300.445612739305943 ], [ -10597018.286084832623601, 3456112.696210684254766 ], [ -10597026.645811591297388, 3456195.311327828560024 ], [ -10596952.200782807543874, 3456190.490723730064929 ], [ -10596954.814255001023412, 3456147.399807814508677 ], [ -10596832.764083046466112, 3456138.354453587904572 ], [ -10596811.942207301035523, 3456259.677545761689544 ], [ -10596593.371293507516384, 3456257.820430126041174 ], [ -10596573.564568310976028, 3456106.394519464112818 ], [ -10596107.798705700784922, 3456114.978870756924152 ], [ -10596029.544922858476639, 3456001.661496133543551 ], [ -10595862.798129083588719, 3456089.175131925847381 ], [ -10595618.67445252276957, 3456123.881126388441771 ], [ -10591495.331378139555454, 3456227.707727047149092 ], [ -10591469.594770776107907, 3455461.589848873205483 ], [ -10592503.364132581278682, 3455425.267083644401282 ], [ -10592495.88370712287724, 3451177.595420176163316 ], [ -10593677.919923480600119, 3451168.834769378881902 ], [ -10594021.118085920810699, 3451135.038308635354042 ], [ -10594747.493096159771085, 3452025.437130809761584 ], [ -10595036.435243604704738, 3451775.434292623307556 ], [ -10594868.047206357121468, 3451569.365496574435383 ], [ -10595091.910713156685233, 3451380.279625818599015 ], [ -10595177.737967470660806, 3451170.457792965229601 ], [ -10595287.033794078975916, 3451197.167094506788999 ], [ -10595376.343615030869842, 3450933.149688819888979 ], [ -10595566.592716516926885, 3450729.205489772837609 ], [ -10595613.890484200790524, 3450783.120043360162526 ], [ -10595871.16517529450357, 3450536.13101208768785 ], [ -10596087.884920185431838, 3450745.77354947803542 ], [ -10596305.066360894590616, 3450593.40917029697448 ], [ -10596341.805892875418067, 3450667.359966282267123 ], [ -10597028.522149860858917, 3451392.675706809386611 ], [ -10597119.060848817229271, 3451415.207146401982754 ], [ -10597152.680874768644571, 3451486.347170641645789 ], [ -10597231.407456457614899, 3451503.825143360998482 ], [ -10597067.432606490328908, 3451690.765106217935681 ], [ -10597094.270779583603144, 3451719.182172868400812 ], [ -10597144.470850678160787, 3451674.292099153157324 ], [ -10597357.439755905419588, 3451863.075361985713243 ], [ -10597437.564285343512893, 3451752.227553019765764 ], [ -10597620.973267460241914, 3451817.525375976227224 ], [ -10597640.293583018705249, 3451847.88569562509656 ], [ -10597572.314178684726357, 3451916.093113129027188 ], [ -10597612.99409287981689, 3451973.7409747838974 ], [ -10597558.553076270967722, 3452020.754319446161389 ], [ -10597557.91118273511529, 3452087.444765337742865 ], [ -10598014.12281877733767, 3452080.435038323514163 ], [ -10598012.53519039042294, 3451812.465762215666473 ], [ -10598503.963398093357682, 3452281.053887895774096 ], [ -10598446.449911322444677, 3452341.631880410481244 ], [ -10598197.460441557690501, 3452346.832936609629542 ], [ -10598144.321484912186861, 3452404.437261688988656 ], [ -10598496.35082321614027, 3452742.152727988548577 ], [ -10598621.121448596939445, 3452689.599300618283451 ], [ -10598696.61200200766325, 3452764.797771839424968 ], [ -10598707.721259042620659, 3453157.063196257222444 ], [ -10599059.119388394057751, 3453152.640720524825156 ], [ -10599050.141080001369119, 3453335.275362038053572 ], [ -10599338.422141827642918, 3453325.774677391164005 ], [ -10599336.961698818951845, 3453561.882017855998129 ], [ -10599412.849640617147088, 3453569.747568254359066 ], [ -10599499.526639310643077, 3453915.081449790392071 ], [ -10599408.479106392711401, 3453985.448472449555993 ], [ -10599471.120058784261346, 3454063.118534703273326 ], [ -10599599.465750250965357, 3454103.293813143391162 ], [ -10599646.30441, 3454400.242760795168579 ], [ -10600124.549748053774238, 3454371.562419546302408 ], [ -10600137.437362860888243, 3454718.045415679458529 ], [ -10599962.744146289303899, 3454723.183714909013361 ], [ -10599966.281448917463422, 3454806.619716187473387 ], [ -10600031.819563560187817, 3454783.22651079017669 ], [ -10600033.23750620521605, 3454852.309026882052422 ], [ -10600418.288812898099422, 3454846.789793149568141 ], [ -10600427.714296398684382, 3455064.384835716802627 ], [ -10600519.906827503815293, 3455286.797763107810169 ], [ -10600434.523798797279596, 3455378.710577419493347 ], [ -10600833.166404886171222, 3455801.348647299222648 ], [ -10601408.882748365402222, 3455793.752746154088527 ], [ -10601425.494206136092544, 3456223.229402078315616 ], [ -10601631.917546130716801, 3456239.646888181101531 ], [ -10601716.401914615184069, 3456314.289744770620018 ], [ -10601729.99134180508554, 3456425.155018945224583 ], [ -10601693.240501260384917, 3456458.210889464244246 ], [ -10601799.743474399670959, 3456569.322830379009247 ], [ -10601802.479323379695415, 3456666.132906880695373 ], [ -10601938.114535572007298, 3456667.882821546401829 ], [ -10601954.327203128486872, 3456733.728848717175424 ], [ -10602265.236823400482535, 3457103.514995131175965 ], [ -10602482.6328698489815, 3457101.451386570930481 ], [ -10602483.693674063310027, 3457240.0166737427935 ], [ -10602427.582620266824961, 3457241.584445647429675 ], [ -10602547.38322458602488, 3457376.423515896778554 ], [ -10602565.683981856331229, 3457359.396819920279086 ], [ -10602624.105394018813968, 3457417.97778254840523 ], [ -10602533.358703959733248, 3457505.754367687273771 ], [ -10602605.420239791274071, 3457523.460778233595192 ], [ -10602627.307294243946671, 3457633.831409628503025 ], [ -10602796.52082615159452, 3457630.878192223608494 ], [ -10602803.401252452284098, 3457814.627064219675958 ], [ -10602957.282428540289402, 3457817.164909300860018 ], [ -10602961.54148113168776, 3458051.904716178309172 ], [ -10603072.722482100129128, 3458050.880031181499362 ], [ -10603078.082124650478363, 3458378.713558374438435 ], [ -10603284.82840096578002, 3458374.116514563094825 ], [ -10603296.353186106309295, 3458490.181571442168206 ], [ -10603442.931700684130192, 3458481.49936896469444 ], [ -10603437.771103063598275, 3458819.49559881631285 ], [ -10603506.841208325698972, 3458920.904901783447713 ], [ -10603287.197356443852186, 3458974.48114572558552 ], [ -10603256.407098170369864, 3458925.477799219079316 ], [ -10603088.880266178399324, 3458922.946349429432303 ], [ -10600968.243934269994497, 3458977.770806134678423 ], [ -10599665.026693629100919, 3458963.552289098501205 ], [ -10599440.495279455557466, 3458949.974246075376868 ], [ -10599416.78418062441051, 3458773.07712904503569 ], [ -10598504.298316532745957, 3458783.708734650164843 ] ] ] } },
{ "type": "Feature", "properties": { "ZIP": "77089", "POSTAL": "HOUSTON", "STATE": "TX", "ZIP_TYPE": "STANDARD", "bbox_minx": -10604996.562362397, "bbox_miny": 3446492.9161486407, "bbox_maxx": -10594726.096388269, "bbox_maxy": 3454751.2874427023, "label_x": -10600412.670942832, "label_y": 3450612.7772187027 }, "geometry": { "type": "Polygon", "coordinates": [ [ [ -10600148.46858930401504, 3454751.287442702334374 ], [ -10600124.549748053774238, 3454371.562419546302408 ], [ -10599646.30441, 3454400.242760795168579 ], [ -10599599.465750250965357, 3454103.293813143391162 ], [ -10599471.120058784261346, 3454063.118534703273326 ], [ -10599408.479106392711401, 3453985.448472449555993 ], [ -10599499.526639310643077, 3453915.081449790392071 ], [ -10599412.849640617147088, 3453569.747568254359066 ], [ -10599336.961698818951845, 3453561.882017855998129 ], [ -10599338.422141827642918, 3453325.774677391164005 ], [ -10599050.141080001369119, 3453335.275362038053572 ], [ -10599059.119388394057751, 3453152.640720524825156 ], [ -10598707.721259042620659, 3453157.063196257222444 ], [ -10598696.61200200766325, 3452764.797771839424968 ], [ -10598621.121448596939445, 3452689.599300618283451 ], [ -10598496.35082321614027, 3452742.152727988548577 ], [ -10598144.321484912186861, 3452404.437261688988656 ], [ -10598197.460441557690501, 3452346.832936609629542 ], [ -10598446.449911322444677, 3452341.631880410481244 ], [ -10598503.963398093357682, 3452281.053887895774096 ], [ -10598012.53519039042294, 3451812.465762215666473 ], [ -10598014.12281877733767, 3452080.435038323514163 ], [ -10597557.91118273511529, 3452087.444765337742865 ], [ -10597558.553076270967722, 3452020.754319446161389 ], [ -10597612.99409287981689, 3451973.7409747838974 ], [ -10597572.314178684726357, 3451916.093113129027188 ], [ -10597640.293583018705249, 3451847.88569562509656 ], [ -10597620.973267460241914, 3451817.525375976227224 ], [ -10597437.564285343512893, 3451752.227553019765764 ], [ -10597357.439755905419588, 3451863.075361985713243 ], [ -10597144.470850678160787, 3451674.292099153157324 ], [ -10597094.270779583603144, 3451719.182172868400812 ], [ -10597067.432606490328908, 3451690.765106217935681 ], [ -10597231.407456457614899, 3451503.825143360998482 ], [ -10597152.680874768644571, 3451486.347170641645789 ], [ -10597119.060848817229271, 3451415.207146401982754 ], [ -10597028.522149860858917, 3451392.675706809386611 ], [ -10596341.805892875418067, 3450667.359966282267123 ], [ -10596305.066360894590616, 3450593.40917029697448 ], [ -10596087.884920185431838, 3450745.77354947803542 ], [ -10595905.057622535154223, 3450572.790412587113678 ], [ -10595609.134828113019466, 3450274.651553106028587 ], [ -10594726.096388269215822, 3449095.055159388110042 ], [ -10595382.06517393887043, 3449048.155026689171791 ], [ -10595463.686953965574503, 3448993.512133781332523 ], [ -10595523.513128301128745, 3448991.472204278688878 ], [ -10595573.478775920346379, 3448919.72754831565544 ], [ -10595717.080889847129583, 3448887.98476140992716 ], [ -10595736.673188084736466, 3448809.140351681504399 ], [ -10595852.79894439317286, 3448844.313872801605612 ], [ -10595932.726402832195163, 3448797.85199333447963 ], [ -10595920.035920036956668, 3448752.158327131066471 ], [ -10595988.052178213372827, 3448683.938195466063917 ], [ -10596037.700667429715395, 3448681.122322360053658 ], [ -10596063.638101451098919, 3448591.65582609642297 ], [ -10596099.371652884408832, 3448622.629899008665234 ], [ -10596125.197770019993186, 3448539.563404579181224 ], [ -10596095.809385411441326, 3448514.34907323634252 ], [ -10596118.963849224150181, 3448481.199578902218491 ], [ -10596098.592445826157928, 3448356.665365322493017 ], [ -10596169.391585508361459, 3448141.261058483738452 ], [ -10596160.263472879305482, 3448063.829042338300496 ], [ -10596204.345912145450711, 3448016.730219812598079 ], [ -10596171.395428786054254, 3447869.675204383209348 ], [ -10596193.102731080725789, 3447809.778559526894242 ], [ -10596145.569317471235991, 3447672.580544735770673 ], [ -10596177.072659699246287, 3447633.162004997488111 ], [ -10596298.856274688616395, 3447600.142624931875616 ], [ -10596327.57662545144558, 3447543.830721179023385 ], [ -10596518.044306015595794, 3447393.837600561790168 ], [ -10596578.936026630923152, 3447284.79930682387203 ], [ -10596688.808397950604558, 3447220.810101109091192 ], [ -10596852.670758483931422, 3447054.695562520995736 ], [ -10596945.631358889862895, 3447127.841827583499253 ], [ -10597225.794017184525728, 3447158.381907539442182 ], [ -10597283.254535898566246, 3447126.362582520581782 ], [ -10597200.858336238190532, 3446980.238426121417433 ], [ -10597323.755130186676979, 3446914.715017828624696 ], [ -10597391.314130276441574, 3446932.745320765301585 ], [ -10597404.3071806486696, 3446987.76412302069366 ], [ -10597463.641981948167086, 3446952.047973498702049 ], [ -10597523.239514760673046, 3446967.952773431316018 ], [ -10597505.114250598475337, 3447077.859427370131016 ], [ -10597600.973777631297708, 3447206.093797279987484 ], [ -10597510.123595086857677, 3447267.138233007397503 ], [ -10597546.525141712278128, 3447308.603376693092287 ], [ -10597641.593061415478587, 3447296.112004975788295 ], [ -10597661.030234724283218, 3447339.187345955055207 ], [ -10597617.99214968457818, 3447452.836502141319215 ], [ -10597732.094699423760176, 3447527.44928291067481 ], [ -10597812.482047963887453, 3447273.607968790922314 ], [ -10597888.164603447541595, 3447298.749002989381552 ], [ -10597943.490383494645357, 3447261.379204660188407 ], [ -10597885.381661267951131, 3447186.895969626959413 ], [ -10597962.414673302322626, 3447137.624700407963246 ], [ -10597953.63117359764874, 3447071.030658453237265 ], [ -10598012.82274316623807, 3447090.425973084289581 ], [ -10598011.375654596835375, 3447017.223465227056295 ], [ -10598075.384336849674582, 3446896.286724081728607 ], [ -10598134.514674346894026, 3446895.49401750927791 ], [ -10598104.458404276520014, 3446981.36535032838583 ], [ -10598266.873508209362626, 3447009.392160554416478 ], [ -10598294.926009897142649, 3446969.975523400120437 ], [ -10598246.593764744699001, 3446941.205860886257142 ], [ -10598234.014569066464901, 3446848.115393136627972 ], [ -10598487.357203265652061, 3446850.521305957809091 ], [ -10598380.399696948006749, 3446925.720818222966045 ], [ -10598366.373473247513175, 3446969.360511033330113 ], [ -10598565.969322711229324, 3447103.735518516507 ], [ -10598596.693463074043393, 3447084.027073522098362 ], [ -10598591.127591079100966, 3447010.056725633330643 ], [ -10598693.207500908523798, 3446982.66989562753588 ], [ -10598764.00671075284481, 3446912.283527790103108 ], [ -10598827.013499889522791, 3446927.768459482118487 ], [ -10598886.569498209282756, 3447014.279981024563313 ], [ -10598985.309812761843204, 3446938.262400220148265 ], [ -10599076.277607318013906, 3446977.654122109524906 ], [ -10599130.824124800041318, 3446924.032505573239177 ], [ -10599053.213889682665467, 3446879.832355178892612 ], [ -10599094.1802031788975, 3446881.953415914904326 ], [ -10599088.904210913926363, 3446791.582077691797167 ], [ -10599144.071093779057264, 3446731.303293184842914 ], [ -10599085.901893807575107, 3446740.154353310354054 ], [ -10599076.369043765589595, 3446576.865434071980417 ], [ -10599101.750064311549067, 3446572.642294245306402 ], [ -10599144.496666075661778, 3446638.675788787193596 ], [ -10599205.519507559016347, 3446642.874012411106378 ], [ -10599163.039036078378558, 3446554.044919361360371 ], [ -10599238.9066481590271, 3446534.068240225780755 ], [ -10599261.179226337000728, 3446567.370540238916874 ], [ -10599395.188129095360637, 3446492.916148640681058 ], [ -10599378.06466774456203, 3446523.860321018379182 ], [ -10599458.195044146850705, 3446591.070186416152865 ], [ -10599325.836173204705119, 3446773.815211923327297 ], [ -10599462.75913798250258, 3446944.661257474683225 ], [ -10599646.578280042856932, 3447081.971065086312592 ], [ -10599272.392774600535631, 3447492.402634678874165 ], [ -10599534.926497248932719, 3447742.986663373652846 ], [ -10599630.484569309279323, 3447641.708329095505178 ], [ -10599705.278088660910726, 3447635.972132946364582 ], [ -10599842.055384727194905, 3447759.141178747173399 ], [ -10600071.743295216932893, 3447858.804261263459921 ], [ -10600256.661153035238385, 3448033.745933571364731 ], [ -10600293.252586850896478, 3447991.963357081636786 ], [ -10600733.114168632775545, 3448414.123793041799217 ], [ -10600620.743596291169524, 3448675.673422613646835 ], [ -10601083.609750451520085, 3449098.073536596260965 ], [ -10601275.120704919099808, 3449075.646418030373752 ], [ -10601803.772705234587193, 3448535.414565320126712 ], [ -10601976.090685589239001, 3448698.305958014912903 ], [ -10602292.172973286360502, 3448359.143370867706835 ], [ -10602147.657792285084724, 3448215.60199292562902 ], [ -10603444.434746988117695, 3446813.231160745024681 ], [ -10603491.522884773090482, 3446938.518438091967255 ], [ -10603444.323350822553039, 3447188.328493357636034 ], [ -10603500.319093467667699, 3447271.296480145305395 ], [ -10603806.334249068051577, 3448080.364380781538785 ], [ -10604106.897031830623746, 3448528.325130238663405 ], [ -10604113.130868693813682, 3448762.934688200242817 ], [ -10604263.456142360344529, 3449018.391501335892826 ], [ -10604258.268373241648078, 3449132.814040300436318 ], [ -10604158.326596610248089, 3449275.686264323536307 ], [ -10604151.424724584445357, 3449373.093553765676916 ], [ -10604382.018977029249072, 3449772.109096831642091 ], [ -10604412.941275149583817, 3449872.173136834986508 ], [ -10604354.805468855425715, 3449927.726567908190191 ], [ -10604311.72489532828331, 3450169.018090254627168 ], [ -10604535.25440613552928, 3450562.134349194355309 ], [ -10604412.420106895267963, 3450869.955670865252614 ], [ -10604349.907475020736456, 3450890.487180497031659 ], [ -10604328.86800223402679, 3450930.555822742171586 ], [ -10604407.236935930326581, 3451054.090629390906543 ], [ -10604385.752254078164697, 3451164.953034966252744 ], [ -10604474.251208817586303, 3451357.236216757912189 ], [ -10604986.366094572469592, 3451544.616713066119701 ], [ -10604993.012279205024242, 3452279.157808274030685 ], [ -10601739.045752307400107, 3452327.95741462893784 ], [ -10601526.172952454537153, 3452555.220948084257543 ], [ -10602135.540076192468405, 3453156.669275382533669 ], [ -10602090.772714352235198, 3453201.60026348894462 ], [ -10601862.618523733690381, 3453288.185223449021578 ], [ -10602037.61378975212574, 3453461.997974392026663 ], [ -10601901.151318123564124, 3453605.133912786841393 ], [ -10601852.73937077075243, 3453558.973552573937923 ], [ -10601762.025311097502708, 3453655.083278621081263 ], [ -10601686.988585438579321, 3453600.813026951625943 ], [ -10601633.753199893981218, 3453657.650224778801203 ], [ -10601697.687372813001275, 3453728.926859967410564 ], [ -10601653.899064194411039, 3453776.682578718289733 ], [ -10601607.200865551829338, 3453732.140634332317859 ], [ -10601556.426649702712893, 3453732.995653826277703 ], [ -10601564.892075650393963, 3453758.562357410322875 ], [ -10601476.026631571352482, 3453858.329311174806207 ], [ -10601567.720905669033527, 3453947.225911047309637 ], [ -10601524.086743416264653, 3453992.742814476601779 ], [ -10601495.104914404451847, 3453964.683714560233057 ], [ -10601254.518133109435439, 3454217.493372197262943 ], [ -10601283.496917897835374, 3454245.215799999423325 ], [ -10601093.824719168245792, 3454443.924452249892056 ], [ -10600924.043767590075731, 3454279.953468575142324 ], [ -10600648.847648529335856, 3454554.955716619733721 ], [ -10600566.302990056574345, 3454569.306218162178993 ], [ -10600536.381344154477119, 3454638.358627737034112 ], [ -10600544.828794302418828, 3454744.008295154664665 ], [ -10600148.46858930401504, 3454751.287442702334374 ] ] ] } },
{ "type": "Feature", "properties": { "ZIP": "77014", "POSTAL": "HOUSTON", "STATE": "TX", "ZIP_TYPE": "STANDARD", "bbox_minx": -10630736.438870441, "bbox_miny": 3498924.7263179393, "bbox_maxx": -10622753.293753026, "bbox_maxy": 3504253.1384997787, "label_x": -10627642.898285646, "label_y": 3501596.1321923239 }, "geometry": { "type": "Polygon", "coordinates": [ [ [ -10626908.481792336329818, 3504107.521694815717638 ], [ -10626763.421827597543597, 3503876.746535356156528 ], [ -10626640.415962094441056, 3503963.086829127278179 ], [ -10626627.219631932675838, 3503942.285533120855689 ], [ -10626674.322404570877552, 3503906.741884215269238 ], [ -10626617.241766173392534, 3503820.584766526240855 ], [ -10626663.080710265785456, 3503787.424377365037799 ], [ -10626625.483458202332258, 3503737.590539617463946 ], [ -10626878.903728192672133, 3503572.276365926023573 ], [ -10626776.389212738722563, 3503481.249251466244459 ], [ -10626797.044576210901141, 3503466.506940823048353 ], [ -10626671.720341453328729, 3503268.917994833085686 ], [ -10626638.154358426108956, 3503294.201534726656973 ], [ -10626579.575505031272769, 3503208.180421098135412 ], [ -10626541.824428964406252, 3503234.087672981899232 ], [ -10626371.078921617940068, 3502964.997088697273284 ], [ -10626089.57648541405797, 3503151.502765582874417 ], [ -10624920.859648471698165, 3501991.551836774684489 ], [ -10624962.369856176897883, 3501902.720979481004179 ], [ -10624908.965077251195908, 3501893.544217630755156 ], [ -10624867.022321749478579, 3501937.071940131019801 ], [ -10624612.423477735370398, 3501699.629887602757663 ], [ -10624626.898400167003274, 3501245.838785632513463 ], [ -10624337.576710447669029, 3501243.02652250835672 ], [ -10624334.589182542636991, 3501084.619591667782515 ], [ -10624137.898697653785348, 3500867.797205247916281 ], [ -10624099.8172393925488, 3500937.468958539888263 ], [ -10623910.726015714928508, 3500741.506724482402205 ], [ -10623880.489495849236846, 3500770.355319358874112 ], [ -10623711.638613998889923, 3500601.411110708024353 ], [ -10623732.424434678629041, 3500577.853088325820863 ], [ -10623306.401821374893188, 3500149.824159055948257 ], [ -10623229.108381910249591, 3500150.667678785976022 ], [ -10623220.042853808030486, 3499819.517326345667243 ], [ -10622865.446123726665974, 3499599.240817092359066 ], [ -10622753.293753026053309, 3499434.257744063157588 ], [ -10623028.003733769059181, 3499432.141245231963694 ], [ -10623424.079554447904229, 3499217.94265193445608 ], [ -10623432.268542869016528, 3499437.649530639871955 ], [ -10623767.223266843706369, 3499442.405237989500165 ], [ -10623759.142008364200592, 3499187.804504989646375 ], [ -10623953.479311093688011, 3499189.826978021301329 ], [ -10623951.367006866261363, 3499443.328433137387037 ], [ -10624971.374137777835131, 3499447.014460797421634 ], [ -10624971.397361539304256, 3499372.469328631646931 ], [ -10625528.588450264185667, 3499358.22714713588357 ], [ -10625527.591522401198745, 3499167.673580528702587 ], [ -10625735.635075224563479, 3499167.146142574958503 ], [ -10625738.203964721411467, 3499106.397295773494989 ], [ -10625865.880128955468535, 3499105.623836108949035 ], [ -10625923.286696936935186, 3499357.948326870799065 ], [ -10626835.863254524767399, 3499330.127155734226108 ], [ -10626832.841617621481419, 3499220.149488428607583 ], [ -10627170.378675797954202, 3499215.599549572449178 ], [ -10627522.849054722115397, 3499445.601211544591933 ], [ -10627520.020043786615133, 3499270.473962803371251 ], [ -10627424.881034461781383, 3499008.200901616830379 ], [ -10627733.345655657351017, 3499000.057837101165205 ], [ -10627974.877393029630184, 3498924.726317939348519 ], [ -10628066.19100378267467, 3498986.822881299536675 ], [ -10628945.153272422030568, 3498962.201707553118467 ], [ -10629154.430190054699779, 3499277.800486367661506 ], [ -10629215.379887245595455, 3499237.141790737397969 ], [ -10629219.532592363655567, 3499391.38811872061342 ], [ -10629167.919687449932098, 3499424.454363213852048 ], [ -10629288.818434651941061, 3499603.354025570210069 ], [ -10629448.88283659145236, 3499499.565992120653391 ], [ -10629621.2524722982198, 3499762.038811407983303 ], [ -10629511.809079091995955, 3499836.370899341534823 ], [ -10629695.910464683547616, 3500099.998079866636544 ], [ -10629637.440816551446915, 3500138.607126569375396 ], [ -10629689.651325110346079, 3500219.211892671883106 ], [ -10629776.625711750239134, 3500167.708632059860975 ], [ -10629814.847644848749042, 3500226.427503948565573 ], [ -10629756.814127659425139, 3500263.241561417933553 ], [ -10629850.844606911763549, 3500399.588096229359508 ], [ -10629985.495714612305164, 3500310.834879228379577 ], [ -10630091.732361849397421, 3500408.152362272143364 ], [ -10629977.347754541784525, 3500483.655736638698727 ], [ -10630188.345306238159537, 3500574.622229770757258 ], [ -10630132.257990015670657, 3500766.775734665803611 ], [ -10630282.721523527055979, 3500835.502710373606533 ], [ -10630362.583385271951556, 3500790.778693676926196 ], [ -10630511.091908317059278, 3501024.500376306008548 ], [ -10630310.061667071655393, 3501152.563343896530569 ], [ -10630479.177606575191021, 3501404.574063071515411 ], [ -10630523.838897513225675, 3501373.594933630432934 ], [ -10630603.004588894546032, 3501497.140314941294491 ], [ -10630642.16930147446692, 3501469.144248430617154 ], [ -10630707.671707192435861, 3501567.246490838937461 ], [ -10630624.85495188087225, 3501625.017893809359521 ], [ -10630736.438870441168547, 3501837.684697391465306 ], [ -10630466.855032036080956, 3502004.964779867790639 ], [ -10630522.561913225799799, 3502091.132394782733172 ], [ -10630475.504676446318626, 3502122.651618471834809 ], [ -10630442.250539710745215, 3502078.372055989224464 ], [ -10630379.869427103549242, 3502118.059064673725516 ], [ -10630392.732814403250813, 3502166.421138824895024 ], [ -10629604.196955488994718, 3502328.204394199419767 ], [ -10629589.75219607912004, 3502364.048861751332879 ], [ -10629671.862601231783628, 3502494.168174898717552 ], [ -10629519.852619424462318, 3502595.89177351212129 ], [ -10629497.202988097444177, 3502531.970610135234892 ], [ -10629278.571507755666971, 3502675.7970015197061 ], [ -10629371.862435577437282, 3502807.402602523565292 ], [ -10629229.24074842967093, 3502919.265254784375429 ], [ -10629210.694903234019876, 3502890.026444582268596 ], [ -10628935.89692635461688, 3503057.121870796661824 ], [ -10628901.503879960626364, 3503004.364382965024561 ], [ -10628453.646246762946248, 3503280.201981858350337 ], [ -10628496.517575800418854, 3503348.680833744816482 ], [ -10628438.411954339593649, 3503386.75096938200295 ], [ -10628465.443007661029696, 3503432.225800492335111 ], [ -10628254.269466061145067, 3503579.806868337560445 ], [ -10628132.542155481874943, 3503631.117786313872784 ], [ -10628047.218057226389647, 3503616.995565940625966 ], [ -10627976.155924519523978, 3503663.13347366405651 ], [ -10627988.555048545822501, 3503682.741697060409933 ], [ -10627954.969830967485905, 3503704.193580082152039 ], [ -10628005.675496015697718, 3503783.094784283079207 ], [ -10627939.422140525653958, 3503827.631642198190093 ], [ -10627872.94747494161129, 3503762.993975169956684 ], [ -10627662.987712323665619, 3503672.366770131047815 ], [ -10627492.579813668504357, 3503779.755537749733776 ], [ -10627458.502655057236552, 3503726.274990748148412 ], [ -10627071.598510352894664, 3503977.337375742383301 ], [ -10627227.590054225176573, 3504220.296971983276308 ], [ -10627175.023263905197382, 3504253.138499778695405 ], [ -10627021.144966037943959, 3504034.974944662302732 ], [ -10626908.481792336329818, 3504107.521694815717638 ] ] ] } },
{ "type": "Feature", "properties": { "ZIP": "77373", "POSTAL": "SPRING", "STATE": "TX", "ZIP_TYPE": "STANDARD", "bbox_minx": -10624000.246631747, "bbox_miny": 3506928.4686692357, "bbox_maxx": -10609776.064720726, "bbox_maxy": 3518411.3825758169, "label_x": -10618728.258483294, "label_y": 3512662.1586541692 }, "geometry": { "type": "Polygon", "coordinates": [ [ [ -10622437.572821162641048, 3517802.874242853373289 ], [ -10622378.544259974732995, 3517674.906524509191513 ], [ -10622268.859159324318171, 3517633.39279820676893 ], [ -10621985.202375803142786, 3517271.53827092051506 ], [ -10621987.70152560994029, 3517025.844390213489532 ], [ -10621881.725409032776952, 3516915.440318439155817 ], [ -10621587.396673319861293, 3516727.961250263731927 ], [ -10621453.924491157755256, 3516593.755401503294706 ], [ -10621227.946006769314408, 3515967.393549464643002 ], [ -10621310.211070695891976, 3515857.255788845010102 ], [ -10621292.733984101563692, 3515772.851869427133352 ], [ -10621179.64333856292069, 3515748.580627180635929 ], [ -10620978.367650575935841, 3515473.454139164183289 ], [ -10620787.780875988304615, 3515477.171346412040293 ], [ -10620523.07084372267127, 3515381.847856676205993 ], [ -10620169.386017046868801, 3515348.513968472369015 ], [ -10619913.262815825641155, 3515165.057474973145872 ], [ -10619711.885875819250941, 3514586.881684138905257 ], [ -10619529.433115266263485, 3514428.383452769834548 ], [ -10618909.16104743629694, 3514189.867554827593267 ], [ -10618816.320520697161555, 3514252.390731084160507 ], [ -10618792.73599873483181, 3514343.078886615578085 ], [ -10618318.16582508943975, 3514442.277739848941565 ], [ -10618203.284105209633708, 3514577.36146913934499 ], [ -10618165.324043666943908, 3514759.148106463253498 ], [ -10617930.074961857870221, 3514778.726989329792559 ], [ -10617851.180542258545756, 3514755.288463502191007 ], [ -10617730.205688092857599, 3514786.720905672758818 ], [ -10617396.741756582632661, 3514685.570977138355374 ], [ -10617302.709396854043007, 3514612.354873151518404 ], [ -10617076.508140379562974, 3514588.425490580499172 ], [ -10616999.511357018724084, 3514444.277283969335258 ], [ -10617026.748414382338524, 3514288.026479677297175 ], [ -10616956.060567066073418, 3513875.841555000748485 ], [ -10616830.937398163601756, 3513730.344972791150212 ], [ -10616578.79869444668293, 3513573.529624386224896 ], [ -10616228.253703208640218, 3513557.578151193913072 ], [ -10616043.797319332137704, 3513398.835209806915373 ], [ -10615947.394619883969426, 3513427.779193464200944 ], [ -10615757.376655332744122, 3513593.102403175085783 ], [ -10615506.825113153085113, 3513557.5625080014579 ], [ -10615419.62889919988811, 3513433.182109132874757 ], [ -10615315.656554574146867, 3513389.315807407256216 ], [ -10615010.600507726892829, 3513487.160007625352591 ], [ -10614914.361070496961474, 3513473.503671108745039 ], [ -10614717.982114873826504, 3513366.160604711156338 ], [ -10614350.18246391415596, 3513393.432280300185084 ], [ -10614242.123731177300215, 3513281.895830403547734 ], [ -10614259.679862514138222, 3513057.429036168847233 ], [ -10614219.270808050408959, 3512979.861330803018063 ], [ -10614127.43231931887567, 3512927.506662056781352 ], [ -10613957.89268053509295, 3512913.09947409061715 ], [ -10613822.309684544801712, 3512848.552845988422632 ], [ -10613665.566537078469992, 3512686.751279178075492 ], [ -10613520.184438962489367, 3512290.263290070462972 ], [ -10613321.367862118408084, 3512157.776312156114727 ], [ -10613119.906721711158752, 3512114.426200915593654 ], [ -10612923.289304357022047, 3511665.271073976531625 ], [ -10612787.813474988564849, 3511625.912463613320142 ], [ -10612303.351126983761787, 3511660.2547622397542 ], [ -10611914.289464065805078, 3511505.780149458441883 ], [ -10611943.232579708099365, 3511307.062237204052508 ], [ -10611756.438422540202737, 3511012.785424592439085 ], [ -10611165.109280666336417, 3510331.653457715176046 ], [ -10610966.404046485200524, 3510313.519598511047661 ], [ -10610781.279732482507825, 3510423.48068279447034 ], [ -10610511.047062365338206, 3510457.105147946625948 ], [ -10610189.173666059970856, 3509988.875358668621629 ], [ -10610121.043803997337818, 3509730.163061660714447 ], [ -10610015.512909077107906, 3509590.115092927590013 ], [ -10609833.282909659668803, 3509450.325907514430583 ], [ -10609776.064720725640655, 3509281.603624971117824 ], [ -10609795.100373676046729, 3509163.55069671291858 ], [ -10609977.107662668451667, 3509015.793312173802406 ], [ -10610028.09196343831718, 3508934.906835429836065 ], [ -10610168.799840303137898, 3508283.332679126877338 ], [ -10610145.534126805141568, 3508062.291160026099533 ], [ -10609977.02671180665493, 3507763.597255301196128 ], [ -10609988.462275667116046, 3507735.172114508226514 ], [ -10610061.265207961201668, 3507705.726659287232906 ], [ -10610183.160101979970932, 3507801.392438343260437 ], [ -10610237.038717331364751, 3507799.97797912824899 ], [ -10610408.248118601739407, 3507628.963009973522276 ], [ -10610518.45432411506772, 3507587.174065929837525 ], [ -10610591.145989190787077, 3507691.068185896612704 ], [ -10610588.474306927993894, 3507831.481054056901485 ], [ -10610675.860102528706193, 3507966.366174908354878 ], [ -10610810.556671330705285, 3507982.696516967844218 ], [ -10610938.574165584519506, 3507908.503014924935997 ], [ -10611128.485184600576758, 3507860.412383457645774 ], [ -10611242.476375790312886, 3507791.877222380135208 ], [ -10611263.515756757929921, 3507727.45709405047819 ], [ -10611258.617666985839605, 3507535.227286360692233 ], [ -10611162.882926011458039, 3507463.865096602123231 ], [ -10611159.432007318362594, 3507427.734103505965322 ], [ -10611300.028531532734632, 3507335.928446254692972 ], [ -10611356.022259160876274, 3507234.48014712985605 ], [ -10611474.466182015836239, 3507180.991911063436419 ], [ -10611538.029585285112262, 3507057.686919669155031 ], [ -10611702.114534772932529, 3506928.468669235706329 ], [ -10611745.974366702139378, 3507016.285504452418536 ], [ -10611763.562856348231435, 3507221.236711530014873 ], [ -10611932.434505416080356, 3507381.702666999772191 ], [ -10612163.088565645739436, 3507509.63970510661602 ], [ -10612226.429302563890815, 3507470.03693723352626 ], [ -10612323.499861899763346, 3507334.257029553875327 ], [ -10612449.40225356630981, 3507305.96967302961275 ], [ -10612595.676089601591229, 3507340.557375172618777 ], [ -10612673.043152902275324, 3507460.779149936512113 ], [ -10612760.985540244728327, 3507476.337384917773306 ], [ -10612803.84355166554451, 3507428.891336936037987 ], [ -10612850.263701053336263, 3507263.53886405704543 ], [ -10613077.466790711507201, 3507164.4055036874488 ], [ -10613343.965655917301774, 3507173.534413968212903 ], [ -10613431.351491719484329, 3507213.650636736769229 ], [ -10613428.791170908138156, 3507177.648938601836562 ], [ -10613669.018612053245306, 3507227.922676461748779 ], [ -10613825.088498938828707, 3507180.477590468712151 ], [ -10614069.880078367888927, 3507183.949251245707273 ], [ -10614308.326393578201532, 3507347.243470621760935 ], [ -10614359.867395140230656, 3507595.146130077540874 ], [ -10614575.604562420397997, 3507656.993897373322397 ], [ -10614779.764438815414906, 3507877.128396794665605 ], [ -10614824.403650294989347, 3507883.943386534228921 ], [ -10614854.905113536864519, 3507825.823321925010532 ], [ -10614896.872554747387767, 3507830.709567297250032 ], [ -10615163.26013695076108, 3508147.929840137250721 ], [ -10615287.715345926582813, 3508189.592078032903373 ], [ -10615383.672768598422408, 3508183.291326550301164 ], [ -10615527.497526910156012, 3508093.537590373773128 ], [ -10615777.74370733089745, 3507806.021473307162523 ], [ -10616099.011787882074714, 3507596.174698031041771 ], [ -10616244.06108870729804, 3507850.254328037146479 ], [ -10616293.598292712122202, 3508044.031866641249508 ], [ -10616455.205857111141086, 3508248.935108255594969 ], [ -10617096.434424443170428, 3508393.404842582531273 ], [ -10617397.442280020564795, 3508602.878847973886877 ], [ -10617614.069986267015338, 3508616.380966309458017 ], [ -10617772.922972930595279, 3508745.101983945351094 ], [ -10617969.179269360378385, 3508731.085373904090375 ], [ -10618113.226672129705548, 3508491.776237020269036 ], [ -10618637.430078823119402, 3508238.841150989290327 ], [ -10618847.935263622552156, 3508290.533667836803943 ], [ -10619081.483520777896047, 3508200.136298975441605 ], [ -10619255.809921313077211, 3508215.566718010697514 ], [ -10619375.701017089188099, 3508135.07107766950503 ], [ -10619531.770848110318184, 3508176.861913515720516 ], [ -10619670.25231109932065, 3508118.483459409791976 ], [ -10619727.693219099193811, 3508133.270932461135089 ], [ -10619776.339859949424863, 3508203.222330081276596 ], [ -10619878.753720033913851, 3508189.463496929034591 ], [ -10620001.873122435063124, 3507994.783532361499965 ], [ -10620353.308717377483845, 3507823.765945774503052 ], [ -10620382.474395042285323, 3507605.304072191007435 ], [ -10620534.091586355119944, 3507531.241228349506855 ], [ -10620633.611235339194536, 3507548.599661564454436 ], [ -10620777.992622427642345, 3507652.622177916113287 ], [ -10620800.701725261285901, 3507898.987668220885098 ], [ -10621027.014318918809295, 3508223.024910651613027 ], [ -10621174.735302593559027, 3508315.994201317895204 ], [ -10621363.199184976518154, 3508374.373604341875762 ], [ -10621729.440290596336126, 3508355.342375983018428 ], [ -10621955.530178587883711, 3508207.72295437566936 ], [ -10622042.025407856330276, 3508114.111467545386404 ], [ -10622372.087707424536347, 3508086.979727625846863 ], [ -10622460.4753437936306, 3508039.659953765571117 ], [ -10622504.112685004249215, 3507974.467098582535982 ], [ -10622701.593384275212884, 3508044.160499156918377 ], [ -10622831.057965809479356, 3508159.11683160578832 ], [ -10623137.100291572511196, 3508138.256500820163637 ], [ -10623160.264599923044443, 3508601.27526639867574 ], [ -10623281.345322113484144, 3509564.652004741132259 ], [ -10623546.397034818306565, 3510952.593264399562031 ], [ -10624000.246631747111678, 3513985.190117831807584 ], [ -10623828.480655681341887, 3514968.340886183548719 ], [ -10623814.565635986626148, 3515257.048122088424861 ], [ -10623874.627508137375116, 3517450.886012145783752 ], [ -10623954.087755547836423, 3517749.633927071001381 ], [ -10623791.396637031808496, 3518079.609457187354565 ], [ -10623287.913215773180127, 3518200.074079706799239 ], [ -10623183.384110709652305, 3518158.893754148855805 ], [ -10622926.659705173224211, 3518333.587194815743715 ], [ -10622661.741066528484225, 3518411.382575816940516 ], [ -10622532.610248489305377, 3518325.546108761802316 ], [ -10622437.572821162641048, 3517802.874242853373289 ] ] ] } },
{ "type": "Feature", "properties": { "ZIP": "77067", "POSTAL": "HOUSTON", "STATE": "TX", "ZIP_TYPE": "STANDARD", "bbox_minx": -10628945.153272422, "bbox_miny": 3495569.202569264, "bbox_maxx": -10621870.109966373, "bbox_maxy": 3499447.0144607974, "label_x": -10625000.218924757, "label_y": 3497510.5996777955 }, "geometry": { "type": "Polygon", "coordinates": [ [ [ -10622418.845908734947443, 3499055.488528119865805 ], [ -10622201.061815164983273, 3498405.504001098684967 ], [ -10622094.702243898063898, 3498215.998957757372409 ], [ -10622281.271867861971259, 3498211.746357462834567 ], [ -10622276.138615937903523, 3498055.317435200326145 ], [ -10622219.598794335499406, 3497996.061757987830788 ], [ -10622244.245422786101699, 3497656.764810615684837 ], [ -10622126.705986926332116, 3497707.709495339542627 ], [ -10622124.151893826201558, 3497464.005492898169905 ], [ -10622016.561689756810665, 3497466.511924099177122 ], [ -10621999.996792703866959, 3497125.128904129844159 ], [ -10621886.155903641134501, 3497124.535193025134504 ], [ -10621874.848197847604752, 3495908.487499034497887 ], [ -10622367.493501642718911, 3495896.494888653047383 ], [ -10623481.416830675676465, 3495569.202569263987243 ], [ -10623509.346227362751961, 3495708.680558030027896 ], [ -10623706.651908190920949, 3495704.135417817160487 ], [ -10623708.468854563310742, 3495857.071808707434684 ], [ -10623945.897393537685275, 3495856.51277858344838 ], [ -10623944.141549067571759, 3495790.017039991915226 ], [ -10625230.772281162440777, 3495795.540908797644079 ], [ -10625432.474788889288902, 3495665.161120924167335 ], [ -10626415.235373442992568, 3495656.337095111608505 ], [ -10626517.662571828812361, 3495789.110669015906751 ], [ -10626656.483061216771603, 3495695.994778772816062 ], [ -10626727.787247093394399, 3495738.869468686170876 ], [ -10626793.312360245734453, 3495693.286750925704837 ], [ -10626976.238556971773505, 3495983.833992792293429 ], [ -10627114.279689654707909, 3496056.530324971769005 ], [ -10627454.519047871232033, 3496375.27685796841979 ], [ -10627703.792638620361686, 3496426.217721092980355 ], [ -10627696.588363785296679, 3496482.432087114546448 ], [ -10627841.571413863450289, 3496704.387779116630554 ], [ -10627600.420846208930016, 3496854.581560261547565 ], [ -10627783.350099852308631, 3497123.504324787296355 ], [ -10627625.81162747554481, 3497132.497884314041585 ], [ -10627878.431899266317487, 3497514.534267770592123 ], [ -10628255.38903502188623, 3497500.287089494988322 ], [ -10628237.722867043688893, 3497729.282028045970947 ], [ -10628184.971989484503865, 3497730.488119764719158 ], [ -10628189.93900778517127, 3497881.544918488711119 ], [ -10628342.051552802324295, 3497880.361516337376088 ], [ -10628342.867317264899611, 3497986.35234972788021 ], [ -10628496.477129241451621, 3497985.171508976723999 ], [ -10628497.005189737305045, 3498116.171703863423318 ], [ -10628559.939614871516824, 3498116.834235945250839 ], [ -10628538.59513084217906, 3498231.297082656528801 ], [ -10628572.456942921504378, 3498282.494768511038274 ], [ -10628537.923844385892153, 3498304.921640437562019 ], [ -10628637.121151393279433, 3498469.043798510916531 ], [ -10628563.079299166798592, 3498514.648958282545209 ], [ -10628608.150456305593252, 3498578.125779801979661 ], [ -10628886.188460810109973, 3498560.292869868688285 ], [ -10628918.757656369358301, 3498718.550171649083495 ], [ -10628793.986067375168204, 3498734.033307970501482 ], [ -10628945.153272422030568, 3498962.201707553118467 ], [ -10628066.19100378267467, 3498986.822881299536675 ], [ -10627974.877393029630184, 3498924.726317939348519 ], [ -10627733.345655657351017, 3499000.057837101165205 ], [ -10627424.881034461781383, 3499008.200901616830379 ], [ -10627520.020043786615133, 3499270.473962803371251 ], [ -10627522.849054722115397, 3499445.601211544591933 ], [ -10627170.378675797954202, 3499215.599549572449178 ], [ -10626832.841617621481419, 3499220.149488428607583 ], [ -10626835.863254524767399, 3499330.127155734226108 ], [ -10625923.286696936935186, 3499357.948326870799065 ], [ -10625865.880128955468535, 3499105.623836108949035 ], [ -10625738.203964721411467, 3499106.397295773494989 ], [ -10625735.635075224563479, 3499167.146142574958503 ], [ -10625527.591522401198745, 3499167.673580528702587 ], [ -10625528.588450264185667, 3499358.22714713588357 ], [ -10624971.397361539304256, 3499372.469328631646931 ], [ -10624971.374137777835131, 3499447.014460797421634 ], [ -10623951.367006866261363, 3499443.328433137387037 ], [ -10623953.479311093688011, 3499189.826978021301329 ], [ -10623759.142008364200592, 3499187.804504989646375 ], [ -10623767.223266843706369, 3499442.405237989500165 ], [ -10623432.268542869016528, 3499437.649530639871955 ], [ -10623424.079554447904229, 3499217.94265193445608 ], [ -10623028.003733769059181, 3499432.141245231963694 ], [ -10622753.293753026053309, 3499434.257744063157588 ], [ -10622681.146285133436322, 3499344.719318422488868 ], [ -10622594.800838530063629, 3499145.188731021713465 ], [ -10622428.859836608171463, 3499177.886867633089423 ], [ -10622418.845908734947443, 3499055.488528119865805 ] ] ] } },
{ "type": "Feature", "properties": { "ZIP": "77090", "POSTAL": "HOUSTON", "STATE": "TX", "ZIP_TYPE": "STANDARD", "bbox_minx": -10628274.135741362, "bbox_miny": 3499040.4385619657, "bbox_maxx": -10621779.938140223, "bbox_maxy": 3508403.1776640373, "label_x": -10624513.386651218, "label_y": 3503700.3731986713 }, "geometry": { "type": "Polygon", "coordinates": [ [ [ -10623137.100291572511196, 3508138.256500820163637 ], [ -10623064.768958278000355, 3508147.861411262303591 ], [ -10623060.152341252192855, 3507524.851922522764653 ], [ -10622815.738154374063015, 3507521.289208174217492 ], [ -10622818.703461827710271, 3506907.516989683266729 ], [ -10622927.401046233251691, 3506910.46548308711499 ], [ -10622928.841783670708537, 3506761.160309053957462 ], [ -10622818.776594240218401, 3506759.325057161971927 ], [ -10622801.577382186427712, 3506618.488074736203998 ], [ -10622867.677133295685053, 3506613.963059593457729 ], [ -10622840.905918383970857, 3506421.167421482037753 ], [ -10623012.099434686824679, 3506369.188167426269501 ], [ -10623005.820302182808518, 3506198.492277837824076 ], [ -10622814.305639769881964, 3506230.019676238298416 ], [ -10622776.790906243026257, 3505657.123283525928855 ], [ -10622684.282498136162758, 3505654.240153288468719 ], [ -10622678.978432174772024, 3505548.178700570017099 ], [ -10622484.99439805559814, 3505543.783321425784379 ], [ -10622407.83281335234642, 3504670.916938762180507 ], [ -10622702.85423874668777, 3504679.2045295573771 ], [ -10622647.76863281801343, 3504355.936166641302407 ], [ -10622700.17153306864202, 3504351.777316901832819 ], [ -10622672.917388454079628, 3504171.637893166393042 ], [ -10622342.070001376792789, 3504185.414552308153361 ], [ -10622268.80293832719326, 3503884.023285347502679 ], [ -10622372.123989827930927, 3503808.143331388011575 ], [ -10622411.337025379762053, 3503841.318471889477223 ], [ -10622192.420532574877143, 3503362.076934899203479 ], [ -10622640.284733982756734, 3503298.30680405953899 ], [ -10622581.192086363211274, 3503249.547015108633786 ], [ -10622342.705678667873144, 3502878.10380233777687 ], [ -10622090.051603993400931, 3502865.519935726653785 ], [ -10622089.908782565966249, 3502597.024561130907387 ], [ -10622446.678337216377258, 3502639.629353869706392 ], [ -10622413.621822932735085, 3502438.152761547826231 ], [ -10622242.079057479277253, 3502441.668730416800827 ], [ -10622235.000281725078821, 3502169.81085210153833 ], [ -10622351.582477221265435, 3502168.265475024934858 ], [ -10622352.934760628268123, 3502091.868906999006867 ], [ -10621782.717214280739427, 3502098.698613401502371 ], [ -10621779.938140222802758, 3501942.791560787707567 ], [ -10622249.118518205359578, 3501941.950015164911747 ], [ -10622222.334844226017594, 3501447.101636516395956 ], [ -10622255.486873520538211, 3501408.854992462787777 ], [ -10622158.199162892997265, 3500788.839485634118319 ], [ -10621945.615711621940136, 3500759.547366705257446 ], [ -10621936.833409205079079, 3500220.518724252935499 ], [ -10622161.457542948424816, 3500217.221359017770737 ], [ -10622127.901688925921917, 3500089.554340821690857 ], [ -10621937.330393303185701, 3500100.550881154369563 ], [ -10621917.846098739653826, 3499108.188242073170841 ], [ -10622152.861111188307405, 3499123.916737160179764 ], [ -10622171.570918638259172, 3499040.438561965711415 ], [ -10622418.845908734947443, 3499055.488528119865805 ], [ -10622428.859836608171463, 3499177.886867633089423 ], [ -10622594.800838530063629, 3499145.188731021713465 ], [ -10622681.146285133436322, 3499344.719318422488868 ], [ -10622865.446123726665974, 3499599.240817092359066 ], [ -10623220.042853808030486, 3499819.517326345667243 ], [ -10623229.108381910249591, 3500150.667678785976022 ], [ -10623306.401821374893188, 3500149.824159055948257 ], [ -10623732.424434678629041, 3500577.853088325820863 ], [ -10623711.638613998889923, 3500601.411110708024353 ], [ -10623880.489495849236846, 3500770.355319358874112 ], [ -10623910.726015714928508, 3500741.506724482402205 ], [ -10624099.8172393925488, 3500937.468958539888263 ], [ -10624137.898697653785348, 3500867.797205247916281 ], [ -10624334.589182542636991, 3501084.619591667782515 ], [ -10624337.576710447669029, 3501243.02652250835672 ], [ -10624626.898400167003274, 3501245.838785632513463 ], [ -10624612.423477735370398, 3501699.629887602757663 ], [ -10624867.022321749478579, 3501937.071940131019801 ], [ -10624908.965077251195908, 3501893.544217630755156 ], [ -10624962.369856176897883, 3501902.720979481004179 ], [ -10624920.859648471698165, 3501991.551836774684489 ], [ -10626089.57648541405797, 3503151.502765582874417 ], [ -10626371.078921617940068, 3502964.997088697273284 ], [ -10626541.824428964406252, 3503234.087672981899232 ], [ -10626579.575505031272769, 3503208.180421098135412 ], [ -10626638.154358426108956, 3503294.201534726656973 ], [ -10626671.720341453328729, 3503268.917994833085686 ], [ -10626797.044576210901141, 3503466.506940823048353 ], [ -10626776.389212738722563, 3503481.249251466244459 ], [ -10626878.903728192672133, 3503572.276365926023573 ], [ -10626625.483458202332258, 3503737.590539617463946 ], [ -10626663.080710265785456, 3503787.424377365037799 ], [ -10626617.241766173392534, 3503820.584766526240855 ], [ -10626674.322404570877552, 3503906.741884215269238 ], [ -10626627.219631932675838, 3503942.285533120855689 ], [ -10626640.415962094441056, 3503963.086829127278179 ], [ -10626763.421827597543597, 3503876.746535356156528 ], [ -10626908.481792336329818, 3504107.521694815717638 ], [ -10626784.067916464060545, 3504193.923955494072288 ], [ -10627161.605360651388764, 3504749.305645680055022 ], [ -10626844.083512146025896, 3504952.708591914270073 ], [ -10626980.947268156334758, 3505174.647839027456939 ], [ -10627225.205274153500795, 3505021.717384504154325 ], [ -10627595.230755237862468, 3505615.813356947153807 ], [ -10627606.774735376238823, 3505674.222856199834496 ], [ -10627383.805198106914759, 3505815.025481523014605 ], [ -10627472.902959275990725, 3505947.676006021909416 ], [ -10627724.833947757259011, 3505787.262208215426654 ], [ -10627742.319906871765852, 3505815.559982267674059 ], [ -10627789.818721579387784, 3505785.788620758336037 ], [ -10627841.930250817909837, 3505873.559437137562782 ], [ -10627551.016109267249703, 3506071.899417345877737 ], [ -10627664.383036974817514, 3506256.89548331964761 ], [ -10627824.837793819606304, 3506171.437443780712783 ], [ -10627976.596089728176594, 3506413.04429498501122 ], [ -10628131.729579947888851, 3506318.327651334460825 ], [ -10628227.096516910940409, 3506435.754810197744519 ], [ -10628112.995457755401731, 3506510.166028767824173 ], [ -10628274.135741362348199, 3506733.42221942031756 ], [ -10628125.746926719322801, 3506924.99711098195985 ], [ -10627953.424319239333272, 3507070.030255784746259 ], [ -10627824.071122467517853, 3507065.530057854484767 ], [ -10627755.609576756134629, 3507007.285251737106591 ], [ -10627567.368298536166549, 3506934.125948160421103 ], [ -10627406.622958090156317, 3506946.212018294259906 ], [ -10627358.198996340855956, 3507057.558336462359875 ], [ -10627359.3122289609164, 3507210.564700425136834 ], [ -10627157.935318807139993, 3507404.589739449787885 ], [ -10627063.758966246619821, 3507731.571740665938705 ], [ -10626967.244929142296314, 3507792.005894332658499 ], [ -10626886.983623914420605, 3507743.658552762586623 ], [ -10626831.880513170734048, 3507763.331796368584037 ], [ -10626707.425296487286687, 3508043.003215201199055 ], [ -10626479.331601871177554, 3508125.684267304372042 ], [ -10626252.685182576999068, 3508134.942515618167818 ], [ -10626019.47083923779428, 3508193.578236687928438 ], [ -10625832.788043968379498, 3508179.433712537866086 ], [ -10625581.985191289335489, 3508403.177664037328213 ], [ -10625496.714457394555211, 3508303.77824338991195 ], [ -10625269.845328342169523, 3508239.484107939526439 ], [ -10625201.495187090709805, 3508127.87024802248925 ], [ -10625011.806825989857316, 3508241.541561600752175 ], [ -10624813.324199477210641, 3508285.261507284361869 ], [ -10624704.008347049355507, 3508250.542721425648779 ], [ -10624511.870924005284905, 3508103.438752685207874 ], [ -10624480.367517728358507, 3507959.679785089101642 ], [ -10624419.475749295204878, 3507947.721400165464729 ], [ -10624331.533403737470508, 3508006.227686078287661 ], [ -10624253.164501840248704, 3507896.030238762497902 ], [ -10624135.722412912175059, 3508014.328572378493845 ], [ -10624085.851217633113265, 3508013.171255385968834 ], [ -10624019.950151085853577, 3507948.750056524761021 ], [ -10623882.470547907054424, 3508018.057552271988243 ], [ -10623798.758319852873683, 3507909.274474677629769 ], [ -10623756.679489189758897, 3507896.41603773040697 ], [ -10623566.879861364141107, 3508139.443091365508735 ], [ -10623498.641016401350498, 3508107.167728753760457 ], [ -10623405.800483826547861, 3508142.143391834571958 ], [ -10623368.063246991485357, 3508103.05298941815272 ], [ -10623355.261411005631089, 3508003.91309158410877 ], [ -10623292.143261214718223, 3507994.140681646298617 ], [ -10623137.100291572511196, 3508138.256500820163637 ] ] ] } },
{ "type": "Feature", "properties": { "ZIP": "77060", "POSTAL": "HOUSTON", "STATE": "TX", "ZIP_TYPE": "STANDARD", "bbox_minx": -10622418.845908735, "bbox_miny": 3490976.1004040199, "bbox_maxx": -10616893.707118372, "bbox_maxy": 3499174.4997949493, "label_x": -10619566.072032526, "label_y": 3495132.1515715509 }, "geometry": { "type": "Polygon", "coordinates": [ [ [ -10618497.429828861728311, 3498770.224432458169758 ], [ -10617846.282519865781069, 3495725.914381709415466 ], [ -10617498.965689087286592, 3494275.147642732132226 ], [ -10617315.956385554745793, 3493302.838188882917166 ], [ -10617214.099160255864263, 3493018.22364474227652 ], [ -10617204.257916919887066, 3492649.312265587970614 ], [ -10616893.707118371501565, 3491215.054942290764302 ], [ -10617389.545179972425103, 3491211.520727127790451 ], [ -10617392.711651364341378, 3491094.983693636488169 ], [ -10617474.816693130880594, 3491095.253603185527027 ], [ -10617479.262079471722245, 3490980.512176414486021 ], [ -10617996.327092574909329, 3490976.100404019933194 ], [ -10618023.791737528517842, 3491048.965714467223734 ], [ -10618199.462821129709482, 3491081.215362008661032 ], [ -10618218.393795263022184, 3491204.011194551829249 ], [ -10618404.783335499465466, 3491205.733733694534749 ], [ -10618412.086884800344706, 3491010.760207595769316 ], [ -10618457.026364864781499, 3491007.284190101549029 ], [ -10618457.458895139396191, 3491030.347151474561542 ], [ -10618867.902898980304599, 3491027.000915183220059 ], [ -10618883.945636013522744, 3491101.188997781369835 ], [ -10619112.853590402752161, 3491119.24036920350045 ], [ -10619877.518685018643737, 3491105.385250613093376 ], [ -10619899.032472422346473, 3491180.065739433281124 ], [ -10619876.538214126601815, 3491253.329314429312944 ], [ -10619922.15114320255816, 3491252.341954356059432 ], [ -10619942.519558990374207, 3491318.750433423556387 ], [ -10619988.828040111809969, 3491338.762051857542247 ], [ -10619990.918595166876912, 3491380.230955985374749 ], [ -10619961.306003384292126, 3491380.858807878568769 ], [ -10619995.795473309233785, 3491549.20575926406309 ], [ -10619698.432343939319253, 3491552.799696673639119 ], [ -10619703.686634926125407, 3491861.598983396776021 ], [ -10620110.593107646331191, 3491859.823853171430528 ], [ -10620132.147944370284677, 3492000.98485938552767 ], [ -10620071.671704430133104, 3492002.794698441866785 ], [ -10620074.438755378127098, 3492035.356915104202926 ], [ -10620108.16060795634985, 3492034.750342444516718 ], [ -10620108.747662488371134, 3492079.359879598487169 ], [ -10620184.537604292854667, 3492085.506796166766435 ], [ -10620198.975922832265496, 3492203.271307698450983 ], [ -10620162.653167193755507, 3492200.671920798253268 ], [ -10620170.973259771242738, 3492310.729065848980099 ], [ -10620331.354465235024691, 3492308.167646002024412 ], [ -10620386.102219991385937, 3492484.034953635651618 ], [ -10620291.053729711100459, 3492492.543317413888872 ], [ -10620294.182054605334997, 3492677.176698471885175 ], [ -10620362.55631729401648, 3492697.671758052427322 ], [ -10620290.652675569057465, 3492714.896107599139214 ], [ -10620466.175482071936131, 3493257.730145500507206 ], [ -10620548.640168545767665, 3493229.904606303200126 ], [ -10620572.045057760551572, 3493297.782458697911352 ], [ -10620439.641590982675552, 3493338.209198176860809 ], [ -10620500.788611829280853, 3493534.881492419634014 ], [ -10620507.002971777692437, 3493781.422385448589921 ], [ -10620789.120965098962188, 3493768.125032146461308 ], [ -10620880.616185085847974, 3494066.637451126705855 ], [ -10620676.744583973661065, 3494072.395909845363349 ], [ -10620681.553054327145219, 3494159.228720602579415 ], [ -10620647.201818574219942, 3494236.318749842233956 ], [ -10620753.594217009842396, 3494572.283021299634129 ], [ -10620710.674859376624227, 3494572.508647090755403 ], [ -10620718.929513009265065, 3494684.657866391353309 ], [ -10620963.362061033025384, 3494684.395431330427527 ], [ -10620964.441990118473768, 3494772.262174888979644 ], [ -10621487.640889409929514, 3494773.517538533546031 ], [ -10621491.577330784872174, 3494877.832905727438629 ], [ -10621426.160056512802839, 3494876.886646368540823 ], [ -10621443.090138779953122, 3495194.170125015545636 ], [ -10621363.546543050557375, 3495210.709166834130883 ], [ -10621514.480043532326818, 3495287.566676765214652 ], [ -10621420.841080585494637, 3495437.273087662644684 ], [ -10621861.520573582500219, 3495431.667290731333196 ], [ -10621886.155903641134501, 3497124.535193025134504 ], [ -10621999.996792703866959, 3497125.128904129844159 ], [ -10622016.561689756810665, 3497466.511924099177122 ], [ -10622124.151893826201558, 3497464.005492898169905 ], [ -10622126.705986926332116, 3497707.709495339542627 ], [ -10622244.245422786101699, 3497656.764810615684837 ], [ -10622219.598794335499406, 3497996.061757987830788 ], [ -10622276.138615937903523, 3498055.317435200326145 ], [ -10622281.271867861971259, 3498211.746357462834567 ], [ -10622094.702243898063898, 3498215.998957757372409 ], [ -10622201.061815164983273, 3498405.504001098684967 ], [ -10622418.845908734947443, 3499055.488528119865805 ], [ -10622171.570918638259172, 3499040.438561965711415 ], [ -10622152.861111188307405, 3499123.916737160179764 ], [ -10620150.573215713724494, 3499157.165594052057713 ], [ -10620070.69516603089869, 3498634.969415455125272 ], [ -10620032.116315435618162, 3498636.554220388177782 ], [ -10620042.086204789578915, 3498718.600189437624067 ], [ -10619973.336314328014851, 3498718.859224856365472 ], [ -10619984.390914486721158, 3499041.347207845654339 ], [ -10619894.016467427834868, 3499040.608122922014445 ], [ -10619894.4155597910285, 3499089.396888527553529 ], [ -10619602.768533511087298, 3499101.279225680977106 ], [ -10619604.908720660954714, 3499174.499794949311763 ], [ -10619427.95103919133544, 3499174.374085607007146 ], [ -10619428.000821823254228, 3498788.049115553032607 ], [ -10618497.429828861728311, 3498770.224432458169758 ] ] ] } },
{ "type": "Feature", "properties": { "ZIP": "77088", "POSTAL": "HOUSTON", "STATE": "TX", "ZIP_TYPE": "STANDARD", "bbox_minx": -10631057.38666096, "bbox_miny": 3485979.3143654834, "bbox_maxx": -10620960.126161832, "bbox_maxy": 3490660.8277932252, "label_x": -10626027.733098604, "label_y": 3488302.4013960022 }, "geometry": { "type": "Polygon", "coordinates": [ [ [ -10621462.481599040329456, 3490450.314834616146982 ], [ -10621451.628513080999255, 3488855.478280241135508 ], [ -10621490.124018868431449, 3488855.505185089539737 ], [ -10621487.96605409681797, 3488513.785238583572209 ], [ -10621519.650095574557781, 3488513.550213161855936 ], [ -10621506.115228407084942, 3488197.655749614350498 ], [ -10621626.444443620741367, 3488200.891535382717848 ], [ -10621453.179452687501907, 3487935.43934091925621 ], [ -10621344.439123436808586, 3487935.579169583041221 ], [ -10621343.651715267449617, 3487864.546263951342553 ], [ -10621407.588764436542988, 3487863.978620985522866 ], [ -10620995.288199348375201, 3487243.303801478818059 ], [ -10620960.126161832362413, 3487110.45969979185611 ], [ -10621232.529766324907541, 3487100.016630199272186 ], [ -10621245.55868960544467, 3486985.718646845314652 ], [ -10621175.804199615493417, 3486981.401963767595589 ], [ -10621173.564138624817133, 3486849.382315176073462 ], [ -10621204.346548415720463, 3486861.168624786660075 ], [ -10621207.14577161706984, 3486781.763290575239807 ], [ -10621505.242784498259425, 3486656.121826586313546 ], [ -10621507.997160708531737, 3486809.489982406143099 ], [ -10622161.919350789859891, 3486810.015450445003808 ], [ -10622040.115672715008259, 3486504.087126501370221 ], [ -10622497.648489233106375, 3486328.276390767190605 ], [ -10622489.956953555345535, 3486262.740774856414646 ], [ -10622612.752605909481645, 3486261.917266114614904 ], [ -10622627.565986486151814, 3486186.8064961778 ], [ -10622835.216781986877322, 3486103.410386460833251 ], [ -10622882.932612219825387, 3486158.459619659464806 ], [ -10623018.526740029454231, 3486110.214811192825437 ], [ -10622960.352281752973795, 3486051.311567631550133 ], [ -10623015.291765647009015, 3486027.504933899268508 ], [ -10623173.41802167519927, 3486026.680435064248741 ], [ -10623184.677862498909235, 3486171.890425861347467 ], [ -10623238.591018358245492, 3486141.33043078891933 ], [ -10623238.274331035092473, 3486085.541080877650529 ], [ -10623295.654644245281816, 3486085.908810465130955 ], [ -10623295.648717969655991, 3486149.932353689800948 ], [ -10623353.767177248373628, 3486146.748811930418015 ], [ -10623354.135376434773207, 3486257.492454310879111 ], [ -10623412.231102701276541, 3486257.399706699885428 ], [ -10623412.182927066460252, 3486202.344034186564386 ], [ -10623469.861207107082009, 3486201.738267038483173 ], [ -10623470.707683712244034, 3486035.142223911825567 ], [ -10623537.94811162352562, 3486032.177653502207249 ], [ -10623538.039531167596579, 3486078.606356471311301 ], [ -10623701.738679617643356, 3486077.787891765590757 ], [ -10623702.846422396600246, 3486255.451184554956853 ], [ -10623830.692216070368886, 3486254.380925237201154 ], [ -10623830.238816980272532, 3486198.655593936797231 ], [ -10623875.54314455203712, 3486198.245743929874152 ], [ -10623875.572292536497116, 3486254.004414072260261 ], [ -10624051.128183625638485, 3486251.905447974801064 ], [ -10624048.743850009515882, 3486026.93893897999078 ], [ -10624129.122422510758042, 3486026.989891625009477 ], [ -10624129.504145957529545, 3486073.346175410784781 ], [ -10624199.593926222994924, 3486076.185899921227247 ], [ -10624199.979886323213577, 3486159.327763391658664 ], [ -10624223.09178732894361, 3486159.045796813443303 ], [ -10624222.517170527949929, 3486026.698779135011137 ], [ -10624279.821564566344023, 3486026.094098022673279 ], [ -10624282.23831414245069, 3486250.418592303991318 ], [ -10624687.827325126156211, 3486248.611746472772211 ], [ -10624717.618359779939055, 3486067.704215167090297 ], [ -10624868.732191124930978, 3486064.406792100984603 ], [ -10624868.64207236468792, 3486104.379802444484085 ], [ -10624918.784254727885127, 3486104.389700551051646 ], [ -10624925.514373006299138, 3486137.844783478416502 ], [ -10625032.640306500717998, 3486154.264464256819338 ], [ -10625045.035290919244289, 3486071.053978954907507 ], [ -10625331.343146672472358, 3486070.118040573317558 ], [ -10625352.775595795363188, 3486015.122877597808838 ], [ -10625653.710258424282074, 3486017.873657687567174 ], [ -10625653.100280167534947, 3485979.314365483354777 ], [ -10626074.35138826072216, 3486011.202718059998006 ], [ -10626034.156141543760896, 3486240.289267321117222 ], [ -10627066.72246521897614, 3486218.476559477858245 ], [ -10627067.655141554772854, 3486001.061866963282228 ], [ -10627384.915665574371815, 3485991.94800485484302 ], [ -10627706.740349121391773, 3485991.691370718646795 ], [ -10627802.697717539966106, 3486135.460038326214999 ], [ -10628016.431130906566978, 3486172.42942073661834 ], [ -10628073.76075216755271, 3486216.9724773298949 ], [ -10628249.769469929859042, 3486198.824174498673528 ], [ -10628248.245868073776364, 3485998.890920604579151 ], [ -10628550.319417482241988, 3485989.380808910820633 ], [ -10628650.618272056803107, 3486037.774202858563513 ], [ -10628826.837105110287666, 3486293.094138169195503 ], [ -10628964.873281139880419, 3486306.572651073336601 ], [ -10629185.141193516552448, 3486752.630674329120666 ], [ -10629597.958308905363083, 3486432.195366728119552 ], [ -10629538.545883702114224, 3486305.161166711710393 ], [ -10629758.946280715987086, 3486303.029969558585435 ], [ -10629759.960087854415178, 3486471.835283949505538 ], [ -10629938.348691966384649, 3486466.712013140320778 ], [ -10629941.457454301416874, 3486722.472867622971535 ], [ -10630045.982692260295153, 3486872.253273344133049 ], [ -10630482.378912933170795, 3486872.141224523540586 ], [ -10630482.491130659356713, 3486926.888760401401669 ], [ -10630290.149609534069896, 3486927.547063749749213 ], [ -10630289.622766353189945, 3487032.710369988810271 ], [ -10630209.913909895345569, 3487033.277799722272903 ], [ -10630210.100672343745828, 3487118.033717167563736 ], [ -10630127.812952935695648, 3487130.878654114436358 ], [ -10630490.814526092261076, 3487559.936418456025422 ], [ -10630529.328142672777176, 3487744.756523284129798 ], [ -10630537.080233577638865, 3487858.821419078391045 ], [ -10630413.440126864239573, 3487848.901473791804165 ], [ -10630411.603226197883487, 3487935.469462433829904 ], [ -10630524.430317232385278, 3487946.778167213778943 ], [ -10630539.836307071149349, 3488366.559405573178083 ], [ -10630414.90402221120894, 3488367.196818429045379 ], [ -10630414.597623223438859, 3488519.376862227451056 ], [ -10630650.034004921093583, 3488520.163896434940398 ], [ -10630651.624707898125052, 3488667.849125191103667 ], [ -10630963.097171133384109, 3488667.580197419971228 ], [ -10630964.781667921692133, 3488716.751489163842052 ], [ -10630527.811637660488486, 3488716.354009631089866 ], [ -10630562.615137457847595, 3489230.667346924077719 ], [ -10630411.440718572586775, 3489175.027108603157103 ], [ -10630410.620254289358854, 3489253.232406343333423 ], [ -10631057.3866609595716, 3490574.225665156263858 ], [ -10630530.504055097699165, 3490579.705361711792648 ], [ -10630531.257262455299497, 3490660.827793225180358 ], [ -10630436.53199995867908, 3490660.573246485088021 ], [ -10630434.309597015380859, 3490539.899664917495102 ], [ -10630331.459476850926876, 3490541.682669565081596 ], [ -10630329.743381671607494, 3490393.310674583539367 ], [ -10627695.296489022672176, 3490382.181462205015123 ], [ -10627695.808958750218153, 3490547.730520764365792 ], [ -10627599.89164749905467, 3490551.848053741734475 ], [ -10627585.798590006306767, 3490608.042987338267267 ], [ -10627513.441166575998068, 3490558.437058232724667 ], [ -10627556.509270252659917, 3490382.866237663198262 ], [ -10627112.495836168527603, 3490379.749377096537501 ], [ -10627114.762942412868142, 3490434.482918530702591 ], [ -10626786.841907551512122, 3490445.370700045488775 ], [ -10626625.263472458347678, 3490384.39268920943141 ], [ -10626272.278659453615546, 3490391.995807918719947 ], [ -10626294.510154586285353, 3490245.56400347687304 ], [ -10625958.749480567872524, 3490369.786961905192584 ], [ -10625557.488960884511471, 3490379.337285323534161 ], [ -10625544.351943606510758, 3489877.299128220416605 ], [ -10625245.683738732710481, 3489885.027589112985879 ], [ -10625249.221766278147697, 3489997.036337143275887 ], [ -10625139.207770686596632, 3489998.359504112042487 ], [ -10625137.3938122484833, 3489935.002608487848192 ], [ -10624904.912066562101245, 3489941.780446826014668 ], [ -10624784.961370170116425, 3489893.943537414073944 ], [ -10624548.820896374061704, 3489897.466540206223726 ], [ -10624558.966645551845431, 3490361.695116479881108 ], [ -10624433.884739853441715, 3490362.662696889601648 ], [ -10624429.736610187217593, 3489876.784395697060972 ], [ -10623897.604141045361757, 3489899.972731485497206 ], [ -10623904.370424591004848, 3490220.06972358096391 ], [ -10623373.909131629392505, 3490226.312891081441194 ], [ -10623347.76405180990696, 3490269.663298455998302 ], [ -10623040.732436891645193, 3490272.563754291273654 ], [ -10622981.528608415275812, 3490355.869737626519054 ], [ -10622636.286622267216444, 3490362.91799882100895 ], [ -10622636.201276564970613, 3490423.966817183420062 ], [ -10621462.481599040329456, 3490450.314834616146982 ] ] ] } },
{ "type": "Feature", "properties": { "ZIP": "77091", "POSTAL": "HOUSTON", "STATE": "TX", "ZIP_TYPE": "STANDARD", "bbox_minx": -10629597.958308905, "bbox_miny": 3482992.1484989487, "bbox_maxx": -10620007.247258117, "bbox_maxy": 3487110.4596997919, "label_x": -10624444.421406567, "label_y": 3485042.2369299652 }, "geometry": { "type": "Polygon", "coordinates": [ [ [ -10620845.597577879205346, 3486967.876085136085749 ], [ -10620777.173131547868252, 3486812.175657282583416 ], [ -10620822.341884210705757, 3486811.275582839269191 ], [ -10620824.152568720281124, 3486526.649173847399652 ], [ -10620822.195847563445568, 3486464.15963594801724 ], [ -10620782.399041693657637, 3486464.887650518212467 ], [ -10620777.135545201599598, 3486289.280033628456295 ], [ -10620630.846257224678993, 3486292.357503077480942 ], [ -10620630.55816763266921, 3486108.449691317044199 ], [ -10620596.461075887084007, 3486108.780763907823712 ], [ -10620593.216729870066047, 3485861.453758008312434 ], [ -10620798.619524966925383, 3485860.869021092075855 ], [ -10620797.050074465572834, 3485627.339317786507308 ], [ -10620273.788372840732336, 3485632.918284094892442 ], [ -10620241.156033668667078, 3485564.758694039657712 ], [ -10620307.420054789632559, 3485518.046606491319835 ], [ -10620267.596057819202542, 3485451.398617741186172 ], [ -10620224.57379443384707, 3485467.481113434769213 ], [ -10620220.95054629072547, 3485340.283464513253421 ], [ -10620279.000590067356825, 3485348.01313512865454 ], [ -10620279.524656534194946, 3485169.111293755006045 ], [ -10620220.017846299335361, 3485169.513357944786549 ], [ -10620216.569371743127704, 3484704.454522006213665 ], [ -10620325.539269289001822, 3484703.28688331739977 ], [ -10620325.325886782258749, 3484665.247725449036807 ], [ -10620258.593268161639571, 3484633.465699387248605 ], [ -10620257.718059647828341, 3484561.917768243700266 ], [ -10620216.827324721962214, 3484562.441257903818041 ], [ -10620214.52664983458817, 3484394.327691419515759 ], [ -10620537.233314407989383, 3484392.019385935273021 ], [ -10620280.542869046330452, 3484269.329840722493827 ], [ -10620660.01480046287179, 3484271.501520569901913 ], [ -10620664.450316580012441, 3484085.628351083956659 ], [ -10620280.375073786824942, 3484086.732348286081105 ], [ -10620279.973102189600468, 3483923.874107748270035 ], [ -10620214.604632392525673, 3483923.782035630196333 ], [ -10620215.161272078752518, 3483752.059492036700249 ], [ -10620010.486720262095332, 3483660.519907854031771 ], [ -10620007.247258117422462, 3483481.637194408103824 ], [ -10620138.787891201674938, 3483481.039037403650582 ], [ -10620149.455656666308641, 3483221.765099231619388 ], [ -10620205.848945450037718, 3483207.025551418308169 ], [ -10620205.257796319201589, 3483128.631834471598268 ], [ -10620430.384421322494745, 3482992.148498948663473 ], [ -10620430.687640201300383, 3483074.142258550040424 ], [ -10620473.23523067496717, 3483047.723590800538659 ], [ -10620476.044432586058974, 3483129.309175211470574 ], [ -10621076.417961113154888, 3483122.990338115952909 ], [ -10621093.586664767935872, 3483213.075468747876585 ], [ -10621153.843222638592124, 3483211.607195208314806 ], [ -10621158.283962223678827, 3483286.892712001688778 ], [ -10621628.270961368456483, 3483279.969122201669961 ], [ -10621624.343968855217099, 3483137.970888120122254 ], [ -10621990.327751209959388, 3483131.799282592255622 ], [ -10621994.754954317584634, 3483491.060817726887763 ], [ -10622277.268103489652276, 3483486.10300724580884 ], [ -10622273.409492339938879, 3483265.085945287253708 ], [ -10622610.22201045230031, 3483259.115133906714618 ], [ -10622618.934344543144107, 3483123.200110333040357 ], [ -10623011.888659054413438, 3483120.857015142217278 ], [ -10623018.979797841981053, 3483255.458754846360534 ], [ -10623091.434208979830146, 3483254.616407733876258 ], [ -10623089.653176434338093, 3483314.934823560994118 ], [ -10623446.637749154120684, 3483313.970043996348977 ], [ -10623448.216847410425544, 3483236.125133531168103 ], [ -10623479.938933184370399, 3483235.774371844250709 ], [ -10623481.828554829582572, 3483313.870001160074025 ], [ -10623543.128764472901821, 3483313.695466571021825 ], [ -10623543.689140476286411, 3483238.761904412414879 ], [ -10623575.554786974564195, 3483238.667032001074404 ], [ -10623579.357662795111537, 3483313.592123568989336 ], [ -10623641.819181744009256, 3483313.413807494100183 ], [ -10623639.407530918717384, 3483258.6133993123658 ], [ -10623671.292198510840535, 3483261.694875765126199 ], [ -10623667.810552271082997, 3483313.339480079244822 ], [ -10623701.42646811157465, 3483313.24326973920688 ], [ -10623707.113790052011609, 3483243.198272120207548 ], [ -10623766.790560176596045, 3483245.15617357660085 ], [ -10623765.28443949110806, 3483313.06036348734051 ], [ -10623796.915228810161352, 3483312.969674283172935 ], [ -10623797.152179444208741, 3483240.317677777260542 ], [ -10623830.556900383904576, 3483240.581185612827539 ], [ -10623833.956292204558849, 3483312.863285660743713 ], [ -10623927.240690190345049, 3483312.594973241444677 ], [ -10623926.089292740449309, 3483241.415658676996827 ], [ -10623957.882319040596485, 3483240.655129621736705 ], [ -10623958.484530389308929, 3483312.504893655423075 ], [ -10624081.86124830506742, 3483312.148616524413228 ], [ -10624084.996636681258678, 3483230.004738567396998 ], [ -10624148.764174893498421, 3483261.206686596386135 ], [ -10624148.733669500797987, 3483234.937202960252762 ], [ -10624275.421629425138235, 3483231.403369882609695 ], [ -10624275.805685801431537, 3483311.119000836741179 ], [ -10624498.179448781535029, 3483309.710560376755893 ], [ -10624498.185352621600032, 3483206.378441212698817 ], [ -10624526.539118159562349, 3483206.196156618185341 ], [ -10624618.280145121738315, 3483257.109689270611852 ], [ -10624620.891985777765512, 3483308.94285082211718 ], [ -10625190.643343748524785, 3483303.281059443019331 ], [ -10625195.24410099722445, 3483214.176977530587465 ], [ -10625225.075363686308265, 3483213.614655923098326 ], [ -10625224.380600610747933, 3483303.096564593259245 ], [ -10625283.939166544005275, 3483302.770489077549428 ], [ -10625289.297654740512371, 3483204.087225679773837 ], [ -10625355.716539995744824, 3483199.009329951833934 ], [ -10625351.10686051286757, 3483302.057707529515028 ], [ -10625414.771706968545914, 3483301.355248799081892 ], [ -10625415.892610440030694, 3483221.583220171742141 ], [ -10625577.035097176209092, 3483221.796288673300296 ], [ -10625576.433780241757631, 3483147.65794672165066 ], [ -10625831.349245464429259, 3483145.568520587403327 ], [ -10625865.014393409714103, 3483296.378385279327631 ], [ -10625997.206974521279335, 3483294.914164700545371 ], [ -10625997.203908672556281, 3483217.450372752267867 ], [ -10626404.747618904337287, 3483223.30221455078572 ], [ -10626404.623443385586143, 3483171.797763590700924 ], [ -10626896.495380315929651, 3483170.136932213790715 ], [ -10626896.223189419135451, 3483212.136918259318918 ], [ -10627275.831262022256851, 3483210.300445541273803 ], [ -10627276.312228005379438, 3483168.039827643427998 ], [ -10627402.945111339911819, 3483166.928768489975482 ], [ -10627444.651406256482005, 3483209.548544201534241 ], [ -10627662.424648987129331, 3483208.090040077455342 ], [ -10627661.168939450755715, 3483166.57128852698952 ], [ -10628027.542481750249863, 3483164.035162195097655 ], [ -10628027.497706217691302, 3483122.283545686397702 ], [ -10628238.21959375590086, 3483070.502056421712041 ], [ -10628260.76421894878149, 3483370.808474087622017 ], [ -10628144.984362054616213, 3483372.181418243795633 ], [ -10628153.788043603301048, 3483824.428090254310519 ], [ -10628053.896674236282706, 3483828.768885512836277 ], [ -10628061.927016777917743, 3484053.035600325558335 ], [ -10628127.36349712125957, 3484053.548747905995697 ], [ -10628114.891465801745653, 3484158.107100586872548 ], [ -10628264.948715118691325, 3484179.340665404684842 ], [ -10628303.200773064047098, 3484382.802477180957794 ], [ -10628405.898046810179949, 3484559.317058155313134 ], [ -10628657.714432805776596, 3484551.77820134581998 ], [ -10628670.409698970615864, 3485071.864062059670687 ], [ -10629151.062817797064781, 3485070.752290531527251 ], [ -10629154.166520442813635, 3485296.837304102722555 ], [ -10629045.948306618258357, 3485302.566329640801996 ], [ -10629053.078287011012435, 3485687.454383769538254 ], [ -10629194.636062726378441, 3485626.516606854274869 ], [ -10629536.943899547681212, 3485626.280470537953079 ], [ -10629519.897226836532354, 3485750.993157094810158 ], [ -10629411.977661352604628, 3485840.915128685999662 ], [ -10629416.901907967403531, 3486012.999849687330425 ], [ -10629285.195177402347326, 3486013.137396347243339 ], [ -10629538.836526429280639, 3486305.160559439100325 ], [ -10629597.958308905363083, 3486432.195366728119552 ], [ -10629185.141193516552448, 3486752.630674329120666 ], [ -10628964.873281139880419, 3486306.572651073336601 ], [ -10628826.837105110287666, 3486293.094138169195503 ], [ -10628650.618272056803107, 3486037.774202858563513 ], [ -10628550.319417482241988, 3485989.380808910820633 ], [ -10628248.245868073776364, 3485998.890920604579151 ], [ -10628249.769469929859042, 3486198.824174498673528 ], [ -10628073.76075216755271, 3486216.9724773298949 ], [ -10628016.431130906566978, 3486172.42942073661834 ], [ -10627802.697717539966106, 3486135.460038326214999 ], [ -10627706.740349121391773, 3485991.691370718646795 ], [ -10627384.915665574371815, 3485991.94800485484302 ], [ -10627067.655141554772854, 3486001.061866963282228 ], [ -10627066.72246521897614, 3486218.476559477858245 ], [ -10626034.156141543760896, 3486240.289267321117222 ], [ -10626074.35138826072216, 3486011.202718059998006 ], [ -10625653.100280167534947, 3485979.314365483354777 ], [ -10625653.710258424282074, 3486017.873657687567174 ], [ -10625352.775595795363188, 3486015.122877597808838 ], [ -10625331.343146672472358, 3486070.118040573317558 ], [ -10625045.035290919244289, 3486071.053978954907507 ], [ -10625032.640306500717998, 3486154.264464256819338 ], [ -10624925.514373006299138, 3486137.844783478416502 ], [ -10624918.784254727885127, 3486104.389700551051646 ], [ -10624868.64207236468792, 3486104.379802444484085 ], [ -10624868.732191124930978, 3486064.406792100984603 ], [ -10624717.618359779939055, 3486067.704215167090297 ], [ -10624687.827325126156211, 3486248.611746472772211 ], [ -10624282.23831414245069, 3486250.418592303991318 ], [ -10624279.821564566344023, 3486026.094098022673279 ], [ -10624222.517170527949929, 3486026.698779135011137 ], [ -10624223.09178732894361, 3486159.045796813443303 ], [ -10624199.979886323213577, 3486159.327763391658664 ], [ -10624199.593926222994924, 3486076.185899921227247 ], [ -10624129.504145957529545, 3486073.346175410784781 ], [ -10624129.122422510758042, 3486026.989891625009477 ], [ -10624048.743850009515882, 3486026.93893897999078 ], [ -10624051.128183625638485, 3486251.905447974801064 ], [ -10623875.572292536497116, 3486254.004414072260261 ], [ -10623875.54314455203712, 3486198.245743929874152 ], [ -10623830.238816980272532, 3486198.655593936797231 ], [ -10623830.692216070368886, 3486254.380925237201154 ], [ -10623702.846422396600246, 3486255.451184554956853 ], [ -10623701.738679617643356, 3486077.787891765590757 ], [ -10623538.039531167596579, 3486078.606356471311301 ], [ -10623537.94811162352562, 3486032.177653502207249 ], [ -10623470.707683712244034, 3486035.142223911825567 ], [ -10623469.861207107082009, 3486201.738267038483173 ], [ -10623412.182927066460252, 3486202.344034186564386 ], [ -10623412.231102701276541, 3486257.399706699885428 ], [ -10623354.135376434773207, 3486257.492454310879111 ], [ -10623353.767177248373628, 3486146.748811930418015 ], [ -10623295.648717969655991, 3486149.932353689800948 ], [ -10623295.654644245281816, 3486085.908810465130955 ], [ -10623238.274331035092473, 3486085.541080877650529 ], [ -10623238.591018358245492, 3486141.33043078891933 ], [ -10623184.677862498909235, 3486171.890425861347467 ], [ -10623173.41802167519927, 3486026.680435064248741 ], [ -10623015.291765647009015, 3486027.504933899268508 ], [ -10622960.352281752973795, 3486051.311567631550133 ], [ -10623018.526740029454231, 3486110.214811192825437 ], [ -10622882.932612219825387, 3486158.459619659464806 ], [ -10622835.216781986877322, 3486103.410386460833251 ], [ -10622627.565986486151814, 3486186.8064961778 ], [ -10622612.752605909481645, 3486261.917266114614904 ], [ -10622489.956953555345535, 3486262.740774856414646 ], [ -10622497.648489233106375, 3486328.276390767190605 ], [ -10622040.115672715008259, 3486504.087126501370221 ], [ -10622161.919350789859891, 3486810.015450445003808 ], [ -10621507.997160708531737, 3486809.489982406143099 ], [ -10621505.242784498259425, 3486656.121826586313546 ], [ -10621207.14577161706984, 3486781.763290575239807 ], [ -10621204.346548415720463, 3486861.168624786660075 ], [ -10621173.564138624817133, 3486849.382315176073462 ], [ -10621175.804199615493417, 3486981.401963767595589 ], [ -10621245.55868960544467, 3486985.718646845314652 ], [ -10621232.529766324907541, 3487100.016630199272186 ], [ -10620960.126161832362413, 3487110.45969979185611 ], [ -10620958.550071317702532, 3486966.883116220124066 ], [ -10620845.597577879205346, 3486967.876085136085749 ] ] ] } },
{ "type": "Feature", "properties": { "ZIP": "77008", "POSTAL": "HOUSTON", "STATE": "TX", "ZIP_TYPE": "STANDARD", "bbox_minx": -10625523.101540204, "bbox_miny": 3475729.4088846585, "bbox_maxx": -10618465.02712925, "bbox_maxy": 3479646.7828019341, "label_x": -10621957.342903741, "label_y": 3477710.9046327062 }, "geometry": { "type": "Polygon", "coordinates": [ [ [ -10618518.696998802945018, 3476230.150238232221454 ], [ -10618549.089676989242435, 3476231.093995513394475 ], [ -10618548.952989872545004, 3476275.20229921117425 ], [ -10618766.666746580973268, 3476272.157875340431929 ], [ -10619191.283620553091168, 3476255.773435696493834 ], [ -10619213.874429849907756, 3476219.86019418342039 ], [ -10619239.618553632870317, 3476254.967876323498785 ], [ -10619285.387432556599379, 3476253.323200580663979 ], [ -10619284.606676558032632, 3476218.795311513356864 ], [ -10619413.056517992168665, 3476216.411545228678733 ], [ -10619415.999209765344858, 3476287.604747861623764 ], [ -10619459.114110065624118, 3476285.849085619673133 ], [ -10619459.212407322600484, 3476215.780564299318939 ], [ -10619697.989832170307636, 3476212.020544156432152 ], [ -10619698.741376172751188, 3476247.845233688130975 ], [ -10619744.5007961448282, 3476246.504885114729404 ], [ -10619744.69331444427371, 3476211.122188159730285 ], [ -10619943.50963488034904, 3476207.296193877235055 ], [ -10619943.621504278853536, 3476243.447224782314152 ], [ -10620112.558093950152397, 3476240.708810362033546 ], [ -10620184.279636772349477, 3476227.610193362925202 ], [ -10620183.808496711775661, 3476202.947591807227582 ], [ -10620279.573783349245787, 3476201.148574822116643 ], [ -10620279.077428907155991, 3476237.280752695631236 ], [ -10620306.501222025603056, 3476237.516000175848603 ], [ -10620428.863018844276667, 3476222.918070036452264 ], [ -10620427.727741599082947, 3476198.524076543748379 ], [ -10620508.860646640881896, 3476197.01432310976088 ], [ -10620509.06381905451417, 3476231.523208300583065 ], [ -10620553.502057932317257, 3476233.508958625141531 ], [ -10620554.673802483826876, 3476196.161723388358951 ], [ -10620815.627368025481701, 3476205.486514603253454 ], [ -10620815.370345812290907, 3476178.242029348853976 ], [ -10620855.836872177198529, 3476178.044740245677531 ], [ -10620854.750832619145513, 3476088.068890746217221 ], [ -10620955.667633168399334, 3476088.721122540999204 ], [ -10620956.712819071486592, 3475949.883861728478223 ], [ -10621166.558696117252111, 3475939.376014053355902 ], [ -10621125.875030383467674, 3475729.922038067597896 ], [ -10623966.312915645539761, 3475807.426932363770902 ], [ -10625523.101540204137564, 3477107.759963864460588 ], [ -10625270.513293707743287, 3478195.678703151643276 ], [ -10625220.692769393324852, 3478309.411700298544019 ], [ -10624917.741862490773201, 3478696.133023645728827 ], [ -10624675.955888535827398, 3478880.617083547636867 ], [ -10623541.721577372401953, 3479427.670332568697631 ], [ -10623265.142976466566324, 3479487.143014051020145 ], [ -10619625.997378725558519, 3479526.529925849754363 ], [ -10619236.824505269527435, 3479624.550987879280001 ], [ -10618977.216148367151618, 3479646.782801934052259 ], [ -10618933.173779992386699, 3479533.410625810269266 ], [ -10618950.400101438164711, 3479463.129543788265437 ], [ -10618907.961782559752464, 3479460.928149418905377 ], [ -10618876.748422114178538, 3479365.302401907742023 ], [ -10618884.632078127935529, 3479239.964422950986773 ], [ -10618857.254189690575004, 3479240.522164017427713 ], [ -10618856.233406756073236, 3479176.877538860309869 ], [ -10618905.091406693682075, 3479176.163754639215767 ], [ -10618902.315972758457065, 3479073.1957389828749 ], [ -10618822.845254063606262, 3479074.547549247741699 ], [ -10618822.378360709175467, 3479019.753563902340829 ], [ -10618784.695864733308554, 3479020.273706600535661 ], [ -10618783.551614921540022, 3478957.409477293025702 ], [ -10618752.500944981351495, 3478957.92363034421578 ], [ -10618739.449672235175967, 3478920.537799344863743 ], [ -10618735.989317916333675, 3478753.607149771880358 ], [ -10618675.789860809221864, 3478748.798986050765961 ], [ -10618657.544444663450122, 3478545.954783867578954 ], [ -10618620.490414272993803, 3478484.500702173449099 ], [ -10618579.0131412204355, 3478500.020670684985816 ], [ -10618543.972288534045219, 3478390.616015274543315 ], [ -10618536.691554550081491, 3477665.780216010753065 ], [ -10618487.452722961083055, 3477666.973574656527489 ], [ -10618484.177929235622287, 3477490.585640198551118 ], [ -10618532.951900320127606, 3477491.091030854731798 ], [ -10618528.165178889408708, 3477136.147498627193272 ], [ -10618479.671136941760778, 3477136.68243075395003 ], [ -10618477.628144385293126, 3476960.187441480811685 ], [ -10618525.827558808028698, 3476959.513135256245732 ], [ -10618520.818288708105683, 3476691.167149130720645 ], [ -10618467.650549072772264, 3476691.775781811680645 ], [ -10618465.02712924964726, 3476434.388510833028704 ], [ -10618517.923967467620969, 3476433.729491897858679 ], [ -10618518.696998802945018, 3476230.150238232221454 ] ] ] } },
{ "type": "Feature", "properties": { "ZIP": "77092", "POSTAL": "HOUSTON", "STATE": "TX", "ZIP_TYPE": "STANDARD", "bbox_minx": -10631704.157722348, "bbox_miny": 3477107.7599638645, "bbox_maxx": -10624508.197369302, "bbox_maxy": 3486305.1605594391, "label_x": -10628594.442469608, "label_y": 3481724.9969358426 }, "geometry": { "type": "Polygon", "coordinates": [ [ [ -10626404.623443385586143, 3483171.797763590700924 ], [ -10626381.370542904362082, 3482995.89196231868118 ], [ -10626056.317623628303409, 3482674.033728615846485 ], [ -10625949.005590012297034, 3482494.114923733752221 ], [ -10625829.225854406133294, 3482380.287470172625035 ], [ -10625797.054458320140839, 3482285.453406276647002 ], [ -10625792.267750086262822, 3482000.441998007241637 ], [ -10625818.427800541743636, 3481923.576020496431738 ], [ -10625891.898726942017674, 3481871.990085671190172 ], [ -10626038.61773787625134, 3481842.090798662044108 ], [ -10626137.358215097337961, 3481705.299578637816012 ], [ -10626138.13738196529448, 3481168.286232532933354 ], [ -10626112.979228638112545, 3481059.346394803840667 ], [ -10625594.786950428038836, 3480584.333628975786269 ], [ -10625552.262938009575009, 3480488.871310702525079 ], [ -10625547.921488527208567, 3480341.958130661398172 ], [ -10625490.591876044869423, 3480254.580957444850355 ], [ -10625410.664588488638401, 3480222.632560535799712 ], [ -10625145.818369124084711, 3480217.224995389580727 ], [ -10625147.674726583063602, 3480074.887919299304485 ], [ -10625067.242155231535435, 3480074.815988993737847 ], [ -10625040.355698259547353, 3479973.578774537425488 ], [ -10625005.826035065576434, 3479927.73339647706598 ], [ -10624952.435034969821572, 3479942.901886736508459 ], [ -10624938.224623819813132, 3479885.960821503773332 ], [ -10624933.176976496353745, 3479820.483346094377339 ], [ -10625025.931464765220881, 3479819.809589400887489 ], [ -10625026.043692665174603, 3479775.601993995718658 ], [ -10624989.376641662791371, 3479762.968644895590842 ], [ -10624986.5155099760741, 3479679.202074408065528 ], [ -10625025.538989601656795, 3479679.282087801489979 ], [ -10624995.260634656995535, 3479447.740670701488853 ], [ -10624930.202497597783804, 3479447.944563081022352 ], [ -10624918.590353777632117, 3479362.543369030114263 ], [ -10624706.543991070240736, 3479366.957401352468878 ], [ -10624667.440358439460397, 3479247.57817006111145 ], [ -10624843.594376033172011, 3479247.834875956643373 ], [ -10624508.197369301691651, 3478967.215191671159118 ], [ -10624841.599313637241721, 3478769.259134786203504 ], [ -10625220.692769393324852, 3478309.411700298544019 ], [ -10625270.513293707743287, 3478195.678703151643276 ], [ -10625523.101540204137564, 3477107.759963864460588 ], [ -10629197.768125409260392, 3480197.586925383657217 ], [ -10631704.157722348347306, 3482255.72033562278375 ], [ -10631699.856908600777388, 3482433.53675363631919 ], [ -10631549.490283584222198, 3482432.737512544728816 ], [ -10631406.519756419584155, 3482612.941583292093128 ], [ -10631189.894863536581397, 3482604.380690857302397 ], [ -10631180.203044151887298, 3482686.346217905171216 ], [ -10630953.822659838944674, 3482685.042168919462711 ], [ -10630955.787331786006689, 3482835.717623818665743 ], [ -10630639.787551755085588, 3482837.952425127848983 ], [ -10630640.911940751597285, 3483180.202835693955421 ], [ -10630132.491022309288383, 3483192.157100976444781 ], [ -10630138.424866728484631, 3483552.551742765121162 ], [ -10630289.959673261269927, 3483553.871302935294807 ], [ -10630444.837547585368156, 3483650.174350808840245 ], [ -10630450.496921606361866, 3483685.183662771247327 ], [ -10630643.249856380745769, 3483688.010156288277358 ], [ -10630756.252633875235915, 3483762.814691864419729 ], [ -10630714.991079995408654, 3483826.939661748707294 ], [ -10630844.27309350669384, 3483910.159944104962051 ], [ -10630753.038234641775489, 3484053.191058896481991 ], [ -10630921.784275114536285, 3484172.579310446046293 ], [ -10630921.182782707735896, 3484363.853969519026577 ], [ -10631030.753420997411013, 3484387.163129657972604 ], [ -10631034.220627853646874, 3484812.159208627417684 ], [ -10631142.088924773037434, 3484829.656815639231354 ], [ -10631022.466541247442365, 3484925.894008527509868 ], [ -10631026.03433228097856, 3485387.262470278888941 ], [ -10631273.546284276992083, 3485384.030421157367527 ], [ -10631270.819291276857257, 3486138.794977650977671 ], [ -10629659.191866343840957, 3486146.590008297935128 ], [ -10629660.156144499778748, 3486303.869839179795235 ], [ -10629497.870990226045251, 3486287.445900892373174 ], [ -10629285.195177402347326, 3486013.137396347243339 ], [ -10629416.901907967403531, 3486012.999849687330425 ], [ -10629411.977661352604628, 3485840.915128685999662 ], [ -10629519.897226836532354, 3485750.993157094810158 ], [ -10629536.943899547681212, 3485626.280470537953079 ], [ -10629194.636062726378441, 3485626.516606854274869 ], [ -10629053.078287011012435, 3485687.454383769538254 ], [ -10629045.948306618258357, 3485302.566329640801996 ], [ -10629154.166520442813635, 3485296.837304102722555 ], [ -10629151.062817797064781, 3485070.752290531527251 ], [ -10628670.409698970615864, 3485071.864062059670687 ], [ -10628657.714432805776596, 3484551.77820134581998 ], [ -10628405.898046810179949, 3484559.317058155313134 ], [ -10628303.200773064047098, 3484382.802477180957794 ], [ -10628264.948715118691325, 3484179.340665404684842 ], [ -10628114.891465801745653, 3484158.107100586872548 ], [ -10628127.36349712125957, 3484053.548747905995697 ], [ -10628061.927016777917743, 3484053.035600325558335 ], [ -10628053.896674236282706, 3483828.768885512836277 ], [ -10628153.788043603301048, 3483824.428090254310519 ], [ -10628144.984362054616213, 3483372.181418243795633 ], [ -10628260.76421894878149, 3483370.808474087622017 ], [ -10628238.21959375590086, 3483070.502056421712041 ], [ -10628027.497706217691302, 3483122.283545686397702 ], [ -10628027.542481750249863, 3483164.035162195097655 ], [ -10627661.168939450755715, 3483166.57128852698952 ], [ -10627662.424648987129331, 3483208.090040077455342 ], [ -10627444.651406256482005, 3483209.548544201534241 ], [ -10627402.945111339911819, 3483166.928768489975482 ], [ -10627276.312228005379438, 3483168.039827643427998 ], [ -10627275.831262022256851, 3483210.300445541273803 ], [ -10626896.223189419135451, 3483212.136918259318918 ], [ -10626896.495380315929651, 3483170.136932213790715 ], [ -10626404.623443385586143, 3483171.797763590700924 ] ] ] } },
{ "type": "Feature", "properties": { "ZIP": "77039", "POSTAL": "HOUSTON", "STATE": "TX", "ZIP_TYPE": "STANDARD", "bbox_minx": -10617620.320926184, "bbox_miny": 3489186.1769505716, "bbox_maxx": -10608257.778097957, "bbox_maxy": 3494989.5108125098, "label_x": -10612837.678850891, "label_y": 3492071.2452655584 }, "geometry": { "type": "Polygon", "coordinates": [ [ [ -10609864.786296378821135, 3493077.817522868979722 ], [ -10609336.575363826006651, 3493079.230341641232371 ], [ -10609049.92764350771904, 3493153.080812122207135 ], [ -10608857.456297278404236, 3493157.190736600663513 ], [ -10608695.931716617196798, 3493231.170202555600554 ], [ -10608510.02811997756362, 3493208.822231037076563 ], [ -10608257.778097957372665, 3493095.541594557464123 ], [ -10609463.254066985100508, 3489621.409133188426495 ], [ -10609539.794208683073521, 3489652.613637220580131 ], [ -10609717.490367883816361, 3489653.254335674922913 ], [ -10609716.52813414297998, 3489602.851094861049205 ], [ -10609834.738401694223285, 3489608.62941323639825 ], [ -10609834.747613126412034, 3489671.746153552550822 ], [ -10609900.962020810693502, 3489670.801630363799632 ], [ -10609903.172920053824782, 3489839.230196526274085 ], [ -10610539.299131643027067, 3489824.963586775586009 ], [ -10610684.60325332172215, 3489557.886048066429794 ], [ -10612424.998924186453223, 3489536.272627310361713 ], [ -10612426.470478573814034, 3489233.041682604700327 ], [ -10612455.190908262506127, 3489192.853584828320891 ], [ -10613687.163699435070157, 3489186.176950571592897 ], [ -10613707.646472172811627, 3489407.148859921377152 ], [ -10613862.825781494379044, 3489526.431592386215925 ], [ -10613982.271611405536532, 3489512.179193875752389 ], [ -10614056.744402498006821, 3489627.996202421374619 ], [ -10614116.52299908362329, 3489820.727010946720839 ], [ -10614223.946233978495002, 3489825.6063237558119 ], [ -10614401.055526603013277, 3489986.495950432028621 ], [ -10614686.924006458371878, 3490010.379168997053057 ], [ -10614973.460355928167701, 3489984.184669717680663 ], [ -10615097.136347334831953, 3490030.667108602821827 ], [ -10615408.274276657029986, 3489876.710731238126755 ], [ -10615611.209763642400503, 3489734.697617260273546 ], [ -10615894.295190557837486, 3489719.032548251096159 ], [ -10616018.527721980586648, 3489644.174639012198895 ], [ -10616042.350137580186129, 3489584.853574750013649 ], [ -10616092.221329504624009, 3489591.145184312015772 ], [ -10616204.653986195102334, 3489659.582782906480134 ], [ -10616314.192333461716771, 3489672.936505756806582 ], [ -10616394.342360109090805, 3489756.911088279914111 ], [ -10616578.576105548068881, 3489749.206946269143373 ], [ -10617204.257916919887066, 3492649.312265587970614 ], [ -10617214.099160255864263, 3493018.22364474227652 ], [ -10617315.956385554745793, 3493302.838188882917166 ], [ -10617620.320926183834672, 3494801.391463845968246 ], [ -10617434.353060729801655, 3494844.715780545026064 ], [ -10617457.475577270612121, 3494942.144641377963126 ], [ -10617388.536704052239656, 3494955.808290974237025 ], [ -10617373.152973337098956, 3494873.876810193993151 ], [ -10617225.658383138477802, 3494902.750692713074386 ], [ -10616773.520459972321987, 3494902.128347075078636 ], [ -10616773.69403425976634, 3494989.510812509804964 ], [ -10616545.75136136636138, 3494963.124596335459501 ], [ -10616536.902970658615232, 3494790.264045740943402 ], [ -10616476.907285755500197, 3494790.699308986775577 ], [ -10616467.098434004932642, 3494734.842459072824568 ], [ -10615499.135121045634151, 3494724.726364099420607 ], [ -10615499.478139510378242, 3494789.809433026239276 ], [ -10615134.381666101515293, 3494731.064597295131534 ], [ -10615129.85600920021534, 3494612.817640841938555 ], [ -10615032.752780565991998, 3494629.526059968397021 ], [ -10614972.873853415250778, 3494601.151361239608377 ], [ -10614802.03668675199151, 3494600.442286160774529 ], [ -10614802.701088884845376, 3494656.530228555202484 ], [ -10614610.687112702056766, 3494658.181643114425242 ], [ -10614292.680447094142437, 3494585.832261328585446 ], [ -10614273.86363753862679, 3493617.667744550388306 ], [ -10613682.314934587106109, 3493628.853973790071905 ], [ -10613463.522842705249786, 3493425.368238048162311 ], [ -10613360.997583275660872, 3493368.084608110133559 ], [ -10613172.645024128258228, 3493345.608013535384089 ], [ -10613022.363677868619561, 3493423.313204272650182 ], [ -10612817.981067821383476, 3493451.569731546100229 ], [ -10612475.117082765325904, 3493356.01147164683789 ], [ -10612055.442539062350988, 3493349.332651534117758 ], [ -10611842.377108160406351, 3493213.317435155622661 ], [ -10611720.370880478993058, 3493177.48373223701492 ], [ -10610690.443014409393072, 3493212.546849342994392 ], [ -10610434.853396723046899, 3493158.603610895574093 ], [ -10610106.349608806893229, 3493162.456709403544664 ], [ -10609864.786296378821135, 3493077.817522868979722 ] ] ] } },
{ "type": "Feature", "properties": { "ZIP": "77050", "POSTAL": "HOUSTON", "STATE": "TX", "ZIP_TYPE": "STANDARD", "bbox_minx": -10609483.764387129, "bbox_miny": 3488460.6302342941, "bbox_maxx": -10601513.820722559, "bbox_maxy": 3493651.1656811782, "label_x": -10605574.609225653, "label_y": 3490982.6470208121 }, "geometry": { "type": "Polygon", "coordinates": [ [ [ -10602144.556955695152283, 3490527.603042487520725 ], [ -10601995.16620597243309, 3490406.641633021179587 ], [ -10601924.144354289397597, 3490189.889887710567564 ], [ -10601950.861044844612479, 3490127.484553197398782 ], [ -10602076.652093252167106, 3490014.102904960978776 ], [ -10602103.146091975271702, 3489911.636429627425969 ], [ -10602091.123630633577704, 3489757.809932237491012 ], [ -10601945.740395959466696, 3489734.697539960034192 ], [ -10601865.033799313008785, 3489683.336993645876646 ], [ -10601868.818634588271379, 3489524.89076191233471 ], [ -10601837.092583166435361, 3489438.47817509714514 ], [ -10601518.384908420965075, 3489095.272731093689799 ], [ -10601524.507486332207918, 3489009.761735486797988 ], [ -10601695.828169539570808, 3488725.88470337819308 ], [ -10601723.546717949211597, 3488628.435801354702562 ], [ -10601706.848735904321074, 3488531.757973857689649 ], [ -10602179.734012948349118, 3488559.361716851592064 ], [ -10603834.609486823901534, 3488548.191804278641939 ], [ -10603992.460570698603988, 3488460.630234294105321 ], [ -10603999.139313824474812, 3488949.060286827385426 ], [ -10603809.920006290078163, 3488949.310396445915103 ], [ -10603808.019219556823373, 3489132.81599947437644 ], [ -10603813.2405388019979, 3489178.392727284692228 ], [ -10603894.34730577096343, 3489178.487798532005399 ], [ -10603894.353218657895923, 3489252.121098011732101 ], [ -10604000.872275002300739, 3489252.38265438657254 ], [ -10604003.848604066297412, 3489383.668666511774063 ], [ -10605081.83755842037499, 3489359.344718100968748 ], [ -10605084.89335466362536, 3489632.424052051734179 ], [ -10605670.180256253108382, 3489623.995857385918498 ], [ -10605669.786339562386274, 3489477.09303464088589 ], [ -10606026.646435746923089, 3489479.711783887352794 ], [ -10606024.215316012501717, 3489355.227767156437039 ], [ -10606547.423758875578642, 3489343.658820379991084 ], [ -10606541.93121942691505, 3489095.320997061207891 ], [ -10607063.927302343770862, 3489092.450350542087108 ], [ -10607068.547778453677893, 3489339.272056791931391 ], [ -10607579.378927132114768, 3489336.169258669018745 ], [ -10607580.371403990313411, 3489535.139146333560348 ], [ -10607703.097077840939164, 3489534.890167496632785 ], [ -10607696.443634102120996, 3489083.128313749562949 ], [ -10608115.348696587607265, 3489076.849303567782044 ], [ -10608118.436030553653836, 3489324.881841578986496 ], [ -10608285.603365816175938, 3489321.820236606523395 ], [ -10608288.581009965389967, 3489514.849236199632287 ], [ -10608568.919723866507411, 3489497.863930745515972 ], [ -10608568.108656035736203, 3489438.703553883824497 ], [ -10608636.543391954153776, 3489437.161668360233307 ], [ -10608638.009186401963234, 3489507.455647290218621 ], [ -10609246.992576083168387, 3489502.504936489742249 ], [ -10609248.551824118942022, 3489566.155545361805707 ], [ -10609483.76438712887466, 3489562.758141133468598 ], [ -10608257.778097957372665, 3493095.541594557464123 ], [ -10608176.292328234761953, 3492903.27513728896156 ], [ -10607957.772081639617682, 3492637.035106349736452 ], [ -10607876.620163774117827, 3492585.149056445341557 ], [ -10607262.136618161574006, 3492416.007376995868981 ], [ -10607125.213609209284186, 3492538.015195407904685 ], [ -10606761.978198695927858, 3492658.226178759709001 ], [ -10606576.185941889882088, 3492780.107892361935228 ], [ -10605867.526055669412017, 3492792.180575119331479 ], [ -10605673.162166437134147, 3492853.186113142408431 ], [ -10605017.490429222583771, 3492685.710495762061328 ], [ -10604871.661942636594176, 3492682.114336685743183 ], [ -10604600.710253577679396, 3492843.425217618700117 ], [ -10604219.66360698826611, 3492941.54839315218851 ], [ -10603336.009493589401245, 3493624.064562076702714 ], [ -10603097.451878068968654, 3493643.073880274780095 ], [ -10602770.729135593399405, 3493568.706705729477108 ], [ -10602661.635986225679517, 3493501.789522404316813 ], [ -10602539.741135017946362, 3493329.681674971245229 ], [ -10602481.075806099921465, 3492691.746714616194367 ], [ -10602422.855708561837673, 3492460.70067983167246 ], [ -10602272.463058322668076, 3492259.325314313638955 ], [ -10602045.70524044893682, 3492087.362657770048827 ], [ -10601904.218201847746968, 3491788.263370736502111 ], [ -10601730.003191290423274, 3491620.544881086330861 ], [ -10601737.938648434355855, 3491505.308643832337111 ], [ -10602008.33943703584373, 3491256.425096613354981 ], [ -10602155.033332986757159, 3491058.748251074459404 ], [ -10602155.209905829280615, 3490862.47226942749694 ], [ -10602199.041522858664393, 3490636.941757908090949 ], [ -10602144.556955695152283, 3490527.603042487520725 ] ] ] } },
{ "type": "Feature", "properties": { "ZIP": "77016", "POSTAL": "HOUSTON", "STATE": "TX", "ZIP_TYPE": "STANDARD", "bbox_minx": -10612622.392791407, "bbox_miny": 3480420.4525709096, "bbox_maxx": -10603808.019219557, "bbox_maxy": 3489632.4240520517, "label_x": -10609038.803040981, "label_y": 3485074.7543416526 }, "geometry": { "type": "Polygon", "coordinates": [ [ [ -10603992.460570698603988, 3488460.630234294105321 ], [ -10607531.618772881105542, 3484493.294253791216761 ], [ -10608116.149965263903141, 3483765.805258927866817 ], [ -10610588.630578592419624, 3481039.351405937224627 ], [ -10610828.577021801844239, 3480825.208408063743263 ], [ -10611131.243658861145377, 3480638.570274122525007 ], [ -10611769.553717184811831, 3480427.533773858100176 ], [ -10612621.046066218987107, 3480421.350696153007448 ], [ -10612622.392791407182813, 3480633.733105145394802 ], [ -10609483.76438712887466, 3489562.758141133468598 ], [ -10609248.551824118942022, 3489566.155545361805707 ], [ -10609246.992576083168387, 3489502.504936489742249 ], [ -10608638.009186401963234, 3489507.455647290218621 ], [ -10608636.543391954153776, 3489437.161668360233307 ], [ -10608568.108656035736203, 3489438.703553883824497 ], [ -10608568.919723866507411, 3489497.863930745515972 ], [ -10608288.581009965389967, 3489514.849236199632287 ], [ -10608285.603365816175938, 3489321.820236606523395 ], [ -10608118.436030553653836, 3489324.881841578986496 ], [ -10608115.348696587607265, 3489076.849303567782044 ], [ -10607696.443634102120996, 3489083.128313749562949 ], [ -10607703.097077840939164, 3489534.890167496632785 ], [ -10607580.371403990313411, 3489535.139146333560348 ], [ -10607579.378927132114768, 3489336.169258669018745 ], [ -10607068.547778453677893, 3489339.272056791931391 ], [ -10607063.927302343770862, 3489092.450350542087108 ], [ -10606541.93121942691505, 3489095.320997061207891 ], [ -10606547.423758875578642, 3489343.658820379991084 ], [ -10606024.215316012501717, 3489355.227767156437039 ], [ -10606026.646435746923089, 3489479.711783887352794 ], [ -10605669.786339562386274, 3489477.09303464088589 ], [ -10605670.180256253108382, 3489623.995857385918498 ], [ -10605084.89335466362536, 3489632.424052051734179 ], [ -10605081.83755842037499, 3489359.344718100968748 ], [ -10604003.848604066297412, 3489383.668666511774063 ], [ -10604000.872275002300739, 3489252.38265438657254 ], [ -10603894.353218657895923, 3489252.121098011732101 ], [ -10603894.34730577096343, 3489178.487798532005399 ], [ -10603813.2405388019979, 3489178.392727284692228 ], [ -10603808.019219556823373, 3489132.81599947437644 ], [ -10603809.920006290078163, 3488949.310396445915103 ], [ -10603999.139313824474812, 3488949.060286827385426 ], [ -10603992.460570698603988, 3488460.630234294105321 ] ] ] } },
{ "type": "Feature", "properties": { "ZIP": "77026", "POSTAL": "HOUSTON", "STATE": "TX", "ZIP_TYPE": "STANDARD", "bbox_minx": -10614546.643059306, "bbox_miny": 3474473.5705795982, "bbox_maxx": -10608959.743913533, "bbox_maxy": 3480427.5337738581, "label_x": -10611508.466844263, "label_y": 3477441.2842450617 }, "geometry": { "type": "Polygon", "coordinates": [ [ [ -10609162.714633893221617, 3476958.696620980277658 ], [ -10612255.079709177836776, 3475412.930508148856461 ], [ -10614208.556666327640414, 3474475.365977999288589 ], [ -10614509.149239892140031, 3474474.50955759966746 ], [ -10614520.274994997307658, 3475688.425530588719994 ], [ -10614481.923641972243786, 3475688.763329682406038 ], [ -10614482.542902426794171, 3475741.542133814189583 ], [ -10614369.776609655469656, 3475743.183539781253785 ], [ -10614369.978798538446426, 3475778.147279480937868 ], [ -10614305.240604801103473, 3475778.381796433124691 ], [ -10614306.556036667898297, 3475903.042814957909286 ], [ -10614202.523620523512363, 3475903.592315982561558 ], [ -10614183.303466390818357, 3476164.91002998733893 ], [ -10613872.468437116593122, 3477054.911862296052277 ], [ -10613867.82407458499074, 3477156.95696889096871 ], [ -10614076.659666212275624, 3478267.232269399333745 ], [ -10614272.136846637353301, 3479040.055860875640064 ], [ -10614546.643059305846691, 3480399.916702257469296 ], [ -10611769.553717184811831, 3480427.533773858100176 ], [ -10608962.181412782520056, 3479296.794907599687576 ], [ -10608959.743913533166051, 3479126.318712319247425 ], [ -10609099.622300514951348, 3479170.311995484866202 ], [ -10609185.926414556801319, 3479043.443205027841032 ], [ -10609232.692283807322383, 3478902.994647149462253 ], [ -10609261.428414810448885, 3477902.203331739176065 ], [ -10609112.060322554782033, 3477903.787679592613131 ], [ -10609105.506111169233918, 3477234.411476723849773 ], [ -10609163.1364009026438, 3477205.965421215631068 ], [ -10609162.714633893221617, 3476958.696620980277658 ] ] ] } },
{ "type": "Feature", "properties": { "ZIP": "77093", "POSTAL": "HOUSTON", "STATE": "TX", "ZIP_TYPE": "STANDARD", "bbox_minx": -10616578.576105548, "bbox_miny": 3480398.6702776616, "bbox_maxx": -10609463.254066985, "bbox_maxy": 3490030.6671086028, "label_x": -10613310.736416426, "label_y": 3485287.3763097096 }, "geometry": { "type": "Polygon", "coordinates": [ [ [ -10609463.254066985100508, 3489621.409133188426495 ], [ -10612622.392791407182813, 3480633.733105145394802 ], [ -10612621.046066218987107, 3480421.350696153007448 ], [ -10614577.608268713578582, 3480399.055264885071665 ], [ -10614764.958960877731442, 3481247.585629541426897 ], [ -10614852.122138621285558, 3481413.371946723200381 ], [ -10614834.113781046122313, 3481655.951670253183693 ], [ -10614921.298950472846627, 3482151.054186170455068 ], [ -10615360.518236104398966, 3484009.387486308813095 ], [ -10616578.576105548068881, 3489749.206946269143373 ], [ -10616394.342360109090805, 3489756.911088279914111 ], [ -10616314.192333461716771, 3489672.936505756806582 ], [ -10616204.653986195102334, 3489659.582782906480134 ], [ -10616042.350137580186129, 3489584.853574750013649 ], [ -10616018.527721980586648, 3489644.174639012198895 ], [ -10615894.295190557837486, 3489719.032548251096159 ], [ -10615611.209763642400503, 3489734.697617260273546 ], [ -10615408.274276657029986, 3489876.710731238126755 ], [ -10615097.136347334831953, 3490030.667108602821827 ], [ -10614973.460355928167701, 3489984.184669717680663 ], [ -10614686.924006458371878, 3490010.379168997053057 ], [ -10614401.055526603013277, 3489986.495950432028621 ], [ -10614223.946233978495002, 3489825.6063237558119 ], [ -10614100.381580837070942, 3489810.069686030037701 ], [ -10614056.744402498006821, 3489627.996202421374619 ], [ -10613972.475513076409698, 3489502.292468068189919 ], [ -10613862.825781494379044, 3489526.431592386215925 ], [ -10613707.646472172811627, 3489407.148859921377152 ], [ -10613687.163699435070157, 3489186.176950571592897 ], [ -10612455.190908262506127, 3489192.853584828320891 ], [ -10612426.470478573814034, 3489233.041682604700327 ], [ -10612424.998924186453223, 3489536.272627310361713 ], [ -10610684.60325332172215, 3489557.886048066429794 ], [ -10610539.299131643027067, 3489824.963586775586009 ], [ -10609903.172920053824782, 3489839.230196526274085 ], [ -10609900.962020810693502, 3489670.801630363799632 ], [ -10609834.747613126412034, 3489671.746153552550822 ], [ -10609834.738401694223285, 3489608.62941323639825 ], [ -10609716.52813414297998, 3489602.851094861049205 ], [ -10609717.490367883816361, 3489653.254335674922913 ], [ -10609539.794208683073521, 3489652.613637220580131 ], [ -10609463.254066985100508, 3489621.409133188426495 ] ] ] } },
{ "type": "Feature", "properties": { "ZIP": "77450", "POSTAL": "KATY", "STATE": "TX", "ZIP_TYPE": "STANDARD", "bbox_minx": -10661825.121848563, "bbox_miny": 3466321.5101615288, "bbox_maxx": -10651810.762355315, "bbox_maxy": 3476030.365890522, "label_x": -10657298.907099757, "label_y": 3471638.2614910551 }, "geometry": { "type": "MultiPolygon", "coordinates": [ [ [ [ -10655400.761175714433193, 3476030.3658905220218 ], [ -10655366.504466386511922, 3475590.445347373373806 ], [ -10655206.440823772922158, 3475598.711568972095847 ], [ -10655117.539490431547165, 3475474.788142864126712 ], [ -10655110.068318657577038, 3475131.204099906142801 ], [ -10655374.22184263728559, 3475123.44023910490796 ], [ -10655358.056575471535325, 3474007.304298766423017 ], [ -10655290.374299950897694, 3473813.656847425270826 ], [ -10655100.01795987971127, 3473491.900590718258172 ], [ -10655038.458335706964135, 3473269.150932252872735 ], [ -10654902.630995457991958, 3473300.604554945137352 ], [ -10654932.145215025171638, 3473031.737656428478658 ], [ -10655046.284816794097424, 3473050.683765438850969 ], [ -10655117.383877217769623, 3472852.002864803187549 ], [ -10655247.293649781495333, 3472673.503966706804931 ], [ -10654707.616821259260178, 3472205.597347398754209 ], [ -10654350.970095528289676, 3472149.687861436512321 ], [ -10654321.050998006016016, 3471963.277466163039207 ], [ -10654471.199410922825336, 3471871.845277910586447 ], [ -10654517.526551973074675, 3471732.298539085779339 ], [ -10654982.894970009103417, 3471308.527336245402694 ], [ -10655295.364156696945429, 3471196.714365740772337 ], [ -10655748.388941764831543, 3470823.772155850194395 ], [ -10656212.467015165835619, 3470829.62839910807088 ], [ -10656095.29251404106617, 3470643.64373089093715 ], [ -10656218.535781942307949, 3470480.38429623702541 ], [ -10656318.381820175796747, 3470435.728612401522696 ], [ -10656227.348980270326138, 3470065.089693290647119 ], [ -10656357.54941388219595, 3469916.408973312471062 ], [ -10656544.223256191238761, 3469539.944707161746919 ], [ -10656698.910618161782622, 3469646.287898898590356 ], [ -10656737.785886134952307, 3469567.301768466364592 ], [ -10653159.39646939188242, 3467188.898213399574161 ], [ -10656658.60203162021935, 3469441.590172661934048 ], [ -10660676.56794573366642, 3472080.136717357672751 ], [ -10660692.709243692457676, 3472478.850697536487132 ], [ -10660784.325151538476348, 3472834.819585375487804 ], [ -10661504.896276496350765, 3474351.773307500872761 ], [ -10661752.916019555181265, 3474679.450660891830921 ], [ -10661820.932268833741546, 3474696.63633737154305 ], [ -10661808.191087499260902, 3475989.6045703724958 ], [ -10661509.348973685875535, 3475938.937935196794569 ], [ -10660371.329892931506038, 3475964.718983989674598 ], [ -10659079.801117418333888, 3475919.441887509543449 ], [ -10657945.232853086665273, 3475954.714320757891983 ], [ -10656083.414417739957571, 3475933.679157494101673 ], [ -10655400.761175714433193, 3476030.3658905220218 ] ] ], [ [ [ -10651810.762355314567685, 3466321.529891843907535 ], [ -10651810.792607333511114, 3466321.510161528829485 ], [ -10651813.190327521413565, 3466323.124117902014405 ], [ -10651810.762355314567685, 3466321.529891843907535 ] ] ], [ [ [ -10651997.43253018707037, 3466447.342661895323545 ], [ -10651990.14996019564569, 3466442.237898321356624 ], [ -10652001.352634886279702, 3466449.646388169843704 ], [ -10651997.43253018707037, 3466447.342661895323545 ] ] ] ] } },
{ "type": "Feature", "properties": { "ZIP": "77079", "POSTAL": "HOUSTON", "STATE": "TX", "ZIP_TYPE": "STANDARD", "bbox_minx": -10647315.764944933, "bbox_miny": 3472639.5227957945, "bbox_maxx": -10637552.170033861, "bbox_maxy": 3476680.9005188588, "label_x": -10642620.546213232, "label_y": 3474708.0509255966 }, "geometry": { "type": "Polygon", "coordinates": [ [ [ -10638044.424896739423275, 3475869.034426860976964 ], [ -10638011.753812117502093, 3474305.963064598850906 ], [ -10638400.319322003051639, 3474296.104883360210806 ], [ -10638393.728544671088457, 3473823.169918373227119 ], [ -10638245.729250745847821, 3473655.358955924864858 ], [ -10638239.179884316399693, 3473577.674371969420463 ], [ -10638167.980929102748632, 3473486.509437597822398 ], [ -10638060.127378353849053, 3473505.35018687415868 ], [ -10637988.750775631517172, 3473478.320269104093313 ], [ -10637893.091606818139553, 3473212.822040168102831 ], [ -10637721.709624998271465, 3473293.90069916471839 ], [ -10637717.479522876441479, 3473250.941385372541845 ], [ -10637678.295086655765772, 3473231.192871063016355 ], [ -10637704.900384854525328, 3473173.358304524794221 ], [ -10637622.857956385239959, 3473172.588922712020576 ], [ -10637585.009357960894704, 3473128.219334991183132 ], [ -10637552.170033860951662, 3472986.263302691746503 ], [ -10637587.458368115127087, 3472850.463957551401109 ], [ -10637643.118046313524246, 3472823.535194750409573 ], [ -10637764.12238996103406, 3472937.277896638028324 ], [ -10637992.216026710346341, 3472988.827960344031453 ], [ -10638772.899563925340772, 3473002.549021462444216 ], [ -10639605.124115593731403, 3473584.489649200811982 ], [ -10639738.373595301061869, 3473637.58120779087767 ], [ -10639856.817479979246855, 3473597.057170801330358 ], [ -10640012.887402810156345, 3473479.204848774243146 ], [ -10640373.339887317270041, 3473488.951065168250352 ], [ -10640526.96077523380518, 3473421.369219745043665 ], [ -10640628.818160006776452, 3473285.821761552710086 ], [ -10640826.966904608532786, 3472843.539494203869253 ], [ -10641038.696486871689558, 3472691.071603514719754 ], [ -10641528.502310568466783, 3472639.522795794531703 ], [ -10642414.494101408869028, 3472981.903315130155534 ], [ -10642945.48805177025497, 3472974.081060360651463 ], [ -10643490.174303440377116, 3472811.353045674972236 ], [ -10644204.845514819025993, 3473217.471572929061949 ], [ -10644281.6559052541852, 3473397.516827960964292 ], [ -10644198.611646085977554, 3473874.828576400876045 ], [ -10644208.852981327101588, 3473969.087617651559412 ], [ -10644950.908747317269444, 3474482.073687015101314 ], [ -10645776.120080910623074, 3474511.699258697219193 ], [ -10645856.492746878415346, 3474444.625014701858163 ], [ -10645964.917998632416129, 3474119.646844097878784 ], [ -10646628.159460004419088, 3473883.292634698096663 ], [ -10647109.096513101831079, 3473969.267647582571954 ], [ -10647108.208900542929769, 3474153.96756761521101 ], [ -10647207.32062079757452, 3474202.984189459588379 ], [ -10647243.908635418862104, 3475410.373464474454522 ], [ -10647306.372785411775112, 3475474.326465227175504 ], [ -10647299.733651839196682, 3475758.29719745926559 ], [ -10647126.752582548186183, 3475757.444011171348393 ], [ -10647129.077617334201932, 3475994.045643681194633 ], [ -10647250.736021565273404, 3475996.40140109648928 ], [ -10647248.567028764635324, 3476059.970935629680753 ], [ -10647315.764944933354855, 3476063.474573532119393 ], [ -10647312.011128714308143, 3476275.391879502218217 ], [ -10647277.766477940604091, 3476329.547290367539972 ], [ -10646836.451333079487085, 3476342.51795909460634 ], [ -10646834.655976573005319, 3476197.420700380112976 ], [ -10646599.13523231446743, 3476197.872869679704309 ], [ -10646613.273793706670403, 3476680.900518858805299 ], [ -10642411.136967435479164, 3476650.347667276393622 ], [ -10642411.498600022867322, 3476395.852987200021744 ], [ -10642065.50746706686914, 3476390.818686219863594 ], [ -10642067.967273829504848, 3476263.794146965257823 ], [ -10641059.952326983213425, 3476264.176137543283403 ], [ -10641061.405742961913347, 3475884.810771489050239 ], [ -10638044.424896739423275, 3475869.034426860976964 ] ] ] } },
{ "type": "Feature", "properties": { "ZIP": "77094", "POSTAL": "HOUSTON", "STATE": "TX", "ZIP_TYPE": "STANDARD", "bbox_minx": -10656737.785886135, "bbox_miny": 3467372.9283044818, "bbox_maxx": -10647108.208900543, "bbox_maxy": 3476416.5983176548, "label_x": -10650817.22156336, "label_y": 3471917.561372037 }, "geometry": { "type": "Polygon", "coordinates": [ [ [ -10647277.766477940604091, 3476329.547290367539972 ], [ -10647312.011128714308143, 3476275.391879502218217 ], [ -10647315.764944933354855, 3476063.474573532119393 ], [ -10647248.567028764635324, 3476059.970935629680753 ], [ -10647250.736021565273404, 3475996.40140109648928 ], [ -10647129.077617334201932, 3475994.045643681194633 ], [ -10647126.752582548186183, 3475757.444011171348393 ], [ -10647299.733651839196682, 3475758.29719745926559 ], [ -10647306.372785411775112, 3475474.326465227175504 ], [ -10647243.908635418862104, 3475410.373464474454522 ], [ -10647207.32062079757452, 3474202.984189459588379 ], [ -10647108.208900542929769, 3474153.96756761521101 ], [ -10647108.87420560978353, 3473925.748213085811585 ], [ -10647228.501881748437881, 3473819.747308547142893 ], [ -10647253.758503103628755, 3473751.567095569800586 ], [ -10647235.612270016223192, 3471235.647719922009856 ], [ -10647288.754189381375909, 3470969.120875638909638 ], [ -10647379.585856277495623, 3470749.450577772222459 ], [ -10648072.975109066814184, 3469593.250265294220299 ], [ -10648908.984563615173101, 3469611.198345416691154 ], [ -10651661.804257798939943, 3469583.763452565297484 ], [ -10651732.046867115423083, 3469530.304071148857474 ], [ -10651858.839736342430115, 3469511.715182514861226 ], [ -10651949.899068873375654, 3469392.87471063202247 ], [ -10651948.672873701900244, 3468652.261683832854033 ], [ -10653437.265530342236161, 3468640.529070775955915 ], [ -10653439.334521543234587, 3467372.928304481785744 ], [ -10656737.785886134952307, 3469567.301768466364592 ], [ -10656698.910618161782622, 3469646.287898898590356 ], [ -10656544.223256191238761, 3469539.944707161746919 ], [ -10656357.54941388219595, 3469916.408973312471062 ], [ -10656227.348980270326138, 3470065.089693290647119 ], [ -10656318.381820175796747, 3470435.728612401522696 ], [ -10656218.535781942307949, 3470480.38429623702541 ], [ -10656095.29251404106617, 3470643.64373089093715 ], [ -10656212.467015165835619, 3470829.62839910807088 ], [ -10655748.388941764831543, 3470823.772155850194395 ], [ -10655295.364156696945429, 3471196.714365740772337 ], [ -10654982.894970009103417, 3471308.527336245402694 ], [ -10654517.526551973074675, 3471732.298539085779339 ], [ -10654471.199410922825336, 3471871.845277910586447 ], [ -10654321.050998006016016, 3471963.277466163039207 ], [ -10654350.970095528289676, 3472149.687861436512321 ], [ -10654707.616821259260178, 3472205.597347398754209 ], [ -10655247.293649781495333, 3472673.503966706804931 ], [ -10655117.383877217769623, 3472852.002864803187549 ], [ -10655046.284816794097424, 3473050.683765438850969 ], [ -10654932.145215025171638, 3473031.737656428478658 ], [ -10654902.630995457991958, 3473300.604554945137352 ], [ -10655038.458335706964135, 3473269.150932252872735 ], [ -10655100.01795987971127, 3473491.900590718258172 ], [ -10655290.374299950897694, 3473813.656847425270826 ], [ -10655358.056575471535325, 3474007.304298766423017 ], [ -10655374.22184263728559, 3475123.44023910490796 ], [ -10655110.068318657577038, 3475131.204099906142801 ], [ -10655117.539490431547165, 3475474.788142864126712 ], [ -10655206.440823772922158, 3475598.711568972095847 ], [ -10655366.504466386511922, 3475590.445347373373806 ], [ -10655400.761175714433193, 3476030.3658905220218 ], [ -10651978.174183087423444, 3476002.428608831949532 ], [ -10651978.474693115800619, 3476309.206021149642766 ], [ -10650672.495065657421947, 3476298.422358866315335 ], [ -10650686.286925652995706, 3476001.630092370323837 ], [ -10648110.939637821167707, 3476010.166008639615029 ], [ -10648114.838738802820444, 3476087.446870131418109 ], [ -10647820.345586515963078, 3476075.388070662971586 ], [ -10647819.356758669018745, 3476257.767663273960352 ], [ -10647468.766219824552536, 3476255.843133599497378 ], [ -10647463.90898778103292, 3476416.598317654803395 ], [ -10647277.766477940604091, 3476329.547290367539972 ] ] ] } },
{ "type": "Feature", "properties": { "ZIP": "77077", "POSTAL": "HOUSTON", "STATE": "TX", "ZIP_TYPE": "STANDARD", "bbox_minx": -10648072.975109067, "bbox_miny": 3469126.0756726717, "bbox_maxx": -10639182.565011915, "bbox_maxy": 3474523.8830447099, "label_x": -10643380.263715442, "label_y": 3471894.139733023 }, "geometry": { "type": "Polygon", "coordinates": [ [ [ -10640950.306881122291088, 3472735.147469793446362 ], [ -10640909.444249557331204, 3472594.032833539880812 ], [ -10640831.759898547083139, 3472604.272680754773319 ], [ -10640811.495134294033051, 3472560.148344065994024 ], [ -10640810.034977331757545, 3472409.621254687663168 ], [ -10640665.162605859339237, 3472479.002633033320308 ], [ -10640524.189433574676514, 3472448.087555981241167 ], [ -10640329.053337331861258, 3472353.244679345283657 ], [ -10639972.316203843802214, 3472360.115974766667932 ], [ -10639828.336555482819676, 3472405.13119997177273 ], [ -10639528.38220938295126, 3472414.685142557602376 ], [ -10639509.212952187284827, 3471047.889791315421462 ], [ -10639198.96923371963203, 3471048.228649829048663 ], [ -10639182.565011914819479, 3469980.981552365235984 ], [ -10639495.954378634691238, 3469973.063274764455855 ], [ -10639477.663253638893366, 3469504.920615017414093 ], [ -10639719.207085661590099, 3469495.05589398695156 ], [ -10639721.024844424799085, 3469564.665524778421968 ], [ -10640017.078363806009293, 3469560.344050449784845 ], [ -10640029.352719126269221, 3469594.878437303937972 ], [ -10640154.186158966273069, 3469570.674102600198239 ], [ -10640154.497239703312516, 3469333.963778133038431 ], [ -10640285.605406608432531, 3469364.025067440699786 ], [ -10640450.264453087002039, 3469500.490183584857732 ], [ -10640907.322541920468211, 3469491.307891871780157 ], [ -10640979.106306856498122, 3469126.075672671664506 ], [ -10641309.711149882525206, 3469126.115087992046028 ], [ -10641314.768885903060436, 3469369.02988036442548 ], [ -10641854.111755894497037, 3469363.773741803131998 ], [ -10641945.839036606252193, 3469390.951784428209066 ], [ -10642006.485089614987373, 3469269.521861776243895 ], [ -10642111.744680406525731, 3469314.949384558945894 ], [ -10642242.356823882088065, 3469311.950693437363952 ], [ -10642243.487838141620159, 3469384.147554538678378 ], [ -10642473.031665550544858, 3469368.490048901177943 ], [ -10642474.891779351979494, 3469500.818297207821161 ], [ -10642703.542288763448596, 3469498.640391377732158 ], [ -10642705.033172501251101, 3469609.810664140619338 ], [ -10642879.798388285562396, 3469588.686613339465111 ], [ -10642878.80964419990778, 3469509.988478356041014 ], [ -10643087.871984716504812, 3469505.937855942640454 ], [ -10643088.374777289107442, 3469535.756002875510603 ], [ -10643183.357826951891184, 3469534.602709758561105 ], [ -10643184.288445558398962, 3469566.251966961659491 ], [ -10643840.933053899556398, 3469542.849016938358545 ], [ -10643838.902355939149857, 3469263.120622505899519 ], [ -10644332.106802029535174, 3469258.986135161016136 ], [ -10644330.902792293578386, 3469382.323661780916154 ], [ -10644766.769866062328219, 3469374.368712698109448 ], [ -10644767.788961371406913, 3469511.358626384288073 ], [ -10645635.998808223754168, 3469500.43728842260316 ], [ -10645636.875992320477962, 3469559.60014733672142 ], [ -10645709.126496778801084, 3469559.323841964360327 ], [ -10645722.220169184729457, 3469521.732659673318267 ], [ -10647025.600886484608054, 3469513.521165743004531 ], [ -10647025.906189251691103, 3469615.341544634196907 ], [ -10647534.968021374195814, 3469598.634718996472657 ], [ -10647729.300738412886858, 3469537.534335690084845 ], [ -10647781.167125009000301, 3469598.834322846028954 ], [ -10648072.975109066814184, 3469593.250265294220299 ], [ -10647448.400723051279783, 3470617.408634954597801 ], [ -10647324.234739804640412, 3470865.536863767541945 ], [ -10647259.586263036355376, 3471079.42566728964448 ], [ -10647235.612270016223192, 3471235.647719922009856 ], [ -10647253.758503103628755, 3473751.567095569800586 ], [ -10647228.501881748437881, 3473819.747308547142893 ], [ -10647108.87420560978353, 3473925.748213085811585 ], [ -10647109.096513101831079, 3473969.267647582571954 ], [ -10646628.159460004419088, 3473883.292634698096663 ], [ -10646028.926649138331413, 3474084.379380476195365 ], [ -10645939.314478224143386, 3474157.60764354839921 ], [ -10645856.492746878415346, 3474444.625014701858163 ], [ -10645776.120080910623074, 3474511.699258697219193 ], [ -10644950.908747317269444, 3474482.073687015101314 ], [ -10644208.852981327101588, 3473969.087617651559412 ], [ -10644198.611646085977554, 3473874.828576400876045 ], [ -10644281.6559052541852, 3473397.516827960964292 ], [ -10644204.845514819025993, 3473217.471572929061949 ], [ -10643490.174303440377116, 3472811.353045674972236 ], [ -10642945.48805177025497, 3472974.081060360651463 ], [ -10642414.494101408869028, 3472981.903315130155534 ], [ -10641528.502310568466783, 3472639.522795794531703 ], [ -10641096.916609698906541, 3472680.684874033555388 ], [ -10640950.306881122291088, 3472735.147469793446362 ] ] ] } },
{ "type": "Feature", "properties": { "ZIP": "77082", "POSTAL": "HOUSTON", "STATE": "TX", "ZIP_TYPE": "STANDARD", "bbox_minx": -10653439.334521543, "bbox_miny": 3466034.2498805481, "bbox_maxx": -10638964.59181028, "bbox_maxy": 3469615.3415446342, "label_x": -10646204.958604047, "label_y": 3467760.5011744574 }, "geometry": { "type": "Polygon", "coordinates": [ [ [ -10639482.338748194277287, 3469540.94470050977543 ], [ -10639147.065625896677375, 3469554.954664688091725 ], [ -10639133.874226700514555, 3468596.811153240967542 ], [ -10638985.63115699402988, 3468599.736187253613025 ], [ -10638964.591810280457139, 3467219.07117453077808 ], [ -10640663.59530027769506, 3467023.29504068242386 ], [ -10640813.942432096228004, 3466961.695064588449895 ], [ -10641518.260936420410872, 3466946.698720768094063 ], [ -10643681.912562668323517, 3466742.955914807505906 ], [ -10643678.312834011390805, 3466618.48765616491437 ], [ -10643786.99516517482698, 3466616.193454351276159 ], [ -10643783.723830670118332, 3466733.803448070771992 ], [ -10644369.299122096970677, 3466673.965412985533476 ], [ -10644368.043420501053333, 3466602.105334396939725 ], [ -10645078.426363883540034, 3466526.40066390670836 ], [ -10645077.192131886258721, 3466467.033592055551708 ], [ -10645232.167335797101259, 3466384.923090079333633 ], [ -10645230.054888134822249, 3466185.223125955089927 ], [ -10645574.548268033191562, 3466176.738275783602148 ], [ -10645572.375177895650268, 3466095.994120599702001 ], [ -10645980.504129962995648, 3466097.434236571192741 ], [ -10645989.963065415620804, 3466465.43535163346678 ], [ -10646484.467876186594367, 3466387.398367885034531 ], [ -10646501.749410353600979, 3466466.278544910252094 ], [ -10649580.006659217178822, 3466170.363346992060542 ], [ -10649983.514843763783574, 3466052.282017388381064 ], [ -10649986.297548174858093, 3466156.298108006827533 ], [ -10651365.617942543700337, 3466034.249880548100919 ], [ -10653439.334521543234587, 3467372.928304481785744 ], [ -10653437.265530342236161, 3468640.529070775955915 ], [ -10651948.672873701900244, 3468652.261683832854033 ], [ -10651936.095411235466599, 3469441.462030778639019 ], [ -10651858.839736342430115, 3469511.715182514861226 ], [ -10651732.046867115423083, 3469530.304071148857474 ], [ -10651661.804257798939943, 3469583.763452565297484 ], [ -10647861.690793052315712, 3469600.557764692697674 ], [ -10647781.167125009000301, 3469598.834322846028954 ], [ -10647729.300738412886858, 3469537.534335690084845 ], [ -10647534.968021374195814, 3469598.634718996472657 ], [ -10647025.906189251691103, 3469615.341544634196907 ], [ -10647025.600886484608054, 3469513.521165743004531 ], [ -10645722.220169184729457, 3469521.732659673318267 ], [ -10645709.126496778801084, 3469559.323841964360327 ], [ -10645636.875992320477962, 3469559.60014733672142 ], [ -10645635.998808223754168, 3469500.43728842260316 ], [ -10644767.788961371406913, 3469511.358626384288073 ], [ -10644766.769866062328219, 3469374.368712698109448 ], [ -10644330.902792293578386, 3469382.323661780916154 ], [ -10644332.106802029535174, 3469258.986135161016136 ], [ -10643838.902355939149857, 3469263.120622505899519 ], [ -10643840.933053899556398, 3469542.849016938358545 ], [ -10643184.288445558398962, 3469566.251966961659491 ], [ -10643183.357826951891184, 3469534.602709758561105 ], [ -10643088.374777289107442, 3469535.756002875510603 ], [ -10643087.871984716504812, 3469505.937855942640454 ], [ -10642878.80964419990778, 3469509.988478356041014 ], [ -10642879.798388285562396, 3469588.686613339465111 ], [ -10642705.033172501251101, 3469609.810664140619338 ], [ -10642703.542288763448596, 3469498.640391377732158 ], [ -10642474.891779351979494, 3469500.818297207821161 ], [ -10642473.031665550544858, 3469368.490048901177943 ], [ -10642243.487838141620159, 3469384.147554538678378 ], [ -10642242.356823882088065, 3469311.950693437363952 ], [ -10642111.744680406525731, 3469314.949384558945894 ], [ -10642006.485089614987373, 3469269.521861776243895 ], [ -10641945.839036606252193, 3469390.951784428209066 ], [ -10641854.111755894497037, 3469363.773741803131998 ], [ -10641314.768885903060436, 3469369.02988036442548 ], [ -10641309.711149882525206, 3469126.115087992046028 ], [ -10640979.106306856498122, 3469126.075672671664506 ], [ -10640907.322541920468211, 3469491.307891871780157 ], [ -10640450.264453087002039, 3469500.490183584857732 ], [ -10640285.605406608432531, 3469364.025067440699786 ], [ -10640154.497239703312516, 3469333.963778133038431 ], [ -10640154.186158966273069, 3469570.674102600198239 ], [ -10640029.352719126269221, 3469594.878437303937972 ], [ -10640017.078363806009293, 3469560.344050449784845 ], [ -10639721.024844424799085, 3469564.665524778421968 ], [ -10639719.207085661590099, 3469495.05589398695156 ], [ -10639477.663253638893366, 3469504.920615017414093 ], [ -10639482.338748194277287, 3469540.94470050977543 ] ] ] } },
{ "type": "Feature", "properties": { "ZIP": "77040", "POSTAL": "HOUSTON", "STATE": "TX", "ZIP_TYPE": "STANDARD", "bbox_minx": -10640413.742400076, "bbox_miny": 3482255.7203356228, "bbox_maxx": -10629659.191866344, "bbox_maxy": 3490992.0132491016, "label_x": -10633436.167927261, "label_y": 3486597.1540757865 }, "geometry": { "type": "Polygon", "coordinates": [ [ [ -10631094.732193563133478, 3490653.123108255211264 ], [ -10630410.620254289358854, 3489253.232406343333423 ], [ -10630411.440718572586775, 3489175.027108603157103 ], [ -10630562.615137457847595, 3489230.667346924077719 ], [ -10630527.811637660488486, 3488716.354009631089866 ], [ -10630964.781667921692133, 3488716.751489163842052 ], [ -10630963.097171133384109, 3488667.580197419971228 ], [ -10630651.624707898125052, 3488667.849125191103667 ], [ -10630650.034004921093583, 3488520.163896434940398 ], [ -10630414.597623223438859, 3488519.376862227451056 ], [ -10630414.90402221120894, 3488367.196818429045379 ], [ -10630539.836307071149349, 3488366.559405573178083 ], [ -10630524.430317232385278, 3487946.778167213778943 ], [ -10630411.603226197883487, 3487935.469462433829904 ], [ -10630413.440126864239573, 3487848.901473791804165 ], [ -10630537.080233577638865, 3487858.821419078391045 ], [ -10630529.328142672777176, 3487744.756523284129798 ], [ -10630490.814526092261076, 3487559.936418456025422 ], [ -10630127.812952935695648, 3487130.878654114436358 ], [ -10630210.100672343745828, 3487118.033717167563736 ], [ -10630209.913909895345569, 3487033.277799722272903 ], [ -10630289.622766353189945, 3487032.710369988810271 ], [ -10630290.149609534069896, 3486927.547063749749213 ], [ -10630482.491130659356713, 3486926.888760401401669 ], [ -10630482.378912933170795, 3486872.141224523540586 ], [ -10630045.982692260295153, 3486872.253273344133049 ], [ -10629941.457454301416874, 3486722.472867622971535 ], [ -10629938.348691966384649, 3486466.712013140320778 ], [ -10629759.960087854415178, 3486471.835283949505538 ], [ -10629758.946280715987086, 3486303.029969558585435 ], [ -10629660.156144499778748, 3486303.869839179795235 ], [ -10629659.191866343840957, 3486146.590008297935128 ], [ -10631270.819291276857257, 3486138.794977650977671 ], [ -10631273.546284276992083, 3485384.030421157367527 ], [ -10631026.03433228097856, 3485387.262470278888941 ], [ -10631022.466541247442365, 3484925.894008527509868 ], [ -10631142.088924773037434, 3484829.656815639231354 ], [ -10631034.220627853646874, 3484812.159208627417684 ], [ -10631030.753420997411013, 3484387.163129657972604 ], [ -10630921.182782707735896, 3484363.853969519026577 ], [ -10630921.784275114536285, 3484172.579310446046293 ], [ -10630753.038234641775489, 3484053.191058896481991 ], [ -10630844.27309350669384, 3483910.159944104962051 ], [ -10630714.991079995408654, 3483826.939661748707294 ], [ -10630756.252633875235915, 3483762.814691864419729 ], [ -10630643.249856380745769, 3483688.010156288277358 ], [ -10630450.496921606361866, 3483685.183662771247327 ], [ -10630444.837547585368156, 3483650.174350808840245 ], [ -10630289.959673261269927, 3483553.871302935294807 ], [ -10630138.424866728484631, 3483552.551742765121162 ], [ -10630132.491022309288383, 3483192.157100976444781 ], [ -10630640.911940751597285, 3483180.202835693955421 ], [ -10630639.787551755085588, 3482837.952425127848983 ], [ -10630955.787331786006689, 3482835.717623818665743 ], [ -10630953.822659838944674, 3482685.042168919462711 ], [ -10631180.203044151887298, 3482686.346217905171216 ], [ -10631189.894863536581397, 3482604.380690857302397 ], [ -10631406.519756419584155, 3482612.941583292093128 ], [ -10631549.490283584222198, 3482432.737512544728816 ], [ -10631699.856908600777388, 3482433.53675363631919 ], [ -10631704.157722348347306, 3482255.72033562278375 ], [ -10634583.390551896765828, 3484639.188717307057232 ], [ -10635309.967918364331126, 3485204.848832082934678 ], [ -10635274.006878964602947, 3485248.566106644459069 ], [ -10638508.623270146548748, 3487878.919771373737603 ], [ -10638487.001553524285555, 3487917.091947576031089 ], [ -10638766.107623863965273, 3488085.030914740171283 ], [ -10638718.779485270380974, 3488137.399405549746007 ], [ -10640413.742400076240301, 3489503.214807908050716 ], [ -10640403.842603592202067, 3489787.638703437522054 ], [ -10640266.00230960547924, 3489790.27579688327387 ], [ -10640268.013709837570786, 3489903.231697194743901 ], [ -10640386.881539463996887, 3489950.337097985669971 ], [ -10640389.515119863674045, 3490118.390565644949675 ], [ -10639675.112688856199384, 3490125.367653395980597 ], [ -10639683.959339529275894, 3490590.569693093653768 ], [ -10638795.386096118018031, 3490613.894688769243658 ], [ -10638635.197445334866643, 3490562.658986336085945 ], [ -10638537.583293940871954, 3490493.484829839318991 ], [ -10638588.765587374567986, 3490214.650329972617328 ], [ -10638563.156047970056534, 3490144.805598177015781 ], [ -10637313.032548606395721, 3490168.97673294134438 ], [ -10637313.581176793202758, 3490242.574214096181095 ], [ -10636740.164038609713316, 3490253.059591603465378 ], [ -10636751.928806932643056, 3490611.418605343904346 ], [ -10636871.746969932690263, 3490831.716362508945167 ], [ -10636810.236706163734198, 3490821.192385510541499 ], [ -10636811.61329815723002, 3490977.050463042221963 ], [ -10636615.783834010362625, 3490940.477127058431506 ], [ -10636525.676547022536397, 3490992.013249101582915 ], [ -10636491.110140327364206, 3490883.757353821769357 ], [ -10635519.47381797619164, 3490892.676227387506515 ], [ -10635518.083528989925981, 3490642.318360371980816 ], [ -10635287.798801142722368, 3490607.581982757430524 ], [ -10635302.616165645420551, 3490275.769626056775451 ], [ -10635077.612240070477128, 3490292.878469449002296 ], [ -10635102.523589773103595, 3490371.447395265102386 ], [ -10635155.518024798482656, 3490400.361886440776289 ], [ -10633877.777137544006109, 3490419.906606139149517 ], [ -10633782.812337409704924, 3490398.155168346595019 ], [ -10633785.05290019325912, 3490305.663251929916441 ], [ -10633692.867974331602454, 3490303.862793542910367 ], [ -10633692.339213578030467, 3490200.681029257364571 ], [ -10633109.670109717175364, 3490205.634892661590129 ], [ -10633109.789305552840233, 3490446.380101023707539 ], [ -10632345.757471496239305, 3490460.701772439759225 ], [ -10631094.732193563133478, 3490653.123108255211264 ] ] ] } },
{ "type": "Feature", "properties": { "ZIP": "77065", "POSTAL": "HOUSTON", "STATE": "TX", "ZIP_TYPE": "STANDARD", "bbox_minx": -10645992.472439094, "bbox_miny": 3489435.6501958352, "bbox_maxx": -10639726.706696898, "bbox_maxy": 3497614.027395396, "label_x": -10642805.416402929, "label_y": 3493519.7216894422 }, "geometry": { "type": "Polygon", "coordinates": [ [ [ -10640651.702498665079474, 3497605.63991291821003 ], [ -10640650.986001919955015, 3497553.424198916647583 ], [ -10640607.046598667278886, 3497554.000066531822085 ], [ -10640606.588355047628284, 3497520.43959507253021 ], [ -10640571.439222529530525, 3497520.899551274254918 ], [ -10640571.874299930408597, 3497554.460043657105416 ], [ -10640508.020286852493882, 3497555.295754955150187 ], [ -10640573.044500948861241, 3497333.846736452542245 ], [ -10640555.100309357047081, 3497043.160769495181739 ], [ -10640585.721604593098164, 3497007.500836010556668 ], [ -10640591.406386954709888, 3496761.352628636639565 ], [ -10640560.349274976179004, 3496761.773699740879238 ], [ -10640553.257164588198066, 3496681.388232789002359 ], [ -10640550.91300112940371, 3496143.265410538762808 ], [ -10640517.881927866488695, 3496143.421295341104269 ], [ -10640510.379197059199214, 3495810.762718629091978 ], [ -10640470.195365695282817, 3495811.183640085626394 ], [ -10640469.098232919350266, 3495702.765024293679744 ], [ -10640563.988522971048951, 3495701.292140040546656 ], [ -10640573.483142599463463, 3495548.316353810485452 ], [ -10640572.313025599345565, 3495476.843393643852323 ], [ -10640540.514749517664313, 3495478.003817957825959 ], [ -10640534.973007347434759, 3495391.700934811029583 ], [ -10640505.951505517587066, 3495384.766731400042772 ], [ -10640507.286360058933496, 3495281.101831180974841 ], [ -10640468.604838045313954, 3495280.570263874251395 ], [ -10640473.243488695472479, 3495194.14001251058653 ], [ -10640576.973844287917018, 3495141.982789624016732 ], [ -10640601.765104016289115, 3495013.915101080201566 ], [ -10640455.418174751102924, 3495016.94767433218658 ], [ -10640457.512934718281031, 3494823.394733821507543 ], [ -10640125.68883066624403, 3494828.123021702282131 ], [ -10640123.296057319268584, 3494726.174158848356456 ], [ -10640284.128217888996005, 3494725.137836861889809 ], [ -10640278.005500607192516, 3494102.841475704684854 ], [ -10640338.31137321703136, 3494099.620843200478703 ], [ -10640324.108597040176392, 3493918.645577979274094 ], [ -10640382.032173672690988, 3493917.758301222231239 ], [ -10640380.222680479288101, 3493841.304294449742883 ], [ -10640292.144893975928426, 3493841.152334914542735 ], [ -10640288.762985205277801, 3493383.371164124459028 ], [ -10640374.540463736280799, 3493382.931241279002279 ], [ -10640373.936981502920389, 3493318.554012158885598 ], [ -10640182.294509081169963, 3493320.110172590240836 ], [ -10640177.18769022449851, 3493110.041795574128628 ], [ -10640423.354658607393503, 3493110.093056971207261 ], [ -10640422.147623181343079, 3493038.332026741933078 ], [ -10640267.488810265436769, 3493037.282983219251037 ], [ -10640062.1742626093328, 3492920.576872842386365 ], [ -10639747.393877863883972, 3492925.005407490767539 ], [ -10639726.706696897745132, 3492388.381667715962976 ], [ -10639850.47603165730834, 3492430.057226377539337 ], [ -10640007.902921136468649, 3492671.861055555287749 ], [ -10640313.855281243100762, 3492533.640688562300056 ], [ -10640309.770866047590971, 3492166.480840617790818 ], [ -10640238.777865881100297, 3492168.314938446506858 ], [ -10640238.469589317217469, 3492049.893102980218828 ], [ -10640326.613240174949169, 3492048.547314207535237 ], [ -10640349.352427419275045, 3491968.618661642074585 ], [ -10640238.400481138378382, 3491972.342769049108028 ], [ -10640234.51133724488318, 3491651.284238397609442 ], [ -10640355.393145181238651, 3491650.486563050188124 ], [ -10640333.384647462517023, 3491284.973700503353029 ], [ -10640030.528985746204853, 3491242.930231230333447 ], [ -10640030.180914632976055, 3491145.858952842652798 ], [ -10639942.548659292981029, 3491147.606583222281188 ], [ -10639939.35262493789196, 3491076.759498605504632 ], [ -10639938.990952687337995, 3491023.820108058396727 ], [ -10640243.222406746819615, 3491020.989719131030142 ], [ -10640248.537983423098922, 3490433.035257031209767 ], [ -10640283.885089628398418, 3490417.312173723708838 ], [ -10639888.570098454132676, 3490122.542102843057364 ], [ -10640389.515119863674045, 3490118.390565644949675 ], [ -10640386.881539463996887, 3489950.337097985669971 ], [ -10640268.013709837570786, 3489903.231697194743901 ], [ -10640266.00230960547924, 3489790.27579688327387 ], [ -10640403.842603592202067, 3489787.638703437522054 ], [ -10640413.742400076240301, 3489503.214807908050716 ], [ -10640561.440462725237012, 3489475.342999587766826 ], [ -10640571.064332123845816, 3489438.035688916221261 ], [ -10640668.423772679641843, 3489435.650195835158229 ], [ -10640669.476456457749009, 3489559.698946104384959 ], [ -10641319.713422115892172, 3490096.905998130794615 ], [ -10641656.15232471190393, 3490095.885156348813325 ], [ -10641678.861943919211626, 3490310.55047114379704 ], [ -10642059.913117736577988, 3490322.960959557909518 ], [ -10641831.342901658266783, 3490604.979197217151523 ], [ -10642537.985741086304188, 3491185.329654539935291 ], [ -10642602.644344070926309, 3491145.107334543950856 ], [ -10643346.889546748250723, 3491131.537991632241756 ], [ -10643681.579469498246908, 3491423.857106075622141 ], [ -10643730.723959291353822, 3491423.609092835802585 ], [ -10643730.938651386648417, 3491596.386338629294187 ], [ -10643601.123037209734321, 3491596.290768820792437 ], [ -10643601.123992398381233, 3491867.24841547710821 ], [ -10643732.171466553583741, 3491866.406691066455096 ], [ -10643728.415952393785119, 3492051.644167548976839 ], [ -10645323.541556604206562, 3493391.279055654536933 ], [ -10645330.905356155708432, 3494195.213858272414654 ], [ -10645492.246118595823646, 3494197.991943903267384 ], [ -10645541.646017715334892, 3494136.53444013511762 ], [ -10645722.05377946421504, 3494286.064841873012483 ], [ -10645594.669369529932737, 3494435.964728303253651 ], [ -10645463.211956318467855, 3494465.815079435240477 ], [ -10645476.839377680793405, 3495148.729055398609489 ], [ -10645344.812323786318302, 3495155.257411758881062 ], [ -10645346.904288651421666, 3495345.091089850757271 ], [ -10645499.046811504289508, 3495342.036848159972578 ], [ -10645503.344879172742367, 3495654.441220717970282 ], [ -10645352.46903725899756, 3495656.00878341589123 ], [ -10645360.4348358605057, 3496111.445640479680151 ], [ -10645636.770494747906923, 3496109.503424275666475 ], [ -10645659.520332731306553, 3496230.671581503469497 ], [ -10645956.310011371970177, 3496229.64770669862628 ], [ -10645992.472439093515277, 3496412.452262017410249 ], [ -10645743.595867929980159, 3496421.678507844451815 ], [ -10645745.273767737671733, 3496507.789765194989741 ], [ -10645196.034217787906528, 3496506.601379724219441 ], [ -10645072.835832742974162, 3496614.602669584099203 ], [ -10644811.564265638589859, 3496616.701418504118919 ], [ -10644807.34750203974545, 3496797.523011378012598 ], [ -10644717.502409264445305, 3496797.941884354222566 ], [ -10644719.402535978704691, 3496705.720673017669469 ], [ -10644407.159040674567223, 3496713.220607315655798 ], [ -10644411.668447664007545, 3496786.82734940154478 ], [ -10644180.07007597014308, 3496790.204090868588537 ], [ -10644178.76197193749249, 3496509.377242508344352 ], [ -10643805.422310596331954, 3496514.951829910743982 ], [ -10643807.854806015267968, 3496777.866878052707762 ], [ -10643737.525405161082745, 3496768.939145665150136 ], [ -10643735.149795139208436, 3496515.622948905453086 ], [ -10643186.300832388922572, 3496524.318071745336056 ], [ -10643501.485858868807554, 3496871.36861513601616 ], [ -10643396.43208478949964, 3496971.473034259397537 ], [ -10643124.950976753607392, 3496643.23957441188395 ], [ -10643134.234383748844266, 3497170.09437307016924 ], [ -10642949.431278895586729, 3497330.677615612745285 ], [ -10642439.279147449880838, 3497337.087949382606894 ], [ -10642437.041089395061135, 3497228.335180326364934 ], [ -10642323.267183408141136, 3497228.498815909493715 ], [ -10642327.264125404879451, 3497412.130474638659507 ], [ -10642018.045917944982648, 3497415.32766238367185 ], [ -10642015.083320043981075, 3497281.549159324262291 ], [ -10641936.710343426093459, 3497341.953046750277281 ], [ -10641847.506356446072459, 3497344.253140709828585 ], [ -10641758.000488257035613, 3497276.396120074670762 ], [ -10641760.700069610029459, 3497419.196810940280557 ], [ -10641370.200573399662971, 3497417.329457717016339 ], [ -10641374.215563220903277, 3497380.662017002236098 ], [ -10641307.655979761853814, 3497382.412111571524292 ], [ -10641308.101944563910365, 3497255.364387360867113 ], [ -10641215.326571417972445, 3497256.982997606042773 ], [ -10641209.555205667391419, 3497350.232052935287356 ], [ -10641075.005491953343153, 3497347.491965749301016 ], [ -10641075.075545564293861, 3497312.022283597849309 ], [ -10641037.582106173038483, 3497312.43552567390725 ], [ -10641038.396087260916829, 3497358.608102861326188 ], [ -10640970.281630966812372, 3497360.953413812443614 ], [ -10640968.812215348705649, 3497445.554313078057021 ], [ -10640847.085634477436543, 3497443.922302491497248 ], [ -10640850.229266902431846, 3497577.129493290092796 ], [ -10640751.512641197070479, 3497578.842577588744462 ], [ -10640752.029899759218097, 3497613.669593160040677 ], [ -10640651.702498665079474, 3497605.63991291821003 ] ] ] } },
{ "type": "Feature", "properties": { "ZIP": "77043", "POSTAL": "HOUSTON", "STATE": "TX", "ZIP_TYPE": "STANDARD", "bbox_minx": -10644099.9825413, "bbox_miny": 3475854.9255457516, "bbox_maxx": -10635905.420898821, "bbox_maxy": 3481978.6625877931, "label_x": -10640100.20556847, "label_y": 3478959.3580557546 }, "geometry": { "type": "Polygon", "coordinates": [ [ [ -10636055.685259336605668, 3481797.069713323377073 ], [ -10636055.312545582652092, 3481700.199822383001447 ], [ -10636224.197515375912189, 3481693.399114486761391 ], [ -10636223.890546610578895, 3481561.227407467085868 ], [ -10636176.209415515884757, 3481561.621511446777731 ], [ -10636173.904702080413699, 3481089.239778982009739 ], [ -10636068.799610460177064, 3481090.568980060517788 ], [ -10636074.282507574185729, 3480543.173459495883435 ], [ -10636194.123272551223636, 3480532.669934832025319 ], [ -10636182.754760790616274, 3479942.400343862827867 ], [ -10636112.016116693615913, 3479942.751354779582471 ], [ -10636109.273357138037682, 3479763.830284462776035 ], [ -10636194.783140238374472, 3479762.963715401943773 ], [ -10636194.531365947797894, 3479561.498542317189276 ], [ -10636106.565592823550105, 3479560.997198436874896 ], [ -10636105.558070875704288, 3479495.206466195639223 ], [ -10636044.035828214138746, 3479495.185547179076821 ], [ -10636041.67587330378592, 3479054.840195945929736 ], [ -10636103.407323833554983, 3479050.499637438450009 ], [ -10636100.301584612578154, 3478868.216474070213735 ], [ -10636141.783685255795717, 3478866.820150680840015 ], [ -10636132.139781275764108, 3478208.838434926699847 ], [ -10636097.471131650730968, 3478176.270363840274513 ], [ -10636091.694146022200584, 3477825.52296678442508 ], [ -10636069.696437129750848, 3477826.255605220794678 ], [ -10636058.159625584259629, 3477188.344144471455365 ], [ -10635986.058433867990971, 3477188.353259173221886 ], [ -10635983.789184639230371, 3477133.992339314427227 ], [ -10635982.698080496862531, 3477077.555562287103385 ], [ -10636089.091882912442088, 3477079.654157310724258 ], [ -10636092.665543651208282, 3476937.519894883036613 ], [ -10636054.771173322573304, 3476859.379642109386623 ], [ -10636056.625508455559611, 3476424.910478302277625 ], [ -10636084.574169302359223, 3476363.145534652285278 ], [ -10636065.845537235960364, 3475969.298950396478176 ], [ -10636001.42881983704865, 3475970.151493150275201 ], [ -10636004.529601315036416, 3476006.949051404837519 ], [ -10635909.066919330507517, 3476001.730859454255551 ], [ -10635905.977430460974574, 3475854.925545751582831 ], [ -10641061.405742961913347, 3475884.810771489050239 ], [ -10641059.952326983213425, 3476264.176137543283403 ], [ -10642067.967273829504848, 3476263.794146965257823 ], [ -10642065.50746706686914, 3476390.818686219863594 ], [ -10642411.498600022867322, 3476395.852987200021744 ], [ -10642411.136967435479164, 3476650.347667276393622 ], [ -10644061.577294565737247, 3476663.263245309703052 ], [ -10644099.982541300356388, 3479149.907065120991319 ], [ -10644066.030036034062505, 3479441.398317337501794 ], [ -10643952.484200302511454, 3479663.870088819414377 ], [ -10642790.420033765956759, 3481109.902569711208344 ], [ -10642710.41235682182014, 3481301.708971419371665 ], [ -10641710.641017181798816, 3481318.013004422187805 ], [ -10641695.070887055248022, 3480014.601832434069365 ], [ -10641605.633897725492716, 3480015.204527843277901 ], [ -10641606.692795265465975, 3480441.498490200843662 ], [ -10640632.757023449987173, 3480437.740553034469485 ], [ -10640623.950090443715453, 3480018.872300812974572 ], [ -10639425.796198517084122, 3480046.646589038427919 ], [ -10639409.07171586714685, 3481936.43970089033246 ], [ -10638369.678248543292284, 3481943.601359829772264 ], [ -10638365.227592084556818, 3481675.459108841139823 ], [ -10638265.7271842751652, 3481677.127557026222348 ], [ -10638269.024118823930621, 3481956.891484382562339 ], [ -10638169.99329562112689, 3481963.228068502154201 ], [ -10637930.78389391861856, 3481968.65671417908743 ], [ -10637928.948754830285907, 3481807.747516049072146 ], [ -10637682.160745674744248, 3481809.288795012049377 ], [ -10637688.017947597429156, 3481974.112567115109414 ], [ -10637454.856017261743546, 3481978.662587793078274 ], [ -10637456.351438101381063, 3481655.192482010927051 ], [ -10636697.063818691298366, 3481706.468048450537026 ], [ -10636492.659259287640452, 3481780.877235813532025 ], [ -10636055.685259336605668, 3481797.069713323377073 ] ] ] } },
{ "type": "Feature", "properties": { "ZIP": "77084", "POSTAL": "HOUSTON", "STATE": "TX", "ZIP_TYPE": "STANDARD", "bbox_minx": -10655551.699640496, "bbox_miny": 3475991.013049175, "bbox_maxx": -10642679.211857852, "bbox_maxy": 3488128.9202451012, "label_x": -10648108.892704286, "label_y": 3482021.4280406153 }, "geometry": { "type": "Polygon", "coordinates": [ [ [ -10644944.440418032929301, 3487930.476467297412455 ], [ -10645036.736578058451414, 3487730.25594492116943 ], [ -10644961.818041419610381, 3487366.802842148113996 ], [ -10644858.180271927267313, 3487239.845578124281019 ], [ -10644926.195482864975929, 3487135.349045570939779 ], [ -10645030.724513247609138, 3487092.343248821329325 ], [ -10645046.197903294116259, 3487037.260630059521645 ], [ -10644945.231362262740731, 3486860.746620831079781 ], [ -10644837.251454021781683, 3486824.16048641409725 ], [ -10644795.839897837489843, 3486759.846005158033222 ], [ -10644834.022242899984121, 3486457.67162341857329 ], [ -10644910.499421935528517, 3486269.869373753201216 ], [ -10644847.715227486565709, 3486073.716332624200732 ], [ -10644856.175802467390895, 3485802.35543247172609 ], [ -10644690.866356762126088, 3485494.546274532563984 ], [ -10644479.025410231202841, 3485263.50167228281498 ], [ -10644446.075632778927684, 3485175.586481289472431 ], [ -10644535.463610790669918, 3485039.529217408969998 ], [ -10644454.535664945840836, 3484945.308943492360413 ], [ -10644519.768350733444095, 3484830.304380937479436 ], [ -10644330.080237587913871, 3484682.19501777458936 ], [ -10644464.108323413878679, 3484502.248993555549532 ], [ -10644574.982542892917991, 3484437.946224306244403 ], [ -10644540.473357060924172, 3484281.361753337550908 ], [ -10644635.206406816840172, 3484251.713683447800577 ], [ -10644598.693855825811625, 3484174.824444390833378 ], [ -10644687.749197201803327, 3484103.473914592992514 ], [ -10644654.130948849022388, 3484060.468576682265848 ], [ -10644579.658208655193448, 3484058.415039821527898 ], [ -10644559.286281501874328, 3484028.767601732164621 ], [ -10644610.493433743715286, 3483906.722122391220182 ], [ -10644663.147496027871966, 3483911.599077995400876 ], [ -10644627.751667672768235, 3483757.073133817873895 ], [ -10644710.680997615680099, 3483685.845082730986178 ], [ -10644667.155093098059297, 3483637.845586998853832 ], [ -10644653.017456235364079, 3483535.558539271820337 ], [ -10644791.276305159553885, 3483490.254706306848675 ], [ -10644762.445363160222769, 3483354.206268324982375 ], [ -10644825.562649419531226, 3483205.21658411482349 ], [ -10644951.799025762826204, 3483148.748651672620326 ], [ -10644963.821752464398742, 3483062.625979911535978 ], [ -10645007.347696449607611, 3483083.801266193855554 ], [ -10645055.771654933691025, 3483044.274119150824845 ], [ -10645048.758228780701756, 3483002.703414028510451 ], [ -10644948.459720307961106, 3482920.046692994423211 ], [ -10644928.86715580150485, 3482825.603345526847988 ], [ -10645009.57150992937386, 3482723.959076960105449 ], [ -10644916.511158687993884, 3482643.619398154783994 ], [ -10644974.50843139924109, 3482598.446995113510638 ], [ -10645044.083092195913196, 3482594.212170317303389 ], [ -10645034.286722049117088, 3482526.463629309553653 ], [ -10644994.100679462775588, 3482483.976915617473423 ], [ -10643515.440062316134572, 3482485.256758845876902 ], [ -10642682.256468888372183, 3482207.686045572627336 ], [ -10642686.448359236121178, 3481449.942748608998954 ], [ -10642729.416947185993195, 3481237.448617455549538 ], [ -10642790.420033765956759, 3481109.902569711208344 ], [ -10643952.484200302511454, 3479663.870088819414377 ], [ -10644066.030036034062505, 3479441.398317337501794 ], [ -10644099.982541300356388, 3479149.907065120991319 ], [ -10644061.577294565737247, 3476663.263245309703052 ], [ -10646613.273793706670403, 3476680.900518858805299 ], [ -10646599.13523231446743, 3476197.872869679704309 ], [ -10646834.655976573005319, 3476197.420700380112976 ], [ -10646836.451333079487085, 3476342.51795909460634 ], [ -10647277.766477940604091, 3476329.547290367539972 ], [ -10647463.90898778103292, 3476416.598317654803395 ], [ -10647468.766219824552536, 3476255.843133599497378 ], [ -10647819.356758669018745, 3476257.767663273960352 ], [ -10647820.345586515963078, 3476075.388070662971586 ], [ -10648114.838738802820444, 3476087.446870131418109 ], [ -10648110.939637821167707, 3476010.166008639615029 ], [ -10650686.286925652995706, 3476001.630092370323837 ], [ -10650672.495065657421947, 3476298.422358866315335 ], [ -10651978.474693115800619, 3476309.206021149642766 ], [ -10651978.174183087423444, 3476002.428608831949532 ], [ -10655400.761175714433193, 3476030.3658905220218 ], [ -10655378.094108676537871, 3476359.777844640891999 ], [ -10655386.665750451385975, 3477980.929378975182772 ], [ -10655541.288505930453539, 3478531.664664384443313 ], [ -10655551.699640495702624, 3479416.682860574219376 ], [ -10655309.368864852935076, 3479422.453437732998282 ], [ -10655319.984165379777551, 3479782.829820445273072 ], [ -10653674.570272363722324, 3479793.275600171182305 ], [ -10653653.421179236844182, 3479924.451777805574238 ], [ -10653673.965389341115952, 3481376.417948673479259 ], [ -10653544.203011333942413, 3481735.106868078466505 ], [ -10653535.429432522505522, 3481861.513160136062652 ], [ -10653576.994146250188351, 3483827.295904328580946 ], [ -10653108.260226475074887, 3483849.244172190781683 ], [ -10652948.418140690773726, 3483766.376023836899549 ], [ -10652766.448777064681053, 3483757.325256450567394 ], [ -10652771.072598099708557, 3485088.007497905753553 ], [ -10651432.730128817260265, 3485092.886775306425989 ], [ -10651426.361697610467672, 3485331.327066808007658 ], [ -10651568.454085879027843, 3485330.241462667006999 ], [ -10651444.856137970462441, 3485594.768999728374183 ], [ -10651427.509295154362917, 3485705.460525636561215 ], [ -10651429.136537536978722, 3485963.681661563925445 ], [ -10651538.044250901788473, 3485962.903111357241869 ], [ -10651538.686777878552675, 3486230.838761728256941 ], [ -10651500.941769823431969, 3486231.063896424602717 ], [ -10651525.004528295248747, 3486451.982803697232157 ], [ -10651433.696689244359732, 3486452.206513881217688 ], [ -10651434.629183396697044, 3486967.75242594210431 ], [ -10651505.75074896402657, 3486967.836002209689468 ], [ -10651505.221478221938014, 3487015.248365459032357 ], [ -10651433.743328616023064, 3487016.381651114672422 ], [ -10651434.954400788992643, 3487176.268935718107969 ], [ -10651594.299516601487994, 3487298.489817066118121 ], [ -10651724.354058293625712, 3487465.615301063284278 ], [ -10651534.796797413378954, 3487497.560101925395429 ], [ -10651419.806382184848189, 3487482.481550907250494 ], [ -10651421.333967162296176, 3487883.55425859009847 ], [ -10651481.737704699859023, 3487887.386333285365254 ], [ -10651481.523816950619221, 3487967.589671719819307 ], [ -10651533.559512816369534, 3487967.420294851996005 ], [ -10651533.631446033716202, 3488011.186745377257466 ], [ -10651422.813382023945451, 3488013.305028933100402 ], [ -10651425.026396850124002, 3488128.92024510120973 ], [ -10651327.84574817866087, 3488123.356841114815325 ], [ -10651247.081363078206778, 3488107.429822338279337 ], [ -10651249.291848914697766, 3487917.262063025962561 ], [ -10650269.480263832956553, 3487925.937538692262024 ], [ -10650269.949849121272564, 3487887.060629949439317 ], [ -10649455.927269078791142, 3487896.214504754636437 ], [ -10649456.30799032188952, 3487824.453296812716872 ], [ -10649350.137874042615294, 3487824.73174755461514 ], [ -10649354.42177658714354, 3487932.796527037397027 ], [ -10649253.676710369065404, 3487932.594757552724332 ], [ -10649219.020153073593974, 3487825.526848392095417 ], [ -10649009.665892563760281, 3487825.880209007300436 ], [ -10649010.557112298905849, 3487986.743456860072911 ], [ -10648203.001001141965389, 3487994.707204130943865 ], [ -10648233.51031257212162, 3487652.752192419953644 ], [ -10648091.56806355714798, 3487655.107237462420017 ], [ -10648094.125361703336239, 3487827.100554323755205 ], [ -10647737.319288773462176, 3487839.421754236798733 ], [ -10647739.006697125732899, 3488000.440844785887748 ], [ -10647665.212371118366718, 3487999.237273294012994 ], [ -10647661.813948567956686, 3487894.642499061767012 ], [ -10647447.599469721317291, 3487901.728707277681679 ], [ -10647313.392313499003649, 3488003.8018645090051 ], [ -10647156.906731678172946, 3488005.848670209292322 ], [ -10647155.70782863907516, 3487942.823795334901661 ], [ -10647077.348549019545317, 3487929.739962688647211 ], [ -10647037.53914106823504, 3487751.121226451825351 ], [ -10646827.848185636103153, 3487754.034653207752854 ], [ -10646827.870581161230803, 3487534.47667121514678 ], [ -10646500.276176551356912, 3487539.696031574159861 ], [ -10646505.059880599379539, 3487472.423829832114279 ], [ -10646119.814438428729773, 3487589.964343358762562 ], [ -10646131.359009053558111, 3488008.472113653086126 ], [ -10646065.424387568607926, 3488010.520131220575422 ], [ -10646064.755223542451859, 3487937.750435436144471 ], [ -10645833.662671204656363, 3487940.307301715016365 ], [ -10645834.40506137534976, 3488008.214919556397945 ], [ -10645435.622376771643758, 3488032.991241710726172 ], [ -10645410.850614368915558, 3487976.791612505447119 ], [ -10645348.79826881736517, 3487977.429442792665213 ], [ -10645313.704815858975053, 3487927.574811303056777 ], [ -10644944.440418032929301, 3487930.476467297412455 ] ] ] } },
{ "type": "Feature", "properties": { "ZIP": "77041", "POSTAL": "HOUSTON", "STATE": "TX", "ZIP_TYPE": "STANDARD", "bbox_minx": -10645059.333885437, "bbox_miny": 3480014.6018324341, "bbox_maxx": -10632467.327862522, "bbox_maxy": 3491423.8571060756, "label_x": -10640338.000297464, "label_y": 3485718.5351996063 }, "geometry": { "type": "Polygon", "coordinates": [ [ [ -10640413.742400076240301, 3489503.214807908050716 ], [ -10638718.779485270380974, 3488137.399405549746007 ], [ -10638766.107623863965273, 3488085.030914740171283 ], [ -10638487.001553524285555, 3487917.091947576031089 ], [ -10638508.623270146548748, 3487878.919771373737603 ], [ -10635274.006878964602947, 3485248.566106644459069 ], [ -10635309.967918364331126, 3485204.848832082934678 ], [ -10634583.390551896765828, 3484639.188717307057232 ], [ -10632472.847665028646588, 3482886.752394665032625 ], [ -10632467.327862521633506, 3482059.703629302792251 ], [ -10632987.068815186619759, 3482052.038144785910845 ], [ -10633008.302283894270658, 3482160.889568478334695 ], [ -10633255.52962881885469, 3482186.406193186528981 ], [ -10633522.637249365448952, 3482144.18402747111395 ], [ -10633522.662364639341831, 3482215.543843674007803 ], [ -10633573.526361422613263, 3482214.189504535868764 ], [ -10633572.914379773661494, 3482144.504412763752043 ], [ -10633632.301208766177297, 3482146.3897265936248 ], [ -10633627.900554172694683, 3482065.836146774701774 ], [ -10633951.778039058670402, 3482056.524022948928177 ], [ -10633947.988071313127875, 3482523.361506384797394 ], [ -10634174.6256507858634, 3482493.661122704390436 ], [ -10634172.316421428695321, 3482055.6307876217179 ], [ -10634438.608543366193771, 3482046.794575775973499 ], [ -10634438.840893773362041, 3482098.012020905967802 ], [ -10634976.140767090022564, 3482090.719569331035018 ], [ -10634973.676714226603508, 3482020.598726321477443 ], [ -10635358.619391752406955, 3482015.337419144343585 ], [ -10635358.572341388091445, 3482065.094066368415952 ], [ -10636048.605598255991936, 3482080.339638707693666 ], [ -10636055.685259336605668, 3481797.069713323377073 ], [ -10636492.659259287640452, 3481780.877235813532025 ], [ -10636697.063818691298366, 3481706.468048450537026 ], [ -10637456.351438101381063, 3481655.192482010927051 ], [ -10637454.856017261743546, 3481978.662587793078274 ], [ -10637688.017947597429156, 3481974.112567115109414 ], [ -10637682.160745674744248, 3481809.288795012049377 ], [ -10637928.948754830285907, 3481807.747516049072146 ], [ -10637930.78389391861856, 3481968.65671417908743 ], [ -10638269.024118823930621, 3481956.891484382562339 ], [ -10638265.7271842751652, 3481677.127557026222348 ], [ -10638365.227592084556818, 3481675.459108841139823 ], [ -10638369.678248543292284, 3481943.601359829772264 ], [ -10639409.07171586714685, 3481936.43970089033246 ], [ -10639425.796198517084122, 3480046.646589038427919 ], [ -10640623.950090443715453, 3480018.872300812974572 ], [ -10640632.757023449987173, 3480437.740553034469485 ], [ -10641606.692795265465975, 3480441.498490200843662 ], [ -10641605.633897725492716, 3480015.204527843277901 ], [ -10641695.070887055248022, 3480014.601832434069365 ], [ -10641710.641017181798816, 3481318.013004422187805 ], [ -10642710.41235682182014, 3481301.708971419371665 ], [ -10642682.256468888372183, 3482207.686045572627336 ], [ -10643401.49634886905551, 3482460.881216080393642 ], [ -10643582.178578313440084, 3482494.275166995357722 ], [ -10644663.370416335761547, 3482480.38371618045494 ], [ -10645023.711431695148349, 3482506.059264272451401 ], [ -10645051.763095617294312, 3482585.743445265572518 ], [ -10644916.511158687993884, 3482643.619398154783994 ], [ -10645009.57150992937386, 3482723.959076960105449 ], [ -10644928.86715580150485, 3482825.603345526847988 ], [ -10644948.459720307961106, 3482920.046692994423211 ], [ -10645048.758228780701756, 3483002.703414028510451 ], [ -10645055.771654933691025, 3483044.274119150824845 ], [ -10645007.347696449607611, 3483083.801266193855554 ], [ -10644963.821752464398742, 3483062.625979911535978 ], [ -10644951.799025762826204, 3483148.748651672620326 ], [ -10644825.562649419531226, 3483205.21658411482349 ], [ -10644762.445363160222769, 3483354.206268324982375 ], [ -10644791.276305159553885, 3483490.254706306848675 ], [ -10644653.017456235364079, 3483535.558539271820337 ], [ -10644667.155093098059297, 3483637.845586998853832 ], [ -10644710.680997615680099, 3483685.845082730986178 ], [ -10644627.751667672768235, 3483757.073133817873895 ], [ -10644663.147496027871966, 3483911.599077995400876 ], [ -10644610.493433743715286, 3483906.722122391220182 ], [ -10644559.286281501874328, 3484028.767601732164621 ], [ -10644579.658208655193448, 3484058.415039821527898 ], [ -10644654.130948849022388, 3484060.468576682265848 ], [ -10644687.749197201803327, 3484103.473914592992514 ], [ -10644598.693855825811625, 3484174.824444390833378 ], [ -10644635.206406816840172, 3484251.713683447800577 ], [ -10644540.473357060924172, 3484281.361753337550908 ], [ -10644574.982542892917991, 3484437.946224306244403 ], [ -10644464.108323413878679, 3484502.248993555549532 ], [ -10644330.080237587913871, 3484682.19501777458936 ], [ -10644519.768350733444095, 3484830.304380937479436 ], [ -10644454.535664945840836, 3484945.308943492360413 ], [ -10644535.463610790669918, 3485039.529217408969998 ], [ -10644446.075632778927684, 3485175.586481289472431 ], [ -10644479.025410231202841, 3485263.50167228281498 ], [ -10644690.866356762126088, 3485494.546274532563984 ], [ -10644856.175802467390895, 3485802.35543247172609 ], [ -10644847.715227486565709, 3486073.716332624200732 ], [ -10644910.499421935528517, 3486269.869373753201216 ], [ -10644834.022242899984121, 3486457.67162341857329 ], [ -10644795.839897837489843, 3486759.846005158033222 ], [ -10644837.251454021781683, 3486824.16048641409725 ], [ -10644945.231362262740731, 3486860.746620831079781 ], [ -10645046.197903294116259, 3487037.260630059521645 ], [ -10645030.724513247609138, 3487092.343248821329325 ], [ -10644926.195482864975929, 3487135.349045570939779 ], [ -10644858.180271927267313, 3487239.845578124281019 ], [ -10644961.818041419610381, 3487366.802842148113996 ], [ -10645036.736578058451414, 3487730.25594492116943 ], [ -10644944.007029274478555, 3487915.896325620822608 ], [ -10644968.496940225362778, 3488060.842954471241683 ], [ -10644636.813087796792388, 3488058.776627187617123 ], [ -10644632.016177855432034, 3488140.420566695276648 ], [ -10644444.842575963586569, 3488145.761227511800826 ], [ -10644445.826492939144373, 3488266.149322347715497 ], [ -10644143.565094113349915, 3488328.845029348973185 ], [ -10644140.16454267129302, 3488545.567103391513228 ], [ -10644447.561449039727449, 3488539.637866381555796 ], [ -10644448.566623751074076, 3489521.59758450742811 ], [ -10644343.17212531901896, 3489523.567107478622347 ], [ -10644437.750037416815758, 3489625.471222870051861 ], [ -10644396.291602957993746, 3491417.040767779573798 ], [ -10643681.579469498246908, 3491423.857106075622141 ], [ -10643346.889546748250723, 3491131.537991632241756 ], [ -10642602.644344070926309, 3491145.107334543950856 ], [ -10642537.985741086304188, 3491185.329654539935291 ], [ -10641831.342901658266783, 3490604.979197217151523 ], [ -10642059.913117736577988, 3490322.960959557909518 ], [ -10641678.861943919211626, 3490310.55047114379704 ], [ -10641656.15232471190393, 3490095.885156348813325 ], [ -10641319.713422115892172, 3490096.905998130794615 ], [ -10640669.476456457749009, 3489559.698946104384959 ], [ -10640668.423772679641843, 3489435.650195835158229 ], [ -10640571.064332123845816, 3489438.035688916221261 ], [ -10640561.440462725237012, 3489475.342999587766826 ], [ -10640413.742400076240301, 3489503.214807908050716 ] ] ] } },
{ "type": "Feature", "properties": { "ZIP": "77095", "POSTAL": "HOUSTON", "STATE": "TX", "ZIP_TYPE": "STANDARD", "bbox_minx": -10651759.102610631, "bbox_miny": 3487472.4238298321, "bbox_maxx": -10643601.12303721, "bbox_maxy": 3497059.6859856383, "label_x": -10647107.865538087, "label_y": 3492242.5727661299 }, "geometry": { "type": "Polygon", "coordinates": [ [ [ -10645323.541556604206562, 3493391.279055654536933 ], [ -10643728.415952393785119, 3492051.644167548976839 ], [ -10643732.171466553583741, 3491866.406691066455096 ], [ -10643601.123992398381233, 3491867.24841547710821 ], [ -10643601.123037209734321, 3491596.290768820792437 ], [ -10643730.938651386648417, 3491596.386338629294187 ], [ -10643730.723959291353822, 3491423.609092835802585 ], [ -10644397.021500211209059, 3491415.331951188389212 ], [ -10644437.750037416815758, 3489625.471222870051861 ], [ -10644343.17212531901896, 3489523.567107478622347 ], [ -10644448.566623751074076, 3489521.59758450742811 ], [ -10644447.561449039727449, 3488539.637866381555796 ], [ -10644140.16454267129302, 3488545.567103391513228 ], [ -10644143.565094113349915, 3488328.845029348973185 ], [ -10644445.826492939144373, 3488266.149322347715497 ], [ -10644444.842575963586569, 3488145.761227511800826 ], [ -10644632.016177855432034, 3488140.420566695276648 ], [ -10644636.813087796792388, 3488058.776627187617123 ], [ -10644968.496940225362778, 3488060.842954471241683 ], [ -10644944.440418032929301, 3487930.476467297412455 ], [ -10645313.704815858975053, 3487927.574811303056777 ], [ -10645348.79826881736517, 3487977.429442792665213 ], [ -10645410.850614368915558, 3487976.791612505447119 ], [ -10645435.622376771643758, 3488032.991241710726172 ], [ -10645834.40506137534976, 3488008.214919556397945 ], [ -10645833.662671204656363, 3487940.307301715016365 ], [ -10646064.755223542451859, 3487937.750435436144471 ], [ -10646065.424387568607926, 3488010.520131220575422 ], [ -10646131.359009053558111, 3488008.472113653086126 ], [ -10646119.814438428729773, 3487589.964343358762562 ], [ -10646505.059880599379539, 3487472.423829832114279 ], [ -10646500.276176551356912, 3487539.696031574159861 ], [ -10646827.870581161230803, 3487534.47667121514678 ], [ -10646827.848185636103153, 3487754.034653207752854 ], [ -10647037.53914106823504, 3487751.121226451825351 ], [ -10647077.348549019545317, 3487929.739962688647211 ], [ -10647155.70782863907516, 3487942.823795334901661 ], [ -10647156.906731678172946, 3488005.848670209292322 ], [ -10647313.392313499003649, 3488003.8018645090051 ], [ -10647447.599469721317291, 3487901.728707277681679 ], [ -10647661.813948567956686, 3487894.642499061767012 ], [ -10647665.212371118366718, 3487999.237273294012994 ], [ -10647739.006697125732899, 3488000.440844785887748 ], [ -10647737.319288773462176, 3487839.421754236798733 ], [ -10648094.125361703336239, 3487827.100554323755205 ], [ -10648091.56806355714798, 3487655.107237462420017 ], [ -10648233.51031257212162, 3487652.752192419953644 ], [ -10648203.001001141965389, 3487994.707204130943865 ], [ -10649010.557112298905849, 3487986.743456860072911 ], [ -10649009.665892563760281, 3487825.880209007300436 ], [ -10649219.020153073593974, 3487825.526848392095417 ], [ -10649253.676710369065404, 3487932.594757552724332 ], [ -10649354.42177658714354, 3487932.796527037397027 ], [ -10649350.137874042615294, 3487824.73174755461514 ], [ -10649456.30799032188952, 3487824.453296812716872 ], [ -10649455.927269078791142, 3487896.214504754636437 ], [ -10650269.949849121272564, 3487887.060629949439317 ], [ -10650269.480263832956553, 3487925.937538692262024 ], [ -10651249.291848914697766, 3487917.262063025962561 ], [ -10651247.081363078206778, 3488107.429822338279337 ], [ -10651425.026396850124002, 3488128.92024510120973 ], [ -10651427.485455485060811, 3488447.743333528749645 ], [ -10651169.229250328615308, 3488489.197083817329258 ], [ -10650958.313806872814894, 3488571.776250238064677 ], [ -10650953.933683989569545, 3488807.032893613446504 ], [ -10650997.337829580530524, 3488805.262063905131072 ], [ -10651108.071644075214863, 3489034.470189412124455 ], [ -10651406.549964861944318, 3489031.651952732820064 ], [ -10651426.512753736227751, 3489495.840265234932303 ], [ -10651371.977214990183711, 3489494.370158548932523 ], [ -10651372.634530415758491, 3489538.707567157689482 ], [ -10651319.616105044260621, 3489539.112000207416713 ], [ -10651316.970110127702355, 3489592.312294235918671 ], [ -10651214.841961048543453, 3489592.82372941961512 ], [ -10651219.685095677152276, 3489774.65900075994432 ], [ -10651422.143509300425649, 3489773.805941537488252 ], [ -10651426.732663659378886, 3490004.143700396176428 ], [ -10651308.430477501824498, 3490010.09933795593679 ], [ -10651354.991949889808893, 3490301.45817958470434 ], [ -10651292.441938333213329, 3490347.372123975306749 ], [ -10651306.525737226009369, 3490434.245575876440853 ], [ -10651377.436699261888862, 3490500.998387744650245 ], [ -10651489.138765029609203, 3490482.692594529595226 ], [ -10651627.88930075801909, 3491251.827171019744128 ], [ -10651450.448360174894333, 3491255.691269299481064 ], [ -10651515.14218695089221, 3491786.79113322775811 ], [ -10651622.351967001333833, 3491817.09642837382853 ], [ -10651615.74271016381681, 3491925.373224887065589 ], [ -10650251.733812069520354, 3491935.446386062074453 ], [ -10650137.064550530165434, 3492091.901307756546885 ], [ -10650250.732200583443046, 3492150.755723295267671 ], [ -10650256.623409094288945, 3492504.683235825039446 ], [ -10651706.577052216976881, 3492492.409620019607246 ], [ -10651716.776815501973033, 3493106.907955476082861 ], [ -10651636.569120548665524, 3493108.585598899517208 ], [ -10651640.261937050148845, 3493286.946979331318289 ], [ -10651682.368629742413759, 3493371.624121321830899 ], [ -10651731.200204895809293, 3493379.039144538342953 ], [ -10651759.102610630914569, 3493924.177819604519755 ], [ -10651687.400956433266401, 3494234.6224011243321 ], [ -10651324.62808801420033, 3495107.438331719487906 ], [ -10651214.555478740483522, 3495063.832024631556123 ], [ -10650955.620859349146485, 3495672.135939295869321 ], [ -10650918.842502649873495, 3495663.886791485361755 ], [ -10650745.643901122733951, 3496082.188182881567627 ], [ -10650827.9375478643924, 3496155.795304379425943 ], [ -10650481.058017082512379, 3496458.782484797295183 ], [ -10650619.194957563653588, 3496513.199137839954346 ], [ -10650505.721433605998755, 3496733.807537984568626 ], [ -10650442.438533708453178, 3496957.839061697013676 ], [ -10650161.183435199782252, 3496956.354358037933707 ], [ -10650157.972239082679152, 3496820.994090026710182 ], [ -10649924.60894938185811, 3497059.685985638294369 ], [ -10648426.993771558627486, 3495851.606208269950002 ], [ -10648408.158818483352661, 3495523.430956563912332 ], [ -10648255.988924724981189, 3495536.585304709617049 ], [ -10648264.904918288812041, 3495667.273353107273579 ], [ -10648240.005079738795757, 3495704.649177850689739 ], [ -10646763.998785357922316, 3494512.534129431005567 ], [ -10646759.110668864101171, 3493675.961657016538084 ], [ -10646549.809081254526973, 3493663.29616267606616 ], [ -10646372.462359122931957, 3494201.725308859255165 ], [ -10645323.541556604206562, 3493391.279055654536933 ] ] ] } },
{ "type": "Feature", "properties": { "ZIP": "77059", "POSTAL": "HOUSTON", "STATE": "TX", "ZIP_TYPE": "STANDARD", "bbox_minx": -10592513.86258697, "bbox_miny": 3450112.4417778207, "bbox_maxx": -10584714.373510968, "bbox_maxy": 3456681.5968099772, "label_x": -10588666.17821015, "label_y": 3453425.8696942031 }, "geometry": { "type": "Polygon", "coordinates": [ [ [ -10585575.430023889988661, 3451920.788306228350848 ], [ -10585480.277522413060069, 3451806.212933263741434 ], [ -10585649.137771088629961, 3451725.673647962510586 ], [ -10585808.32352489605546, 3451674.968247670214623 ], [ -10586041.5260696914047, 3451653.79620582330972 ], [ -10586280.291790030896664, 3451565.323235844727606 ], [ -10586626.012363372370601, 3451246.754178004804999 ], [ -10586725.798099359497428, 3451082.232226483523846 ], [ -10586780.078145641833544, 3450867.668471546377987 ], [ -10586772.413262136280537, 3450362.718507389072329 ], [ -10586875.589182555675507, 3450112.441777820698917 ], [ -10587083.475125001743436, 3450282.30502645438537 ], [ -10587213.385034048929811, 3450342.213134284131229 ], [ -10587432.239192, 3450360.646347338799387 ], [ -10587587.64111303538084, 3450308.802823908161372 ], [ -10587960.784026604145765, 3450362.566472714301199 ], [ -10588220.158510839566588, 3450220.349066689610481 ], [ -10588354.521127514541149, 3450197.691711757797748 ], [ -10588630.927430713549256, 3450224.573346530552953 ], [ -10588782.210612468421459, 3450316.739358921535313 ], [ -10588904.88464399240911, 3450316.99527355376631 ], [ -10588974.793329551815987, 3450365.638800206594169 ], [ -10589045.25854760967195, 3450535.252101154066622 ], [ -10589116.725679907947779, 3450622.42780003324151 ], [ -10589297.06324790418148, 3450674.272698830347508 ], [ -10589351.609817555174232, 3450722.917443393729627 ], [ -10589436.991869017481804, 3450953.086451853625476 ], [ -10589733.101645799353719, 3451270.055535151623189 ], [ -10589793.214258940890431, 3451460.163987568579614 ], [ -10589854.105985980480909, 3451495.369529834017158 ], [ -10590054.481067053973675, 3451490.504693998023868 ], [ -10590314.968682713806629, 3451606.747743749525398 ], [ -10590770.154032971709967, 3451641.441658935975283 ], [ -10591020.289014367386699, 3451553.490937649738044 ], [ -10591113.11802783049643, 3451403.235826992895454 ], [ -10591178.24004496820271, 3451361.117573079653084 ], [ -10591622.293619513511658, 3451288.658989570103586 ], [ -10591828.234699370339513, 3451193.029664281755686 ], [ -10592495.88370712287724, 3451177.595420176163316 ], [ -10592503.364132581278682, 3455425.267083644401282 ], [ -10591469.594770776107907, 3455461.589848873205483 ], [ -10591495.331378139555454, 3456227.707727047149092 ], [ -10591080.947145754471421, 3456250.35942472377792 ], [ -10590600.171302841976285, 3456466.404039639048278 ], [ -10590274.763641597703099, 3456497.58489167643711 ], [ -10588231.883692778646946, 3456533.477857868187129 ], [ -10587894.949018403887749, 3456645.939275286160409 ], [ -10587636.72992523945868, 3456681.596809977199882 ], [ -10587577.452103890478611, 3456444.673824989702553 ], [ -10587591.856286024674773, 3456340.537585003767163 ], [ -10587707.74035556614399, 3456259.984807806555182 ], [ -10587745.552568821236491, 3456165.809348576236516 ], [ -10587613.728617867454886, 3456065.962575648445636 ], [ -10587506.692263882607222, 3456044.822876258287579 ], [ -10587553.831176104024053, 3455892.800394432153553 ], [ -10587368.402314756065607, 3455771.28427857812494 ], [ -10587348.028906133025885, 3455648.154555106069893 ], [ -10587291.368120852857828, 3455586.800239646341652 ], [ -10587260.757261753082275, 3455592.074573927558959 ], [ -10587245.782858639955521, 3455648.388399491086602 ], [ -10587119.960087018087506, 3455615.615639258176088 ], [ -10587054.39602280408144, 3455670.342329195700586 ], [ -10586987.807655239477754, 3455509.346222718711942 ], [ -10586806.743078013882041, 3455513.164226769469678 ], [ -10586745.133392313495278, 3455450.555866396520287 ], [ -10586779.543209876865149, 3455380.076105250045657 ], [ -10586866.958743490278721, 3455350.127474557142705 ], [ -10586862.728598481044173, 3455304.794801583047956 ], [ -10586926.514722242951393, 3455292.117122686002403 ], [ -10586957.350217228755355, 3455198.507006303872913 ], [ -10586841.02137234993279, 3455142.161940487101674 ], [ -10586813.636757038533688, 3455014.1059689396061 ], [ -10586887.886813033372164, 3454961.219298433978111 ], [ -10586800.946331091225147, 3454918.961210160981864 ], [ -10586826.104460058733821, 3454834.445646249689162 ], [ -10586753.301588036119938, 3454838.799459133762866 ], [ -10586722.466083981096745, 3454908.460773825645447 ], [ -10586692.298513213172555, 3454834.57364858314395 ], [ -10586666.361017089337111, 3454834.573697546496987 ], [ -10586595.005207594484091, 3454945.084329805336893 ], [ -10586550.143453795462847, 3454940.98665176378563 ], [ -10586546.692621417343616, 3455005.014075161423534 ], [ -10586514.40990231372416, 3455014.874370854813606 ], [ -10586451.403069851920009, 3454969.158692992758006 ], [ -10586449.955955304205418, 3454892.326031462289393 ], [ -10586321.159299397841096, 3454838.287229732144624 ], [ -10586336.632667517289519, 3454785.017086603213102 ], [ -10586427.914746534079313, 3454738.277778996620327 ], [ -10586427.135424323379993, 3454675.660249609034508 ], [ -10586382.273702710866928, 3454648.129046970978379 ], [ -10586275.51834955625236, 3454690.002041344996542 ], [ -10586187.687246233224869, 3454768.498299750965089 ], [ -10586064.011299332603812, 3454665.672165686730295 ], [ -10585844.711913872510195, 3454775.156993211247027 ], [ -10585729.496162680909038, 3454875.935104501433671 ], [ -10585235.682956740260124, 3454362.0647749369964 ], [ -10584714.373510967940092, 3453901.715489828959107 ], [ -10584752.77903257869184, 3453547.315741004422307 ], [ -10584829.144145891070366, 3453463.577339506708086 ], [ -10584931.224130555987358, 3452832.61201596679166 ], [ -10584982.31975107267499, 3452794.58602796588093 ], [ -10585361.807962292805314, 3452067.249415270518512 ], [ -10585595.022252032533288, 3452038.315519201103598 ], [ -10585575.430023889988661, 3451920.788306228350848 ] ] ] } },
{ "type": "Feature", "properties": { "ZIP": "77505", "POSTAL": "PASADENA", "STATE": "TX", "ZIP_TYPE": "STANDARD", "bbox_minx": -10594878.669435296, "bbox_miny": 3456151.4546759147, "bbox_maxx": -10587371.671428204, "bbox_maxy": 3461001.6472866191, "label_x": -10591605.103298305, "label_y": 3458522.0180946947 }, "geometry": { "type": "Polygon", "coordinates": [ [ [ -10590166.185712285339832, 3460544.142870587296784 ], [ -10589662.780097682029009, 3460551.967473243828863 ], [ -10589665.130090843886137, 3460618.232721174601465 ], [ -10589522.085428219288588, 3460622.196849456988275 ], [ -10589533.653029622510076, 3460540.231458679307252 ], [ -10589329.568571863695979, 3460534.983697898685932 ], [ -10589321.701950719580054, 3460484.245355830527842 ], [ -10589097.26335022225976, 3460484.453394218347967 ], [ -10589038.245387278497219, 3460488.992178394924849 ], [ -10589040.712961170822382, 3460578.910532782319933 ], [ -10588356.52029406093061, 3460592.68759862659499 ], [ -10588353.967012066394091, 3460409.490460573229939 ], [ -10587691.724864114075899, 3460423.015845140907913 ], [ -10587695.364866374060512, 3460139.24190324684605 ], [ -10587885.202415965497494, 3460136.61726132594049 ], [ -10587866.817255396395922, 3458733.905579809099436 ], [ -10588494.783707840368152, 3458685.590089052449912 ], [ -10588785.764340667054057, 3458699.328024213667959 ], [ -10588919.903957484290004, 3458666.61357278842479 ], [ -10588600.665146501734853, 3458318.740936714224517 ], [ -10588712.284323666244745, 3458278.619481258559972 ], [ -10588627.050170388072729, 3458212.513643762562424 ], [ -10588558.400501223281026, 3458266.256590018980205 ], [ -10587897.375557381659746, 3457286.429891605861485 ], [ -10587652.763001454994082, 3456980.28906696010381 ], [ -10587371.671428203582764, 3456716.491650189273059 ], [ -10587894.949018403887749, 3456645.939275286160409 ], [ -10588231.883692778646946, 3456533.477857868187129 ], [ -10590516.712063018232584, 3456481.757368511520326 ], [ -10590682.86579018458724, 3456437.732867475133389 ], [ -10590946.219092359766364, 3456289.389424744062126 ], [ -10591240.810329062864184, 3456234.400944167748094 ], [ -10594400.613911427557468, 3456151.454675914719701 ], [ -10594406.486798146739602, 3456641.395944928750396 ], [ -10594878.669435296207666, 3456655.833866692148149 ], [ -10594613.024290578439832, 3457135.475959488190711 ], [ -10594607.808789679780602, 3457411.775904388166964 ], [ -10594556.230425218120217, 3457412.799042530823499 ], [ -10594559.322002982720733, 3457560.199311546050012 ], [ -10594402.381999440491199, 3457563.275287330616266 ], [ -10594428.565171355381608, 3458729.076316728256643 ], [ -10594644.485227841883898, 3458724.58085878379643 ], [ -10594644.975878838449717, 3458862.995337527245283 ], [ -10594431.563388185575604, 3458860.180436096154153 ], [ -10594442.310195665806532, 3459310.452035205438733 ], [ -10594782.455178301781416, 3459310.369784676004201 ], [ -10594784.94968762435019, 3459414.118519914336503 ], [ -10594737.596458, 3459415.059836238157004 ], [ -10594744.950348762795329, 3459522.572615292854607 ], [ -10594701.619810512289405, 3459523.193974099587649 ], [ -10594682.6046895198524, 3459965.733312494121492 ], [ -10594534.001292763277888, 3459966.832130009308457 ], [ -10594519.278508648276329, 3460181.09805188793689 ], [ -10594673.662446260452271, 3460175.795815713237971 ], [ -10594682.808953342959285, 3460403.119829976465553 ], [ -10594809.760823242366314, 3460400.944188731256872 ], [ -10594810.493755744770169, 3460440.828849783167243 ], [ -10594522.553927326574922, 3460438.274851568974555 ], [ -10594521.936989195644855, 3460674.51874517602846 ], [ -10594465.61380248889327, 3460676.399852056056261 ], [ -10594468.062654945999384, 3460829.64461814891547 ], [ -10594033.639594163745642, 3460838.176445958670229 ], [ -10594035.508820522576571, 3460934.231374992523342 ], [ -10593953.527339842170477, 3460935.134401231538504 ], [ -10593946.016950197517872, 3460612.488180645275861 ], [ -10593892.253137884661555, 3460614.789280326105654 ], [ -10593894.810824632644653, 3460869.316385162062943 ], [ -10593549.593543987721205, 3460874.238082447089255 ], [ -10593547.126480497419834, 3460704.96696768142283 ], [ -10593431.720086112618446, 3460733.356829307507724 ], [ -10593433.512736374512315, 3460878.529189963825047 ], [ -10593035.554750485345721, 3460884.433996750973165 ], [ -10593019.353047769516706, 3460794.076142301782966 ], [ -10592921.442324742674828, 3460789.047990754246712 ], [ -10592883.5286472029984, 3460790.430836208630353 ], [ -10592862.347438845783472, 3460849.645182504318655 ], [ -10592859.507058285176754, 3460724.783958195708692 ], [ -10592733.635445803403854, 3460708.764860652852803 ], [ -10592554.07588049210608, 3460714.327249558642507 ], [ -10592556.069005550816655, 3460866.781760504469275 ], [ -10592490.475209029391408, 3460866.291188175324351 ], [ -10592491.387815469875932, 3460913.800282786600292 ], [ -10592393.86016508564353, 3460850.394725738093257 ], [ -10592391.753907, 3460750.947710542939603 ], [ -10592299.55673885345459, 3460753.430051397532225 ], [ -10592300.543747970834374, 3460813.551454017404467 ], [ -10592210.318348661065102, 3460812.97404629830271 ], [ -10592191.30618404597044, 3460754.707124207168818 ], [ -10591787.622601203620434, 3460785.649596841540188 ], [ -10591767.382220016792417, 3460737.025239425711334 ], [ -10591722.997997265309095, 3460736.492590439971536 ], [ -10591723.59453871846199, 3460786.034829285461456 ], [ -10591528.888785101473331, 3460790.011117714922875 ], [ -10591526.988989446312189, 3460724.535336347296834 ], [ -10591443.90592354722321, 3460726.282921156380326 ], [ -10591406.658318942412734, 3460742.13210212578997 ], [ -10591371.75761853531003, 3460852.236765662673861 ], [ -10591043.496929464861751, 3460855.558395395986736 ], [ -10591035.718871245160699, 3460646.765051658730954 ], [ -10590952.412938561290503, 3460615.969566543586552 ], [ -10590773.802824797108769, 3460978.985149767249823 ], [ -10590722.430356862023473, 3461001.647286619059741 ], [ -10590629.799447124823928, 3460971.225868215784431 ], [ -10590543.32580016925931, 3460857.969081846065819 ], [ -10590578.396383762359619, 3460783.269134483765811 ], [ -10590531.765009192749858, 3460678.674832838121802 ], [ -10590268.952680997550488, 3460768.435907150153071 ], [ -10590166.185712285339832, 3460544.142870587296784 ] ] ] } },
{ "type": "Feature", "properties": { "ZIP": "77401", "POSTAL": "BELLAIRE", "STATE": "TX", "ZIP_TYPE": "STANDARD", "bbox_minx": -10629293.98090758, "bbox_miny": 3463741.9798217919, "bbox_maxx": -10625117.842071399, "bbox_maxy": 3468471.7487665783, "label_x": -10626556.471255051, "label_y": 3466101.0961870248 }, "geometry": { "type": "Polygon", "coordinates": [ [ [ -10625201.894903613254428, 3468471.74876657826826 ], [ -10625117.842071399092674, 3463817.460130040999502 ], [ -10625206.958005404099822, 3463816.455209313426167 ], [ -10625206.712905317544937, 3463780.491873080842197 ], [ -10625564.174056062474847, 3463767.608265865128487 ], [ -10628365.199744762852788, 3463742.107956994324923 ], [ -10628347.502968106418848, 3463906.990981882438064 ], [ -10629280.957316994667053, 3463896.231740129645914 ], [ -10629293.980907579883933, 3464942.34676116425544 ], [ -10628829.404944520443678, 3465205.280160174239427 ], [ -10628823.282401271164417, 3464830.812055826187134 ], [ -10628124.530048521235585, 3464838.62921313662082 ], [ -10628133.324133196845651, 3465612.440128756221384 ], [ -10628368.136763129383326, 3465480.861045657191426 ], [ -10628371.587649922817945, 3465998.122679978609085 ], [ -10627951.467845337465405, 3466003.761859896592796 ], [ -10627960.596124084666371, 3466699.457897667773068 ], [ -10627448.081161605194211, 3466709.070782767608762 ], [ -10627459.992336144670844, 3467636.169255312066525 ], [ -10626999.018303686752915, 3467641.681099558249116 ], [ -10627007.532858127728105, 3468317.588529026601464 ], [ -10626601.944684898480773, 3468350.950865054968745 ], [ -10626592.924795068800449, 3467639.502014692872763 ], [ -10625609.2658452950418, 3467660.097529583144933 ], [ -10625663.152941575273871, 3468060.098736777901649 ], [ -10625648.690513286739588, 3468443.484467250294983 ], [ -10625201.894903613254428, 3468471.74876657826826 ] ] ] } },
{ "type": "Feature", "properties": { "ZIP": "77071", "POSTAL": "HOUSTON", "STATE": "TX", "ZIP_TYPE": "STANDARD", "bbox_minx": -10635394.29036844, "bbox_miny": 3455621.9369108449, "bbox_maxx": -10631854.059293348, "bbox_maxy": 3462108.7848907569, "label_x": -10633034.755073018, "label_y": 3458888.3870804068 }, "geometry": { "type": "Polygon", "coordinates": [ [ [ -10632164.666735175997019, 3461985.281732795760036 ], [ -10632148.409142386168242, 3460777.927281517069787 ], [ -10632067.021586181595922, 3460778.677877788431942 ], [ -10632032.419185593724251, 3460652.510377426631749 ], [ -10631982.761641792953014, 3460653.072706325445324 ], [ -10631982.570538867264986, 3460631.901190598495305 ], [ -10632116.114487798884511, 3460630.21886016568169 ], [ -10632114.385710397735238, 3460393.1919074379839 ], [ -10631980.191314673051238, 3460395.13166439300403 ], [ -10631980.15014704503119, 3460366.927677773404866 ], [ -10632112.484550436958671, 3460365.220182517543435 ], [ -10632090.342277573421597, 3460053.76409470429644 ], [ -10632067.559878757223487, 3460054.248867933172733 ], [ -10632066.855709951370955, 3460009.228475238662213 ], [ -10631975.469475604593754, 3460009.623119375668466 ], [ -10631975.331460546702147, 3459988.230936038307846 ], [ -10632088.993438126519322, 3459987.566558526363224 ], [ -10632088.285978466272354, 3459941.341735382098705 ], [ -10632231.588738253340125, 3459940.004516536835581 ], [ -10632224.864567013457417, 3459407.27932115457952 ], [ -10631949.348769808188081, 3459410.353702581953257 ], [ -10631923.856615230441093, 3456628.98453367780894 ], [ -10631914.617047211155295, 3456417.796651025302708 ], [ -10631854.05929334834218, 3456175.620035722851753 ], [ -10633082.803872285410762, 3455665.539779515471309 ], [ -10633240.156367124989629, 3455626.376403420232236 ], [ -10633434.533458426594734, 3455862.020705683156848 ], [ -10633395.452909283339977, 3455893.766760721802711 ], [ -10634531.788785513490438, 3456971.165158628020436 ], [ -10634655.885592401027679, 3456819.169173907954246 ], [ -10634786.87319029122591, 3456945.682403304148465 ], [ -10634789.797228081151843, 3457056.212341906968504 ], [ -10634930.827594881877303, 3457190.03918539499864 ], [ -10635053.941129773855209, 3457055.699984872248024 ], [ -10635394.290368439629674, 3457360.570914400275797 ], [ -10635022.657237786799669, 3457750.810280862729996 ], [ -10635038.959423957392573, 3458848.797128957230598 ], [ -10634124.884911831468344, 3458864.84395240014419 ], [ -10634132.57523026689887, 3459833.590563953388482 ], [ -10634418.597205683588982, 3459828.927882325835526 ], [ -10634420.069880601018667, 3459925.195634684059769 ], [ -10634263.925825035199523, 3459928.088572938926518 ], [ -10634265.67560838162899, 3460066.755618365015835 ], [ -10634190.143743490800261, 3460065.690141414292157 ], [ -10634205.735565168783069, 3460212.181809767149389 ], [ -10634135.38490604609251, 3460211.877614408731461 ], [ -10634134.884387480095029, 3460267.108157215174288 ], [ -10634135.343235306441784, 3460294.914665975607932 ], [ -10634205.556501410901546, 3460291.043963188771158 ], [ -10634211.361247381195426, 3460497.627849231474102 ], [ -10634211.607502685859799, 3460541.665807170327753 ], [ -10634139.880549401044846, 3460540.527559454087168 ], [ -10634144.993064941838384, 3460853.715483225416392 ], [ -10634302.539619866758585, 3460849.762298359069973 ], [ -10634303.826122485101223, 3461146.787283279933035 ], [ -10634210.355082986876369, 3461147.548385902307928 ], [ -10634232.151790449395776, 3461353.973025808576494 ], [ -10634167.177762577310205, 3461352.64838590612635 ], [ -10634162.936908317729831, 3461555.165195510257035 ], [ -10634314.34546091593802, 3461619.961967477109283 ], [ -10634379.675953993573785, 3461691.101547637954354 ], [ -10634408.730316262692213, 3462023.965872808825225 ], [ -10634303.422007026150823, 3462030.115899482276291 ], [ -10634117.741097670048475, 3462108.784890756942332 ], [ -10633994.251768313348293, 3462032.37905042571947 ], [ -10633888.892489064484835, 3462045.892164048273116 ], [ -10633850.663410132750869, 3461997.646235078573227 ], [ -10633847.434346092864871, 3461815.450850831344724 ], [ -10633907.69105888530612, 3461743.852074120659381 ], [ -10634131.4024278819561, 3461627.983013484627008 ], [ -10634129.220556249842048, 3461554.902972457464784 ], [ -10633927.519688477739692, 3461470.937874842900783 ], [ -10633791.082603964954615, 3461452.369846219662577 ], [ -10633389.792511375620961, 3461491.101101000793278 ], [ -10632668.584061404690146, 3461696.098305207677186 ], [ -10632323.716225031763315, 3461938.891185693442822 ], [ -10632164.666735175997019, 3461985.281732795760036 ] ] ] } },
{ "type": "Feature", "properties": { "ZIP": "77035", "POSTAL": "HOUSTON", "STATE": "TX", "ZIP_TYPE": "STANDARD", "bbox_minx": -10632518.849317782, "bbox_miny": 3455535.804191431, "bbox_maxx": -10624468.001925008, "bbox_maxy": 3461614.8696848578, "label_x": -10628782.597141825, "label_y": 3458606.9420764633 }, "geometry": { "type": "Polygon", "coordinates": [ [ [ -10624468.001925008371472, 3459504.303433270659298 ], [ -10624530.016021054238081, 3459274.057102357503027 ], [ -10624640.778892444446683, 3459163.125039865262806 ], [ -10625235.140984058380127, 3459014.975350844673812 ], [ -10625232.639324370771646, 3458850.284245863091201 ], [ -10625618.872007152065635, 3458836.173013351392001 ], [ -10625636.820983707904816, 3458876.665209412574768 ], [ -10625659.239154558628798, 3458866.439077202696353 ], [ -10625627.632154995575547, 3458749.980135799385607 ], [ -10625619.27545403316617, 3458350.52590931719169 ], [ -10625793.717345304787159, 3458346.771149245090783 ], [ -10625788.198687406256795, 3457915.432852980215102 ], [ -10626465.784637670964003, 3457903.236832417082042 ], [ -10626468.266213651746511, 3458085.885438411962241 ], [ -10626526.903840202838182, 3458028.657550768461078 ], [ -10626770.890496758744121, 3458027.047538283281028 ], [ -10626771.654997015371919, 3458144.050609703175724 ], [ -10626947.007502976804972, 3458140.403322965372354 ], [ -10626947.359220588579774, 3458280.838796778582036 ], [ -10627062.66062013246119, 3458189.658476036041975 ], [ -10627063.01357982121408, 3458230.518949570599943 ], [ -10627655.490093220025301, 3457979.327606738545001 ], [ -10627653.466903990134597, 3457867.746146867517382 ], [ -10627730.416994512081146, 3457865.931222471874207 ], [ -10627726.870329519733787, 3457675.325425190851092 ], [ -10627905.631354978308082, 3457595.672846333123744 ], [ -10627906.321278486400843, 3457652.89353288942948 ], [ -10628048.934258114546537, 3457651.588766283355653 ], [ -10628051.687462428584695, 3457795.981615682132542 ], [ -10629524.818070231005549, 3457146.024675402790308 ], [ -10629513.989923488348722, 3456566.234609535895288 ], [ -10629907.484265550971031, 3456559.170113043859601 ], [ -10629904.320734335109591, 3456255.916535568423569 ], [ -10630241.804149094969034, 3456256.481148984283209 ], [ -10630269.517575021833181, 3456407.644214458763599 ], [ -10630483.272888960316777, 3456407.302170454058796 ], [ -10630563.923052277415991, 3456486.772043195553124 ], [ -10630573.803125623613596, 3456573.626572076231241 ], [ -10630750.059055238962173, 3456565.579888375476003 ], [ -10630750.368652850389481, 3456535.498974674846977 ], [ -10630800.270565887913108, 3456533.93042875546962 ], [ -10630801.525225944817066, 3456375.422145643737167 ], [ -10630910.098595060408115, 3456374.743784293998033 ], [ -10630911.347068576142192, 3456488.535798769444227 ], [ -10630972.381954638287425, 3456487.574944853316993 ], [ -10630968.635332344099879, 3456335.927510629408062 ], [ -10631113.623406883329153, 3456337.233675335999578 ], [ -10631111.525628777220845, 3456249.759278281591833 ], [ -10631211.029428413137794, 3456248.689199357293546 ], [ -10631212.977579033002257, 3456395.129871142096817 ], [ -10631272.40284164249897, 3456373.917184336576611 ], [ -10631273.069814769551158, 3456319.694215146359056 ], [ -10631325.632373256608844, 3456318.520565263926983 ], [ -10631324.12502552755177, 3456247.82803986268118 ], [ -10631389.008957728743553, 3456252.824913253076375 ], [ -10631390.40523224323988, 3456321.243669750634581 ], [ -10631519.353359224274755, 3456266.6946229939349 ], [ -10631518.963117327541113, 3456137.118360250722617 ], [ -10631623.817326191812754, 3456136.42498472193256 ], [ -10631646.253983091562986, 3456190.389467888511717 ], [ -10631664.57271252386272, 3456179.337160822469741 ], [ -10631634.52865194529295, 3456066.953820828814059 ], [ -10631731.385356903076172, 3456079.450506998226047 ], [ -10631730.602325705811381, 3456034.383997236844152 ], [ -10631817.667024329304695, 3456033.463222161401063 ], [ -10631831.485625900328159, 3456125.014946292620152 ], [ -10631865.351607894524932, 3456114.206914850976318 ], [ -10631850.401179436594248, 3455990.073711977340281 ], [ -10631926.504086533561349, 3455996.659839631523937 ], [ -10632143.028697254136205, 3455898.116185112390667 ], [ -10632141.052086943760514, 3455698.29416778171435 ], [ -10632268.158326826989651, 3455697.558593378867954 ], [ -10632266.157242609187961, 3455537.154477166477591 ], [ -10632335.871634867042303, 3455535.804191431030631 ], [ -10632336.184017671272159, 3455565.033746160101146 ], [ -10632511.369747577235103, 3455560.586968530435115 ], [ -10632518.849317781627178, 3455899.667326867580414 ], [ -10631854.05929334834218, 3456175.620035722851753 ], [ -10631914.617047211155295, 3456417.796651025302708 ], [ -10631923.856615230441093, 3456628.98453367780894 ], [ -10631949.348769808188081, 3459410.353702581953257 ], [ -10631583.107694581151009, 3459411.762770476285368 ], [ -10631581.93770426698029, 3459481.089117729570717 ], [ -10631449.075465833768249, 3459485.641773471608758 ], [ -10631450.898363726213574, 3459665.935456473380327 ], [ -10631350.016702469438314, 3459667.865244058892131 ], [ -10631351.78581353649497, 3459727.914948823861778 ], [ -10631132.263748416677117, 3459726.249697857070714 ], [ -10631133.351086251437664, 3459827.297136788256466 ], [ -10630800.598996637389064, 3459830.679142656270415 ], [ -10630800.578988309949636, 3459623.547385212499648 ], [ -10629332.079073594883084, 3459638.077209565788507 ], [ -10628814.385397745296359, 3459709.813709326088428 ], [ -10628495.358394561335444, 3459859.881122171413153 ], [ -10628439.383905412629247, 3459839.49467662954703 ], [ -10628374.657845808193088, 3459889.017084052786231 ], [ -10628329.064295100048184, 3459971.213380147237331 ], [ -10627682.00308582931757, 3460649.772007416002452 ], [ -10627628.784510169178247, 3460605.927239824086428 ], [ -10627139.567504096776247, 3461120.844700057525188 ], [ -10627002.53326416015625, 3461215.138347177300602 ], [ -10626558.368518706411123, 3461349.405639539472759 ], [ -10626060.213723685592413, 3461589.501458120532334 ], [ -10625076.483438473194838, 3461614.869684857781976 ], [ -10625040.544222425669432, 3459664.802233989816159 ], [ -10625068.913633953779936, 3459216.798203385900706 ], [ -10624468.001925008371472, 3459504.303433270659298 ] ] ] } },
{ "type": "Feature", "properties": { "ZIP": "77096", "POSTAL": "HOUSTON", "STATE": "TX", "ZIP_TYPE": "STANDARD", "bbox_minx": -10632231.588738253, "bbox_miny": 3459407.2793211546, "bbox_maxx": -10625076.483438473, "bbox_maxy": 3463907.0278447391, "label_x": -10628618.802368311, "label_y": 3461755.2742837183 }, "geometry": { "type": "Polygon", "coordinates": [ [ [ -10625076.483438473194838, 3461614.869684857781976 ], [ -10626060.213723685592413, 3461589.501458120532334 ], [ -10626558.368518706411123, 3461349.405639539472759 ], [ -10627002.53326416015625, 3461215.138347177300602 ], [ -10627139.567504096776247, 3461120.844700057525188 ], [ -10627628.784510169178247, 3460605.927239824086428 ], [ -10627682.00308582931757, 3460649.772007416002452 ], [ -10628329.064295100048184, 3459971.213380147237331 ], [ -10628374.657845808193088, 3459889.017084052786231 ], [ -10628439.383905412629247, 3459839.49467662954703 ], [ -10628495.358394561335444, 3459859.881122171413153 ], [ -10628814.385397745296359, 3459709.813709326088428 ], [ -10629332.079073594883084, 3459638.077209565788507 ], [ -10630721.6389922183007, 3459618.959804152138531 ], [ -10630800.578988309949636, 3459623.547385212499648 ], [ -10630800.598996637389064, 3459830.679142656270415 ], [ -10631133.351086251437664, 3459827.297136788256466 ], [ -10631132.263748416677117, 3459726.249697857070714 ], [ -10631351.78581353649497, 3459727.914948823861778 ], [ -10631350.016702469438314, 3459667.865244058892131 ], [ -10631450.898363726213574, 3459665.935456473380327 ], [ -10631449.075465833768249, 3459485.641773471608758 ], [ -10631581.93770426698029, 3459481.089117729570717 ], [ -10631583.107694581151009, 3459411.762770476285368 ], [ -10632224.864567013457417, 3459407.27932115457952 ], [ -10632231.588738253340125, 3459940.004516536835581 ], [ -10632088.285978466272354, 3459941.341735382098705 ], [ -10632088.993438126519322, 3459987.566558526363224 ], [ -10631975.331460546702147, 3459988.230936038307846 ], [ -10631975.469475604593754, 3460009.623119375668466 ], [ -10632066.855709951370955, 3460009.228475238662213 ], [ -10632067.559878757223487, 3460054.248867933172733 ], [ -10632090.342277573421597, 3460053.76409470429644 ], [ -10632112.484550436958671, 3460365.220182517543435 ], [ -10631980.15014704503119, 3460366.927677773404866 ], [ -10631980.191314673051238, 3460395.13166439300403 ], [ -10632114.385710397735238, 3460393.1919074379839 ], [ -10632116.114487798884511, 3460630.21886016568169 ], [ -10631982.570538867264986, 3460631.901190598495305 ], [ -10631982.761641792953014, 3460653.072706325445324 ], [ -10632032.419185593724251, 3460652.510377426631749 ], [ -10632067.021586181595922, 3460778.677877788431942 ], [ -10632148.409142386168242, 3460777.927281517069787 ], [ -10632164.666735175997019, 3461985.281732795760036 ], [ -10631670.938729142770171, 3462011.537681141402572 ], [ -10631328.965247506275773, 3462145.941373649518937 ], [ -10630601.158428391441703, 3462284.830857141874731 ], [ -10630437.073472561314702, 3462291.749755391851068 ], [ -10630253.507709326222539, 3462248.442673795856535 ], [ -10630209.536462597548962, 3462409.62773642828688 ], [ -10630206.97613268904388, 3462616.557349661830813 ], [ -10630242.17119319550693, 3463633.961530212312937 ], [ -10630113.505864780396223, 3463642.065963968168944 ], [ -10630119.753340624272823, 3463697.037222146522254 ], [ -10629905.84945834428072, 3463701.194918076042086 ], [ -10629906.228141395375133, 3463753.442105636931956 ], [ -10629852.582135, 3463752.876341722439975 ], [ -10629849.183168966323137, 3463684.007821867708117 ], [ -10629276.962920958176255, 3463713.855863072443753 ], [ -10629280.957316994667053, 3463896.231740129645914 ], [ -10628347.502968106418848, 3463906.990981882438064 ], [ -10628365.199744762852788, 3463742.107956994324923 ], [ -10625564.174056062474847, 3463767.608265865128487 ], [ -10625206.712905317544937, 3463780.491873080842197 ], [ -10625206.958005404099822, 3463816.455209313426167 ], [ -10625117.842071399092674, 3463817.460130040999502 ], [ -10625076.483438473194838, 3461614.869684857781976 ] ] ] } },
{ "type": "Feature", "properties": { "ZIP": "77027", "POSTAL": "HOUSTON", "STATE": "TX", "ZIP_TYPE": "STANDARD", "bbox_minx": -10626725.691417092, "bbox_miny": 3468359.5411581406, "bbox_maxx": -10622991.379190814, "bbox_maxy": 3472733.0032577389, "label_x": -10624866.650733445, "label_y": 3470561.6247516586 }, "geometry": { "type": "Polygon", "coordinates": [ [ [ -10626008.227393070235848, 3472716.469186731148511 ], [ -10625742.851263422518969, 3472557.250559300649911 ], [ -10625762.55477362498641, 3472391.706909274682403 ], [ -10625616.058276874944568, 3472361.701520758215338 ], [ -10625494.274761885404587, 3472266.941391405649483 ], [ -10625210.580897402018309, 3472214.39443431654945 ], [ -10625167.762407323345542, 3471146.029957900755107 ], [ -10625095.694811878725886, 3471147.069396283943206 ], [ -10625094.082057796418667, 3471064.808273629285395 ], [ -10624520.303876040503383, 3471076.400267506949604 ], [ -10624519.2244818136096, 3471041.339678418356925 ], [ -10623236.746717371046543, 3471168.524736419785768 ], [ -10623222.234668288379908, 3470437.989963473752141 ], [ -10623262.699065674096346, 3470236.181341320741922 ], [ -10623263.810157226398587, 3470018.627201556228101 ], [ -10623182.748995648697019, 3469381.956646106671542 ], [ -10623604.283115224912763, 3469272.497139165177941 ], [ -10623600.387002216652036, 3469326.981031907256693 ], [ -10623931.339788410812616, 3469314.161231579259038 ], [ -10623928.668136913329363, 3469238.140300111379474 ], [ -10624158.320213623344898, 3469235.320037906523794 ], [ -10624150.97316562756896, 3469021.233163946308196 ], [ -10623603.281301636248827, 3468999.311882239300758 ], [ -10623605.076896486803889, 3468905.268474363256246 ], [ -10623252.290962483733892, 3468978.672692293766886 ], [ -10623283.349114106968045, 3469137.890824406873435 ], [ -10623200.416023591533303, 3469149.556607514619827 ], [ -10623168.329013809561729, 3469050.865495413541794 ], [ -10623043.094517018646002, 3469068.043587632011622 ], [ -10622991.379190813750029, 3468726.120563458185643 ], [ -10625112.472102019935846, 3468558.973541050218046 ], [ -10625201.240077221766114, 3468541.408911888487637 ], [ -10625201.894903613254428, 3468471.74876657826826 ], [ -10626495.958220820873976, 3468359.541158140636981 ], [ -10626492.197784271091223, 3468429.315013576298952 ], [ -10626697.560081584379077, 3468410.956622137222439 ], [ -10626725.691417092457414, 3468939.337834431324154 ], [ -10626584.29416330717504, 3469322.50463695731014 ], [ -10626468.998250022530556, 3469898.531537296250463 ], [ -10626471.674212072044611, 3470274.839999546762556 ], [ -10626508.939239524304867, 3470311.181438794359565 ], [ -10626500.167678097262979, 3470869.371418462600559 ], [ -10626439.553024441003799, 3470870.670326636638492 ], [ -10626443.177429836243391, 3471157.600294339004904 ], [ -10626385.297741249203682, 3471161.064557746518403 ], [ -10626297.315487112849951, 3471328.912676014471799 ], [ -10626309.235421817749739, 3471493.832457387354225 ], [ -10626142.451355695724487, 3471495.263236319180578 ], [ -10626132.141351325437427, 3471662.860550337005407 ], [ -10626205.729152990505099, 3471662.08027085987851 ], [ -10626203.409653684124351, 3471931.289626461919397 ], [ -10626124.282170293852687, 3471936.811604309827089 ], [ -10626148.267442304641008, 3472722.488287757150829 ], [ -10626008.227393070235848, 3472716.469186731148511 ] ] ] } },
{ "type": "Feature", "properties": { "ZIP": "77019", "POSTAL": "HOUSTON", "STATE": "TX", "ZIP_TYPE": "STANDARD", "bbox_minx": -10625210.775886228, "bbox_miny": 3470437.9899634738, "bbox_maxx": -10616896.615928285, "bbox_maxy": 3473113.8569309614, "label_x": -10622448.768148292, "label_y": 3471782.3047940587 }, "geometry": { "type": "Polygon", "coordinates": [ [ [ -10616896.615928284823895, 3472885.984544570092112 ], [ -10617048.789676271378994, 3472451.922580215614289 ], [ -10617112.130431603640318, 3472451.794354081619531 ], [ -10617104.75086959451437, 3472118.42357881506905 ], [ -10617209.5823880340904, 3472118.282455503474921 ], [ -10617214.126445025205612, 3471966.45251842867583 ], [ -10617504.022543650120497, 3471971.51885773986578 ], [ -10617501.637362513691187, 3471726.296092474833131 ], [ -10617529.996135829016566, 3471698.268398639280349 ], [ -10617772.530136285349727, 3471710.972892262041569 ], [ -10617795.293148659169674, 3471675.296151486691087 ], [ -10617795.583583919331431, 3471704.133701808284968 ], [ -10618290.810780672356486, 3471699.289730916265398 ], [ -10618290.815516704693437, 3471838.247233485803008 ], [ -10619414.429699936881661, 3471823.777521044481546 ], [ -10619449.860360737890005, 3471857.704031435307115 ], [ -10619447.917577879503369, 3471817.008532561827451 ], [ -10619596.681777454912663, 3471813.625256367493421 ], [ -10619594.267019636929035, 3471773.127696946728975 ], [ -10619718.557699510827661, 3471796.705438553355634 ], [ -10619743.945825254544616, 3471695.779407149646431 ], [ -10620031.484154880046844, 3471556.788285975344479 ], [ -10620037.161352010443807, 3471764.506186566781253 ], [ -10620216.051848217844963, 3471763.352187323849648 ], [ -10620215.389767976477742, 3471735.496405961923301 ], [ -10620171.847829973325133, 3471735.686951807234436 ], [ -10620169.711828647181392, 3471580.0837188847363 ], [ -10620134.361820405349135, 3471579.788117462303489 ], [ -10620168.869451798498631, 3471555.950813429895788 ], [ -10620167.533318176865578, 3471387.551158875692636 ], [ -10620131.661065764725208, 3471374.117177804931998 ], [ -10620165.554460529237986, 3471253.543212793767452 ], [ -10620130.429369462653995, 3471253.990157382562757 ], [ -10620129.265210062265396, 3471201.07577392924577 ], [ -10620164.22698699682951, 3471200.625176810193807 ], [ -10620157.670531708747149, 3470573.857813381589949 ], [ -10620122.592451533302665, 3470574.220354916527867 ], [ -10620122.378482582047582, 3470548.2118945796974 ], [ -10620864.147671794518828, 3470542.792154613882303 ], [ -10621073.768517382442951, 3470503.761224644258618 ], [ -10621073.976880349218845, 3470630.440246062353253 ], [ -10621328.297983402386308, 3470637.363046846352518 ], [ -10621328.704718295484781, 3470511.85578932845965 ], [ -10621986.535729220137, 3470474.197422027122229 ], [ -10621987.442591402679682, 3470588.681477543897927 ], [ -10622352.490925693884492, 3470513.823124561458826 ], [ -10622352.165952779352665, 3470462.229408187791705 ], [ -10622396.398073216900229, 3470462.552858219016343 ], [ -10622398.017027173191309, 3470512.34476288035512 ], [ -10622665.9817921128124, 3470510.314342730678618 ], [ -10622665.179150070995092, 3470472.057066036388278 ], [ -10622830.056058073416352, 3470444.785088764037937 ], [ -10623222.234668288379908, 3470437.989963473752141 ], [ -10623236.746717371046543, 3471168.524736419785768 ], [ -10624519.2244818136096, 3471041.339678418356925 ], [ -10624520.303876040503383, 3471076.400267506949604 ], [ -10625094.082057796418667, 3471064.808273629285395 ], [ -10625095.694811878725886, 3471147.069396283943206 ], [ -10625167.762407323345542, 3471146.029957900755107 ], [ -10625210.580897402018309, 3472214.39443431654945 ], [ -10625056.455160846933722, 3472110.761964754201472 ], [ -10625006.806595453992486, 3471962.149529121816158 ], [ -10624768.471498820930719, 3471978.562264524400234 ], [ -10624627.763647440820932, 3471917.655906843021512 ], [ -10624562.196454605087638, 3471936.632971880491823 ], [ -10624500.85950524173677, 3471976.382453850470483 ], [ -10624460.895773872733116, 3472126.533711947966367 ], [ -10624296.588192321360111, 3472364.779056346043944 ], [ -10624113.0222836304456, 3472371.190492959227413 ], [ -10624133.616473395377398, 3472454.282596399541944 ], [ -10624244.602022890001535, 3472581.999158372636884 ], [ -10624225.677726119756699, 3472662.399687664583325 ], [ -10624174.350322499871254, 3472689.661108349449933 ], [ -10623833.601273162290454, 3472477.953096902929246 ], [ -10623636.56577767431736, 3472437.817438425961882 ], [ -10623579.681573942303658, 3472500.521396649070084 ], [ -10623557.417608281597495, 3472711.332167129963636 ], [ -10623433.073830651119351, 3472694.277439512312412 ], [ -10623294.147039821371436, 3472547.196958784013987 ], [ -10623144.867624560371041, 3472517.191188066266477 ], [ -10623068.2798534296453, 3472571.175918663386256 ], [ -10623047.574422350153327, 3472653.115203972905874 ], [ -10623072.732587188482285, 3472711.075662606395781 ], [ -10623166.129594316706061, 3472777.756162353325635 ], [ -10623015.069076364859939, 3472806.608513670507818 ], [ -10622944.603890104219317, 3472754.54625093145296 ], [ -10622864.899078195914626, 3472531.168252496514469 ], [ -10622763.375677792355418, 3472471.926301952917129 ], [ -10622714.395095629617572, 3472319.847624705638736 ], [ -10622681.110641116276383, 3472298.946500742807984 ], [ -10622625.228291420266032, 3472331.259801304899156 ], [ -10622576.359035700559616, 3472518.858209642581642 ], [ -10622463.147061316296458, 3472513.472634898032993 ], [ -10622409.491110866889358, 3472419.480745257809758 ], [ -10622363.182119758799672, 3472396.784281295724213 ], [ -10622137.426283931359649, 3472644.908409449271858 ], [ -10622044.919740188866854, 3472598.617184172384441 ], [ -10621973.118629535660148, 3472466.284181799739599 ], [ -10621915.343812718987465, 3472423.071174141019583 ], [ -10621770.851107148453593, 3472566.687920222990215 ], [ -10621663.539124123752117, 3472757.623751274775714 ], [ -10621456.373614409938455, 3472716.589652833994478 ], [ -10621377.225387742742896, 3472746.980500585399568 ], [ -10621345.944682605564594, 3472807.506047514732927 ], [ -10621352.957751819863915, 3473004.216089297086 ], [ -10621324.014688609167933, 3473042.301699719857424 ], [ -10621185.978567041456699, 3473000.497234607115388 ], [ -10620778.994504889473319, 3472786.219578416552395 ], [ -10620657.099673045799136, 3472834.434865357354283 ], [ -10620278.613355049863458, 3472855.465135967358947 ], [ -10620011.446633609011769, 3472986.26327400142327 ], [ -10619706.765147985890508, 3472974.465742962900549 ], [ -10619365.236968236044049, 3473113.856930961366743 ], [ -10619060.555518602952361, 3473056.920504944398999 ], [ -10618897.138435916975141, 3473065.127559673506767 ], [ -10618535.795442692935467, 3472939.073180350475013 ], [ -10618244.472354622557759, 3472949.203665420413017 ], [ -10618148.960167160257697, 3473003.061936797108501 ], [ -10617838.94393684156239, 3473080.512327163945884 ], [ -10617750.659031730145216, 3472984.339782054070383 ], [ -10617617.966203613206744, 3473026.785289763938636 ], [ -10617473.696206003427505, 3473023.194812888745219 ], [ -10617297.032073486596346, 3472870.596566113177687 ], [ -10617064.151780631393194, 3472918.812303551938385 ], [ -10616896.615928284823895, 3472885.984544570092112 ] ] ] } },
{ "type": "Feature", "properties": { "ZIP": "77098", "POSTAL": "HOUSTON", "STATE": "TX", "ZIP_TYPE": "STANDARD", "bbox_minx": -10623263.810157226, "bbox_miny": 3468322.1463964735, "bbox_maxx": -10620107.867789796, "bbox_maxy": 3470637.3630468464, "label_x": -10621662.01907092, "label_y": 3469483.0094508715 }, "geometry": { "type": "Polygon", "coordinates": [ [ [ -10620122.378482582047582, 3470548.2118945796974 ], [ -10620140.499149549752474, 3470355.419936899561435 ], [ -10620119.373394725844264, 3470356.029833120759577 ], [ -10620111.488108102232218, 3469501.458955249283463 ], [ -10620127.50449350848794, 3469429.925541871227324 ], [ -10620263.187972793355584, 3469425.968782885931432 ], [ -10620260.957316538318992, 3469243.560520614963025 ], [ -10620153.225276075303555, 3469244.271413241047412 ], [ -10620120.031166413798928, 3468447.362391327973455 ], [ -10620151.715609740465879, 3468445.735934215132147 ], [ -10620151.999843182042241, 3468398.723553774878383 ], [ -10620342.127086531370878, 3468392.660858076997101 ], [ -10620341.494827251881361, 3468357.378556349314749 ], [ -10620374.493160434067249, 3468356.550095918122679 ], [ -10620375.327027192339301, 3468391.43953436659649 ], [ -10620624.10325507260859, 3468387.378770702518523 ], [ -10620639.684759832918644, 3468339.484548950567842 ], [ -10620695.194940444082022, 3468338.700226471293718 ], [ -10620695.934920782223344, 3468380.996117170434445 ], [ -10621947.293064884841442, 3468367.292270262725651 ], [ -10621947.792659852653742, 3468323.896079080644995 ], [ -10622026.068355668336153, 3468322.146396473515779 ], [ -10622028.268771296367049, 3468589.062891822308302 ], [ -10622173.731096498668194, 3468590.294461671728641 ], [ -10622171.781371239572763, 3468702.5029958775267 ], [ -10622209.774099588394165, 3468741.417609879281372 ], [ -10622211.122879706323147, 3468797.548416103702039 ], [ -10622991.379190813750029, 3468726.120563458185643 ], [ -10623043.094517018646002, 3469068.043587632011622 ], [ -10623168.329013809561729, 3469050.865495413541794 ], [ -10623216.000778825953603, 3469227.243629684206098 ], [ -10623099.55664330534637, 3469253.951508331112564 ], [ -10623137.186621887609363, 3469386.464891600888222 ], [ -10623182.748995648697019, 3469381.956646106671542 ], [ -10623228.549791244789958, 3469590.220537894405425 ], [ -10623263.810157226398587, 3470018.627201556228101 ], [ -10623238.596796553581953, 3470437.045732139609754 ], [ -10622830.056058073416352, 3470444.785088764037937 ], [ -10622665.179150070995092, 3470472.057066036388278 ], [ -10622665.9817921128124, 3470510.314342730678618 ], [ -10622398.017027173191309, 3470512.34476288035512 ], [ -10622396.398073216900229, 3470462.552858219016343 ], [ -10622352.165952779352665, 3470462.229408187791705 ], [ -10622352.490925693884492, 3470513.823124561458826 ], [ -10621987.442591402679682, 3470588.681477543897927 ], [ -10621986.535729220137, 3470474.197422027122229 ], [ -10621328.704718295484781, 3470511.85578932845965 ], [ -10621328.297983402386308, 3470637.363046846352518 ], [ -10621073.976880349218845, 3470630.440246062353253 ], [ -10621073.768517382442951, 3470503.761224644258618 ], [ -10620864.147671794518828, 3470542.792154613882303 ], [ -10620122.378482582047582, 3470548.2118945796974 ] ] ] } },
{ "type": "Feature", "properties": { "ZIP": "77520", "POSTAL": "BAYTOWN", "STATE": "TX", "ZIP_TYPE": "STANDARD", "bbox_minx": -10584567.765996337, "bbox_miny": 3462348.0343527482, "bbox_maxx": -10565726.608086538, "bbox_maxy": 3477086.9489888172, "label_x": -10574367.664460286, "label_y": 3469447.4293441107 }, "geometry": { "type": "Polygon", "coordinates": [ [ [ -10566074.222655670717359, 3474025.716718636453152 ], [ -10565923.977709077298641, 3473960.3669389099814 ], [ -10565933.773839658126235, 3473932.538057938683778 ], [ -10565760.560703668743372, 3473831.354400280863047 ], [ -10565726.608086537569761, 3473618.986350857652724 ], [ -10565838.706883508712053, 3473555.379205166827887 ], [ -10566086.726739736273885, 3473657.586753661744297 ], [ -10566344.876627521589398, 3473442.400354240089655 ], [ -10566361.90851497463882, 3473300.95386653020978 ], [ -10566202.165010584518313, 3472944.843838925473392 ], [ -10566305.803587073460221, 3472643.626010226551443 ], [ -10566262.388948570936918, 3472347.416385740041733 ], [ -10566292.567081872373819, 3472198.031771645415574 ], [ -10566423.673194497823715, 3472118.232185540255159 ], [ -10566683.176562495529652, 3472165.334383213426918 ], [ -10566800.062067383900285, 3472125.071474919561297 ], [ -10566935.871833421289921, 3472008.899493110366166 ], [ -10567070.123121066018939, 3471830.540818598587066 ], [ -10567480.22416247241199, 3471569.097277148626745 ], [ -10567528.091537926346064, 3471478.061350124888122 ], [ -10567581.413402980193496, 3471072.510927594266832 ], [ -10567479.556260140612721, 3470772.747547603677958 ], [ -10567381.038510367274284, 3470023.497867424506694 ], [ -10567443.822623398154974, 3469840.166660780552775 ], [ -10568289.739424455910921, 3469054.692027440760285 ], [ -10568706.829163819551468, 3468298.654237741138786 ], [ -10568839.435166174545884, 3468193.506974032148719 ], [ -10568893.981722306460142, 3468110.186085644643754 ], [ -10568907.228884715586901, 3467857.219037131406367 ], [ -10569042.590184442698956, 3467565.006103626918048 ], [ -10569341.374723464250565, 3467511.317219253163785 ], [ -10570239.389020027592778, 3467588.866122516337782 ], [ -10571022.41035077162087, 3467872.276060969103128 ], [ -10571228.907952239736915, 3467718.713514931499958 ], [ -10571153.544707650318742, 3466822.883274149149656 ], [ -10570986.565535152330995, 3466546.673906600102782 ], [ -10571316.62779463455081, 3466234.455710743553936 ], [ -10571316.405131852254272, 3465696.166199879720807 ], [ -10571472.697695329785347, 3465278.494662202429026 ], [ -10571684.204726349562407, 3465134.062160371337086 ], [ -10571547.838350901380181, 3465110.481427159160376 ], [ -10572746.081352133303881, 3463339.748182056937367 ], [ -10573233.772118210792542, 3463639.210318039171398 ], [ -10572855.334021911025047, 3462616.660837593954057 ], [ -10573154.842926301062107, 3462348.034352748189121 ], [ -10574941.412999300286174, 3464665.276388938073069 ], [ -10577497.419887166470289, 3465664.510328274685889 ], [ -10577576.011460285633802, 3467781.010055762715638 ], [ -10578182.92530488409102, 3468819.456466737668961 ], [ -10579857.727099971845746, 3468997.901757306884974 ], [ -10581968.455837132409215, 3469936.575356758199632 ], [ -10582865.468371419236064, 3472346.775322964880615 ], [ -10584298.150156171992421, 3473018.45018039830029 ], [ -10584567.765996336936951, 3473257.609606572892517 ], [ -10583975.991648733615875, 3473796.857157597318292 ], [ -10583839.625205731019378, 3475316.746104132384062 ], [ -10582130.648417975753546, 3476901.977573285810649 ], [ -10581730.412345919758081, 3476712.664083506446332 ], [ -10581566.218814667314291, 3476672.686413545161486 ], [ -10581380.988123793154955, 3476693.706604579929262 ], [ -10581121.142955001443624, 3476785.503895543981344 ], [ -10580893.557135745882988, 3476745.792270425241441 ], [ -10580789.805099317803979, 3476978.941793123725802 ], [ -10580604.124187301844358, 3477086.948988817166537 ], [ -10580461.430246461182833, 3477025.962114300113171 ], [ -10580225.407330699265003, 3476739.407127957325429 ], [ -10580238.238035522401333, 3476683.17947912029922 ], [ -10580300.015255112200975, 3476686.844759732484818 ], [ -10580191.800576318055391, 3476542.490302954800427 ], [ -10580203.9193951562047, 3476481.321668691933155 ], [ -10580085.247623279690742, 3476393.645436928141862 ], [ -10580098.993990840390325, 3476365.620795326773077 ], [ -10580136.708325600251555, 3476386.205145043320954 ], [ -10580135.210857715457678, 3476323.070851167663932 ], [ -10579860.821131901815534, 3476194.861421668436378 ], [ -10579817.692169794812799, 3476264.688294157851487 ], [ -10579729.860994208604097, 3476302.138359162490815 ], [ -10579728.248098591342568, 3476127.390296650119126 ], [ -10579481.119123378768563, 3476008.488285672385246 ], [ -10579464.228772424161434, 3476044.01600221125409 ], [ -10579354.497632233425975, 3476043.953165776561946 ], [ -10579352.991409592330456, 3475980.178744965232909 ], [ -10579413.918654618784785, 3475976.498300850391388 ], [ -10579227.31098211184144, 3475887.66357495682314 ], [ -10579209.633752224966884, 3476073.327988525852561 ], [ -10579048.9588528200984, 3476065.398455064278096 ], [ -10578904.582943804562092, 3476008.306497375015169 ], [ -10578899.898684851825237, 3475793.085057390853763 ], [ -10578785.439401187002659, 3475762.163880646694452 ], [ -10578735.563332265242934, 3475675.416506480425596 ], [ -10578617.064912978559732, 3475654.743926336988807 ], [ -10578638.319015074521303, 3475608.981896977405995 ], [ -10578390.799782266840339, 3475489.432037552352995 ], [ -10578388.223850330337882, 3475603.058585999067873 ], [ -10578144.955103809013963, 3475556.132073571905494 ], [ -10578143.059109512716532, 3475484.520970684010535 ], [ -10577959.252181269228458, 3475443.662463155109435 ], [ -10577954.692784277722239, 3475273.250742048025131 ], [ -10577761.457537528127432, 3475169.279651401098818 ], [ -10577470.023619828745723, 3474898.918485698755831 ], [ -10577189.749447509646416, 3474918.604879135731608 ], [ -10577184.318394402042031, 3474728.184548966120929 ], [ -10577073.943800637498498, 3474732.948853422421962 ], [ -10576942.169838648289442, 3474640.777040619868785 ], [ -10576946.877180190756917, 3474296.646433969028294 ], [ -10576863.745905051007867, 3474187.242938649374992 ], [ -10576798.908573038876057, 3474244.821948809549212 ], [ -10576842.441622646525502, 3474292.685118490830064 ], [ -10576841.615201679989696, 3474365.015087760519236 ], [ -10576752.114845441654325, 3474365.020497827325016 ], [ -10576621.71021213568747, 3474310.206889239139855 ], [ -10576568.31334044598043, 3474242.219424569513649 ], [ -10576722.434410162270069, 3474199.124913373030722 ], [ -10576697.257974730804563, 3474076.270677877124399 ], [ -10576665.874505821615458, 3474038.646790850907564 ], [ -10576624.728633806109428, 3474080.506523210089654 ], [ -10576554.100871803238988, 3474089.954140500165522 ], [ -10576581.499865930527449, 3474005.938521361444145 ], [ -10576648.388892758637667, 3473958.471801690757275 ], [ -10576480.531353073194623, 3473768.706613188609481 ], [ -10576187.223257176578045, 3473934.00698882387951 ], [ -10576118.008832279592752, 3473828.035906918812543 ], [ -10576114.999684130772948, 3473691.684717911761254 ], [ -10576202.957937667146325, 3473584.369214350357652 ], [ -10576180.806044027209282, 3473523.852117777336389 ], [ -10575982.016303427517414, 3473364.421801736112684 ], [ -10575833.894738839939237, 3473193.169411680195481 ], [ -10575746.341572454199195, 3473002.324117402546108 ], [ -10575632.673910489305854, 3472967.253631921019405 ], [ -10575587.344689870253205, 3472877.636503860354424 ], [ -10575385.698996333405375, 3472706.992334525566548 ], [ -10574958.660340195521712, 3472524.909828679636121 ], [ -10574911.572279097512364, 3472464.385581202339381 ], [ -10574734.434434922412038, 3472368.710625006817281 ], [ -10574643.028527408838272, 3472491.214692492969334 ], [ -10574522.494635667651892, 3472584.743652401957661 ], [ -10574381.952496837824583, 3472643.034642572980374 ], [ -10574371.31574334576726, 3472496.906276002060622 ], [ -10574278.837692089378834, 3472438.587691390421242 ], [ -10574228.406668927520514, 3472442.974676940124482 ], [ -10574150.088780032470822, 3472326.950261869002134 ], [ -10574067.184179402887821, 3472389.941587632521987 ], [ -10574028.376857932657003, 3472232.400517450645566 ], [ -10573733.176252078264952, 3472131.863401904236525 ], [ -10573680.022384859621525, 3472171.375989553518593 ], [ -10573701.229247884824872, 3471461.564957469701767 ], [ -10573561.022704703733325, 3471379.134332133922726 ], [ -10573411.357419859617949, 3471445.787349698133767 ], [ -10572962.136946460232139, 3471493.378960114438087 ], [ -10572961.588811049237847, 3471561.759676332119852 ], [ -10572783.092317793518305, 3471564.833865476772189 ], [ -10572784.326524661853909, 3471468.874689599499106 ], [ -10571448.115734463557601, 3471502.344512417446822 ], [ -10570499.227979129180312, 3471646.463761189952493 ], [ -10570352.286192962899804, 3471681.596261139493436 ], [ -10570305.674709090963006, 3471789.712835985701531 ], [ -10569815.913602417334914, 3471934.931821869686246 ], [ -10569823.305798225104809, 3471986.767513218801469 ], [ -10569777.187442710623145, 3471998.637885470874608 ], [ -10569766.759872190654278, 3471947.876796092372388 ], [ -10569561.240740697830915, 3471994.613315848633647 ], [ -10569571.1824104283005, 3472056.03630642592907 ], [ -10569542.594763, 3472060.80352572677657 ], [ -10569531.497760843485594, 3472002.377486451063305 ], [ -10569041.922600811347365, 3472178.3560656090267 ], [ -10569070.730003481730819, 3472332.163030110765249 ], [ -10568681.482348755002022, 3472419.1316615534015 ], [ -10568722.98021874204278, 3472633.363145476207137 ], [ -10568569.916734950616956, 3472658.873253392521292 ], [ -10568549.94904750213027, 3472553.2714937874116 ], [ -10568497.861629704013467, 3472561.40708185499534 ], [ -10568486.617729220539331, 3472512.008150200825185 ], [ -10568368.082676270976663, 3472532.776878631673753 ], [ -10568373.861920986324549, 3472562.547586554195732 ], [ -10567903.889175975695252, 3472658.013609583489597 ], [ -10567893.40320535376668, 3472591.181592117995024 ], [ -10567272.074379116296768, 3472658.293607880827039 ], [ -10567022.455384232103825, 3472856.629300071392208 ], [ -10566924.989236380904913, 3473013.010022542905062 ], [ -10567087.39792644046247, 3473003.039972386788577 ], [ -10567128.222386203706264, 3473249.513358203228563 ], [ -10566713.825485691428185, 3473306.993554279208183 ], [ -10566605.826738895848393, 3473475.663182496093214 ], [ -10566713.432679316028953, 3473504.531689056195319 ], [ -10566675.225646559149027, 3473606.342574729118496 ], [ -10566557.747048472985625, 3473625.982928100973368 ], [ -10566467.321348842233419, 3473783.548123127315193 ], [ -10566317.174992118030787, 3473810.554203022271395 ], [ -10566248.942527754232287, 3473891.91529835248366 ], [ -10566245.089336380362511, 3473984.933203137479722 ], [ -10566196.095168037340045, 3473952.591345411725342 ], [ -10566141.23594007641077, 3474012.787352329585701 ], [ -10566186.731047954410315, 3474050.297515058424324 ], [ -10566141.8042077627033, 3474097.732904764357954 ], [ -10566082.263428013771772, 3474006.775133880786598 ], [ -10566074.222655670717359, 3474025.716718636453152 ] ] ] } },
{ "type": "Feature", "properties": { "ZIP": "77070", "POSTAL": "HOUSTON", "STATE": "TX", "ZIP_TYPE": "STANDARD", "bbox_minx": -10643847.786917524, "bbox_miny": 3494823.3947338215, "bbox_maxx": -10634808.017229062, "bbox_maxy": 3506477.8221257171, "label_x": -10638983.227011111, "label_y": 3500652.2179739745 }, "geometry": { "type": "Polygon", "coordinates": [ [ [ -10637830.217453919351101, 3504360.564776848535985 ], [ -10635344.589297829195857, 3499302.532190300989896 ], [ -10635190.404576856642962, 3499376.705576535314322 ], [ -10635143.363033706322312, 3499281.536753062624484 ], [ -10635094.509249957278371, 3499307.383978902362287 ], [ -10635009.192169301211834, 3499171.044715015217662 ], [ -10635007.449426343664527, 3499103.763734389096498 ], [ -10635159.235166985541582, 3499029.02204432617873 ], [ -10634871.535224577412009, 3498452.932609683834016 ], [ -10634865.031447466462851, 3498322.029945574235171 ], [ -10634808.017229061573744, 3498211.402550749480724 ], [ -10634962.944287883117795, 3498185.644196887500584 ], [ -10635016.870932707563043, 3498037.68749473663047 ], [ -10635186.828391719609499, 3497872.785025426186621 ], [ -10635323.180993771180511, 3497851.278907844796777 ], [ -10635422.740665070712566, 3497876.921970702242106 ], [ -10635622.319621181115508, 3498116.882585823070258 ], [ -10635730.076647320762277, 3498442.123022909741849 ], [ -10635979.755966560915112, 3498612.552221206016839 ], [ -10636188.414126371964812, 3498397.805862861685455 ], [ -10636241.168272444978356, 3498451.03604673454538 ], [ -10636487.051000809296966, 3498213.621279436163604 ], [ -10636507.625418080016971, 3498294.296120321378112 ], [ -10636700.655441537499428, 3498112.92007260536775 ], [ -10636699.279044577851892, 3497972.864948174916208 ], [ -10636816.069486139342189, 3497972.093211353290826 ], [ -10636874.620680343359709, 3497915.723089269828051 ], [ -10636873.194559341296554, 3497809.469873828347772 ], [ -10636909.557670628651977, 3497791.809057419188321 ], [ -10636907.303140573203564, 3497496.354057055432349 ], [ -10637134.989784816280007, 3497492.453308925498277 ], [ -10637136.261177625507116, 3497359.111776135396212 ], [ -10637266.532939018681645, 3497357.077635497786105 ], [ -10637265.336345611140132, 3497222.836482356768101 ], [ -10637392.353092342615128, 3497220.889266843907535 ], [ -10637390.469374347478151, 3497096.626665582880378 ], [ -10637639.237829204648733, 3497084.510363662615418 ], [ -10637639.626242361962795, 3496951.741793551016599 ], [ -10637745.573036873713136, 3496950.284267497248948 ], [ -10637740.343976246193051, 3496883.529517963062972 ], [ -10637872.400659574195743, 3496886.288714385125786 ], [ -10637920.653565550222993, 3496836.768272624816746 ], [ -10637918.432137550786138, 3496594.591909583192319 ], [ -10638152.47502619959414, 3496508.254664681851864 ], [ -10638174.154473396018147, 3496397.367051825392991 ], [ -10638214.867675064131618, 3496405.061795053537935 ], [ -10638336.822651015594602, 3496254.873758536297828 ], [ -10638542.933829663321376, 3496247.079043583013117 ], [ -10638562.962097959592938, 3496134.830769607331604 ], [ -10638639.403991343453526, 3496135.24182373797521 ], [ -10638602.318729687482119, 3496079.212567371781915 ], [ -10638738.946641579270363, 3495990.997017316054553 ], [ -10638742.630251700058579, 3495723.435736354906112 ], [ -10639062.265369296073914, 3495725.235703656915575 ], [ -10639035.947612939402461, 3495590.644701222889125 ], [ -10639039.955107126384974, 3495023.889271377585828 ], [ -10640178.416826782748103, 3495016.666402966249734 ], [ -10640173.949309328570962, 3494827.435902748722583 ], [ -10640457.512934718281031, 3494823.394733821507543 ], [ -10640455.418174751102924, 3495016.94767433218658 ], [ -10640601.765104016289115, 3495013.915101080201566 ], [ -10640576.973844287917018, 3495141.982789624016732 ], [ -10640470.981733068823814, 3495212.691283551044762 ], [ -10640468.604838045313954, 3495280.570263874251395 ], [ -10640507.286360058933496, 3495281.101831180974841 ], [ -10640505.951505517587066, 3495384.766731400042772 ], [ -10640534.973007347434759, 3495391.700934811029583 ], [ -10640540.514749517664313, 3495478.003817957825959 ], [ -10640572.313025599345565, 3495476.843393643852323 ], [ -10640573.483142599463463, 3495548.316353810485452 ], [ -10640563.988522971048951, 3495701.292140040546656 ], [ -10640469.098232919350266, 3495702.765024293679744 ], [ -10640470.195365695282817, 3495811.183640085626394 ], [ -10640510.379197059199214, 3495810.762718629091978 ], [ -10640517.881927866488695, 3496143.421295341104269 ], [ -10640550.91300112940371, 3496143.265410538762808 ], [ -10640560.349274976179004, 3496761.773699740879238 ], [ -10640591.406386954709888, 3496761.352628636639565 ], [ -10640585.721604593098164, 3497007.500836010556668 ], [ -10640555.100309357047081, 3497043.160769495181739 ], [ -10640573.044500948861241, 3497333.846736452542245 ], [ -10640508.020286852493882, 3497555.295754955150187 ], [ -10640571.874299930408597, 3497554.460043657105416 ], [ -10640571.439222529530525, 3497520.899551274254918 ], [ -10640650.986001919955015, 3497553.424198916647583 ], [ -10640653.583875212818384, 3497895.83389795338735 ], [ -10640613.144933560863137, 3497897.000292928423733 ], [ -10640581.101433297619224, 3497988.880396276712418 ], [ -10640839.020211322233081, 3497984.985228952020407 ], [ -10640838.637005235999823, 3498094.368674064055085 ], [ -10640706.269457664340734, 3498096.54235469782725 ], [ -10640709.260951863601804, 3498213.322645526379347 ], [ -10640631.313571298494935, 3498214.531993662007153 ], [ -10640631.600467547774315, 3498295.356020556762815 ], [ -10640633.961893562227488, 3498558.545507967472076 ], [ -10640843.439561821520329, 3498555.322403104044497 ], [ -10640842.090468145906925, 3498817.078339396510273 ], [ -10640493.028751404955983, 3498820.64432958420366 ], [ -10640499.086292004212737, 3499398.285453765653074 ], [ -10640718.486858710646629, 3499309.116726726293564 ], [ -10640960.768522771075368, 3499319.522834458388388 ], [ -10640964.765982575714588, 3499805.615003736689687 ], [ -10641169.982630081474781, 3499811.834460914134979 ], [ -10641194.933009576052427, 3500008.041774582583457 ], [ -10641058.855626221746206, 3500088.67977725667879 ], [ -10641160.665163056924939, 3500285.733976154122502 ], [ -10641230.848057700321078, 3500268.883507777005434 ], [ -10641255.495465589687228, 3500161.377562770619988 ], [ -10641300.794554820284247, 3500165.448744451627135 ], [ -10641525.967137016355991, 3500390.375116946175694 ], [ -10641633.611165996640921, 3500279.009084479417652 ], [ -10641907.129002533853054, 3500260.050321938935667 ], [ -10642094.362924141809344, 3500442.696235190145671 ], [ -10641922.031428949907422, 3500617.168244409374893 ], [ -10641996.902596419677138, 3500689.96580186765641 ], [ -10642292.291843874379992, 3500838.516851103398949 ], [ -10642451.897429842501879, 3500597.862901227083057 ], [ -10642554.357426391914487, 3500697.888923292979598 ], [ -10642450.682039331644773, 3500806.066694148816168 ], [ -10642494.22586603090167, 3500851.690042117144912 ], [ -10642547.523453222587705, 3500903.690905292518437 ], [ -10642650.834266936406493, 3500792.587268042378128 ], [ -10642664.37673751078546, 3500838.349405220709741 ], [ -10642700.756754701957107, 3500842.025585739407688 ], [ -10643113.413985872641206, 3501245.971123308874667 ], [ -10643117.594650974497199, 3501303.611010872758925 ], [ -10643171.596751363947988, 3501303.755891025066376 ], [ -10643538.923011573031545, 3501664.449071605689824 ], [ -10643516.51014131680131, 3501796.624709508847445 ], [ -10643675.534811133518815, 3501797.903530553448945 ], [ -10643773.157575888559222, 3501893.249883804935962 ], [ -10643790.683769231662154, 3501930.695565494243056 ], [ -10643764.917197689414024, 3501957.258310461416841 ], [ -10643847.786917524412274, 3502048.254696964286268 ], [ -10643705.349174654111266, 3502191.809566101524979 ], [ -10643751.214568141847849, 3502263.639009748585522 ], [ -10643676.358022596687078, 3502340.827158620581031 ], [ -10643615.161805756390095, 3502284.748538349289447 ], [ -10643450.544657092541456, 3502454.595587205141783 ], [ -10643598.802932122722268, 3502668.104644065722823 ], [ -10643234.386769583448768, 3503037.331081973854452 ], [ -10643052.964224845170975, 3502862.092704439070076 ], [ -10642796.765197096392512, 3503085.691626504529268 ], [ -10642785.456553101539612, 3503183.924211029428989 ], [ -10642815.228630984202027, 3503256.709672237280756 ], [ -10642750.125935019925237, 3503316.09882081206888 ], [ -10642488.41025853343308, 3503192.119991167914122 ], [ -10642426.071324951946735, 3503111.913011389318854 ], [ -10642284.293368576094508, 3503115.448158730287105 ], [ -10642283.761948179453611, 3503165.317056410945952 ], [ -10641988.699626184999943, 3503166.717500136699528 ], [ -10641986.998825443908572, 3503128.53905930602923 ], [ -10641401.59801078774035, 3503136.206402362789959 ], [ -10641401.580696012824774, 3503209.996019687503576 ], [ -10641121.577917762100697, 3503218.616922514047474 ], [ -10641118.605764109641314, 3503434.742924257647246 ], [ -10640834.839822309091687, 3503430.64804509235546 ], [ -10640834.815558277070522, 3503396.979028625413775 ], [ -10640807.582151541486382, 3503404.841217691544443 ], [ -10640794.326126569882035, 3503368.687008826993406 ], [ -10640694.453879684209824, 3503317.678525980561972 ], [ -10640311.439484130591154, 3503723.614159691147506 ], [ -10640468.155626179650426, 3503942.937527623493224 ], [ -10640577.187839327380061, 3503902.463620405644178 ], [ -10640636.362908178940415, 3504023.390572352800518 ], [ -10640557.087680203840137, 3504066.045947161037475 ], [ -10640611.555642489343882, 3504156.916533529292792 ], [ -10640831.751281708478928, 3504155.337552251759917 ], [ -10640832.038677887991071, 3504246.561134545598179 ], [ -10640906.752049153670669, 3504246.024632445070893 ], [ -10641021.439341451972723, 3504481.012505923397839 ], [ -10641009.500434186309576, 3504574.483557119965553 ], [ -10641205.355809211730957, 3504949.572379602584988 ], [ -10641135.841611623764038, 3504987.61339104315266 ], [ -10641232.377522993832827, 3505226.646052944008261 ], [ -10640878.507812459021807, 3505254.278349649626762 ], [ -10640659.65369570069015, 3505408.548657722771168 ], [ -10640561.58115023188293, 3505443.259791215881705 ], [ -10639922.851358931511641, 3505451.848967551719397 ], [ -10639930.244371023029089, 3506172.462716670706868 ], [ -10639716.415305120870471, 3506372.836627435870469 ], [ -10639713.054585799574852, 3506295.686209627892822 ], [ -10639015.584830900654197, 3506307.676434208173305 ], [ -10638928.079001685604453, 3506417.265769982244819 ], [ -10638957.318076074123383, 3506444.391318401321769 ], [ -10638873.309761067852378, 3506477.822125717066228 ], [ -10638087.216085130348802, 3504891.135882474016398 ], [ -10638269.099235326051712, 3504892.219194661360234 ], [ -10638262.195395071059465, 3504623.250960034318268 ], [ -10638199.034116385504603, 3504624.135147483553737 ], [ -10638193.286667142063379, 3504455.137731358874589 ], [ -10638344.60004404373467, 3504453.088731463998556 ], [ -10638340.695726327598095, 3504231.384648656472564 ], [ -10638191.854928521439433, 3504233.832184567581862 ], [ -10638191.108313677832484, 3504276.122712455689907 ], [ -10637898.821571949869394, 3504322.606723198667169 ], [ -10637830.217453919351101, 3504360.564776848535985 ] ] ] } },
{ "type": "Feature", "properties": { "ZIP": "77053", "POSTAL": "HOUSTON", "STATE": "TX", "ZIP_TYPE": "STANDARD", "bbox_minx": -10628341.817994373, "bbox_miny": 3450125.5986529277, "bbox_maxx": -10622060.393172167, "bbox_maxy": 3453981.6372980908, "label_x": -10624758.873721916, "label_y": 3451987.7456057076 }, "geometry": { "type": "Polygon", "coordinates": [ [ [ -10623333.285572437569499, 3450125.598652927670628 ], [ -10628341.817994372919202, 3452842.470529298763722 ], [ -10628294.499524731189013, 3452967.496212160680443 ], [ -10627701.321802077814937, 3452977.8831921457313 ], [ -10627403.627974983304739, 3453655.3397954730317 ], [ -10627111.448107961565256, 3453676.814696964342147 ], [ -10627110.520184695720673, 3453802.749134283978492 ], [ -10626232.279499093070626, 3453813.805358541663736 ], [ -10625737.721189759671688, 3453933.620458957739174 ], [ -10625071.17678264901042, 3453942.288058407139033 ], [ -10625070.358422866091132, 3453875.580927758011967 ], [ -10625005.966189930215478, 3453876.841630811337382 ], [ -10624998.962550729513168, 3453943.057363300118595 ], [ -10624966.430077224969864, 3453943.643615470267832 ], [ -10624989.516910698264837, 3453712.536138333380222 ], [ -10624666.087235519662499, 3453717.970330943819135 ], [ -10624669.883624840527773, 3453950.001060966402292 ], [ -10624534.143055524677038, 3453949.326829442754388 ], [ -10624536.135575734078884, 3453877.57166539458558 ], [ -10624493.875909628346562, 3453877.945516857784241 ], [ -10624495.428874082863331, 3453949.970964901149273 ], [ -10624442.944544658064842, 3453950.844070692081004 ], [ -10624447.148406304419041, 3453895.419364555273205 ], [ -10624418.554396448656917, 3453895.664828758686781 ], [ -10624419.864751087501645, 3453951.227971598505974 ], [ -10624362.134770670905709, 3453952.191869969945401 ], [ -10624361.315778683871031, 3453863.47410832811147 ], [ -10624287.743314815685153, 3453864.051191229838878 ], [ -10624289.09556601755321, 3453953.514980285428464 ], [ -10624211.60157804004848, 3453954.893517907243222 ], [ -10624209.73818264529109, 3453829.366344841662794 ], [ -10624164.155880546197295, 3453829.979982694610953 ], [ -10624167.075306301936507, 3453956.217414797283709 ], [ -10624146.692163195461035, 3453956.719802675303072 ], [ -10624141.86623889952898, 3453768.352270467672497 ], [ -10623966.659485397860408, 3453770.736175451427698 ], [ -10623876.217293359339237, 3453815.591661304235458 ], [ -10623846.138686433434486, 3453791.37593058263883 ], [ -10623812.208052009344101, 3453941.875536036211997 ], [ -10622060.393172167241573, 3453981.381265026517212 ], [ -10622185.001617208123207, 3453613.17923683160916 ], [ -10622065.746585557237267, 3453601.717794280033559 ], [ -10622064.217664819210768, 3453321.636930197943002 ], [ -10622228.040520254522562, 3453338.138471624813974 ], [ -10622247.233976328745484, 3453283.764738529920578 ], [ -10622168.263790402561426, 3453284.779629062395543 ], [ -10622166.980929635465145, 3453145.637286007869989 ], [ -10622276.420564848929644, 3453144.186993080191314 ], [ -10622304.84537305124104, 3453061.268369063735008 ], [ -10622381.772517612203956, 3453034.138564214110374 ], [ -10623294.926242524757981, 3450418.378596280701458 ], [ -10623333.285572437569499, 3450125.598652927670628 ] ] ] } },
{ "type": "Feature", "properties": { "ZIP": "77396", "POSTAL": "HUMBLE", "STATE": "TX", "ZIP_TYPE": "STANDARD", "bbox_minx": -10610049.863325218, "bbox_miny": 3490527.6030424875, "bbox_maxx": -10598219.097741583, "bbox_maxy": 3501336.1796203321, "label_x": -10604021.92959141, "label_y": 3495939.6242715782 }, "geometry": { "type": "Polygon", "coordinates": [ [ [ -10598277.557339357212186, 3494854.929918579291552 ], [ -10602144.556955695152283, 3490527.603042487520725 ], [ -10602199.041522858664393, 3490636.941757908090949 ], [ -10602155.209905829280615, 3490862.47226942749694 ], [ -10602155.033332986757159, 3491058.748251074459404 ], [ -10602008.33943703584373, 3491256.425096613354981 ], [ -10601737.938648434355855, 3491505.308643832337111 ], [ -10601730.003191290423274, 3491620.544881086330861 ], [ -10601904.218201847746968, 3491788.263370736502111 ], [ -10602045.70524044893682, 3492087.362657770048827 ], [ -10602272.463058322668076, 3492259.325314313638955 ], [ -10602422.855708561837673, 3492460.70067983167246 ], [ -10602481.075806099921465, 3492691.746714616194367 ], [ -10602539.741135017946362, 3493329.681674971245229 ], [ -10602661.635986225679517, 3493501.789522404316813 ], [ -10602770.729135593399405, 3493568.706705729477108 ], [ -10603097.451878068968654, 3493643.073880274780095 ], [ -10603336.009493589401245, 3493624.064562076702714 ], [ -10604219.66360698826611, 3492941.54839315218851 ], [ -10604600.710253577679396, 3492843.425217618700117 ], [ -10604871.661942636594176, 3492682.114336685743183 ], [ -10605017.490429222583771, 3492685.710495762061328 ], [ -10605673.162166437134147, 3492853.186113142408431 ], [ -10605867.526055669412017, 3492792.180575119331479 ], [ -10606576.185941889882088, 3492780.107892361935228 ], [ -10606761.978198695927858, 3492658.226178759709001 ], [ -10607125.213609209284186, 3492538.015195407904685 ], [ -10607262.136618161574006, 3492416.007376995868981 ], [ -10607876.620163774117827, 3492585.149056445341557 ], [ -10608000.741396196186543, 3492678.646751327905804 ], [ -10608176.292328234761953, 3492903.27513728896156 ], [ -10608268.242243995890021, 3493110.953882469795644 ], [ -10608510.02811997756362, 3493208.822231037076563 ], [ -10608727.769082769751549, 3493227.188614491838962 ], [ -10608857.456297278404236, 3493157.190736600663513 ], [ -10609049.92764350771904, 3493153.080812122207135 ], [ -10609336.575363826006651, 3493079.230341641232371 ], [ -10609530.271298522129655, 3493069.212307403795421 ], [ -10609037.388036834076047, 3493925.463755417615175 ], [ -10609116.115710949525237, 3495273.77632905356586 ], [ -10609544.380460334941745, 3495270.498798804823309 ], [ -10609552.322518147528172, 3495767.324893331155181 ], [ -10609149.540594218298793, 3495760.340523846913129 ], [ -10609206.772762376815081, 3497256.034067218191922 ], [ -10609238.012578088790178, 3497408.143911928404123 ], [ -10610026.574616583064198, 3497397.1143758459948 ], [ -10610049.863325217738748, 3499409.257773170713335 ], [ -10609639.829392116516829, 3499419.127824247814715 ], [ -10609673.984766058623791, 3499959.17943708319217 ], [ -10609587.93476378172636, 3500048.490380532108247 ], [ -10608622.015542462468147, 3500058.128332973457873 ], [ -10608523.609128518030047, 3500081.259403410833329 ], [ -10608404.94248328730464, 3500162.989308317191899 ], [ -10608313.771821025758982, 3500339.686992036178708 ], [ -10608293.956992205232382, 3501336.179620332084596 ], [ -10607462.177774883806705, 3501328.34001454943791 ], [ -10607331.933953994885087, 3501246.731096438132226 ], [ -10607263.027204, 3501154.970033663790673 ], [ -10606927.37823829986155, 3501086.740238846745342 ], [ -10606889.556866697967052, 3501195.378384294454008 ], [ -10606689.529724918305874, 3501184.081812684424222 ], [ -10606571.891153264790773, 3501136.187321585137397 ], [ -10606491.798798399046063, 3501273.471173154655844 ], [ -10606350.05744749866426, 3501302.337288619019091 ], [ -10606125.115897655487061, 3501259.372230287175626 ], [ -10605721.850259130820632, 3501048.147912830580026 ], [ -10605261.874951949343085, 3501015.939810526091605 ], [ -10605261.859634006395936, 3500937.514924346935004 ], [ -10605181.5512675344944, 3500933.262402573600411 ], [ -10605159.061229420825839, 3501046.858653541188687 ], [ -10605021.915884526446462, 3501018.564288354478776 ], [ -10605069.901594819501042, 3500794.587453625630587 ], [ -10604950.003693463280797, 3500762.195972268469632 ], [ -10604899.446859339252114, 3500993.296491506043822 ], [ -10604302.262666435912251, 3500868.124206337146461 ], [ -10604035.827068913727999, 3500854.332646360155195 ], [ -10604030.798254437744617, 3500643.256611966527998 ], [ -10603850.862373437732458, 3500645.097147661726922 ], [ -10603852.009045554324985, 3500574.437861945014447 ], [ -10603612.924871267750859, 3500575.777293156832457 ], [ -10603613.506484227254987, 3500648.888449788559228 ], [ -10603533.759729323908687, 3500649.913753960747272 ], [ -10603535.055960549041629, 3500861.611013162415475 ], [ -10603467.237751135602593, 3500862.548875690903515 ], [ -10603464.609162991866469, 3500799.140892061404884 ], [ -10603375.266492018476129, 3500795.554485919885337 ], [ -10603376.990471445024014, 3500718.101009301375598 ], [ -10603230.797059573233128, 3500720.151375631801784 ], [ -10603230.177857296541333, 3500645.51418741280213 ], [ -10603083.416467346251011, 3500647.624352633021772 ], [ -10603084.647631801664829, 3500795.135806577280164 ], [ -10603003.990128703415394, 3500796.302059416659176 ], [ -10602998.973004309460521, 3500428.594578140880913 ], [ -10602731.008351409807801, 3500435.270054894499481 ], [ -10602730.662976643070579, 3500565.649415502790362 ], [ -10602611.995361376553774, 3500553.96525314450264 ], [ -10602616.826449805870652, 3500739.595415259245783 ], [ -10602357.048672, 3500751.578444000333548 ], [ -10602346.289652558043599, 3500867.04947158228606 ], [ -10601871.49023724719882, 3500752.848043833393604 ], [ -10601544.656246488913894, 3500727.65965848788619 ], [ -10601333.371891317889094, 3500757.988489557057619 ], [ -10600382.926073933020234, 3501037.634909584186971 ], [ -10599974.717530336230993, 3501068.093082354869694 ], [ -10599727.365596521645784, 3501014.502130454406142 ], [ -10599556.267549935728312, 3500894.212544169742614 ], [ -10599057.315956089645624, 3501189.016429166775197 ], [ -10599053.901606054976583, 3501256.237371731549501 ], [ -10599005.936610484495759, 3501257.189992397092283 ], [ -10598986.311674892902374, 3500240.864467152394354 ], [ -10598755.828690432012081, 3498824.546950937248766 ], [ -10598219.097741583362222, 3498825.562998228706419 ], [ -10598313.942040007561445, 3498702.595679674297571 ], [ -10598559.290157191455364, 3498675.098460242617875 ], [ -10598744.859788162633777, 3498512.557611203286797 ], [ -10598797.513814391568303, 3498423.514331695158035 ], [ -10598784.155526224523783, 3498220.760295977350324 ], [ -10598883.11860791221261, 3497982.676049310248345 ], [ -10599016.034028518944979, 3497892.094708492513746 ], [ -10599223.310933204367757, 3497906.870272421743721 ], [ -10599321.049482462927699, 3497728.921368314418942 ], [ -10599451.738528428599238, 3497581.167829188052565 ], [ -10599488.919174188748002, 3497398.855233096051961 ], [ -10599677.605765009298921, 3497271.91886935569346 ], [ -10598896.982941672205925, 3495961.016358677763492 ], [ -10598900.929671654477715, 3495155.941539427731186 ], [ -10598586.674779055640101, 3495065.765604110900313 ], [ -10598277.557339357212186, 3494854.929918579291552 ] ] ] } },
{ "type": "Feature", "properties": { "ZIP": "77449", "POSTAL": "KATY", "STATE": "TX", "ZIP_TYPE": "STANDARD", "bbox_minx": -10662444.604818823, "bbox_miny": 3475919.4418875095, "bbox_maxx": -10651419.806382185, "bbox_maxy": 3488095.4799093558, "label_x": -10657496.059304994, "label_y": 3482178.6194455428 }, "geometry": { "type": "Polygon", "coordinates": [ [ [ -10652097.122894523665309, 3487965.196378651540726 ], [ -10651481.523816950619221, 3487967.589671719819307 ], [ -10651481.737704699859023, 3487887.386333285365254 ], [ -10651421.333967162296176, 3487883.55425859009847 ], [ -10651419.806382184848189, 3487482.481550907250494 ], [ -10651534.796797413378954, 3487497.560101925395429 ], [ -10651724.354058293625712, 3487465.615301063284278 ], [ -10651594.299516601487994, 3487298.489817066118121 ], [ -10651434.954400788992643, 3487176.268935718107969 ], [ -10651433.743328616023064, 3487016.381651114672422 ], [ -10651505.221478221938014, 3487015.248365459032357 ], [ -10651505.75074896402657, 3486967.836002209689468 ], [ -10651434.629183396697044, 3486967.75242594210431 ], [ -10651433.696689244359732, 3486452.206513881217688 ], [ -10651525.004528295248747, 3486451.982803697232157 ], [ -10651500.941769823431969, 3486231.063896424602717 ], [ -10651538.686777878552675, 3486230.838761728256941 ], [ -10651538.044250901788473, 3485962.903111357241869 ], [ -10651429.136537536978722, 3485963.681661563925445 ], [ -10651427.509295154362917, 3485705.460525636561215 ], [ -10651444.856137970462441, 3485594.768999728374183 ], [ -10651568.454085879027843, 3485330.241462667006999 ], [ -10651426.361697610467672, 3485331.327066808007658 ], [ -10651432.730128817260265, 3485092.886775306425989 ], [ -10652771.072598099708557, 3485088.007497905753553 ], [ -10652766.448777064681053, 3483757.325256450567394 ], [ -10652948.418140690773726, 3483766.376023836899549 ], [ -10653108.260226475074887, 3483849.244172190781683 ], [ -10653576.994146250188351, 3483827.295904328580946 ], [ -10653535.429432522505522, 3481861.513160136062652 ], [ -10653544.203011333942413, 3481735.106868078466505 ], [ -10653673.965389341115952, 3481376.417948673479259 ], [ -10653653.421179236844182, 3479924.451777805574238 ], [ -10653674.570272363722324, 3479793.275600171182305 ], [ -10655319.984165379777551, 3479782.829820445273072 ], [ -10655309.368864852935076, 3479422.453437732998282 ], [ -10655551.699640495702624, 3479416.682860574219376 ], [ -10655541.288505930453539, 3478531.664664384443313 ], [ -10655386.665750451385975, 3477980.929378975182772 ], [ -10655378.094108676537871, 3476359.777844640891999 ], [ -10655400.761175714433193, 3476030.3658905220218 ], [ -10656083.414417739957571, 3475933.679157494101673 ], [ -10657945.232853086665273, 3475954.714320757891983 ], [ -10659079.801117418333888, 3475919.441887509543449 ], [ -10660371.329892931506038, 3475964.718983989674598 ], [ -10661509.348973685875535, 3475938.937935196794569 ], [ -10661808.191087499260902, 3475989.6045703724958 ], [ -10661750.614198060706258, 3477070.878645733464509 ], [ -10661638.253371126949787, 3478091.498143216129392 ], [ -10661650.722078775987029, 3478321.653833128046244 ], [ -10661587.604004388675094, 3478731.348109883721918 ], [ -10661590.536905873566866, 3479335.957001845818013 ], [ -10661479.69465421885252, 3479709.4098977050744 ], [ -10661430.312173837795854, 3480092.145539043005556 ], [ -10661474.39473844692111, 3484438.963274536654353 ], [ -10661528.495939210057259, 3484463.606266163289547 ], [ -10661550.871121041476727, 3484516.614463671576232 ], [ -10661778.296873781830072, 3484513.149039660114795 ], [ -10661856.888455793261528, 3484550.498776714783162 ], [ -10661861.786573031917214, 3484630.974331693723798 ], [ -10661907.427510587498546, 3484666.912569758016616 ], [ -10661986.130333352833986, 3484626.738773469347507 ], [ -10662059.044601012021303, 3484650.09857186069712 ], [ -10662128.6192891523242, 3484603.507361639756709 ], [ -10662154.556793984025717, 3484691.042534273583442 ], [ -10662197.303428504616022, 3484708.626734947785735 ], [ -10662221.90511810220778, 3484768.566878851968795 ], [ -10662318.753008477389812, 3484737.634146230760962 ], [ -10662444.604818822816014, 3484813.890597305260599 ], [ -10662443.64144167304039, 3485623.321208084467798 ], [ -10661485.622339658439159, 3485646.999570095445961 ], [ -10661497.020506652072072, 3487512.238132597412914 ], [ -10661024.997866407036781, 3487513.924873780924827 ], [ -10660882.190155746415257, 3487299.458956857677549 ], [ -10660714.663676477968693, 3487290.971980804111809 ], [ -10660648.737765002995729, 3487331.292157635092735 ], [ -10660558.777640109881759, 3487275.142409154213965 ], [ -10660425.750683249905705, 3487259.946815650444478 ], [ -10660314.185946676880121, 3487019.258803099393845 ], [ -10660267.51984778791666, 3487052.448102413676679 ], [ -10660133.95695841498673, 3486918.4440553849563 ], [ -10659757.293288696557283, 3486825.455204042606056 ], [ -10659537.415466351434588, 3486706.396388149820268 ], [ -10659102.800104992464185, 3486567.81869810493663 ], [ -10658976.660340338945389, 3486579.624027939047664 ], [ -10658867.768151327967644, 3486657.051775731611997 ], [ -10658796.550574181601405, 3486612.91147563001141 ], [ -10658672.418550290167332, 3486689.911989994347095 ], [ -10658609.244405217468739, 3486630.66784540284425 ], [ -10658488.39715993963182, 3486588.970262681599706 ], [ -10658383.947786351665854, 3486643.527021694462746 ], [ -10658296.114848637953401, 3486648.733555327635258 ], [ -10658176.753554744645953, 3486553.42847301159054 ], [ -10658018.34341330267489, 3486491.51608656020835 ], [ -10657888.087950743734837, 3486376.74539613025263 ], [ -10657758.080233497545123, 3486371.478162290062755 ], [ -10657764.613791808485985, 3487955.442951200064272 ], [ -10657191.982936304062605, 3487958.960878845304251 ], [ -10657192.918111084029078, 3488070.872116604354233 ], [ -10656848.843613037839532, 3488073.928014272358268 ], [ -10656838.325695168226957, 3487858.051638595759869 ], [ -10656500.920683531090617, 3487859.517120321281254 ], [ -10656501.558945285156369, 3487935.331826430745423 ], [ -10656129.059934444725513, 3487936.865618571639061 ], [ -10656057.223459180444479, 3487864.989714404102415 ], [ -10656027.63422929495573, 3487693.251423306763172 ], [ -10655925.02915738709271, 3487723.49081301363185 ], [ -10655789.268699830397964, 3487469.127991314977407 ], [ -10655558.413516959175467, 3487608.580983235966414 ], [ -10655429.297746332362294, 3487736.295867552049458 ], [ -10655430.589463682845235, 3487935.760161919519305 ], [ -10654996.431173572316766, 3487937.296644342131913 ], [ -10655008.140256024897099, 3488085.502531161997467 ], [ -10653403.063509281724691, 3488095.47990935575217 ], [ -10653400.428890263661742, 3487804.357246057130396 ], [ -10652954.367786096408963, 3487782.812013691291213 ], [ -10652928.898373201489449, 3487957.468903757631779 ], [ -10652554.674365483224392, 3487340.250522381160408 ], [ -10652097.122894523665309, 3487965.196378651540726 ] ] ] } },
{ "type": "Feature", "properties": { "ZIP": "77055", "POSTAL": "HOUSTON", "STATE": "TX", "ZIP_TYPE": "STANDARD", "bbox_minx": -10636092.665543651, "bbox_miny": 3475821.5494456268, "bbox_maxx": -10624509.330557821, "bbox_maxy": 3481136.1696413578, "label_x": -10629218.886031004, "label_y": 3478553.7160267401 }, "geometry": { "type": "Polygon", "coordinates": [ [ [ -10630344.775641413405538, 3481136.169641357846558 ], [ -10624509.330557821318507, 3476258.275813616346568 ], [ -10625429.156696135178208, 3476253.579973426181823 ], [ -10625429.211125824600458, 3475849.597859050147235 ], [ -10625874.27406707406044, 3475866.50835771812126 ], [ -10625873.846055964007974, 3475954.032711358740926 ], [ -10626039.133929152041674, 3475957.170100306626409 ], [ -10626049.060682456940413, 3475821.549445626791567 ], [ -10626239.691250471398234, 3475826.584027335979044 ], [ -10626250.376004729419947, 3476049.395120349247009 ], [ -10626511.846950232982635, 3476048.959438150282949 ], [ -10626517.842910310253501, 3476229.694736445322633 ], [ -10627440.356952400878072, 3476205.960009377449751 ], [ -10627451.17566929012537, 3475996.187097470741719 ], [ -10627552.787770062685013, 3475998.200678146444261 ], [ -10627555.275941606611013, 3476131.683693069498986 ], [ -10627613.809865353628993, 3476146.622838319744915 ], [ -10627910.263176713138819, 3476087.69696769816801 ], [ -10628194.263327518478036, 3476076.719577002804726 ], [ -10628202.832991950213909, 3475879.234733948949724 ], [ -10628284.734777256846428, 3475859.303341797553003 ], [ -10628288.636887853965163, 3475915.523383036255836 ], [ -10628366.53953592851758, 3475915.08055669721216 ], [ -10628363.596940727904439, 3476024.083675659261644 ], [ -10628697.604167668148875, 3476019.904413643293083 ], [ -10628699.090639600530267, 3476049.92936725448817 ], [ -10629022.026518970727921, 3476056.097957250662148 ], [ -10629018.918200390413404, 3475854.268657363019884 ], [ -10629318.582851730287075, 3475858.322585247922689 ], [ -10629320.648757176473737, 3475949.311093012802303 ], [ -10629532.066316517069936, 3475949.501714090816677 ], [ -10629559.208026263862848, 3476010.252736811991781 ], [ -10629740.324862256646156, 3476100.422893733717501 ], [ -10629776.837589276954532, 3476192.902471111621708 ], [ -10629891.550810866057873, 3476269.668861632235348 ], [ -10629958.43193413130939, 3476207.540410283021629 ], [ -10630516.57131832651794, 3476219.488674911204726 ], [ -10630513.176496190950274, 3476332.727022526785731 ], [ -10630811.03813854418695, 3476334.984411526005715 ], [ -10630822.044460708275437, 3475878.56250225706026 ], [ -10635907.136344248428941, 3475935.986857114359736 ], [ -10635909.066919330507517, 3476001.730859454255551 ], [ -10636004.529601315036416, 3476006.949051404837519 ], [ -10636001.42881983704865, 3475970.151493150275201 ], [ -10636065.845537235960364, 3475969.298950396478176 ], [ -10636084.574169302359223, 3476363.145534652285278 ], [ -10636056.625508455559611, 3476424.910478302277625 ], [ -10636054.771173322573304, 3476859.379642109386623 ], [ -10636092.665543651208282, 3476937.519894883036613 ], [ -10636089.091882912442088, 3477079.654157310724258 ], [ -10635982.698080496862531, 3477077.555562287103385 ], [ -10635986.058433867990971, 3477188.353259173221886 ], [ -10635915.631191026419401, 3477187.618234985508025 ], [ -10635915.10710185021162, 3477275.722474698908627 ], [ -10635474.561898479238153, 3477271.08061683177948 ], [ -10635440.122711716219783, 3477137.510844306554645 ], [ -10635255.638705719262362, 3477121.130134278442711 ], [ -10635254.298511989414692, 3477299.397761004045606 ], [ -10635095.497856562957168, 3477285.658486003056169 ], [ -10635094.940683014690876, 3477139.978369810152799 ], [ -10634424.728172596544027, 3477351.413556597661227 ], [ -10634424.980746081098914, 3477457.437148180790246 ], [ -10634359.315186131745577, 3477456.225271244067699 ], [ -10634360.254640314728022, 3477549.094482982996851 ], [ -10633976.071699183434248, 3477550.224555112887174 ], [ -10633977.850536612793803, 3477638.874902416020632 ], [ -10633760.863359337672591, 3477739.781116231810302 ], [ -10633756.567909436300397, 3477697.237163125071675 ], [ -10633720.954688100144267, 3477697.955252340529114 ], [ -10633718.448724335059524, 3477606.456068952567875 ], [ -10633659.967528799548745, 3477636.320837771054357 ], [ -10633682.210876932367682, 3477697.166605489328504 ], [ -10633561.300331680104136, 3477698.673594260588288 ], [ -10633561.314314590767026, 3477758.875771500170231 ], [ -10633498.954974161460996, 3477760.244380940683186 ], [ -10633500.783164380118251, 3477952.448906314559281 ], [ -10633313.039497209712863, 3477951.565968260634691 ], [ -10633313.813448924571276, 3477732.828954665455967 ], [ -10633191.785610172897577, 3477759.413549872580916 ], [ -10633195.190563105046749, 3477812.549158392474055 ], [ -10632922.727409042418003, 3477860.510369192808867 ], [ -10632891.483197756111622, 3477902.325737737119198 ], [ -10632741.556188309565187, 3477852.693248727824539 ], [ -10632592.369454070925713, 3477881.410006201826036 ], [ -10632595.943377055227757, 3477932.34603126347065 ], [ -10632555.206120260059834, 3477938.515886693727225 ], [ -10632552.133072137832642, 3478142.467141903936863 ], [ -10632395.320989117026329, 3478149.749832463916391 ], [ -10632286.17351284250617, 3478012.199935476761311 ], [ -10632206.945534547790885, 3478072.935656858142465 ], [ -10632077.478974383324385, 3478224.075353344902396 ], [ -10632083.252185761928558, 3478446.800205081235617 ], [ -10631806.047748696058989, 3478446.090750194620341 ], [ -10631805.878338692709804, 3478332.269174391869456 ], [ -10631751.890576668083668, 3478331.538463066797704 ], [ -10631751.271795695647597, 3478284.563581979367882 ], [ -10631726.749946990981698, 3478284.460315964650363 ], [ -10631728.327814316377044, 3478446.032487819436938 ], [ -10631560.022135140374303, 3478446.797949138097465 ], [ -10631558.31764211691916, 3478258.417578717693686 ], [ -10631469.227785833179951, 3478256.999661232810467 ], [ -10631456.03711399435997, 3478434.46720935869962 ], [ -10631290.973885428160429, 3478435.026820254977793 ], [ -10631291.999942677095532, 3478266.655105059500784 ], [ -10631270.312728291377425, 3478266.633421353530139 ], [ -10631269.834283320233226, 3478354.953436128329486 ], [ -10631204.855221420526505, 3478357.130496333818883 ], [ -10631194.823784537613392, 3478434.142798725049943 ], [ -10631189.459361532703042, 3479758.421114927623421 ], [ -10631195.945922382175922, 3479839.034860979765654 ], [ -10631286.512252919375896, 3479845.29117564484477 ], [ -10631291.573495775461197, 3479985.584173552226275 ], [ -10631099.60557334125042, 3479989.695263508707285 ], [ -10631054.673989513888955, 3480197.869506764225662 ], [ -10630947.557208221405745, 3480391.004835858009756 ], [ -10630980.525788312777877, 3480416.464398319832981 ], [ -10630954.291871346533298, 3480469.575053646229208 ], [ -10631001.797321263700724, 3480500.162516344804317 ], [ -10630936.511207591742277, 3480632.647478379309177 ], [ -10630766.40762959048152, 3480607.193004213273525 ], [ -10630449.09597441740334, 3481001.861520935315639 ], [ -10630417.402412444353104, 3481069.260651799850166 ], [ -10630459.5200260784477, 3481069.384635877795517 ], [ -10630456.97548496723175, 3481121.325557216070592 ], [ -10630344.775641413405538, 3481136.169641357846558 ] ] ] } },
{ "type": "Feature", "properties": { "ZIP": "77080", "POSTAL": "HOUSTON", "STATE": "TX", "ZIP_TYPE": "STANDARD", "bbox_minx": -10636224.197515376, "bbox_miny": 3477121.1301342784, "bbox_maxx": -10630344.775641413, "bbox_maxy": 3482886.752394665, "label_x": -10633640.390590956, "label_y": 3480006.0856774771 }, "geometry": { "type": "Polygon", "coordinates": [ [ [ -10632472.847665028646588, 3482886.752394665032625 ], [ -10630344.775641413405538, 3481136.169641357846558 ], [ -10630456.97548496723175, 3481121.325557216070592 ], [ -10630459.5200260784477, 3481069.384635877795517 ], [ -10630417.402412444353104, 3481069.260651799850166 ], [ -10630449.09597441740334, 3481001.861520935315639 ], [ -10630766.40762959048152, 3480607.193004213273525 ], [ -10630936.511207591742277, 3480632.647478379309177 ], [ -10631001.797321263700724, 3480500.162516344804317 ], [ -10630954.291871346533298, 3480469.575053646229208 ], [ -10630980.525788312777877, 3480416.464398319832981 ], [ -10630947.557208221405745, 3480391.004835858009756 ], [ -10631054.673989513888955, 3480197.869506764225662 ], [ -10631099.60557334125042, 3479989.695263508707285 ], [ -10631291.573495775461197, 3479985.584173552226275 ], [ -10631286.512252919375896, 3479845.29117564484477 ], [ -10631195.945922382175922, 3479839.034860979765654 ], [ -10631189.459361532703042, 3479758.421114927623421 ], [ -10631194.823784537613392, 3478434.142798725049943 ], [ -10631204.855221420526505, 3478357.130496333818883 ], [ -10631269.834283320233226, 3478354.953436128329486 ], [ -10631270.312728291377425, 3478266.633421353530139 ], [ -10631291.999942677095532, 3478266.655105059500784 ], [ -10631290.973885428160429, 3478435.026820254977793 ], [ -10631456.03711399435997, 3478434.46720935869962 ], [ -10631469.227785833179951, 3478256.999661232810467 ], [ -10631558.31764211691916, 3478258.417578717693686 ], [ -10631560.022135140374303, 3478446.797949138097465 ], [ -10631728.327814316377044, 3478446.032487819436938 ], [ -10631726.749946990981698, 3478284.460315964650363 ], [ -10631751.271795695647597, 3478284.563581979367882 ], [ -10631751.890576668083668, 3478331.538463066797704 ], [ -10631805.878338692709804, 3478332.269174391869456 ], [ -10631806.047748696058989, 3478446.090750194620341 ], [ -10632083.252185761928558, 3478446.800205081235617 ], [ -10632077.478974383324385, 3478224.075353344902396 ], [ -10632206.945534547790885, 3478072.935656858142465 ], [ -10632286.17351284250617, 3478012.199935476761311 ], [ -10632395.320989117026329, 3478149.749832463916391 ], [ -10632552.133072137832642, 3478142.467141903936863 ], [ -10632555.206120260059834, 3477938.515886693727225 ], [ -10632595.943377055227757, 3477932.34603126347065 ], [ -10632592.369454070925713, 3477881.410006201826036 ], [ -10632741.556188309565187, 3477852.693248727824539 ], [ -10632891.483197756111622, 3477902.325737737119198 ], [ -10632922.727409042418003, 3477860.510369192808867 ], [ -10633195.190563105046749, 3477812.549158392474055 ], [ -10633191.785610172897577, 3477759.413549872580916 ], [ -10633313.813448924571276, 3477732.828954665455967 ], [ -10633313.039497209712863, 3477951.565968260634691 ], [ -10633500.783164380118251, 3477952.448906314559281 ], [ -10633498.954974161460996, 3477760.244380940683186 ], [ -10633561.314314590767026, 3477758.875771500170231 ], [ -10633561.300331680104136, 3477698.673594260588288 ], [ -10633682.210876932367682, 3477697.166605489328504 ], [ -10633659.967528799548745, 3477636.320837771054357 ], [ -10633718.448724335059524, 3477606.456068952567875 ], [ -10633720.954688100144267, 3477697.955252340529114 ], [ -10633756.567909436300397, 3477697.237163125071675 ], [ -10633760.863359337672591, 3477739.781116231810302 ], [ -10633977.850536612793803, 3477638.874902416020632 ], [ -10633976.071699183434248, 3477550.224555112887174 ], [ -10634360.254640314728022, 3477549.094482982996851 ], [ -10634359.315186131745577, 3477456.225271244067699 ], [ -10634424.980746081098914, 3477457.437148180790246 ], [ -10634424.728172596544027, 3477351.413556597661227 ], [ -10635094.940683014690876, 3477139.978369810152799 ], [ -10635095.497856562957168, 3477285.658486003056169 ], [ -10635254.298511989414692, 3477299.397761004045606 ], [ -10635255.638705719262362, 3477121.130134278442711 ], [ -10635440.122711716219783, 3477137.510844306554645 ], [ -10635483.134180534631014, 3477272.278070074971765 ], [ -10635915.10710185021162, 3477275.722474698908627 ], [ -10635915.631191026419401, 3477187.618234985508025 ], [ -10636058.159625584259629, 3477188.344144471455365 ], [ -10636069.696437129750848, 3477826.255605220794678 ], [ -10636091.694146022200584, 3477825.52296678442508 ], [ -10636097.471131650730968, 3478176.270363840274513 ], [ -10636132.139781275764108, 3478208.838434926699847 ], [ -10636141.783685255795717, 3478866.820150680840015 ], [ -10636100.301584612578154, 3478868.216474070213735 ], [ -10636103.407323833554983, 3479050.499637438450009 ], [ -10636041.67587330378592, 3479054.840195945929736 ], [ -10636044.035828214138746, 3479495.185547179076821 ], [ -10636105.558070875704288, 3479495.206466195639223 ], [ -10636106.565592823550105, 3479560.997198436874896 ], [ -10636194.531365947797894, 3479561.498542317189276 ], [ -10636194.783140238374472, 3479762.963715401943773 ], [ -10636109.273357138037682, 3479763.830284462776035 ], [ -10636112.016116693615913, 3479942.751354779582471 ], [ -10636182.754760790616274, 3479942.400343862827867 ], [ -10636194.123272551223636, 3480532.669934832025319 ], [ -10636074.282507574185729, 3480543.173459495883435 ], [ -10636068.799610460177064, 3481090.568980060517788 ], [ -10636173.904702080413699, 3481089.239778982009739 ], [ -10636176.209415515884757, 3481561.621511446777731 ], [ -10636223.890546610578895, 3481561.227407467085868 ], [ -10636224.197515375912189, 3481693.399114486761391 ], [ -10636055.312545582652092, 3481700.199822383001447 ], [ -10636048.605598255991936, 3482080.339638707693666 ], [ -10635358.572341388091445, 3482065.094066368415952 ], [ -10635358.619391752406955, 3482015.337419144343585 ], [ -10634973.676714226603508, 3482020.598726321477443 ], [ -10634976.140767090022564, 3482090.719569331035018 ], [ -10634438.840893773362041, 3482098.012020905967802 ], [ -10634438.608543366193771, 3482046.794575775973499 ], [ -10634172.316421428695321, 3482055.6307876217179 ], [ -10634174.6256507858634, 3482493.661122704390436 ], [ -10633947.988071313127875, 3482523.361506384797394 ], [ -10633951.778039058670402, 3482056.524022948928177 ], [ -10633627.900554172694683, 3482065.836146774701774 ], [ -10633632.301208766177297, 3482146.3897265936248 ], [ -10633572.914379773661494, 3482144.504412763752043 ], [ -10633573.526361422613263, 3482214.189504535868764 ], [ -10633522.662364639341831, 3482215.543843674007803 ], [ -10633522.637249365448952, 3482144.18402747111395 ], [ -10633255.52962881885469, 3482186.406193186528981 ], [ -10633008.302283894270658, 3482160.889568478334695 ], [ -10632987.068815186619759, 3482052.038144785910845 ], [ -10632467.327862521633506, 3482059.703629302792251 ], [ -10632472.847665028646588, 3482886.752394665032625 ] ] ] } },
{ "type": "Feature", "properties": { "ZIP": "77523", "POSTAL": "BAYTOWN", "STATE": "TX", "ZIP_TYPE": "STANDARD", "bbox_minx": -10571684.20472635, "bbox_miny": 3462268.4066550341, "bbox_maxx": -10565956.594214657, "bbox_maxy": 3474421.828507673, "label_x": -10569413.636666959, "label_y": 3465079.0834234776 }, "geometry": { "type": "MultiPolygon", "coordinates": [ [ [ [ -10570239.389020027592778, 3467588.866122516337782 ], [ -10569341.374723464250565, 3467511.317219253163785 ], [ -10569042.590184442698956, 3467565.006103626918048 ], [ -10569264.898136183619499, 3467132.039489894639701 ], [ -10568897.877719204872847, 3466770.717110060155392 ], [ -10568113.631984170526266, 3466993.994939283933491 ], [ -10567883.75723678059876, 3466947.724135068245232 ], [ -10567837.893598712980747, 3466887.995139077771455 ], [ -10567837.893522514030337, 3466754.054684070404619 ], [ -10568006.097292222082615, 3466582.433561613317579 ], [ -10568080.792753286659718, 3466420.555518040899187 ], [ -10567955.112975785508752, 3465853.036968950182199 ], [ -10567905.909884953871369, 3465757.171236413531005 ], [ -10567814.182521730661392, 3465654.513801363762468 ], [ -10567730.91552571952343, 3465632.470071362797171 ], [ -10567155.059912988916039, 3465598.251169211231172 ], [ -10567065.113709654659033, 3465548.396763943135738 ], [ -10567026.040618734434247, 3465446.253764746710658 ], [ -10567031.161339158192277, 3465362.18172731436789 ], [ -10567092.275696590542793, 3465263.372198487631977 ], [ -10567194.133044172078371, 3465183.65862206555903 ], [ -10567308.012957086786628, 3465111.891166385728866 ], [ -10567532.210293347015977, 3465062.935902009252459 ], [ -10567578.074035841971636, 3464891.849814866203815 ], [ -10567561.042106479406357, 3464811.625904925167561 ], [ -10567510.057824607938528, 3464754.469954011030495 ], [ -10567340.295399740338326, 3464674.759610739070922 ], [ -10567087.1550053935498, 3464671.299620343837887 ], [ -10566975.056246379390359, 3464738.835319876670837 ], [ -10566883.32907634600997, 3464954.901540021412075 ], [ -10566817.093922346830368, 3464998.858340319711715 ], [ -10566540.242232410237193, 3465039.996091048233211 ], [ -10566297.343191307038069, 3464891.849816410802305 ], [ -10566161.42212382145226, 3464903.511846776586026 ], [ -10566095.186919029802084, 3464942.726718977093697 ], [ -10565976.186355309560895, 3464927.091979430057108 ], [ -10565956.594214657321572, 3464852.634938215371221 ], [ -10565981.307194048538804, 3464654.768032413441688 ], [ -10566088.396426180377603, 3464490.47923630848527 ], [ -10566540.242392644286156, 3464287.107632281258702 ], [ -10566625.179087910801172, 3464178.567204740829766 ], [ -10566647.220457654446363, 3463991.346751308534294 ], [ -10566409.442020239308476, 3463566.042017747182399 ], [ -10566494.378706969320774, 3463226.346596679184586 ], [ -10566715.125153047963977, 3462982.504288596101105 ], [ -10567243.447431730106473, 3462638.467851391527802 ], [ -10567384.378032429143786, 3462461.52001122944057 ], [ -10567439.824718542397022, 3462268.406655034050345 ], [ -10567408.534441985189915, 3462473.179815878160298 ], [ -10567621.265954213216901, 3462539.038486188743263 ], [ -10567880.358003033325076, 3462374.206067623570561 ], [ -10567946.096258856356144, 3462285.85595041513443 ], [ -10568038.652679089456797, 3462444.26841398421675 ], [ -10568213.988792564719915, 3463916.684375214856118 ], [ -10568156.490106439217925, 3464021.460697197820991 ], [ -10568181.648224122822285, 3464140.507753462065011 ], [ -10568389.92708202637732, 3464385.781574699096382 ], [ -10568752.494621086865664, 3464580.312378738075495 ], [ -10568976.803420301526785, 3464842.38259160425514 ], [ -10569401.927185527980328, 3464941.990158077795058 ], [ -10569871.589435068890452, 3464888.133230017032474 ], [ -10570321.765501854941249, 3464932.474469227716327 ], [ -10571684.204726349562407, 3465134.062160371337086 ], [ -10571472.697695329785347, 3465278.494662202429026 ], [ -10571316.405131852254272, 3465696.166199879720807 ], [ -10571316.62779463455081, 3466234.455710743553936 ], [ -10570986.565535152330995, 3466546.673906600102782 ], [ -10571153.544707650318742, 3466822.883274149149656 ], [ -10571228.907952239736915, 3467718.713514931499958 ], [ -10571022.41035077162087, 3467872.276060969103128 ], [ -10570239.389020027592778, 3467588.866122516337782 ] ] ], [ [ [ -10568706.829163819551468, 3468298.654237741138786 ], [ -10568907.228884715586901, 3467857.219037131406367 ], [ -10568893.981722306460142, 3468110.186085644643754 ], [ -10568839.435166174545884, 3468193.506974032148719 ], [ -10568706.829163819551468, 3468298.654237741138786 ] ] ], [ [ [ -10567315.680829044431448, 3471677.291128288488835 ], [ -10567564.954484838992357, 3471109.970584698952734 ], [ -10567570.392900388687849, 3471262.65497125312686 ], [ -10567528.091537926346064, 3471478.061350124888122 ], [ -10567480.22416247241199, 3471569.097277148626745 ], [ -10567315.680829044431448, 3471677.291128288488835 ] ] ], [ [ [ -10566803.621712809428573, 3472121.189337886404246 ], [ -10566998.369334299117327, 3471908.797258235514164 ], [ -10566935.871833421289921, 3472008.899493110366166 ], [ -10566803.621712809428573, 3472121.189337886404246 ] ] ], [ [ [ -10566683.176562495529652, 3472165.334383213426918 ], [ -10566423.673194497823715, 3472118.232185540255159 ], [ -10566796.7616196423769, 3472124.952087924815714 ], [ -10566683.176562495529652, 3472165.334383213426918 ] ] ], [ [ [ -10566293.89223114028573, 3472191.620807454455644 ], [ -10566297.325672272592783, 3472189.679245457984507 ], [ -10566292.567081872373819, 3472198.031771645415574 ], [ -10566293.89223114028573, 3472191.620807454455644 ] ] ], [ [ [ -10566259.939764011651278, 3472355.879563185852021 ], [ -10566262.322506217285991, 3472344.352387457620353 ], [ -10566268.374554626643658, 3472402.575296179857105 ], [ -10566259.939764011651278, 3472355.879563185852021 ] ] ], [ [ [ -10566276.09906192868948, 3472698.776856237556785 ], [ -10566304.334890613332391, 3472604.80100300302729 ], [ -10566305.803587073460221, 3472643.626010226551443 ], [ -10566276.09906192868948, 3472698.776856237556785 ] ] ], [ [ [ -10566025.893944783136249, 3474421.828507672995329 ], [ -10566086.073349077254534, 3474088.868024076335132 ], [ -10566173.606203993782401, 3474155.288425899110734 ], [ -10566357.192643405869603, 3474159.136102688498795 ], [ -10566410.625900791957974, 3474223.259228906128556 ], [ -10566421.757817087695003, 3474328.421612293459475 ], [ -10566366.098006840795279, 3474386.133174703922123 ], [ -10566105.610450198873878, 3474259.16812630277127 ], [ -10566051.063922984525561, 3474305.337050132919103 ], [ -10566025.893944783136249, 3474421.828507672995329 ] ] ] ] } },
{ "type": "Feature", "properties": { "ZIP": "77379", "POSTAL": "SPRING", "STATE": "TX", "ZIP_TYPE": "STANDARD", "bbox_minx": -10640895.205758408, "bbox_miny": 3501897.5602123612, "bbox_maxx": -10628381.002543541, "bbox_maxy": 3515238.9857227202, "label_x": -10634769.785412483, "label_y": 3508596.6348006632 }, "geometry": { "type": "Polygon", "coordinates": [ [ [ -10634153.513554247096181, 3514890.67950728489086 ], [ -10632894.724488887935877, 3513509.740339583251625 ], [ -10632732.027285223826766, 3513645.789290658198297 ], [ -10632646.730269238352776, 3513533.834770770277828 ], [ -10632589.128468155860901, 3513534.131263406481594 ], [ -10632613.131380589678884, 3513319.515340271871537 ], [ -10632510.650284063071012, 3513235.917847220320255 ], [ -10632414.189775232225657, 3513214.491831835824996 ], [ -10632410.140279477462173, 3513092.11915695713833 ], [ -10632477.899795154109597, 3513084.934910868294537 ], [ -10631716.360410075634718, 3512251.473522969521582 ], [ -10631658.773826103657484, 3512200.129212143830955 ], [ -10631513.474814375862479, 3512301.759782447479665 ], [ -10631467.957792490720749, 3512259.982775331474841 ], [ -10631612.252335576340556, 3512157.269678762182593 ], [ -10631342.715039620175958, 3511909.541995997074991 ], [ -10631197.993907706812024, 3512002.831876715179533 ], [ -10630890.396029617637396, 3511736.317808820866048 ], [ -10630907.409953996539116, 3511552.626605204306543 ], [ -10630808.61376422457397, 3511565.247709699906409 ], [ -10630784.92421218752861, 3511487.024789991322905 ], [ -10630705.150838226079941, 3511498.809215468354523 ], [ -10630701.388809906318784, 3511425.010164911858737 ], [ -10630800.671277595683932, 3511396.455566097982228 ], [ -10630633.441057812422514, 3511203.395722826942801 ], [ -10630552.187641058117151, 3511014.321366713847965 ], [ -10630452.575938746333122, 3511047.821593412663788 ], [ -10630396.455817379057407, 3510906.761085175909102 ], [ -10630396.177904941141605, 3510727.151063171681017 ], [ -10630288.911359421908855, 3510727.595698651392013 ], [ -10630158.161389634013176, 3510335.373876237310469 ], [ -10630282.66657442972064, 3510256.368903625290841 ], [ -10630246.139477673918009, 3510152.059319095220417 ], [ -10630135.003909014165401, 3510061.948746067471802 ], [ -10630089.888677306473255, 3510088.996196630876511 ], [ -10630037.648865388706326, 3509939.163688677363098 ], [ -10629999.370591964572668, 3509962.066129715181887 ], [ -10629961.335292514413595, 3509852.920318721327931 ], [ -10630107.437371531501412, 3509757.079118709079921 ], [ -10629793.646871291100979, 3508862.893796431366354 ], [ -10629723.647777168080211, 3508916.062701316084713 ], [ -10629682.909270877018571, 3508804.558940356597304 ], [ -10629728.99041779525578, 3508770.635351553093642 ], [ -10629711.52257695235312, 3508741.702886349055916 ], [ -10629662.549473563209176, 3508770.165086458437145 ], [ -10629619.490083839744329, 3508717.85968774324283 ], [ -10629674.504180496558547, 3508676.865905594080687 ], [ -10628947.399864513427019, 3507526.418793111573905 ], [ -10628901.504930384457111, 3507554.200830963440239 ], [ -10628838.199381370097399, 3507474.754265958908945 ], [ -10628871.489277699962258, 3507434.309238651301712 ], [ -10628749.371727827936411, 3507303.955649096518755 ], [ -10628712.955196646973491, 3507339.608543885871768 ], [ -10628590.545528659597039, 3507227.570722989737988 ], [ -10628651.238207506015897, 3507188.912829089909792 ], [ -10628381.002543540671468, 3506682.893268970772624 ], [ -10628483.305122395977378, 3506631.721574979834259 ], [ -10628510.912334986031055, 3506458.022404371760786 ], [ -10628657.74277394451201, 3506346.938311132136732 ], [ -10628682.121750872582197, 3506247.040784210432321 ], [ -10628830.399270569905639, 3506092.24592598574236 ], [ -10628944.501737745478749, 3506136.087137165479362 ], [ -10629125.952578909695148, 3506124.901841334067285 ], [ -10629237.272014969959855, 3506172.342996184248477 ], [ -10629320.316403988748789, 3506293.710973954759538 ], [ -10629244.396488117054105, 3506552.135930866003036 ], [ -10629335.010535124689341, 3506678.13606514967978 ], [ -10629422.507612304762006, 3506701.27915311884135 ], [ -10629581.583179835230112, 3506387.309075466822833 ], [ -10629694.127227941527963, 3506313.124818327836692 ], [ -10629683.997131748124957, 3506183.785550320520997 ], [ -10629933.909384157508612, 3506111.659497009590268 ], [ -10630017.955568876117468, 3505827.91632769163698 ], [ -10630025.19141411408782, 3505678.140659721102566 ], [ -10630143.857996629551053, 3505506.125639813020825 ], [ -10630221.447604430839419, 3505489.155635736417025 ], [ -10630300.150547469034791, 3505585.190511069726199 ], [ -10630464.680742286145687, 3505615.402454439084977 ], [ -10630554.515611190348864, 3505482.856279662344605 ], [ -10630606.390487873926759, 3505301.973353103268892 ], [ -10630712.143959447741508, 3505151.818178095854819 ], [ -10630883.019347695633769, 3505021.590764521621168 ], [ -10631070.258749324828386, 3505084.583066077437252 ], [ -10631148.627668583765626, 3505040.48841990204528 ], [ -10631130.148666828870773, 3504880.566085828933865 ], [ -10631202.283644188195467, 3504790.707176920957863 ], [ -10631170.112376814708114, 3504710.87583596771583 ], [ -10631200.057278415188193, 3504644.285911988001317 ], [ -10631284.660088717937469, 3504632.330557741690427 ], [ -10631430.599987421184778, 3504763.196744740474969 ], [ -10631567.52295508235693, 3504741.214201212860644 ], [ -10631859.291333256289363, 3504780.165728595573455 ], [ -10632029.61017794534564, 3504711.904257796704769 ], [ -10632182.006532771512866, 3504776.694801859557629 ], [ -10632226.422957571223378, 3504741.471304283477366 ], [ -10632397.743659289553761, 3504301.957239560782909 ], [ -10632507.282065561041236, 3504261.593164921272546 ], [ -10632573.294580118730664, 3504161.583315850235522 ], [ -10632937.420531619340181, 3504271.105694333091378 ], [ -10633026.476169284433126, 3504348.491833092644811 ], [ -10633215.719340926036239, 3504306.070874599739909 ], [ -10633258.688689360395074, 3504267.763538591563702 ], [ -10633381.251416869461536, 3503974.806203103624284 ], [ -10633523.963003957644105, 3503824.409444574266672 ], [ -10633770.312995992600918, 3503823.509618523065001 ], [ -10634033.472295485436916, 3503601.517110480926931 ], [ -10634176.183878207579255, 3503612.957284635398537 ], [ -10634227.502171482890844, 3503560.641088941600174 ], [ -10634334.368905685842037, 3503536.60390439350158 ], [ -10634346.39137683622539, 3503503.312028766609728 ], [ -10634243.754843138158321, 3503415.005159556865692 ], [ -10634238.856697529554367, 3503371.173345719464123 ], [ -10634429.324410354718566, 3503297.006638165563345 ], [ -10634533.408133255317807, 3503166.284043699502945 ], [ -10634638.159817293286324, 3503092.118499317206442 ], [ -10634644.504945522174239, 3503020.781220028176904 ], [ -10634573.59446257725358, 3502899.187341440934688 ], [ -10634585.505627145990729, 3502837.748153263702989 ], [ -10634805.584271004423499, 3502833.506497687194496 ], [ -10634941.950694331899285, 3502627.212021511048079 ], [ -10635086.777351705357432, 3502632.99588051950559 ], [ -10635283.701512871310115, 3502397.657041238620877 ], [ -10635333.572661338374019, 3502379.277394209988415 ], [ -10635401.811487462371588, 3502402.669684338849038 ], [ -10635488.974628848955035, 3502351.772256711963564 ], [ -10635581.815108757466078, 3502180.830308740958571 ], [ -10635706.938212912529707, 3502167.335020850412548 ], [ -10635795.548460651189089, 3502054.36056507518515 ], [ -10636111.918485917150974, 3501899.616644178051502 ], [ -10636310.067188017070293, 3502022.614717323333025 ], [ -10636459.903285751119256, 3502240.209845208097249 ], [ -10636523.132701490074396, 3502377.349428597372025 ], [ -10636498.53106158785522, 3502549.707791473716497 ], [ -10636539.274005161598325, 3502655.617429239209741 ], [ -10636710.149428002536297, 3502671.169821883086115 ], [ -10636776.16190992295742, 3502590.709208921063691 ], [ -10636871.117461897432804, 3502631.710642052348703 ], [ -10636970.414357164874673, 3502609.217682373244315 ], [ -10637830.217453919351101, 3504360.564776848535985 ], [ -10637898.821571949869394, 3504322.606723198667169 ], [ -10638191.108313677832484, 3504276.122712455689907 ], [ -10638191.854928521439433, 3504233.832184567581862 ], [ -10638340.695726327598095, 3504231.384648656472564 ], [ -10638344.60004404373467, 3504453.088731463998556 ], [ -10638193.286667142063379, 3504455.137731358874589 ], [ -10638199.034116385504603, 3504624.135147483553737 ], [ -10638262.195395071059465, 3504623.250960034318268 ], [ -10638269.099235326051712, 3504892.219194661360234 ], [ -10638087.216085130348802, 3504891.135882474016398 ], [ -10640895.205758407711983, 3510571.768934110179543 ], [ -10639756.518646076321602, 3510589.517346537671983 ], [ -10639419.220578672364354, 3510983.332466257736087 ], [ -10636919.875398399308324, 3513549.473623654339463 ], [ -10636660.723562126979232, 3513722.240408425685018 ], [ -10635963.932231539860368, 3514438.20335327507928 ], [ -10635898.659585360437632, 3514378.363900307565928 ], [ -10635613.125665569677949, 3514669.2273607426323 ], [ -10635784.135003734380007, 3514820.608515539206564 ], [ -10635740.239838164299726, 3514866.527006957214326 ], [ -10635797.460432263091207, 3514938.084197380580008 ], [ -10635478.490930328145623, 3515026.159704545047134 ], [ -10635278.668558800593019, 3515238.985722720157355 ], [ -10635135.983441958203912, 3515105.798429173883051 ], [ -10635137.136383984237909, 3514738.678792552091181 ], [ -10634153.513554247096181, 3514890.67950728489086 ] ] ] } },
{ "type": "Feature", "properties": { "ZIP": "77381", "POSTAL": "SPRING", "STATE": "TX", "ZIP_TYPE": "STANDARD", "bbox_minx": -10635594.483775798, "bbox_miny": 3522074.3212515335, "bbox_maxx": -10631257.613505159, "bbox_maxy": 3525445.1221437533, "label_x": -10634609.830541056, "label_y": 3524924.5477446327 }, "geometry": { "type": "MultiPolygon", "coordinates": [ [ [ [ -10634876.877641715109348, 3525143.249695034231991 ], [ -10634404.039552092552185, 3524872.883729311171919 ], [ -10634472.850303480401635, 3524783.946082078851759 ], [ -10634468.620235603302717, 3524728.066393089015037 ], [ -10634523.500726040452719, 3524706.178141947835684 ], [ -10634538.306236889213324, 3524790.383870338555425 ], [ -10634649.514324489980936, 3524892.358598751947284 ], [ -10634801.688142891973257, 3524956.737006323412061 ], [ -10634772.077139172703028, 3525041.717024547513574 ], [ -10634853.006394006311893, 3525095.5379788428545 ], [ -10634917.126434629783034, 3525098.37062002113089 ], [ -10634876.877641715109348, 3525143.249695034231991 ] ] ], [ [ [ -10631257.613505158573389, 3522097.940517497248948 ], [ -10631327.518121043220162, 3522084.23334200354293 ], [ -10631351.212804278358817, 3522147.834196211770177 ], [ -10631257.613505158573389, 3522097.940517497248948 ] ] ], [ [ [ -10631376.218975698575377, 3522161.163736098445952 ], [ -10631433.828197596594691, 3522142.933480651583523 ], [ -10631430.572892230004072, 3522190.136913119349629 ], [ -10631376.218975698575377, 3522161.163736098445952 ] ] ], [ [ [ -10631835.657220641151071, 3522406.0565131069161 ], [ -10631490.49358986876905, 3522222.077148106880486 ], [ -10631772.462089028209448, 3522281.188699172344059 ], [ -10631780.143212266266346, 3522358.298185504507273 ], [ -10631835.657220641151071, 3522406.0565131069161 ] ] ], [ [ [ -10631936.316595662385225, 3522459.707864800933748 ], [ -10631839.920382397249341, 3522408.328760070260614 ], [ -10631909.719000112265348, 3522436.952907030936331 ], [ -10631936.316595662385225, 3522459.707864800933748 ] ] ], [ [ [ -10633079.01900427415967, 3523126.715331391431391 ], [ -10633227.519133588299155, 3523197.521771206520498 ], [ -10633238.094585252925754, 3523219.407392872031778 ], [ -10633191.959565546363592, 3523231.899433464277536 ], [ -10633080.50506473518908, 3523162.923118062783033 ], [ -10633079.01900427415967, 3523126.715331391431391 ] ] ], [ [ [ -10633461.178841091692448, 3523484.227380970492959 ], [ -10633492.904813803732395, 3523490.664501566905528 ], [ -10633502.032993648201227, 3523523.107583850156516 ], [ -10633489.697230808436871, 3523529.23889994667843 ], [ -10633461.178841091692448, 3523484.227380970492959 ] ] ], [ [ [ -10633629.951287712901831, 3523812.246945216786116 ], [ -10633607.258796175941825, 3523766.457992964889854 ], [ -10633625.931641153991222, 3523791.409942719619721 ], [ -10633629.951287712901831, 3523812.246945216786116 ] ] ], [ [ [ -10633688.973279030993581, 3524163.852558102924377 ], [ -10633692.032027522101998, 3523937.512310506310314 ], [ -10633723.78148734010756, 3523979.765615751966834 ], [ -10633688.973279030993581, 3524163.852558102924377 ] ] ], [ [ [ -10633670.570714797824621, 3524318.246564225293696 ], [ -10633741.258591115474701, 3524395.239659931976348 ], [ -10633744.052548576146364, 3524457.698970973026007 ], [ -10633670.570714797824621, 3524318.246564225293696 ] ] ], [ [ [ -10634038.628595871850848, 3524663.928416553884745 ], [ -10633878.824960261583328, 3524572.542599361855537 ], [ -10633941.856316233053803, 3524581.415629458148032 ], [ -10634038.628595871850848, 3524663.928416553884745 ] ] ], [ [ [ -10634204.160218067467213, 3524758.587158362846822 ], [ -10634269.246958892792463, 3524764.117856644559652 ], [ -10634268.589298602193594, 3524795.429937705397606 ], [ -10634204.160218067467213, 3524758.587158362846822 ] ] ], [ [ [ -10635128.0767170060426, 3525286.874494336079806 ], [ -10634942.379005083814263, 3525180.701191462110728 ], [ -10635034.011918982490897, 3525223.65329168504104 ], [ -10635107.260129487141967, 3525191.849648235365748 ], [ -10635128.0767170060426, 3525286.874494336079806 ] ] ], [ [ [ -10635319.212449314072728, 3525232.15145525848493 ], [ -10635432.646970767527819, 3525361.813393043819815 ], [ -10635594.483775798231363, 3525444.186600232496858 ], [ -10635209.700629657134414, 3525315.371284444816411 ], [ -10635319.212449314072728, 3525232.15145525848493 ] ] ] ] } },
{ "type": "Feature", "properties": { "ZIP": "77380", "POSTAL": "SPRING", "STATE": "TX", "ZIP_TYPE": "STANDARD", "bbox_minx": -10630948.541817373, "bbox_miny": 3516825.1102653192, "bbox_maxx": -10623955.758722538, "bbox_maxy": 3521595.2293070988, "label_x": -10627345.622312259, "label_y": 3516936.1570662213 }, "geometry": { "type": "MultiPolygon", "coordinates": [ [ [ [ -10627236.304212555289268, 3516962.664275481831282 ], [ -10627271.36986674554646, 3516885.587575408630073 ], [ -10627390.370311569422483, 3516855.091568273492157 ], [ -10627444.582953970879316, 3516886.87427062401548 ], [ -10627471.299684433266521, 3516958.289317148737609 ], [ -10627573.149546215310693, 3516966.844715820159763 ], [ -10627278.417137706652284, 3517014.345914014615119 ], [ -10627236.304212555289268, 3516962.664275481831282 ] ] ], [ [ [ -10628168.033906554803252, 3516870.947988200001419 ], [ -10628189.866917720064521, 3516825.110265319235623 ], [ -10628273.005469517782331, 3516866.023894166108221 ], [ -10628212.910090046003461, 3516863.712747151963413 ], [ -10628168.033906554803252, 3516870.947988200001419 ] ] ], [ [ [ -10628089.234165668487549, 3516861.267983013764024 ], [ -10628115.754872685298324, 3516879.37658006278798 ], [ -10628055.266782730817795, 3516889.128454688470811 ], [ -10628089.234165668487549, 3516861.267983013764024 ] ] ], [ [ [ -10627652.827687511220574, 3516954.002048718743026 ], [ -10627882.291149178519845, 3516843.639451556373388 ], [ -10627934.388742983341217, 3516868.345095596276224 ], [ -10627933.207689225673676, 3516908.80584762012586 ], [ -10627652.827687511220574, 3516954.002048718743026 ] ] ], [ [ [ -10625960.159506883472204, 3516983.46974011650309 ], [ -10626017.689668007194996, 3516961.506193659733981 ], [ -10626053.849296243861318, 3516985.967926713172346 ], [ -10625960.159506883472204, 3516983.46974011650309 ] ] ], [ [ [ -10628685.461313597857952, 3517019.410558575298637 ], [ -10628696.940650828182697, 3517070.328694943338633 ], [ -10628634.420387046411633, 3517036.61778981378302 ], [ -10628637.593882983550429, 3517034.980529223103076 ], [ -10628685.461313597857952, 3517019.410558575298637 ] ] ], [ [ [ -10626414.323778035119176, 3517021.298787948209792 ], [ -10626388.717649325728416, 3517000.422618648037314 ], [ -10626407.864533491432667, 3517005.384885275736451 ], [ -10626414.323778035119176, 3517021.298787948209792 ] ] ], [ [ [ -10627009.657647300511599, 3516953.52833712566644 ], [ -10627054.630790887400508, 3516975.403276528697461 ], [ -10627066.055320767685771, 3517048.567425151355565 ], [ -10626905.777282623574138, 3517074.393359169829637 ], [ -10627009.657647300511599, 3516953.52833712566644 ] ] ], [ [ [ -10626717.222555141896009, 3517104.773071054369211 ], [ -10626803.382628608494997, 3517076.671822847798467 ], [ -10626836.353819096460938, 3517085.579103711992502 ], [ -10626717.222555141896009, 3517104.773071054369211 ] ] ], [ [ [ -10626502.93135691806674, 3517078.215993815101683 ], [ -10626535.993223750963807, 3517082.462295392528176 ], [ -10626585.812436651438475, 3517125.943895348813385 ], [ -10626549.79690757766366, 3517131.746003050822765 ], [ -10626502.93135691806674, 3517078.215993815101683 ] ] ], [ [ [ -10625822.880632169544697, 3517034.851842602714896 ], [ -10625913.59703547693789, 3516996.413902455940843 ], [ -10625833.645240066573024, 3517114.035111251752824 ], [ -10625822.880632169544697, 3517034.851842602714896 ] ] ], [ [ [ -10629001.284578753635287, 3517274.37165069533512 ], [ -10628934.419873466715217, 3517219.187683772761375 ], [ -10628990.365400675684214, 3517248.457147390116006 ], [ -10629001.284578753635287, 3517274.37165069533512 ] ] ], [ [ [ -10629096.007607059553266, 3517318.458706650417298 ], [ -10629136.750578636303544, 3517327.594974332023412 ], [ -10629163.71713518537581, 3517381.524292064365 ], [ -10629048.585378583520651, 3517354.103186380583793 ], [ -10629096.007607059553266, 3517318.458706650417298 ] ] ], [ [ [ -10625734.492902502417564, 3517253.732999966014177 ], [ -10625702.210181012749672, 3517307.392390952911228 ], [ -10625731.041968487203121, 3517398.755223375279456 ], [ -10625665.156387800350785, 3517440.16287205228582 ], [ -10625671.040781313553452, 3517336.345222577918321 ], [ -10625734.492902502417564, 3517253.732999966014177 ] ] ], [ [ [ -10625449.181063631549478, 3517535.543230443261564 ], [ -10625556.900834018364549, 3517506.402623186819255 ], [ -10625377.730073872953653, 3517575.176608419511467 ], [ -10625449.181063631549478, 3517535.543230443261564 ] ] ], [ [ [ -10630018.512173097580671, 3517673.105100702960044 ], [ -10630042.891227228567004, 3517691.506751026492566 ], [ -10630033.166228925809264, 3517720.228263441938907 ], [ -10630018.512173097580671, 3517673.105100702960044 ] ] ], [ [ [ -10625033.158207334578037, 3517638.070531180128455 ], [ -10625061.677880076691508, 3517624.205439473967999 ], [ -10625072.54223901219666, 3517630.882362611126155 ], [ -10625033.158207334578037, 3517638.070531180128455 ] ] ], [ [ [ -10624803.682218501344323, 3517657.634911813773215 ], [ -10624846.608713256195188, 3517646.596297060605139 ], [ -10624911.860294051468372, 3517660.208475433290005 ], [ -10624817.220267608761787, 3517677.480351747013628 ], [ -10624803.682218501344323, 3517657.634911813773215 ] ] ], [ [ [ -10623964.847035299986601, 3517735.902641218155622 ], [ -10623974.077917344868183, 3517728.130760845262557 ], [ -10623955.758722538128495, 3517747.836462144739926 ], [ -10623964.847035299986601, 3517735.902641218155622 ] ] ], [ [ [ -10630139.207694912329316, 3518061.220712549984455 ], [ -10630075.710597217082977, 3517857.037242600228637 ], [ -10630148.644697753712535, 3518047.964957781601697 ], [ -10630139.207694912329316, 3518061.220712549984455 ] ] ], [ [ [ -10630714.485599108040333, 3519257.703246362507343 ], [ -10630700.852417722344398, 3519213.070566547103226 ], [ -10630713.145789025351405, 3519235.545001665130258 ], [ -10630714.485599108040333, 3519257.703246362507343 ] ] ], [ [ [ -10630742.444036150351167, 3519349.234197247307748 ], [ -10630732.212713941931725, 3519315.738629147410393 ], [ -10630744.871892178431153, 3519333.099332239944488 ], [ -10630742.444036150351167, 3519349.234197247307748 ] ] ], [ [ [ -10630756.162545450031757, 3519460.837999551091343 ], [ -10630762.485983084887266, 3519428.608714172616601 ], [ -10630773.814954509958625, 3519450.603147357236594 ], [ -10630756.162545450031757, 3519460.837999551091343 ] ] ], [ [ [ -10630683.343305749818683, 3519831.977687180042267 ], [ -10630714.065674038603902, 3519675.395552463829517 ], [ -10630760.011304939165711, 3519749.193646617233753 ], [ -10630683.343305749818683, 3519831.977687180042267 ] ] ], [ [ [ -10630619.362466964870691, 3520158.061202554497868 ], [ -10630638.296827577054501, 3520061.561523396521807 ], [ -10630674.295375728979707, 3520071.215890121180564 ], [ -10630682.08774046972394, 3520119.996242076158524 ], [ -10630619.362466964870691, 3520158.061202554497868 ] ] ], [ [ [ -10630571.183439100161195, 3520403.604332278016955 ], [ -10630599.779478829354048, 3520257.866046007722616 ], [ -10630628.654292734339833, 3520288.476219628937542 ], [ -10630571.183439100161195, 3520403.604332278016955 ] ] ], [ [ [ -10630675.297157611697912, 3520674.157777313608676 ], [ -10630580.745617082342505, 3520525.371425325516611 ], [ -10630671.067019632086158, 3520584.898289687000215 ], [ -10630675.297157611697912, 3520674.157777313608676 ] ] ], [ [ [ -10630741.544099541381001, 3520976.364031466189772 ], [ -10630706.803921485319734, 3520872.497244872152805 ], [ -10630785.280900394544005, 3520937.962424750439823 ], [ -10630741.544099541381001, 3520976.364031466189772 ] ] ], [ [ [ -10630855.787374954670668, 3521317.923570905812085 ], [ -10630811.175657354295254, 3521184.546655830927193 ], [ -10630856.525377869606018, 3521227.963644473347813 ], [ -10630855.787374954670668, 3521317.923570905812085 ] ] ], [ [ [ -10630948.541817372664809, 3521595.229307098779827 ], [ -10630900.959552422165871, 3521452.974691544193774 ], [ -10630942.575292460620403, 3521514.496087602805346 ], [ -10630948.541817372664809, 3521595.229307098779827 ] ] ] ] } },
{ "type": "Feature", "properties": { "ZIP": "77073", "POSTAL": "HOUSTON", "STATE": "TX", "ZIP_TYPE": "STANDARD", "bbox_minx": -10623064.768958278, "bbox_miny": 3498634.9694154551, "bbox_maxx": -10614574.099284548, "bbox_maxy": 3508608.5580722461, "label_x": -10619920.324411931, "label_y": 3503617.208628857 }, "geometry": { "type": "Polygon", "coordinates": [ [ [ -10614600.955186316743493, 3504069.466013267636299 ], [ -10614574.099284548312426, 3501511.796887408941984 ], [ -10615308.66691087000072, 3501503.066708842292428 ], [ -10615289.942465763539076, 3499091.017423819750547 ], [ -10615906.212301064282656, 3499085.119913698639721 ], [ -10615902.180372036993504, 3498786.899029869586229 ], [ -10616638.512067273259163, 3498779.363921691663563 ], [ -10616639.234259052202106, 3498984.621732125524431 ], [ -10617236.006347689777613, 3498975.248706115875393 ], [ -10617244.001521214842796, 3498785.370162157341838 ], [ -10617690.819687297567725, 3498773.043832538183779 ], [ -10617919.404219260439277, 3498791.212568699847907 ], [ -10617970.237023556604981, 3498830.987258794251829 ], [ -10618148.56276092864573, 3498833.098818550817668 ], [ -10618171.478562600910664, 3499068.493324916344136 ], [ -10618196.573836140334606, 3499089.498219452332705 ], [ -10618583.546972848474979, 3499171.343976765871048 ], [ -10618497.429828861728311, 3498770.224432458169758 ], [ -10618633.171178102493286, 3498769.70521128596738 ], [ -10619428.000821823254228, 3498788.049115553032607 ], [ -10619427.95103919133544, 3499174.374085607007146 ], [ -10619604.908720660954714, 3499174.499794949311763 ], [ -10619602.768533511087298, 3499101.279225680977106 ], [ -10619894.4155597910285, 3499089.396888527553529 ], [ -10619894.016467427834868, 3499040.608122922014445 ], [ -10619984.390914486721158, 3499041.347207845654339 ], [ -10619973.336314328014851, 3498718.859224856365472 ], [ -10620042.086204789578915, 3498718.600189437624067 ], [ -10620032.116315435618162, 3498636.554220388177782 ], [ -10620070.69516603089869, 3498634.969415455125272 ], [ -10620150.573215713724494, 3499157.165594052057713 ], [ -10621917.846098739653826, 3499108.188242073170841 ], [ -10621937.330393303185701, 3500100.550881154369563 ], [ -10622127.901688925921917, 3500089.554340821690857 ], [ -10622161.457542948424816, 3500217.221359017770737 ], [ -10621936.833409205079079, 3500220.518724252935499 ], [ -10621945.615711621940136, 3500759.547366705257446 ], [ -10622158.199162892997265, 3500788.839485634118319 ], [ -10622255.486873520538211, 3501408.854992462787777 ], [ -10622222.334844226017594, 3501447.101636516395956 ], [ -10622249.118518205359578, 3501941.950015164911747 ], [ -10621779.938140222802758, 3501942.791560787707567 ], [ -10621782.717214280739427, 3502098.698613401502371 ], [ -10622352.934760628268123, 3502091.868906999006867 ], [ -10622351.582477221265435, 3502168.265475024934858 ], [ -10622235.000281725078821, 3502169.81085210153833 ], [ -10622242.079057479277253, 3502441.668730416800827 ], [ -10622413.621822932735085, 3502438.152761547826231 ], [ -10622446.678337216377258, 3502639.629353869706392 ], [ -10622089.908782565966249, 3502597.024561130907387 ], [ -10622090.051603993400931, 3502865.519935726653785 ], [ -10622342.705678667873144, 3502878.10380233777687 ], [ -10622581.192086363211274, 3503249.547015108633786 ], [ -10622640.284733982756734, 3503298.30680405953899 ], [ -10622192.420532574877143, 3503362.076934899203479 ], [ -10622411.337025379762053, 3503841.318471889477223 ], [ -10622372.123989827930927, 3503808.143331388011575 ], [ -10622268.80293832719326, 3503884.023285347502679 ], [ -10622342.070001376792789, 3504185.414552308153361 ], [ -10622672.917388454079628, 3504171.637893166393042 ], [ -10622700.17153306864202, 3504351.777316901832819 ], [ -10622647.76863281801343, 3504355.936166641302407 ], [ -10622702.85423874668777, 3504679.2045295573771 ], [ -10622407.83281335234642, 3504670.916938762180507 ], [ -10622484.99439805559814, 3505543.783321425784379 ], [ -10622678.978432174772024, 3505548.178700570017099 ], [ -10622684.282498136162758, 3505654.240153288468719 ], [ -10622776.790906243026257, 3505657.123283525928855 ], [ -10622814.305639769881964, 3506230.019676238298416 ], [ -10623005.820302182808518, 3506198.492277837824076 ], [ -10623012.099434686824679, 3506369.188167426269501 ], [ -10622840.905918383970857, 3506421.167421482037753 ], [ -10622867.677133295685053, 3506613.963059593457729 ], [ -10622801.577382186427712, 3506618.488074736203998 ], [ -10622818.776594240218401, 3506759.325057161971927 ], [ -10622928.841783670708537, 3506761.160309053957462 ], [ -10622927.401046233251691, 3506910.46548308711499 ], [ -10622818.703461827710271, 3506907.516989683266729 ], [ -10622815.738154374063015, 3507521.289208174217492 ], [ -10623060.152341252192855, 3507524.851922522764653 ], [ -10623064.768958278000355, 3508147.861411262303591 ], [ -10622831.057965809479356, 3508159.11683160578832 ], [ -10622701.593384275212884, 3508044.160499156918377 ], [ -10622504.112685004249215, 3507974.467098582535982 ], [ -10622460.4753437936306, 3508039.659953765571117 ], [ -10622372.087707424536347, 3508086.979727625846863 ], [ -10622042.025407856330276, 3508114.111467545386404 ], [ -10621955.530178587883711, 3508207.72295437566936 ], [ -10621729.440290596336126, 3508355.342375983018428 ], [ -10621363.199184976518154, 3508374.373604341875762 ], [ -10621174.735302593559027, 3508315.994201317895204 ], [ -10621027.014318918809295, 3508223.024910651613027 ], [ -10620800.701725261285901, 3507898.987668220885098 ], [ -10620777.992622427642345, 3507652.622177916113287 ], [ -10620633.611235339194536, 3507548.599661564454436 ], [ -10620534.091586355119944, 3507531.241228349506855 ], [ -10620382.474395042285323, 3507605.304072191007435 ], [ -10620353.308717377483845, 3507823.765945774503052 ], [ -10620001.873122435063124, 3507994.783532361499965 ], [ -10619896.119649043306708, 3508173.390026974026114 ], [ -10619849.365414258092642, 3508202.322212767321616 ], [ -10619751.626946020871401, 3508191.906606119126081 ], [ -10619727.693219099193811, 3508133.270932461135089 ], [ -10619670.25231109932065, 3508118.483459409791976 ], [ -10619531.770848110318184, 3508176.861913515720516 ], [ -10619375.701017089188099, 3508135.07107766950503 ], [ -10619255.809921313077211, 3508215.566718010697514 ], [ -10619081.483520777896047, 3508200.136298975441605 ], [ -10618847.935263622552156, 3508290.533667836803943 ], [ -10618637.430078823119402, 3508238.841150989290327 ], [ -10618439.05878153629601, 3508354.442230147775263 ], [ -10618155.194093596190214, 3508464.000664677936584 ], [ -10618075.378060396760702, 3508538.068808299954981 ], [ -10618055.157867547124624, 3508608.558072246145457 ], [ -10617982.318780047819018, 3508483.391216187272221 ], [ -10617972.558028003200889, 3508217.001906137913465 ], [ -10617879.844622628763318, 3508271.622886079829186 ], [ -10617773.039443237707019, 3507409.071027227677405 ], [ -10617781.992540214210749, 3507019.108179665636271 ], [ -10617983.631610654294491, 3506983.071803023573011 ], [ -10618155.115514725446701, 3506863.462859365157783 ], [ -10618342.310357188805938, 3506533.206641778349876 ], [ -10617837.803135944530368, 3506394.748432024382055 ], [ -10617805.514386478811502, 3506290.083321127574891 ], [ -10617714.201708311215043, 3506309.97973108291626 ], [ -10617612.845529908314347, 3505998.650008867494762 ], [ -10617335.369345644488931, 3505446.859639513771981 ], [ -10617414.712693519890308, 3505408.218877390027046 ], [ -10617317.528258036822081, 3505216.491813578177243 ], [ -10617408.993008343502879, 3505149.997448049951345 ], [ -10617389.61559565924108, 3505108.027190088294446 ], [ -10617303.915175087749958, 3505116.016859334427863 ], [ -10617203.846074320375919, 3505068.47507157176733 ], [ -10617579.529029365628958, 3504829.67139439098537 ], [ -10617286.459144616499543, 3504327.519096303731203 ], [ -10617198.631057418882847, 3504229.287710960954428 ], [ -10617716.039783550426364, 3503900.140156761277467 ], [ -10617337.653579348698258, 3503305.085195432417095 ], [ -10616671.53287017904222, 3503721.798366169910878 ], [ -10616568.029120331630111, 3503412.291110570076853 ], [ -10615920.455334655940533, 3504201.818557677324861 ], [ -10615784.78973476588726, 3504283.852912720758468 ], [ -10614600.955186316743493, 3504069.466013267636299 ] ] ] } },
{ "type": "Feature", "properties": { "ZIP": "77081", "POSTAL": "HOUSTON", "STATE": "TX", "ZIP_TYPE": "STANDARD", "bbox_minx": -10630888.208576111, "bbox_miny": 3463590.02937668, "bbox_maxx": -10625609.265845295, "bbox_maxy": 3468443.4844672503, "label_x": -10629097.761311419, "label_y": 3466029.5871065846 }, "geometry": { "type": "Polygon", "coordinates": [ [ [ -10629293.980907579883933, 3464942.34676116425544 ], [ -10629276.962920958176255, 3463713.855863072443753 ], [ -10629849.183168966323137, 3463684.007821867708117 ], [ -10629852.582135, 3463752.876341722439975 ], [ -10629906.228141395375133, 3463753.442105636931956 ], [ -10629905.84945834428072, 3463701.194918076042086 ], [ -10630119.753340624272823, 3463697.037222146522254 ], [ -10630113.505864780396223, 3463642.065963968168944 ], [ -10630240.909803798422217, 3463637.153736058156937 ], [ -10630239.111156830564141, 3463591.120079405140132 ], [ -10630305.004400830715895, 3463590.029376680031419 ], [ -10630308.880729351192713, 3464336.83341241395101 ], [ -10630262.386493442580104, 3464362.518280507531017 ], [ -10630263.616949217393994, 3464403.948359133675694 ], [ -10630299.427617501467466, 3464403.895412489771843 ], [ -10630302.642143363133073, 3464642.172747157514095 ], [ -10630328.892568688839674, 3464641.856622216757387 ], [ -10630329.417065417394042, 3464685.856506203766912 ], [ -10630297.331354182213545, 3464686.33752402337268 ], [ -10630299.234121968969703, 3464855.41791027598083 ], [ -10630228.700135039165616, 3464855.388368424028158 ], [ -10630250.343388946726918, 3466362.942449798807502 ], [ -10630340.992010748013854, 3466356.916191116441041 ], [ -10630339.059187889099121, 3466417.2535514915362 ], [ -10630444.927364436909556, 3466412.310783909168094 ], [ -10630444.650182818993926, 3466530.026602734345943 ], [ -10630858.013451520353556, 3466967.612718214280903 ], [ -10630837.162703480571508, 3466995.968373198993504 ], [ -10630888.055673491209745, 3467048.507708452176303 ], [ -10630850.328034106642008, 3467082.830114767886698 ], [ -10630888.208576111122966, 3467125.504091825801879 ], [ -10630848.583635669201612, 3467186.503086943179369 ], [ -10630826.375372106209397, 3467210.013743782881647 ], [ -10630763.228579351678491, 3467147.494992919266224 ], [ -10630595.026186959818006, 3467326.038584256544709 ], [ -10630528.378658292815089, 3467267.312189905438572 ], [ -10630408.572653433308005, 3467367.528694978915155 ], [ -10630265.53355879150331, 3467389.862654693424702 ], [ -10630264.502787362784147, 3467772.58060496347025 ], [ -10630214.696764865890145, 3467826.300752739422023 ], [ -10630059.472486404702067, 3467828.635435593314469 ], [ -10630061.145078519359231, 3467973.633797107730061 ], [ -10629935.849085159599781, 3468096.090280851814896 ], [ -10626492.197784271091223, 3468429.315013576298952 ], [ -10626495.958220820873976, 3468359.541158140636981 ], [ -10625648.690513286739588, 3468443.484467250294983 ], [ -10625663.152941575273871, 3468060.098736777901649 ], [ -10625609.2658452950418, 3467660.097529583144933 ], [ -10626592.924795068800449, 3467639.502014692872763 ], [ -10626601.944684898480773, 3468350.950865054968745 ], [ -10627007.532858127728105, 3468317.588529026601464 ], [ -10626999.018303686752915, 3467641.681099558249116 ], [ -10627459.992336144670844, 3467636.169255312066525 ], [ -10627448.081161605194211, 3466709.070782767608762 ], [ -10627960.596124084666371, 3466699.457897667773068 ], [ -10627951.467845337465405, 3466003.761859896592796 ], [ -10628371.587649922817945, 3465998.122679978609085 ], [ -10628368.136763129383326, 3465480.861045657191426 ], [ -10628133.324133196845651, 3465612.440128756221384 ], [ -10628124.530048521235585, 3464838.62921313662082 ], [ -10628823.282401271164417, 3464830.812055826187134 ], [ -10628829.404944520443678, 3465205.280160174239427 ], [ -10629293.980907579883933, 3464942.34676116425544 ] ] ] } },
{ "type": "Feature", "properties": { "ZIP": "77069", "POSTAL": "HOUSTON", "STATE": "TX", "ZIP_TYPE": "STANDARD", "bbox_minx": -10636970.414357165, "bbox_miny": 3499171.0447150152, "bbox_maxx": -10630670.727392735, "bbox_maxy": 3504410.4525289927, "label_x": -10633639.107555849, "label_y": 3501793.5189582282 }, "geometry": { "type": "Polygon", "coordinates": [ [ [ -10630879.872081276029348, 3502064.274824025575072 ], [ -10630670.727392734959722, 3501735.952337191905826 ], [ -10630714.511546252295375, 3501706.44545770296827 ], [ -10631141.949908519163728, 3501449.453967814799398 ], [ -10631247.215720761567354, 3501615.538489525206387 ], [ -10631447.29586498439312, 3501480.222416913602501 ], [ -10631398.792771371081471, 3501378.108996851369739 ], [ -10631565.950937289744616, 3501272.09571019327268 ], [ -10631650.380072506144643, 3501362.282516424078494 ], [ -10631734.354859735816717, 3501309.853433695156127 ], [ -10631936.170172387734056, 3501178.651098385453224 ], [ -10631871.881877284497023, 3501067.731974828056991 ], [ -10632626.85875241085887, 3500596.710213205777109 ], [ -10632736.441909559071064, 3500778.967978151515126 ], [ -10633120.98055918328464, 3500535.284214982297271 ], [ -10633057.313531581312418, 3500419.959417708683759 ], [ -10634274.845824768766761, 3499655.659053269773722 ], [ -10634274.233301063999534, 3499615.357551000546664 ], [ -10634364.889299096539617, 3499558.839104138314724 ], [ -10634342.265281053259969, 3499523.03177928738296 ], [ -10634662.441811935976148, 3499323.013590171001852 ], [ -10634708.434433862566948, 3499396.573156028520316 ], [ -10634881.1407226677984, 3499279.035033451858908 ], [ -10634881.721473939716816, 3499210.737014936283231 ], [ -10634997.880366787314415, 3499199.572272633668035 ], [ -10635009.192169301211834, 3499171.044715015217662 ], [ -10635094.509249957278371, 3499307.383978902362287 ], [ -10635143.363033706322312, 3499281.536753062624484 ], [ -10635190.404576856642962, 3499376.705576535314322 ], [ -10635344.589297829195857, 3499302.532190300989896 ], [ -10636970.414357164874673, 3502609.217682373244315 ], [ -10636871.117461897432804, 3502631.710642052348703 ], [ -10636776.16190992295742, 3502590.709208921063691 ], [ -10636710.149428002536297, 3502671.169821883086115 ], [ -10636539.274005161598325, 3502655.617429239209741 ], [ -10636498.53106158785522, 3502549.707791473716497 ], [ -10636523.132701490074396, 3502377.349428597372025 ], [ -10636459.903285751119256, 3502240.209845208097249 ], [ -10636310.067188017070293, 3502022.614717323333025 ], [ -10636092.214896263554692, 3501897.560212361160666 ], [ -10635795.548460651189089, 3502054.36056507518515 ], [ -10635706.938212912529707, 3502167.335020850412548 ], [ -10635581.815108757466078, 3502180.830308740958571 ], [ -10635513.576262881979346, 3502326.323617349844426 ], [ -10635429.975348595529795, 3502389.174094497226179 ], [ -10635283.701512871310115, 3502397.657041238620877 ], [ -10635086.777351705357432, 3502632.99588051950559 ], [ -10634941.950694331899285, 3502627.212021511048079 ], [ -10634805.584271004423499, 3502833.506497687194496 ], [ -10634585.505627145990729, 3502837.748153263702989 ], [ -10634573.59446257725358, 3502899.187341440934688 ], [ -10634644.504945522174239, 3503020.781220028176904 ], [ -10634638.159817293286324, 3503092.118499317206442 ], [ -10634533.408133255317807, 3503166.284043699502945 ], [ -10634429.324410354718566, 3503297.006638165563345 ], [ -10634238.856697529554367, 3503371.173345719464123 ], [ -10634243.754843138158321, 3503415.005159556865692 ], [ -10634346.39137683622539, 3503503.312028766609728 ], [ -10634334.368905685842037, 3503536.60390439350158 ], [ -10634227.502171482890844, 3503560.641088941600174 ], [ -10634176.183878207579255, 3503612.957284635398537 ], [ -10634033.472295485436916, 3503601.517110480926931 ], [ -10633770.312995992600918, 3503823.509618523065001 ], [ -10633523.963003957644105, 3503824.409444574266672 ], [ -10633381.251416869461536, 3503974.806203103624284 ], [ -10633243.43781347759068, 3504289.873788407072425 ], [ -10633026.476169284433126, 3504348.491833092644811 ], [ -10632937.420531619340181, 3504271.105694333091378 ], [ -10632703.983637105673552, 3504215.830242319963872 ], [ -10632595.447074580937624, 3504156.184428552631289 ], [ -10632507.282065561041236, 3504261.593164921272546 ], [ -10632397.743659289553761, 3504301.957239560782909 ], [ -10632350.321580210700631, 3504410.452528992667794 ], [ -10632123.028617911040783, 3504065.337635698262602 ], [ -10631925.49864699691534, 3504188.340553853195161 ], [ -10631818.561242194846272, 3504021.416150501929224 ], [ -10631945.969597391784191, 3503930.398710630834103 ], [ -10631941.829286525025964, 3503873.989125676918775 ], [ -10631764.392525175586343, 3503627.707530789077282 ], [ -10631494.921485299244523, 3503796.52636889833957 ], [ -10631426.752980645745993, 3503697.687701710499823 ], [ -10631654.980402559041977, 3503556.95568277221173 ], [ -10631618.984696675091982, 3503491.64123646216467 ], [ -10631665.512636251747608, 3503461.830976329743862 ], [ -10631642.76151873730123, 3503426.103952063247561 ], [ -10631699.544497700408101, 3503381.143700486980379 ], [ -10631162.246570639312267, 3502518.620828835293651 ], [ -10631026.959988437592983, 3502610.027995953336358 ], [ -10630832.787848440930247, 3502318.546703818719834 ], [ -10630760.979316927492619, 3502166.703061772044748 ], [ -10630879.872081276029348, 3502064.274824025575072 ] ] ] } },
{ "type": "Feature", "properties": { "ZIP": "77068", "POSTAL": "HOUSTON", "STATE": "TX", "ZIP_TYPE": "STANDARD", "bbox_minx": -10632350.321580211, "bbox_miny": 3501837.6846973915, "bbox_maxx": -10626784.067916464, "bbox_maxy": 3506733.4222194203, "label_x": -10629563.819875702, "label_y": 3504289.3595848968 }, "geometry": { "type": "Polygon", "coordinates": [ [ [ -10626784.067916464060545, 3504193.923955494072288 ], [ -10627021.144966037943959, 3504034.974944662302732 ], [ -10627175.023263905197382, 3504253.138499778695405 ], [ -10627227.590054225176573, 3504220.296971983276308 ], [ -10627071.598510352894664, 3503977.337375742383301 ], [ -10627458.502655057236552, 3503726.274990748148412 ], [ -10627492.579813668504357, 3503779.755537749733776 ], [ -10627662.987712323665619, 3503672.366770131047815 ], [ -10627872.94747494161129, 3503762.993975169956684 ], [ -10627939.422140525653958, 3503827.631642198190093 ], [ -10628005.675496015697718, 3503783.094784283079207 ], [ -10627954.969830967485905, 3503704.193580082152039 ], [ -10627988.555048545822501, 3503682.741697060409933 ], [ -10627976.155924519523978, 3503663.13347366405651 ], [ -10628047.218057226389647, 3503616.995565940625966 ], [ -10628132.542155481874943, 3503631.117786313872784 ], [ -10628254.269466061145067, 3503579.806868337560445 ], [ -10628465.443007661029696, 3503432.225800492335111 ], [ -10628438.411954339593649, 3503386.75096938200295 ], [ -10628496.517575800418854, 3503348.680833744816482 ], [ -10628453.646246762946248, 3503280.201981858350337 ], [ -10628901.503879960626364, 3503004.364382965024561 ], [ -10628935.89692635461688, 3503057.121870796661824 ], [ -10629210.694903234019876, 3502890.026444582268596 ], [ -10629229.24074842967093, 3502919.265254784375429 ], [ -10629371.862435577437282, 3502807.402602523565292 ], [ -10629278.571507755666971, 3502675.7970015197061 ], [ -10629497.202988097444177, 3502531.970610135234892 ], [ -10629519.852619424462318, 3502595.89177351212129 ], [ -10629671.862601231783628, 3502494.168174898717552 ], [ -10629589.75219607912004, 3502364.048861751332879 ], [ -10629604.196955488994718, 3502328.204394199419767 ], [ -10630392.732814403250813, 3502166.421138824895024 ], [ -10630379.869427103549242, 3502118.059064673725516 ], [ -10630442.250539710745215, 3502078.372055989224464 ], [ -10630475.504676446318626, 3502122.651618471834809 ], [ -10630522.561913225799799, 3502091.132394782733172 ], [ -10630466.855032036080956, 3502004.964779867790639 ], [ -10630736.438870441168547, 3501837.684697391465306 ], [ -10630879.872081276029348, 3502064.274824025575072 ], [ -10630760.979316927492619, 3502166.703061772044748 ], [ -10630832.787848440930247, 3502318.546703818719834 ], [ -10631026.959988437592983, 3502610.027995953336358 ], [ -10631162.246570639312267, 3502518.620828835293651 ], [ -10631699.544497700408101, 3503381.143700486980379 ], [ -10631642.76151873730123, 3503426.103952063247561 ], [ -10631665.512636251747608, 3503461.830976329743862 ], [ -10631618.984696675091982, 3503491.64123646216467 ], [ -10631654.980402559041977, 3503556.95568277221173 ], [ -10631426.752980645745993, 3503697.687701710499823 ], [ -10631494.921485299244523, 3503796.52636889833957 ], [ -10631764.392525175586343, 3503627.707530789077282 ], [ -10631941.829286525025964, 3503873.989125676918775 ], [ -10631945.969597391784191, 3503930.398710630834103 ], [ -10631818.561242194846272, 3504021.416150501929224 ], [ -10631925.49864699691534, 3504188.340553853195161 ], [ -10632123.028617911040783, 3504065.337635698262602 ], [ -10632350.321580210700631, 3504410.452528992667794 ], [ -10632226.422957571223378, 3504741.471304283477366 ], [ -10632182.006532771512866, 3504776.694801859557629 ], [ -10632029.61017794534564, 3504711.904257796704769 ], [ -10631859.291333256289363, 3504780.165728595573455 ], [ -10631567.52295508235693, 3504741.214201212860644 ], [ -10631430.599987421184778, 3504763.196744740474969 ], [ -10631284.660088717937469, 3504632.330557741690427 ], [ -10631200.057278415188193, 3504644.285911988001317 ], [ -10631170.112376814708114, 3504710.87583596771583 ], [ -10631202.283644188195467, 3504790.707176920957863 ], [ -10631130.148666828870773, 3504880.566085828933865 ], [ -10631148.627668583765626, 3505040.48841990204528 ], [ -10631070.258749324828386, 3505084.583066077437252 ], [ -10630883.019347695633769, 3505021.590764521621168 ], [ -10630712.143959447741508, 3505151.818178095854819 ], [ -10630606.390487873926759, 3505301.973353103268892 ], [ -10630554.515611190348864, 3505482.856279662344605 ], [ -10630464.680742286145687, 3505615.402454439084977 ], [ -10630300.150547469034791, 3505585.190511069726199 ], [ -10630221.447604430839419, 3505489.155635736417025 ], [ -10630143.857996629551053, 3505506.125639813020825 ], [ -10630025.19141411408782, 3505678.140659721102566 ], [ -10630017.955568876117468, 3505827.91632769163698 ], [ -10629933.909384157508612, 3506111.659497009590268 ], [ -10629683.997131748124957, 3506183.785550320520997 ], [ -10629694.127227941527963, 3506313.124818327836692 ], [ -10629581.583179835230112, 3506387.309075466822833 ], [ -10629422.507612304762006, 3506701.27915311884135 ], [ -10629335.010535124689341, 3506678.13606514967978 ], [ -10629244.396488117054105, 3506552.135930866003036 ], [ -10629320.316403988748789, 3506293.710973954759538 ], [ -10629237.272014969959855, 3506172.342996184248477 ], [ -10629125.952578909695148, 3506124.901841334067285 ], [ -10628944.501737745478749, 3506136.087137165479362 ], [ -10628830.399270569905639, 3506092.24592598574236 ], [ -10628682.121750872582197, 3506247.040784210432321 ], [ -10628657.74277394451201, 3506346.938311132136732 ], [ -10628510.912334986031055, 3506458.022404371760786 ], [ -10628483.305122395977378, 3506631.721574979834259 ], [ -10628257.012842642143369, 3506732.97222066950053 ], [ -10628112.995457755401731, 3506510.166028767824173 ], [ -10628227.096516910940409, 3506435.754810197744519 ], [ -10628131.729579947888851, 3506318.327651334460825 ], [ -10627976.596089728176594, 3506413.04429498501122 ], [ -10627824.837793819606304, 3506171.437443780712783 ], [ -10627664.383036974817514, 3506256.89548331964761 ], [ -10627551.016109267249703, 3506071.899417345877737 ], [ -10627841.930250817909837, 3505873.559437137562782 ], [ -10627789.818721579387784, 3505785.788620758336037 ], [ -10627742.319906871765852, 3505815.559982267674059 ], [ -10627724.833947757259011, 3505787.262208215426654 ], [ -10627472.902959275990725, 3505947.676006021909416 ], [ -10627383.805198106914759, 3505815.025481523014605 ], [ -10627606.774735376238823, 3505674.222856199834496 ], [ -10627595.230755237862468, 3505615.813356947153807 ], [ -10627225.205274153500795, 3505021.717384504154325 ], [ -10626980.947268156334758, 3505174.647839027456939 ], [ -10626844.083512146025896, 3504952.708591914270073 ], [ -10627161.605360651388764, 3504749.305645680055022 ], [ -10626784.067916464060545, 3504193.923955494072288 ] ] ] } },
{ "type": "Feature", "properties": { "ZIP": "77477", "POSTAL": "STAFFORD", "STATE": "TX", "ZIP_TYPE": "STANDARD", "bbox_minx": -10641809.173485938, "bbox_miny": 3456369.2585754041, "bbox_maxx": -10635053.941129774, "bbox_maxy": 3460681.1581906537, "label_x": -10635617.755488986, "label_y": 3456928.9312203177 }, "geometry": { "type": "MultiPolygon", "coordinates": [ [ [ [ -10635274.350615387782454, 3457482.095981723628938 ], [ -10635394.290368439629674, 3457360.570914400275797 ], [ -10635053.941129773855209, 3457055.699984872248024 ], [ -10635404.37185637280345, 3456701.985414763446897 ], [ -10635129.33100020326674, 3456441.646371691953391 ], [ -10635242.068013830110431, 3456495.278899624478072 ], [ -10635372.868364427238703, 3456369.258575404062867 ], [ -10635722.85677127353847, 3456676.499255571048707 ], [ -10635846.866698080673814, 3456535.364853884559125 ], [ -10636016.629040295258164, 3456688.794058886356652 ], [ -10635900.633995918557048, 3456850.549930584616959 ], [ -10637092.838713854551315, 3457488.143212984781712 ], [ -10636849.63279677182436, 3457506.687359820120037 ], [ -10636855.072326719760895, 3457453.970196024514735 ], [ -10635274.350615387782454, 3457482.095981723628938 ] ] ], [ [ [ -10637237.915179749950767, 3457564.067323889583349 ], [ -10637193.648073686286807, 3457540.508476422633976 ], [ -10637240.563867647200823, 3457565.477248718496412 ], [ -10637237.915179749950767, 3457564.067323889583349 ] ] ], [ [ [ -10637452.639619236811996, 3457679.491162688471377 ], [ -10637439.77141753025353, 3457671.679465890396386 ], [ -10637454.375488340854645, 3457679.464026856701821 ], [ -10637452.639619236811996, 3457679.491162688471377 ] ] ], [ [ [ -10638308.296321623027325, 3458249.401339244097471 ], [ -10638300.959170555695891, 3458130.69050613604486 ], [ -10638647.141677886247635, 3458315.184215250425041 ], [ -10638487.013251392170787, 3458283.794327900279313 ], [ -10638308.296321623027325, 3458249.401339244097471 ] ] ], [ [ [ -10639005.22830405831337, 3458508.05297376262024 ], [ -10639458.627650991082191, 3458756.937489528674632 ], [ -10639773.229681737720966, 3458917.72178596444428 ], [ -10638915.182718412950635, 3458605.258503631222993 ], [ -10639005.22830405831337, 3458508.05297376262024 ] ] ], [ [ [ -10641414.845108138397336, 3460665.656637389678508 ], [ -10641256.437503, 3460558.043503512162715 ], [ -10641091.684609105810523, 3460368.56967628467828 ], [ -10641015.987361818552017, 3460122.859921452123672 ], [ -10640824.629153717309237, 3459902.391233684960753 ], [ -10640602.546714881435037, 3459825.016765712294728 ], [ -10640332.597011102363467, 3459846.922421948984265 ], [ -10640265.02611100487411, 3459434.564441784285009 ], [ -10640072.504894215613604, 3459370.741069245152175 ], [ -10640161.325567396357656, 3459116.053390579298139 ], [ -10640772.865411095321178, 3459475.684343835804611 ], [ -10641809.173485938459635, 3460019.9999661562033 ], [ -10641583.271477907896042, 3460670.653036130592227 ], [ -10641414.845108138397336, 3460665.656637389678508 ] ] ] ] } },
{ "type": "Feature", "properties": { "ZIP": "77562", "POSTAL": "HIGHLANDS", "STATE": "TX", "ZIP_TYPE": "STANDARD", "bbox_minx": -10587228.524435228, "bbox_miny": 3476672.6864135452, "bbox_maxx": -10575208.954293193, "bbox_maxy": 3484083.5807315009, "label_x": -10580758.765532544, "label_y": 3480379.7834503707 }, "geometry": { "type": "Polygon", "coordinates": [ [ [ -10575665.245232321321964, 3483306.345667049754411 ], [ -10575658.384449176490307, 3483071.548743542749435 ], [ -10575552.120065283030272, 3482833.404713113792241 ], [ -10575208.954293193295598, 3481079.038897641468793 ], [ -10575351.514038240537047, 3481031.630426252260804 ], [ -10576153.01437078230083, 3481005.710965069942176 ], [ -10576313.453953752294183, 3480931.751341055613011 ], [ -10576379.982409624382854, 3480955.751101555302739 ], [ -10576726.830631952732801, 3480945.061200885567814 ], [ -10576713.45201757363975, 3480407.097364366985857 ], [ -10577234.037980541586876, 3480394.307856468018144 ], [ -10577232.899771904572845, 3480306.888330926652998 ], [ -10577332.639241697266698, 3480305.67943870043382 ], [ -10577329.985118007287383, 3479952.206035801675171 ], [ -10577697.528906151652336, 3479939.524401765316725 ], [ -10577673.976268446072936, 3479759.151130663231015 ], [ -10577460.022010317072272, 3479672.476916403044015 ], [ -10577456.210439743474126, 3479530.730029799975455 ], [ -10577240.534516351297498, 3479533.487568138632923 ], [ -10577240.593284081667662, 3479440.46835511457175 ], [ -10577428.306326784193516, 3479436.315517902839929 ], [ -10577418.781785190105438, 3479239.929335956461728 ], [ -10577604.731802839785814, 3479178.260439857374877 ], [ -10578152.089733837172389, 3479162.351749335881323 ], [ -10578407.456741349771619, 3479240.484133201185614 ], [ -10578553.730535490438342, 3479180.056598007678986 ], [ -10578654.140702368691564, 3479062.794537243433297 ], [ -10578749.4301483258605, 3478849.185254830401391 ], [ -10578927.096133651211858, 3478844.69506686553359 ], [ -10578919.637667205184698, 3478724.100471429526806 ], [ -10579043.090938165783882, 3478657.902309476397932 ], [ -10580438.59208083152771, 3477432.398544260300696 ], [ -10580505.27248976752162, 3477347.734975968953222 ], [ -10580580.969746541231871, 3477108.242651055566967 ], [ -10580669.134738884866238, 3477026.788047178648412 ], [ -10580789.805099317803979, 3476978.941793123725802 ], [ -10580893.557135745882988, 3476745.792270425241441 ], [ -10581121.142955001443624, 3476785.503895543981344 ], [ -10581380.988123793154955, 3476693.706604579929262 ], [ -10581566.218814667314291, 3476672.686413545161486 ], [ -10581730.412345919758081, 3476712.664083506446332 ], [ -10582130.648417975753546, 3476901.977573285810649 ], [ -10581788.006958484649658, 3477202.268820842262357 ], [ -10581716.651184087619185, 3477528.736135825514793 ], [ -10581871.496610758826137, 3477839.176290429197252 ], [ -10582810.685568198561668, 3478273.617476355750114 ], [ -10583369.745616337284446, 3478265.979846703354269 ], [ -10583405.03388662263751, 3478332.432548427488655 ], [ -10583843.41011743247509, 3478172.074095550458878 ], [ -10584256.739365473389626, 3477905.883498525712639 ], [ -10584842.279881136491895, 3477695.372246589977294 ], [ -10585056.903803829103708, 3477708.713533441070467 ], [ -10585115.346545645967126, 3477739.244526048190892 ], [ -10585227.5566674657166, 3477839.817787197418511 ], [ -10585303.58784606307745, 3478057.130341800861061 ], [ -10585294.014365427196026, 3478374.382614116650075 ], [ -10585351.232587181031704, 3478890.239099566824734 ], [ -10585320.842361968010664, 3479577.267213894519955 ], [ -10585251.156345032155514, 3479757.273492903914303 ], [ -10585131.599235113710165, 3479867.100255526602268 ], [ -10584645.667232919484377, 3480079.50635349098593 ], [ -10584288.607046654447913, 3480358.320484588388354 ], [ -10584129.278562400490046, 3481052.674064693041146 ], [ -10584010.50061016343534, 3481178.679832506459206 ], [ -10583728.751002494245768, 3481223.975467790383846 ], [ -10582647.616086428985, 3480933.341833468992263 ], [ -10582341.710079185664654, 3481175.471835130825639 ], [ -10582202.226808741688728, 3481552.726424376945943 ], [ -10582330.244225319474936, 3481880.84440373070538 ], [ -10582695.260844748467207, 3482106.181624674703926 ], [ -10583358.27977597899735, 3481802.054332546889782 ], [ -10584352.251444328576326, 3481624.585815412458032 ], [ -10585568.862144619226456, 3481898.039672858547419 ], [ -10586886.662324409931898, 3482871.280009634327143 ], [ -10587228.524435227736831, 3483702.904733547009528 ], [ -10586911.041323572397232, 3483707.011614231858402 ], [ -10586637.306692300364375, 3483415.936863801907748 ], [ -10586246.575242502614856, 3483648.488161532673985 ], [ -10585463.887884300202131, 3483893.364651870448142 ], [ -10585361.498857324942946, 3484083.58073150087148 ], [ -10585170.971416106447577, 3483997.341024586930871 ], [ -10584155.417077576741576, 3483993.020124209113419 ], [ -10584142.765561519190669, 3483940.934612025506794 ], [ -10580828.089493606239557, 3483980.629498457536101 ], [ -10580809.259249916300178, 3483545.506345837842673 ], [ -10580307.690563062205911, 3483578.334228373132646 ], [ -10580306.40035292506218, 3483237.09154031984508 ], [ -10579060.405285028740764, 3483257.409236930310726 ], [ -10579054.703574141487479, 3483448.93885553907603 ], [ -10578848.500759974122047, 3483471.037687178235501 ], [ -10578849.905964320525527, 3483814.695373778231442 ], [ -10578551.421516483649611, 3483816.66710910666734 ], [ -10578547.515461355447769, 3483271.562541733961552 ], [ -10578447.566105395555496, 3483267.225501822773367 ], [ -10578439.361847015097737, 3483341.541516152210534 ], [ -10577799.469565782696009, 3483352.798949396237731 ], [ -10577805.946045279502869, 3483276.016965894028544 ], [ -10575665.245232321321964, 3483306.345667049754411 ] ] ] } },
{ "type": "Feature", "properties": { "ZIP": "77058", "POSTAL": "HOUSTON", "STATE": "TX", "ZIP_TYPE": "STANDARD", "bbox_minx": -10589779.010371631, "bbox_miny": 3443139.8742595334, "bbox_maxx": -10581373.007941309, "bbox_maxy": 3452522.7741838223, "label_x": -10585565.232957002, "label_y": 3447843.2074092668 }, "geometry": { "type": "Polygon", "coordinates": [ [ [ -10581373.00794130936265, 3451067.02029743976891 ], [ -10581657.296638440340757, 3450759.234786881133914 ], [ -10581775.553173707798123, 3450503.296959719154984 ], [ -10581812.81814332306385, 3450264.612934459932148 ], [ -10582262.557691093534231, 3450234.736027472652495 ], [ -10582468.286643501371145, 3450253.599802184384316 ], [ -10582503.075943371281028, 3450071.670062158256769 ], [ -10582635.505339918658137, 3450092.748037139419466 ], [ -10582784.1802365668118, 3449973.612714387942106 ], [ -10582874.525314766913652, 3449875.228650529868901 ], [ -10582813.370774099603295, 3449812.266694024670869 ], [ -10582815.485879385843873, 3449757.353230569511652 ], [ -10583036.009797504171729, 3449500.453347846399993 ], [ -10583097.012838298454881, 3449386.405310404952615 ], [ -10583267.888354098424315, 3449277.222199677489698 ], [ -10583286.033342564478517, 3449230.758858239743859 ], [ -10583232.822720671072602, 3449068.970376146491617 ], [ -10583205.438023459166288, 3448810.676323137711734 ], [ -10583162.02352293394506, 3448867.633643299341202 ], [ -10583162.802675588056445, 3448980.269269657786936 ], [ -10583145.993414372205734, 3449007.660259545780718 ], [ -10583093.450640294700861, 3448997.16469187149778 ], [ -10583008.736523749306798, 3448912.687851449009031 ], [ -10582973.002920635044575, 3448721.976937705650926 ], [ -10583020.536439634859562, 3448636.093983983621001 ], [ -10583068.849061505869031, 3448398.158823431935161 ], [ -10583154.231119139119983, 3448232.797136537265033 ], [ -10583189.185428658500314, 3447716.887467065826058 ], [ -10583349.596769906580448, 3447522.610786783974618 ], [ -10582350.059099594131112, 3447733.141400158405304 ], [ -10581704.183434955775738, 3447726.614089284092188 ], [ -10581655.314245143905282, 3447001.354409649968147 ], [ -10582573.032059319317341, 3446968.336688521318138 ], [ -10582988.587757522240281, 3446777.270567036699504 ], [ -10583086.43746504932642, 3446689.352964569814503 ], [ -10583428.856213171035051, 3445905.031313102226704 ], [ -10583710.27187168598175, 3445569.255463919602334 ], [ -10583995.917806159704924, 3445331.248738203663379 ], [ -10584143.527429016306996, 3445069.574477201327682 ], [ -10584209.051154570654035, 3444780.739198402501643 ], [ -10584254.067666061222553, 3444772.974094340577722 ], [ -10584347.019439933821559, 3444638.367395950481296 ], [ -10584183.602423278614879, 3444375.043704691808671 ], [ -10584151.134819649159908, 3444022.776772769633681 ], [ -10584374.912235593423247, 3443806.942506600636989 ], [ -10584939.016566749662161, 3443888.331350306048989 ], [ -10585012.201370317488909, 3443728.976119288709015 ], [ -10585224.773679912090302, 3443519.854727120604366 ], [ -10585363.81155364215374, 3443458.571105479728431 ], [ -10585630.087772889062762, 3443864.277779137715697 ], [ -10585747.803906029090285, 3443902.503838918171823 ], [ -10585873.321045560762286, 3444012.054869351442903 ], [ -10586088.72418113052845, 3443911.361575361341238 ], [ -10586138.261332983151078, 3443828.581197594758123 ], [ -10586129.689776318147779, 3443684.260531092062593 ], [ -10586002.832128012552857, 3443441.224157234188169 ], [ -10585951.68994927406311, 3443139.8742595333606 ], [ -10586142.602818613871932, 3443164.310328581836075 ], [ -10586638.642445892095566, 3443703.068250932265073 ], [ -10587476.21932852268219, 3444757.511664912570268 ], [ -10587313.882729791104794, 3444904.881080365739763 ], [ -10587410.435986377298832, 3445038.754329466726631 ], [ -10587339.574378157034516, 3445094.943990733008832 ], [ -10587551.920175708830357, 3445314.961656658444554 ], [ -10587780.550605272874236, 3445125.459273592103273 ], [ -10587910.934816470369697, 3445293.029947675298899 ], [ -10587940.198050044476986, 3445428.797251202631742 ], [ -10587911.78935169801116, 3445574.701213405001909 ], [ -10587771.192985638976097, 3445855.23601129790768 ], [ -10587820.369418434798717, 3445878.480506439227611 ], [ -10587909.131865240633488, 3445842.968404795508832 ], [ -10588181.530578844249249, 3445860.3716677329503 ], [ -10589493.565930606797338, 3445550.724460632540286 ], [ -10589779.010371631011367, 3445926.306219562422484 ], [ -10589725.992667021229863, 3445939.965038139838725 ], [ -10589076.632431777194142, 3446476.269571402110159 ], [ -10589018.632929127663374, 3446398.021291004028171 ], [ -10588898.615198390558362, 3446474.867676895577461 ], [ -10588868.731568681076169, 3446438.808111572172493 ], [ -10588728.694528603926301, 3446578.399889245163649 ], [ -10588685.388940522447228, 3446522.048260731156915 ], [ -10588638.143562100827694, 3446560.003772133029997 ], [ -10588677.588483184576035, 3446617.844696279615164 ], [ -10588567.712266216054559, 3446734.942484213039279 ], [ -10588489.002789609134197, 3446877.231039636302739 ], [ -10588561.241392964497209, 3446909.595979840029031 ], [ -10588276.33931166306138, 3447502.865297590382397 ], [ -10588139.264880985021591, 3447445.8403783980757 ], [ -10587640.172067103907466, 3448510.318353177513927 ], [ -10587736.406454175710678, 3448552.31515971198678 ], [ -10587650.114580810070038, 3448750.610132740344852 ], [ -10587722.692773720249534, 3448785.5236308532767 ], [ -10587431.657358007505536, 3449392.900758098810911 ], [ -10587513.620291059836745, 3449426.373874162323773 ], [ -10587489.11632190272212, 3449479.119500269182026 ], [ -10587812.598239658400416, 3449644.735326142515987 ], [ -10587739.728500299155712, 3449800.427712554112077 ], [ -10587530.800883490592241, 3450192.754653337411582 ], [ -10587254.804728535935283, 3450345.702072619460523 ], [ -10587140.804755579680204, 3450320.451620129402727 ], [ -10586875.589182555675507, 3450112.441777820698917 ], [ -10586772.413262136280537, 3450362.718507389072329 ], [ -10586784.881740475073457, 3450823.214848495088518 ], [ -10586725.798099359497428, 3451082.232226483523846 ], [ -10586577.643367480486631, 3451299.7873798715882 ], [ -10586280.291790030896664, 3451565.323235844727606 ], [ -10586041.5260696914047, 3451653.79620582330972 ], [ -10585808.32352489605546, 3451674.968247670214623 ], [ -10585649.137771088629961, 3451725.673647962510586 ], [ -10585480.277522413060069, 3451806.212933263741434 ], [ -10585505.521387942135334, 3451839.620992820244282 ], [ -10585177.57419078797102, 3451977.631442111451179 ], [ -10584794.412512989714742, 3451999.65175823122263 ], [ -10584348.243976715952158, 3452132.286820671055466 ], [ -10583985.342481628060341, 3452099.511971802450716 ], [ -10583762.703431012108922, 3452144.065286662895232 ], [ -10583416.165855774655938, 3452384.245826976839453 ], [ -10583125.844654833897948, 3452522.774183822330087 ], [ -10581665.889556597918272, 3451246.884231047704816 ], [ -10581373.00794130936265, 3451067.02029743976891 ] ] ] } },
{ "type": "Feature", "properties": { "ZIP": "77598", "POSTAL": "WEBSTER", "STATE": "TX", "ZIP_TYPE": "STANDARD", "bbox_minx": -10595871.165175295, "bbox_miny": 3439355.94203714, "bbox_maxx": -10585791.860550178, "bbox_maxy": 3452025.4371308098, "label_x": -10590823.002690889, "label_y": 3445700.1911024516 }, "geometry": { "type": "Polygon", "coordinates": [ [ [ -10594747.493096159771085, 3452025.437130809761584 ], [ -10589493.565930606797338, 3445550.724460632540286 ], [ -10588181.530578844249249, 3445860.3716677329503 ], [ -10587909.131865240633488, 3445842.968404795508832 ], [ -10587820.369418434798717, 3445878.480506439227611 ], [ -10587771.192985638976097, 3445855.23601129790768 ], [ -10587911.78935169801116, 3445574.701213405001909 ], [ -10587940.198050044476986, 3445428.797251202631742 ], [ -10587910.934816470369697, 3445293.029947675298899 ], [ -10587780.550605272874236, 3445125.459273592103273 ], [ -10587551.920175708830357, 3445314.961656658444554 ], [ -10587389.015376022085547, 3445153.855542732402682 ], [ -10587339.574378157034516, 3445094.943990733008832 ], [ -10587410.435986377298832, 3445038.754329466726631 ], [ -10587313.882729791104794, 3444904.881080365739763 ], [ -10587476.21932852268219, 3444757.511664912570268 ], [ -10586638.642445892095566, 3443703.068250932265073 ], [ -10586142.602818613871932, 3443164.310328581836075 ], [ -10585951.68994927406311, 3443139.8742595333606 ], [ -10585934.324029754847288, 3443042.258160561788827 ], [ -10585791.860550178214908, 3442788.390339927282184 ], [ -10585906.486884955316782, 3442326.101457107346505 ], [ -10586084.382738402113318, 3442160.292351118288934 ], [ -10586160.621983606368303, 3442040.246693347580731 ], [ -10586693.968253497034311, 3442198.031155345030129 ], [ -10586748.292211636900902, 3442190.227467954624444 ], [ -10586862.172074327245355, 3442067.288940664380789 ], [ -10586969.37878406047821, 3441701.445185064803809 ], [ -10587159.61768677085638, 3441596.653684582095593 ], [ -10587153.717741407454014, 3441458.62617110973224 ], [ -10587020.023040696978569, 3441254.721539047546685 ], [ -10586932.859951606020331, 3441046.854747094213963 ], [ -10586918.27440531924367, 3440983.034296508412808 ], [ -10586965.142559105530381, 3440813.024520804174244 ], [ -10587440.031478213146329, 3440677.051856157369912 ], [ -10587770.205131761729717, 3440828.63014775281772 ], [ -10587951.544550461694598, 3440825.688124750740826 ], [ -10588432.069102248176932, 3440426.532345042563975 ], [ -10588618.793481156229973, 3440371.214760033413768 ], [ -10588816.830836398527026, 3440701.739236436318606 ], [ -10588871.266166225075722, 3440742.799495266750455 ], [ -10589037.577533895149827, 3440788.720699902623892 ], [ -10589277.025700069963932, 3440752.776884371880442 ], [ -10589530.611501036211848, 3440646.736431737896055 ], [ -10589616.995420204475522, 3440578.814795271493495 ], [ -10589698.03602559119463, 3440406.645900676492602 ], [ -10589694.37310466170311, 3440257.20838311361149 ], [ -10590168.131028173491359, 3440209.019462760537863 ], [ -10590256.192020723596215, 3440261.851733825169504 ], [ -10590457.45762593857944, 3440232.176872157957405 ], [ -10590771.823812965303659, 3440265.689061816781759 ], [ -10591126.37640524469316, 3440253.665624236222357 ], [ -10591237.139310659840703, 3440188.943747755140066 ], [ -10591637.945066567510366, 3439734.245451983064413 ], [ -10591746.314651155844331, 3439679.11028773477301 ], [ -10591778.282236859202385, 3439600.364178666844964 ], [ -10592160.089284956455231, 3439469.733996712602675 ], [ -10592357.792629048228264, 3439487.768040832597762 ], [ -10592600.665238562971354, 3439355.942037140019238 ], [ -10592623.098588369786739, 3439573.826256777625531 ], [ -10592886.650340722873807, 3439913.173819966614246 ], [ -10592747.765598751604557, 3440035.659556596539915 ], [ -10592540.488729942589998, 3440121.401963484007865 ], [ -10592938.647027531638741, 3440411.892811914905906 ], [ -10592402.56316733174026, 3441205.703464372549206 ], [ -10592599.264644242823124, 3441437.749950878787786 ], [ -10592042.444546869024634, 3442006.242725903633982 ], [ -10592096.434388848021626, 3442456.295954771805555 ], [ -10593351.609807694330812, 3442281.749058218672872 ], [ -10593384.477948376908898, 3442502.210096712689847 ], [ -10593825.666268495842814, 3442444.543523046188056 ], [ -10594126.898737769573927, 3442709.856076622381806 ], [ -10594080.154329376295209, 3442756.7722910172306 ], [ -10594057.730024129152298, 3442735.865322642493993 ], [ -10594026.065630001947284, 3442774.54752498306334 ], [ -10594055.493197919800878, 3442797.744144100230187 ], [ -10593629.119311653077602, 3443253.034355627838522 ], [ -10593459.87552815862, 3443234.395522481761873 ], [ -10593411.562824588268995, 3443417.860720076598227 ], [ -10593317.275277642533183, 3443578.17115042777732 ], [ -10592741.196791725233197, 3444158.529243309982121 ], [ -10592572.993078745901585, 3444234.786229406949133 ], [ -10591434.528660319745541, 3444449.997386013157666 ], [ -10591138.641379836946726, 3444610.064721898175776 ], [ -10593416.015391945838928, 3447352.115989806130528 ], [ -10595609.134828113019466, 3450274.651553106028587 ], [ -10595871.16517529450357, 3450536.13101208768785 ], [ -10595613.890484200790524, 3450783.120043360162526 ], [ -10595566.592716516926885, 3450729.205489772837609 ], [ -10595376.343615030869842, 3450933.149688819888979 ], [ -10595287.033794078975916, 3451197.167094506788999 ], [ -10595177.737967470660806, 3451170.457792965229601 ], [ -10595091.910713156685233, 3451380.279625818599015 ], [ -10594868.047206357121468, 3451569.365496574435383 ], [ -10595036.435243604704738, 3451775.434292623307556 ], [ -10594747.493096159771085, 3452025.437130809761584 ] ] ] } },
{ "type": "Feature", "properties": { "ZIP": "77365", "POSTAL": "PORTER", "STATE": "TX", "ZIP_TYPE": "STANDARD", "bbox_minx": -10599690.990029914, "bbox_miny": 3512391.8899863455, "bbox_maxx": -10593709.220292622, "bbox_maxy": 3517134.6213889024, "label_x": -10595288.392371833, "label_y": 3515317.3731832197 }, "geometry": { "type": "MultiPolygon", "coordinates": [ [ [ [ -10594158.004635505378246, 3515792.070523575879633 ], [ -10593912.43146556802094, 3514931.079083704855293 ], [ -10593768.829128799960017, 3514790.974272573366761 ], [ -10593709.220292622223496, 3514642.72468294436112 ], [ -10593735.089392974972725, 3514654.341124516911805 ], [ -10593803.721510402858257, 3514559.350256240926683 ], [ -10593821.309984317049384, 3514586.88174242945388 ], [ -10593791.699014950543642, 3514664.716422903817147 ], [ -10593892.331853270530701, 3514627.921757949981838 ], [ -10594042.947134464979172, 3514722.095802017487586 ], [ -10594103.504932563751936, 3514684.529027059208602 ], [ -10594161.947668569162488, 3514696.62240435089916 ], [ -10594223.841261949390173, 3514770.212305601686239 ], [ -10594476.536557616665959, 3514857.954524975270033 ], [ -10594556.018608590587974, 3514846.632962016854435 ], [ -10594639.129197087138891, 3514915.065787763334811 ], [ -10595523.839632775634527, 3513647.507218865212053 ], [ -10597129.177631037309766, 3514768.033993235323578 ], [ -10597182.360555628314614, 3514737.526789365336299 ], [ -10594598.392865411937237, 3517134.621388902422041 ], [ -10594494.303797300904989, 3516961.552939516492188 ], [ -10594393.670310145244002, 3516678.468903460074216 ], [ -10594297.267287909984589, 3516537.058132520411164 ], [ -10594281.793516924604774, 3516401.181375975720584 ], [ -10594319.863793479278684, 3516068.701206454075873 ], [ -10594158.004635505378246, 3515792.070523575879633 ] ] ], [ [ [ -10598909.167370302602649, 3513099.107405880931765 ], [ -10598623.076205726712942, 3513357.670428459066898 ], [ -10598936.674328533932567, 3513073.714233756065369 ], [ -10598909.167370302602649, 3513099.107405880931765 ] ] ], [ [ [ -10597464.546715896576643, 3514472.160792161244899 ], [ -10597416.261609131470323, 3514521.269458886701614 ], [ -10597231.821851747110486, 3514691.7971276557073 ], [ -10597412.597117057070136, 3514521.149575341492891 ], [ -10597464.546715896576643, 3514472.160792161244899 ] ] ], [ [ [ -10599650.150447517633438, 3512429.479279399849474 ], [ -10599687.968125063925982, 3512391.889986345544457 ], [ -10599690.990029914304614, 3512392.578487911727279 ], [ -10599650.150447517633438, 3512429.479279399849474 ] ] ], [ [ [ -10597742.872975600883365, 3514189.095724809449166 ], [ -10598054.632409956306219, 3513872.030072350986302 ], [ -10597646.140806587412953, 3514287.483772037550807 ], [ -10597742.872975600883365, 3514189.095724809449166 ] ] ], [ [ [ -10598623.076205726712942, 3513357.670428459066898 ], [ -10598060.690371295437217, 3513865.919280843343586 ], [ -10598060.801436437293887, 3513865.807253430597484 ], [ -10598623.076205726712942, 3513357.670428459066898 ] ] ] ] } },
{ "type": "Feature", "properties": { "ZIP": "77584", "POSTAL": "PEARLAND", "STATE": "TX", "ZIP_TYPE": "STANDARD", "bbox_minx": -10622571.069581317, "bbox_miny": 3449706.0240643686, "bbox_maxx": -10614793.776334537, "bbox_maxy": 3450748.5200213464, "label_x": -10619328.602418844, "label_y": 3449970.2883682987 }, "geometry": { "type": "MultiPolygon", "coordinates": [ [ [ [ -10621755.791440010070801, 3450079.336064256262034 ], [ -10622564.22518234141171, 3449706.024064368568361 ], [ -10622571.069581316784024, 3449709.75843108817935 ], [ -10622564.734093388542533, 3449736.085281540639699 ], [ -10621783.875510547310114, 3450095.670155591797084 ], [ -10621755.791440010070801, 3450079.336064256262034 ] ] ], [ [ [ -10620064.331020895391703, 3449927.275861815549433 ], [ -10620293.196095563471317, 3449898.029668983072042 ], [ -10620349.728828513994813, 3449911.782274893950671 ], [ -10620308.558326598256826, 3449908.653915566392243 ], [ -10620064.331020895391703, 3449927.275861815549433 ] ] ], [ [ [ -10620501.141054, 3449979.056729924865067 ], [ -10620402.051882710307837, 3449924.510521963238716 ], [ -10620610.506482563912868, 3449975.217548980843276 ], [ -10620501.141054, 3449979.056729924865067 ] ] ], [ [ [ -10620837.882442224770784, 3450046.643743629567325 ], [ -10620745.185820065438747, 3450007.976686014328152 ], [ -10620889.457797516137362, 3450040.836146631278098 ], [ -10620837.882442224770784, 3450046.643743629567325 ] ] ], [ [ [ -10619466.203740632161498, 3450024.498635713011026 ], [ -10619240.781767088919878, 3449965.360159593634307 ], [ -10619188.770399492233992, 3449915.705920621287078 ], [ -10619539.704728327691555, 3449994.30125778215006 ], [ -10619466.203740632161498, 3450024.498635713011026 ] ] ], [ [ [ -10621336.482444839552045, 3450098.102232798933983 ], [ -10621231.480547847226262, 3450080.159965829458088 ], [ -10621404.039411609992385, 3450099.996330002788454 ], [ -10621336.482444839552045, 3450098.102232798933983 ] ] ], [ [ [ -10618944.186972830444574, 3450031.444695901591331 ], [ -10619079.813820736482739, 3449885.229028212837875 ], [ -10619086.151164641603827, 3449887.001766795758158 ], [ -10618985.192216590046883, 3449999.665602685883641 ], [ -10618944.186972830444574, 3450031.444695901591331 ] ] ], [ [ [ -10618820.22049593180418, 3450165.08685848210007 ], [ -10618838.836037972941995, 3450145.018543330486864 ], [ -10618829.678906628862023, 3450156.60138398129493 ], [ -10618820.22049593180418, 3450165.08685848210007 ] ] ], [ [ [ -10618716.355513112619519, 3450277.056701311375946 ], [ -10618764.985168278217316, 3450224.632628509774804 ], [ -10618666.373191408813, 3450341.701053023803979 ], [ -10618560.619630832225084, 3450401.481360890902579 ], [ -10618308.628784069791436, 3450386.539382575079799 ], [ -10618716.355513112619519, 3450277.056701311375946 ] ] ], [ [ [ -10616590.544115711003542, 3450421.543084690812975 ], [ -10616328.556749956682324, 3450281.688728376757354 ], [ -10616363.506832147017121, 3450269.248329684603959 ], [ -10616590.544115711003542, 3450421.543084690812975 ] ] ], [ [ [ -10615848.98818838596344, 3450437.580080543179065 ], [ -10615785.72373771853745, 3450417.914187661372125 ], [ -10615895.964962603524327, 3450435.659949811641127 ], [ -10615985.173836763948202, 3450403.909433118067682 ], [ -10615938.600423559546471, 3450430.411518521606922 ], [ -10615914.889371417462826, 3450436.044026620220393 ], [ -10615848.98818838596344, 3450437.580080543179065 ] ] ], [ [ [ -10617978.418693700805306, 3450545.108867226634175 ], [ -10618124.135807298123837, 3450511.31411898182705 ], [ -10618218.601232286542654, 3450447.426524382084608 ], [ -10618115.230402389541268, 3450555.349811920430511 ], [ -10617978.418693700805306, 3450545.108867226634175 ] ] ], [ [ [ -10616754.460974728688598, 3450548.949258331209421 ], [ -10616676.533485990017653, 3450482.020866935607046 ], [ -10616780.539406774565578, 3450558.130751069635153 ], [ -10616754.460974728688598, 3450548.949258331209421 ] ] ], [ [ [ -10614886.185965437442064, 3450538.58039261167869 ], [ -10614793.776334537193179, 3450491.207203206606209 ], [ -10614894.089644560590386, 3450538.068379387725145 ], [ -10615339.367496276274323, 3450346.053354954347014 ], [ -10615369.40448135137558, 3450350.889631239231676 ], [ -10615271.24002473987639, 3450382.919952048920095 ], [ -10615039.584121439605951, 3450563.158502989448607 ], [ -10614886.185965437442064, 3450538.58039261167869 ] ] ], [ [ [ -10617371.187677077949047, 3450681.983333231881261 ], [ -10617634.804192619398236, 3450620.152895062696189 ], [ -10617463.900071823969483, 3450686.049799214117229 ], [ -10617371.187677077949047, 3450681.983333231881261 ] ] ], [ [ [ -10617201.297374438494444, 3450748.520021346397698 ], [ -10616971.572604730725288, 3450652.604252571240067 ], [ -10617245.859282448887825, 3450711.376734327990562 ], [ -10617201.297374438494444, 3450748.520021346397698 ] ] ] ] } },
{ "type": "Feature", "properties": { "ZIP": "77375", "POSTAL": "TOMBALL", "STATE": "TX", "ZIP_TYPE": "STANDARD", "bbox_minx": -10647436.317037592, "bbox_miny": 3505226.646052944, "bbox_maxx": -10635169.167535549, "bbox_maxy": 3525483.4361478989, "label_x": -10640615.928825848, "label_y": 3515342.013354186 }, "geometry": { "type": "Polygon", "coordinates": [ [ [ -10636407.152910765260458, 3525386.18488712143153 ], [ -10636350.75972007215023, 3525390.211419297382236 ], [ -10636257.301708744838834, 3525296.789109339006245 ], [ -10636089.654628025367856, 3525360.396957021672279 ], [ -10636015.07058840431273, 3525291.123669404536486 ], [ -10635885.412836223840714, 3525423.428395997267216 ], [ -10635822.664300950244069, 3525427.906108405906707 ], [ -10635786.197670077905059, 3525389.368264414835721 ], [ -10635783.284157091751695, 3525430.716087463311851 ], [ -10635627.629698568955064, 3525441.821924948133528 ], [ -10635828.387744912877679, 3525090.387604761403054 ], [ -10636170.138587806373835, 3524708.109448794275522 ], [ -10636289.250395804643631, 3524478.155871984548867 ], [ -10636488.514080530032516, 3523061.314293389208615 ], [ -10636221.097157344222069, 3523058.336762411519885 ], [ -10636248.214108608663082, 3522775.760599933564663 ], [ -10636395.296686708927155, 3522775.655090363230556 ], [ -10636411.754082446917892, 3522628.949097279459238 ], [ -10636551.839076148346066, 3522628.729164374060929 ], [ -10636602.999291183426976, 3522272.587393561378121 ], [ -10636409.618621757254004, 3522229.027005498297513 ], [ -10636471.30707130022347, 3521817.474184568505734 ], [ -10636560.653583914041519, 3521831.233515358529985 ], [ -10636620.459702307358384, 3521592.849629097152501 ], [ -10636858.48400654271245, 3521267.043461243622005 ], [ -10636965.071114407852292, 3520870.257747018709779 ], [ -10637023.404869871214032, 3519536.908152020536363 ], [ -10636891.639523133635521, 3519521.879616849590093 ], [ -10636860.006084589287639, 3519398.169449109118432 ], [ -10636911.297925794497132, 3519356.712639120407403 ], [ -10636913.786445166915655, 3519279.987913554068655 ], [ -10636952.637279253453016, 3519281.091300658881664 ], [ -10636959.429310856387019, 3519077.730753137264401 ], [ -10637047.471472963690758, 3519079.112584470771253 ], [ -10637073.423739181831479, 3518607.906933227553964 ], [ -10636727.800175674259663, 3518610.342103822156787 ], [ -10636826.292625604197383, 3518490.570174168329686 ], [ -10637083.668237937614322, 3518415.27074146270752 ], [ -10637077.565423473715782, 3518157.76578387292102 ], [ -10636954.348749708384275, 3517870.30109434761107 ], [ -10636871.11972383223474, 3517964.552644731011242 ], [ -10636703.964268574491143, 3517836.576809890102595 ], [ -10636816.498275943100452, 3517720.959626162424684 ], [ -10636542.937224518507719, 3517449.723442077636719 ], [ -10636288.347906783223152, 3517708.632684639655054 ], [ -10636081.7457758449018, 3517527.555192812811583 ], [ -10636084.658663840964437, 3517469.774110063444823 ], [ -10636191.148903308436275, 3517422.369636580813676 ], [ -10636208.284839797765017, 3517354.934186011552811 ], [ -10636170.653979917988181, 3517210.835441541858017 ], [ -10636063.77376901730895, 3517069.987309785094112 ], [ -10636123.121469749137759, 3517012.894677626900375 ], [ -10636063.920745857059956, 3516899.114119294565171 ], [ -10635895.097534898668528, 3516887.030215004459023 ], [ -10635896.788758499547839, 3516843.01236319122836 ], [ -10635242.958503216505051, 3516708.274139915592968 ], [ -10635250.750919824466109, 3516598.130048346240073 ], [ -10635428.416827628389001, 3516241.19784046523273 ], [ -10635362.057132195681334, 3516176.481044302694499 ], [ -10635612.487403860315681, 3515913.309382736217231 ], [ -10635565.405077306553721, 3515855.476860070601106 ], [ -10635523.34958047606051, 3515863.895632269792259 ], [ -10635290.58975974842906, 3516105.4870546432212 ], [ -10635169.167535549029708, 3515986.109506268054247 ], [ -10635587.571172207593918, 3515538.989219763316214 ], [ -10635278.668558800593019, 3515238.985722720157355 ], [ -10635478.490930328145623, 3515026.159704545047134 ], [ -10635797.460432263091207, 3514938.084197380580008 ], [ -10635740.239838164299726, 3514866.527006957214326 ], [ -10635784.135003734380007, 3514820.608515539206564 ], [ -10635613.125665569677949, 3514669.2273607426323 ], [ -10635898.659585360437632, 3514378.363900307565928 ], [ -10635963.932231539860368, 3514438.20335327507928 ], [ -10636660.723562126979232, 3513722.240408425685018 ], [ -10636919.875398399308324, 3513549.473623654339463 ], [ -10639419.220578672364354, 3510983.332466257736087 ], [ -10639756.518646076321602, 3510589.517346537671983 ], [ -10640895.205758407711983, 3510571.768934110179543 ], [ -10638873.309761067852378, 3506477.822125717066228 ], [ -10638957.318076074123383, 3506444.391318401321769 ], [ -10638928.079001685604453, 3506417.265769982244819 ], [ -10639015.584830900654197, 3506307.676434208173305 ], [ -10639713.054585799574852, 3506295.686209627892822 ], [ -10639716.415305120870471, 3506372.836627435870469 ], [ -10639930.244371023029089, 3506172.462716670706868 ], [ -10639922.851358931511641, 3505451.848967551719397 ], [ -10640561.58115023188293, 3505443.259791215881705 ], [ -10640914.909246137365699, 3505242.579572526738048 ], [ -10641336.411845510825515, 3505227.392272285651416 ], [ -10641340.20180481299758, 3505407.177768471650779 ], [ -10641379.98929643817246, 3505486.13151987735182 ], [ -10641725.733473161235452, 3505496.281877958215773 ], [ -10641724.192291075363755, 3505686.925672821234912 ], [ -10641921.491612207144499, 3505695.435767512768507 ], [ -10641934.713517595082521, 3506025.506409654859453 ], [ -10642065.193432163447142, 3506032.052069867029786 ], [ -10642075.316521149128675, 3506857.49881875468418 ], [ -10642238.416401294991374, 3506849.447748115286231 ], [ -10642293.579054536297917, 3507020.933205316774547 ], [ -10642355.698737094178796, 3506991.381122239865363 ], [ -10642615.744115551933646, 3507369.616960983723402 ], [ -10642529.892741905525327, 3507442.440342667978257 ], [ -10642676.822010116651654, 3507622.097138500306755 ], [ -10642474.262552315369248, 3507787.93884414061904 ], [ -10642516.434214005246758, 3507890.060986530035734 ], [ -10642579.633831638842821, 3507808.964882801752537 ], [ -10642669.442376146093011, 3507993.210446051321924 ], [ -10642802.113426020368934, 3508116.644900389946997 ], [ -10643116.569491105154157, 3507877.836533796973526 ], [ -10643315.728936705738306, 3508171.920400751754642 ], [ -10643090.867417566478252, 3508294.678848435170949 ], [ -10643140.756029490381479, 3508487.43832526402548 ], [ -10643117.536633137613535, 3508533.067824828904122 ], [ -10643293.184404259547591, 3508801.214961879886687 ], [ -10643109.542962497100234, 3508902.931306869722903 ], [ -10643053.533863516524434, 3508980.840954376850277 ], [ -10643424.641094904392958, 3509415.568939222022891 ], [ -10643578.455164391547441, 3509334.024049940053374 ], [ -10643784.256933357566595, 3509670.088927193544805 ], [ -10643637.318786924704909, 3509774.587637478020042 ], [ -10643831.368563303723931, 3510099.516265705693513 ], [ -10643921.247201381251216, 3510322.331599164754152 ], [ -10644069.779212366789579, 3510280.934392548166215 ], [ -10644072.263278216123581, 3510422.727744918782264 ], [ -10643990.649229627102613, 3510439.90388848586008 ], [ -10644021.764959907159209, 3510531.659867871552706 ], [ -10644079.07858407497406, 3510527.980025438591838 ], [ -10644114.488857252523303, 3510786.77006627433002 ], [ -10644443.713689083233476, 3510783.401376316789538 ], [ -10644455.612668376415968, 3511336.821190634276718 ], [ -10645521.934939078986645, 3511306.434861477464437 ], [ -10645578.49655869603157, 3513465.178366215899587 ], [ -10645442.402756923809648, 3513460.323736279271543 ], [ -10645742.903792783617973, 3514206.69556992361322 ], [ -10645790.732671763747931, 3514508.35855737933889 ], [ -10645741.139392485842109, 3514559.345441047102213 ], [ -10645849.517151802778244, 3515050.521141581702977 ], [ -10645757.396814135834575, 3515051.417630975600332 ], [ -10645886.400888733565807, 3515460.630154956597835 ], [ -10646038.284214666113257, 3515463.033240335993469 ], [ -10646041.72507568821311, 3515538.051816710270941 ], [ -10646422.873397793620825, 3515537.634742174297571 ], [ -10646428.756696704775095, 3516345.195064216852188 ], [ -10646526.837657313793898, 3516848.622665895149112 ], [ -10646796.741914762184024, 3516843.197677120566368 ], [ -10646809.802132904529572, 3517349.050540474709123 ], [ -10647147.605373525992036, 3517340.701924471650273 ], [ -10647149.478622660040855, 3517504.560617614071816 ], [ -10647433.475045753642917, 3517510.773453609086573 ], [ -10647436.317037591710687, 3518726.630537588149309 ], [ -10647220.728307217359543, 3518902.625373751856387 ], [ -10646969.283199243247509, 3518998.086702798027545 ], [ -10646934.510680209845304, 3518984.970257841981947 ], [ -10646911.908632397651672, 3519019.868161241523921 ], [ -10646745.156276104971766, 3519076.860063462518156 ], [ -10646613.465355718508363, 3519244.553966064937413 ], [ -10646488.898816687986255, 3519298.993812205735594 ], [ -10646465.633057923987508, 3519415.725051184650511 ], [ -10646393.831924248486757, 3519405.686363470740616 ], [ -10646430.344778753817081, 3519476.472094980068505 ], [ -10646398.306349463760853, 3519532.388014537747949 ], [ -10646054.27346452139318, 3519727.079079723451287 ], [ -10646008.666525712236762, 3519705.562875212635845 ], [ -10645943.210615139454603, 3519746.490778131876141 ], [ -10645935.639527445659041, 3519786.19514072034508 ], [ -10645365.907615046948195, 3519971.596702527720481 ], [ -10645061.782897997647524, 3519796.299513794016093 ], [ -10644807.529153823852539, 3519851.642701704055071 ], [ -10644749.865654528141022, 3519934.400468969717622 ], [ -10644818.883832827210426, 3520078.681005363352597 ], [ -10644974.657454926520586, 3520233.104533739387989 ], [ -10644894.358385546132922, 3520298.000764346215874 ], [ -10644966.823372324928641, 3520383.567083700094372 ], [ -10644907.160139480605721, 3520600.858710325323045 ], [ -10644805.191521054133773, 3520709.879045930225402 ], [ -10644803.187755608931184, 3520867.554741646163166 ], [ -10644715.913273444399238, 3521024.717552423477173 ], [ -10644393.080711098387837, 3520999.214847395196557 ], [ -10644237.907353257760406, 3520903.466549223288894 ], [ -10643267.980701971799135, 3520869.099297020118684 ], [ -10642429.953894589096308, 3520662.050305271986872 ], [ -10642420.728057077154517, 3520625.9577312534675 ], [ -10642264.101402811706066, 3520621.066713977139443 ], [ -10641946.507010217756033, 3520684.393693656660616 ], [ -10641851.885427052155137, 3520732.275251847226173 ], [ -10641849.065085621550679, 3520780.238405982963741 ], [ -10641782.310691960155964, 3520845.158235724549741 ], [ -10641759.601603830233216, 3520784.147252738941461 ], [ -10641741.456431284546852, 3520809.490430155768991 ], [ -10641716.075618617236614, 3520762.008326438721269 ], [ -10641669.655423182994127, 3520825.078572165220976 ], [ -10641698.357423346489668, 3520869.685957368463278 ], [ -10641587.278955060988665, 3520931.26913731219247 ], [ -10641564.013163466006517, 3520926.249201699160039 ], [ -10641568.243304833769798, 3520862.534760388080031 ], [ -10641511.91570408642292, 3520829.32620237255469 ], [ -10641484.531127896159887, 3520874.634140839334577 ], [ -10641501.29211064055562, 3520958.296094491146505 ], [ -10641398.592494519427419, 3520954.566805146168917 ], [ -10641313.043542694300413, 3521012.546728723216802 ], [ -10641245.19412481598556, 3520994.983838142827153 ], [ -10641221.780782133340836, 3521038.846295902505517 ], [ -10641132.130483349785209, 3521064.680701398756355 ], [ -10641098.029804481193423, 3521026.905716159380972 ], [ -10641076.2394825424999, 3521103.135836225934327 ], [ -10640818.617942169308662, 3521278.807944778818637 ], [ -10640641.962747141718864, 3521703.773899656254798 ], [ -10640524.400500383228064, 3521817.383086180780083 ], [ -10640506.483594618737698, 3522014.102229401003569 ], [ -10640428.156717829406261, 3522241.300015810411423 ], [ -10640360.42681922763586, 3522297.151258454658091 ], [ -10640387.922739608213305, 3522414.682411156594753 ], [ -10640326.029140047729015, 3522433.734655044041574 ], [ -10640237.307567939162254, 3522534.918028476648033 ], [ -10640163.391376873478293, 3522518.054031128995121 ], [ -10640170.404446514323354, 3522613.573804036248475 ], [ -10639997.196878539398313, 3522817.103533967398107 ], [ -10639882.242372661828995, 3522856.150743460748345 ], [ -10639818.412266910076141, 3522815.944338080938905 ], [ -10639730.358540954068303, 3522879.668417992535979 ], [ -10639638.186017028987408, 3522859.843108902219683 ], [ -10639548.68511525914073, 3522941.333201182540506 ], [ -10639479.667048592120409, 3522937.728520147968084 ], [ -10639463.822287866845727, 3522998.268272846005857 ], [ -10639252.673900116235018, 3523069.979694168549031 ], [ -10639183.334552166983485, 3523043.293077017646283 ], [ -10639092.497918337583542, 3523063.118693386204541 ], [ -10639064.334021277725697, 3523099.937783955130726 ], [ -10639015.687416698783636, 3523074.447558180429041 ], [ -10639008.264245145022869, 3523152.982643226161599 ], [ -10638896.567790580913424, 3523190.913655586075038 ], [ -10638839.691292442381382, 3523176.279784163925797 ], [ -10638868.973365368321538, 3523235.246243603993207 ], [ -10638785.478707605972886, 3523314.288753648288548 ], [ -10638824.217888979241252, 3523371.707131839357316 ], [ -10638854.496840875595808, 3523595.332289768848568 ], [ -10638838.355507297441363, 3523640.650093553587794 ], [ -10638712.230436047539115, 3523710.686822974588722 ], [ -10638727.815214028581977, 3523752.400091445539147 ], [ -10638786.925863003358245, 3523775.702947816345841 ], [ -10638783.328391904011369, 3523815.371940613724291 ], [ -10638744.624479750171304, 3523864.92366691166535 ], [ -10638584.881046708673239, 3523940.626542039681226 ], [ -10638594.901186877861619, 3524001.337867008056492 ], [ -10638423.579017987474799, 3524083.665067313238978 ], [ -10638362.620239621028304, 3524183.677571643609554 ], [ -10638181.629130752757192, 3524182.973711288068444 ], [ -10638069.360430132597685, 3524141.730638253502548 ], [ -10638058.869911747053266, 3524182.494870814494789 ], [ -10638005.574400901794434, 3524182.28663740074262 ], [ -10637927.873406302183867, 3523983.241838209796697 ], [ -10637806.357272941619158, 3524021.106929070781916 ], [ -10637717.924845431, 3523918.095929727889597 ], [ -10637396.879404621198773, 3524249.236357529647648 ], [ -10637439.258103899657726, 3524348.112941989675164 ], [ -10637426.788687966763973, 3524743.357823936268687 ], [ -10637366.208918076008558, 3524897.204895902890712 ], [ -10637344.670597082003951, 3524881.28555372543633 ], [ -10637314.502955125644803, 3524918.109956162981689 ], [ -10637314.420763051137328, 3524991.434100968763232 ], [ -10636944.699658548459411, 3525223.138273715507239 ], [ -10636891.1548972427845, 3525314.558038717601448 ], [ -10636866.572370421141386, 3525454.017826138064265 ], [ -10636831.556866126134992, 3525480.010680234059691 ], [ -10636684.202287184074521, 3525483.436147898901254 ], [ -10636632.671106413006783, 3525426.966733172070235 ], [ -10636539.719270255416632, 3525439.714060255791992 ], [ -10636446.767477374523878, 3525323.700098507571965 ], [ -10636393.222909696400166, 3525336.44741186266765 ], [ -10636407.152910765260458, 3525386.18488712143153 ] ] ] } },
{ "type": "Feature", "properties": { "ZIP": "77484", "POSTAL": "WALLER", "STATE": "TX", "ZIP_TYPE": "STANDARD", "bbox_minx": -10682304.720386229, "bbox_miny": 3500864.6653510481, "bbox_maxx": -10669170.866142567, "bbox_maxy": 3524573.5616915268, "label_x": -10674643.983087098, "label_y": 3514466.3208394786 }, "geometry": { "type": "MultiPolygon", "coordinates": [ [ [ [ -10674465.868657633662224, 3518853.331637331284583 ], [ -10673668.88835634291172, 3518938.124888231046498 ], [ -10673595.528814742341638, 3519007.234703032299876 ], [ -10673603.674439748749137, 3519068.37284151557833 ], [ -10673509.746153919026256, 3519235.08495775051415 ], [ -10673167.727919748052955, 3519022.035034171305597 ], [ -10672922.882599219679832, 3519103.206733034458011 ], [ -10672860.045611789450049, 3519087.863911567255855 ], [ -10672783.89841222949326, 3519154.078721812926233 ], [ -10672480.132113801315427, 3518924.640539634972811 ], [ -10672505.108556065708399, 3518921.509732122067362 ], [ -10672517.687553677707911, 3518818.16729692555964 ], [ -10672464.142847709357738, 3518719.201316953636706 ], [ -10672207.648281782865524, 3518718.820841099601239 ], [ -10672022.807026660069823, 3518579.196429667063057 ], [ -10671996.044337783008814, 3518507.244472526945174 ], [ -10672034.004250844940543, 3518416.774412896949798 ], [ -10671883.277614405378699, 3518308.545945421792567 ], [ -10671744.902689382433891, 3518269.789001374971122 ], [ -10671373.925701772794127, 3517856.73738068016246 ], [ -10671483.306546933948994, 3517712.469291010405868 ], [ -10671497.935421710833907, 3517307.39245021622628 ], [ -10670734.682539459317923, 3516632.34452093206346 ], [ -10670679.25742894411087, 3516654.284306768793613 ], [ -10670376.567757923156023, 3516631.701309278141707 ], [ -10670079.613933961838484, 3516682.539499606471509 ], [ -10670032.940480604767799, 3516662.334696448873729 ], [ -10669983.164711561053991, 3516573.927471290808171 ], [ -10669988.841963078826666, 3516522.330092371907085 ], [ -10669914.146595636382699, 3516440.237800752744079 ], [ -10669832.549434741958976, 3516427.628091919235885 ], [ -10669600.323397167026997, 3516472.519280818291008 ], [ -10669535.548959571868181, 3516213.393388356547803 ], [ -10669544.677078794687986, 3516071.987438404001296 ], [ -10669425.676579970866442, 3515986.424194534309208 ], [ -10669311.365674579516053, 3515973.34444541297853 ], [ -10669171.950138809159398, 3515706.257946743629873 ], [ -10669209.76343958824873, 3515432.925930325407535 ], [ -10669390.165170753374696, 3515016.961008597165346 ], [ -10669338.735489683225751, 3514814.714706932194531 ], [ -10669506.93927963450551, 3514835.170700129587203 ], [ -10669528.757918318733573, 3514948.387168414890766 ], [ -10669720.737721648067236, 3514923.253471614792943 ], [ -10669827.59079721570015, 3515095.647542577236891 ], [ -10669931.674563949927688, 3515160.61958724539727 ], [ -10670119.027005657553673, 3515160.495759835466743 ], [ -10670124.53938808105886, 3514103.404062206391245 ], [ -10669944.033862080425024, 3514073.876505638938397 ], [ -10669929.946431590244174, 3513407.61247902456671 ], [ -10669778.041883042082191, 3513403.441912919282913 ], [ -10669775.628214465454221, 3512942.199064698070288 ], [ -10670819.669590154662728, 3512957.286555369384587 ], [ -10670780.208453373983502, 3508258.373953561298549 ], [ -10671620.114076491445303, 3508639.128769684582949 ], [ -10672667.074145615100861, 3509456.356695536989719 ], [ -10672648.149341523647308, 3508444.441522270441055 ], [ -10672625.440140582621098, 3508422.195486891549081 ], [ -10672648.371966730803251, 3508375.646051259711385 ], [ -10672636.949817579239607, 3507712.236563908401877 ], [ -10672332.567560292780399, 3507708.51490470347926 ], [ -10672324.149909865111113, 3506367.668379407841712 ], [ -10674616.610780324786901, 3506343.195566052570939 ], [ -10674655.795150928199291, 3506229.798269601073116 ], [ -10674746.520519640296698, 3506168.985876080114394 ], [ -10674733.721800025552511, 3506119.71454304875806 ], [ -10674791.604866541922092, 3506093.388644233811647 ], [ -10674781.697360297665, 3506020.620300813578069 ], [ -10674910.493971202522516, 3505897.069316172040999 ], [ -10674989.864787943661213, 3505875.084793228190392 ], [ -10674961.144283587113023, 3505769.79124661302194 ], [ -10675053.984620897099376, 3505677.354723704978824 ], [ -10675076.471176179125905, 3505592.504041407257318 ], [ -10675198.143303072080016, 3505528.99484031740576 ], [ -10675158.068255146965384, 3505401.848966467194259 ], [ -10675168.643531531095505, 3505352.353789390996099 ], [ -10675264.266971895471215, 3505329.727426252327859 ], [ -10675230.537112010642886, 3505234.337288733571768 ], [ -10675283.30252224765718, 3505158.745558194350451 ], [ -10675251.019847301766276, 3505095.881386258639395 ], [ -10675460.523106949403882, 3504951.127744847908616 ], [ -10675516.739443467929959, 3505043.687516342382878 ], [ -10675606.908212825655937, 3505027.232339378446341 ], [ -10675582.19526837207377, 3504913.718388560693711 ], [ -10675530.876884639263153, 3504862.16812130715698 ], [ -10675575.849946899339557, 3504814.731813978869468 ], [ -10675643.420922508463264, 3504826.173099137376994 ], [ -10675717.225645383819938, 3504785.164537598844618 ], [ -10675768.543982360512018, 3504714.460420269984752 ], [ -10675774.889098633080721, 3504639.64318476151675 ], [ -10675817.747132455930114, 3504617.018049003090709 ], [ -10675819.194255394861102, 3504491.93812985625118 ], [ -10675750.28745836392045, 3504443.860461235512048 ], [ -10675718.672658583149314, 3504372.515625859145075 ], [ -10675651.213080640882254, 3504339.350075447466224 ], [ -10675615.368158096447587, 3504268.005841847974807 ], [ -10675668.244796998798847, 3504108.350274223834276 ], [ -10675630.284899773076177, 3504037.650051172357053 ], [ -10675637.297892088070512, 3503919.645744076464325 ], [ -10675771.660519069060683, 3503824.266067204531282 ], [ -10677895.132679900154471, 3510470.680664937011898 ], [ -10677929.085098326206207, 3511778.202230676542968 ], [ -10678314.695878852158785, 3511774.600687625352293 ], [ -10678346.86722518876195, 3512375.287298350129277 ], [ -10678504.940981527790427, 3512374.386898707598448 ], [ -10682304.720386229455471, 3524573.561691526789218 ], [ -10681948.052640566602349, 3524425.75380864739418 ], [ -10680781.090549912303686, 3523418.054080413188785 ], [ -10680509.359692977741361, 3522631.854082026518881 ], [ -10680069.424944063648582, 3522304.746352543588728 ], [ -10678737.598570264875889, 3522079.856553785502911 ], [ -10677784.703848944976926, 3520970.27029979461804 ], [ -10676746.872245833277702, 3520016.258030852302909 ], [ -10674907.985535915941, 3519031.687148526776582 ], [ -10674465.868657633662224, 3518853.331637331284583 ] ] ], [ [ [ -10674867.188543988391757, 3501036.977913391776383 ], [ -10674822.233635433018208, 3500864.665351048111916 ], [ -10675238.501180272549391, 3502118.882752057630569 ], [ -10674867.188543988391757, 3501036.977913391776383 ] ] ] ] } },
{ "type": "Feature", "properties": { "ZIP": "77498", "POSTAL": "SUGAR LAND", "STATE": "TX", "ZIP_TYPE": "STANDARD", "bbox_minx": -10644577.780643746, "bbox_miny": 3461017.6517217536, "bbox_maxx": -10643467.337205287, "bbox_maxy": 3461665.94645104, "label_x": -10643948.982202567, "label_y": 3461338.6695079235 }, "geometry": { "type": "Polygon", "coordinates": [ [ [ -10644057.269106611609459, 3461462.960898128338158 ], [ -10643763.637159297242761, 3461295.007016678806394 ], [ -10643467.337205287069082, 3461277.201256519183517 ], [ -10643563.928604183718562, 3461017.651721753645688 ], [ -10644577.780643746256828, 3461660.793675689958036 ], [ -10644501.330024518072605, 3461665.946451039984822 ], [ -10644204.457503948360682, 3461467.240338915027678 ], [ -10644057.269106611609459, 3461462.960898128338158 ] ] ] } },
{ "type": "Feature", "properties": { "ZIP": "77494", "POSTAL": "KATY", "STATE": "TX", "ZIP_TYPE": "STANDARD", "bbox_minx": -10666807.920002388, "bbox_miny": 3472080.1367173577, "bbox_maxx": -10660676.233981354, "bbox_maxy": 3476038.9988680906, "label_x": -10662536.994045582, "label_y": 3474041.1608934654 }, "geometry": { "type": "Polygon", "coordinates": [ [ [ -10661825.121848562732339, 3475931.253820593003184 ], [ -10661820.932268833741546, 3474696.63633737154305 ], [ -10661752.916019555181265, 3474679.450660891830921 ], [ -10661504.896276496350765, 3474351.773307500872761 ], [ -10660784.325151538476348, 3472834.819585375487804 ], [ -10660692.709243692457676, 3472478.850697536487132 ], [ -10660676.56794573366642, 3472080.136717357672751 ], [ -10664109.772282663732767, 3474294.703202029224485 ], [ -10664112.777782430872321, 3474415.512748382054269 ], [ -10664304.35879704169929, 3474420.386175668332726 ], [ -10666807.920002387836576, 3476032.263847011141479 ], [ -10664604.094451120123267, 3476032.201139155309647 ], [ -10664606.43213970027864, 3475969.992972265928984 ], [ -10662669.251192472875118, 3475963.323597535025328 ], [ -10661825.121848562732339, 3475931.253820593003184 ] ] ] } },
{ "type": "Feature", "properties": { "ZIP": "77407", "POSTAL": "RICHMOND", "STATE": "TX", "ZIP_TYPE": "STANDARD", "bbox_minx": -10651365.617942544, "bbox_miny": 3465933.1219888297, "bbox_maxx": -10651208.560909411, "bbox_maxy": 3466041.1820755396, "label_x": -10651231.895246759, "label_y": 3465962.9161876263 }, "geometry": { "type": "Polygon", "coordinates": [ [ [ -10651208.560909410938621, 3465933.121988829690963 ], [ -10651306.249810630455613, 3465995.939534600824118 ], [ -10651365.617942543700337, 3466034.249880548100919 ], [ -10651283.615140993148088, 3466041.182075539603829 ], [ -10651209.231074584648013, 3465992.710386422928423 ], [ -10651208.560909410938621, 3465933.121988829690963 ] ] ] } },
{ "type": "Feature", "properties": { "ZIP": "77493", "POSTAL": "KATY", "STATE": "TX", "ZIP_TYPE": "STANDARD", "bbox_minx": -10673607.887420224, "bbox_miny": 3475930.4881211449, "bbox_maxx": -10661430.312173838, "bbox_maxy": 3497214.5555820796, "label_x": -10665967.381633982, "label_y": 3486521.4721484869 }, "geometry": { "type": "Polygon", "coordinates": [ [ [ -10665335.177314339205623, 3497140.358530446421355 ], [ -10665244.715605035424232, 3491206.679660751484334 ], [ -10661560.438002217561007, 3491225.887148305308074 ], [ -10661485.622339658439159, 3485646.999570095445961 ], [ -10662443.64144167304039, 3485623.321208084467798 ], [ -10662444.604818822816014, 3484813.890597305260599 ], [ -10662318.753008477389812, 3484737.634146230760962 ], [ -10662221.90511810220778, 3484768.566878851968795 ], [ -10662197.303428504616022, 3484708.626734947785735 ], [ -10662154.556793984025717, 3484691.042534273583442 ], [ -10662128.6192891523242, 3484603.507361639756709 ], [ -10662059.044601012021303, 3484650.09857186069712 ], [ -10661986.130333352833986, 3484626.738773469347507 ], [ -10661907.427510587498546, 3484666.912569758016616 ], [ -10661861.786573031917214, 3484630.974331693723798 ], [ -10661856.888455793261528, 3484550.498776714783162 ], [ -10661778.296873781830072, 3484513.149039660114795 ], [ -10661550.871121041476727, 3484516.614463671576232 ], [ -10661528.495939210057259, 3484463.606266163289547 ], [ -10661474.39473844692111, 3484438.963274536654353 ], [ -10661430.312173837795854, 3480092.145539043005556 ], [ -10661479.69465421885252, 3479709.4098977050744 ], [ -10661590.536905873566866, 3479335.957001845818013 ], [ -10661587.604004388675094, 3478731.348109883721918 ], [ -10661650.722078775987029, 3478321.653833128046244 ], [ -10661638.253371126949787, 3478091.498143216129392 ], [ -10661750.614198060706258, 3477070.878645733464509 ], [ -10661827.342288302257657, 3475930.872998296283185 ], [ -10662669.251192472875118, 3475963.323597535025328 ], [ -10664606.43213970027864, 3475969.992972265928984 ], [ -10664604.094451120123267, 3476032.201139155309647 ], [ -10666807.920002387836576, 3476032.263847011141479 ], [ -10667326.015041351318359, 3476364.13896275497973 ], [ -10668119.389032592996955, 3478918.976737467572093 ], [ -10668097.347739860415459, 3479061.896575309801847 ], [ -10668159.129962289705873, 3479056.76471831323579 ], [ -10668970.426600998267531, 3481826.820527733769268 ], [ -10673607.887420224025846, 3496692.640700762625784 ], [ -10671426.129953686147928, 3496761.1317915241234 ], [ -10671410.711689915508032, 3495345.046585010830313 ], [ -10669346.861538406461477, 3495361.117303369101137 ], [ -10669336.689373834058642, 3493385.544716945849359 ], [ -10668899.499004980549216, 3493376.857076826971024 ], [ -10668814.69040360674262, 3493706.974492391571403 ], [ -10668587.932568155229092, 3493836.958139499183744 ], [ -10668402.47440292686224, 3493804.590661068446934 ], [ -10668328.001652702689171, 3493877.289327593520284 ], [ -10668344.142960146069527, 3494055.1846893443726 ], [ -10668285.922970969229937, 3494158.326550343539566 ], [ -10668232.600950157269835, 3494380.668758742045611 ], [ -10668268.445877660065889, 3494660.946347386110574 ], [ -10668164.58488841727376, 3494798.004537949804217 ], [ -10667902.538762886077166, 3494984.390641192439944 ], [ -10667856.897897288203239, 3495251.964168446604162 ], [ -10667780.421441253274679, 3495338.159231656696647 ], [ -10667709.510921454057097, 3495516.845616936683655 ], [ -10667759.938709951937199, 3495742.55159267783165 ], [ -10667706.060177054256201, 3495854.314061837270856 ], [ -10667584.49930345825851, 3495852.258732667658478 ], [ -10667467.168525248765945, 3495752.700176340062171 ], [ -10667410.952212667092681, 3495751.92940377118066 ], [ -10667335.811526106670499, 3495800.745110641699284 ], [ -10667205.901726230978966, 3496030.952332776971161 ], [ -10667120.185788705945015, 3496078.998343335464597 ], [ -10667009.200300706550479, 3496233.543308421038091 ], [ -10666711.309375306591392, 3496501.271428084466606 ], [ -10666621.363305350765586, 3496518.229467742610723 ], [ -10666482.993150943890214, 3496628.457173672039062 ], [ -10666296.087741930037737, 3496714.533106277231127 ], [ -10666173.191110031679273, 3496829.644457206130028 ], [ -10666024.24565215036273, 3496846.602969218511134 ], [ -10665912.480850037187338, 3496896.836023276671767 ], [ -10665828.880008067935705, 3496886.172805110923946 ], [ -10665783.906891526654363, 3496918.676638452336192 ], [ -10665767.097735211253166, 3497136.184892060700804 ], [ -10665700.305988822132349, 3497204.662762776948512 ], [ -10665599.227928746491671, 3497196.183425448834896 ], [ -10665475.551937513053417, 3497087.492575144395232 ], [ -10665335.177314339205623, 3497140.358530446421355 ] ] ] } },
{ "type": "Feature", "properties": { "ZIP": "77447", "POSTAL": "HOCKLEY", "STATE": "TX", "ZIP_TYPE": "STANDARD", "bbox_minx": -10675822.756414497, "bbox_miny": 3493376.857076827, "bbox_maxx": -10657295.0157755, "bbox_maxy": 3519240.0495520108, "label_x": -10669199.291449046, "label_y": 3504665.032130261 }, "geometry": { "type": "MultiPolygon", "coordinates": [ [ [ [ -10657960.804314654320478, 3515951.835909534711391 ], [ -10657941.86199376732111, 3514072.352123641874641 ], [ -10657794.437605449929833, 3514090.847054332960397 ], [ -10657783.14849565923214, 3514321.537963380571455 ], [ -10657598.216893333941698, 3514200.850954062771052 ], [ -10657409.343562968075275, 3514013.410766649525613 ], [ -10657312.302453212440014, 3514023.146936069708318 ], [ -10657295.015775499865413, 3513909.546488818712533 ], [ -10657312.826933085918427, 3513793.993797249160707 ], [ -10657346.480870105326176, 3513793.270836487878114 ], [ -10657343.930107502266765, 3513665.874394547659904 ], [ -10657441.329468347132206, 3513655.220978840254247 ], [ -10657437.525474989786744, 3513438.809062277898192 ], [ -10657546.419278046116233, 3513438.098945644684136 ], [ -10657539.097833957523108, 3513062.512814346235245 ], [ -10657931.273466248065233, 3513061.983019646257162 ], [ -10657927.386792903766036, 3512871.256180739030242 ], [ -10658660.658347746357322, 3512858.035076403059065 ], [ -10658912.169886089861393, 3513395.620646850205958 ], [ -10659000.818552564829588, 3513395.024759273044765 ], [ -10659093.11503641679883, 3513483.609757751692086 ], [ -10659122.882785284891725, 3513674.820390266366303 ], [ -10659565.743748772889376, 3513642.054400107823312 ], [ -10659712.939216850325465, 3513581.183513406198472 ], [ -10659728.371156629174948, 3513389.835779311135411 ], [ -10659257.55252593383193, 3512818.138068967498839 ], [ -10659243.313037294894457, 3512227.53256929339841 ], [ -10659618.912526819854975, 3512224.968072973657399 ], [ -10659590.009116748347878, 3510450.319029552396387 ], [ -10659353.044646970927715, 3510455.171596557367593 ], [ -10659337.968774117529392, 3509333.615813093725592 ], [ -10659298.224940847605467, 3509334.624588068109006 ], [ -10659300.558767532929778, 3508349.799411466810852 ], [ -10662606.25675711221993, 3508295.434392428956926 ], [ -10662601.309368615970016, 3507923.517664524260908 ], [ -10662715.296260630711913, 3507921.937964690849185 ], [ -10662711.366392742842436, 3507614.054922015871853 ], [ -10662623.222359338775277, 3507614.954535874072462 ], [ -10662618.766899015754461, 3507368.506955531425774 ], [ -10662554.732082474976778, 3507369.430925076827407 ], [ -10662543.801358360797167, 3507085.006099371239543 ], [ -10664298.425731234252453, 3507073.998461155686527 ], [ -10664335.603617843240499, 3506948.957897918298841 ], [ -10664326.114903438836336, 3505784.769164556171745 ], [ -10662616.514991287142038, 3505035.108138111419976 ], [ -10662614.526301492005587, 3504209.911474088206887 ], [ -10662398.569042595103383, 3504077.514042508322746 ], [ -10660851.898719029501081, 3503366.998686357401311 ], [ -10660843.095073768869042, 3498627.925194730982184 ], [ -10661075.314287964254618, 3498593.891978981439024 ], [ -10661259.325451919808984, 3498709.020309339277446 ], [ -10661476.50976849347353, 3498622.931010922882706 ], [ -10661616.32708066701889, 3498615.863994665909559 ], [ -10661711.282592253759503, 3498554.445385120343417 ], [ -10661782.972290208563209, 3498382.911849935073406 ], [ -10662187.062067326158285, 3498106.792811837513 ], [ -10663448.423181837424636, 3498003.233584738802165 ], [ -10663855.963856481015682, 3497897.362515351735055 ], [ -10663925.53852572850883, 3497826.696633730083704 ], [ -10664036.524131124839187, 3497806.267896219622344 ], [ -10664179.124368453398347, 3497712.989596925210208 ], [ -10664505.958352867513895, 3497573.972981935366988 ], [ -10664718.801245290786028, 3497366.350156045518816 ], [ -10664919.732956109568477, 3497261.769161156844348 ], [ -10665467.091702252626419, 3497087.492571497801691 ], [ -10665599.227928746491671, 3497196.183425448834896 ], [ -10665700.305988822132349, 3497204.662762776948512 ], [ -10665767.097735211253166, 3497136.184892060700804 ], [ -10665783.906891526654363, 3496918.676638452336192 ], [ -10665828.880008067935705, 3496886.172805110923946 ], [ -10665912.480850037187338, 3496896.836023276671767 ], [ -10666024.24565215036273, 3496846.602969218511134 ], [ -10666173.191110031679273, 3496829.644457206130028 ], [ -10666296.087741930037737, 3496714.533106277231127 ], [ -10666482.993150943890214, 3496628.457173672039062 ], [ -10666621.363305350765586, 3496518.229467742610723 ], [ -10666711.309375306591392, 3496501.271428084466606 ], [ -10667009.200300706550479, 3496233.543308421038091 ], [ -10667120.185788705945015, 3496078.998343335464597 ], [ -10667205.901726230978966, 3496030.952332776971161 ], [ -10667335.811526106670499, 3495800.745110641699284 ], [ -10667449.579968018457294, 3495749.103145013563335 ], [ -10667584.49930345825851, 3495852.258732667658478 ], [ -10667706.060177054256201, 3495854.314061837270856 ], [ -10667759.938709951937199, 3495742.55159267783165 ], [ -10667709.510921454057097, 3495516.845616936683655 ], [ -10667780.421441253274679, 3495338.159231656696647 ], [ -10667856.897897288203239, 3495251.964168446604162 ], [ -10667902.538762886077166, 3494984.390641192439944 ], [ -10668164.58488841727376, 3494798.004537949804217 ], [ -10668268.445877660065889, 3494660.946347386110574 ], [ -10668232.600950157269835, 3494380.668758742045611 ], [ -10668285.922970969229937, 3494158.326550343539566 ], [ -10668344.142960146069527, 3494055.1846893443726 ], [ -10668339.24487036652863, 3493855.454054495319724 ], [ -10668415.053461523726583, 3493803.177734800148755 ], [ -10668587.932568155229092, 3493836.958139499183744 ], [ -10668814.69040360674262, 3493706.974492391571403 ], [ -10668899.499004980549216, 3493376.857076826971024 ], [ -10669336.689373834058642, 3493385.544716945849359 ], [ -10669346.861538406461477, 3495361.117303369101137 ], [ -10671410.711689915508032, 3495345.046585010830313 ], [ -10671426.129953686147928, 3496761.1317915241234 ], [ -10673607.887420224025846, 3496692.640700762625784 ], [ -10674350.052107168361545, 3499059.29408025322482 ], [ -10674229.381915366277099, 3499116.603184167761356 ], [ -10674278.696373695507646, 3499281.336163216270506 ], [ -10675788.119121516123414, 3503830.496253320481628 ], [ -10675744.164604952558875, 3503827.094008758664131 ], [ -10675637.297892088070512, 3503919.645744076464325 ], [ -10675630.284899773076177, 3504037.650051172357053 ], [ -10675668.244796998798847, 3504108.350274223834276 ], [ -10675615.368158096447587, 3504268.005841847974807 ], [ -10675651.213080640882254, 3504339.350075447466224 ], [ -10675718.672658583149314, 3504372.515625859145075 ], [ -10675750.28745836392045, 3504443.860461235512048 ], [ -10675819.194255394861102, 3504491.93812985625118 ], [ -10675812.181123707443476, 3504628.330596589483321 ], [ -10675774.889098633080721, 3504639.64318476151675 ], [ -10675768.543982360512018, 3504714.460420269984752 ], [ -10675717.225645383819938, 3504785.164537598844618 ], [ -10675643.420922508463264, 3504826.173099137376994 ], [ -10675575.849946899339557, 3504814.731813978869468 ], [ -10675530.876884639263153, 3504862.16812130715698 ], [ -10675582.19526837207377, 3504913.718388560693711 ], [ -10675606.908212825655937, 3505027.232339378446341 ], [ -10675516.739443467929959, 3505043.687516342382878 ], [ -10675460.523106949403882, 3504951.127744847908616 ], [ -10675251.019847301766276, 3505095.881386258639395 ], [ -10675283.30252224765718, 3505158.745558194350451 ], [ -10675230.537112010642886, 3505234.337288733571768 ], [ -10675264.266971895471215, 3505329.727426252327859 ], [ -10675168.643531531095505, 3505352.353789390996099 ], [ -10675158.068255146965384, 3505401.848966467194259 ], [ -10675198.143303072080016, 3505528.99484031740576 ], [ -10675076.471176179125905, 3505592.504041407257318 ], [ -10675053.984620897099376, 3505677.354723704978824 ], [ -10674961.144283587113023, 3505769.79124661302194 ], [ -10674989.864787943661213, 3505875.084793228190392 ], [ -10674910.493971202522516, 3505897.069316172040999 ], [ -10674781.697360297665, 3506020.620300813578069 ], [ -10674791.604866541922092, 3506093.388644233811647 ], [ -10674733.721800025552511, 3506119.71454304875806 ], [ -10674746.520519640296698, 3506168.985876080114394 ], [ -10674655.795150928199291, 3506229.798269601073116 ], [ -10674616.610780324786901, 3506343.195566052570939 ], [ -10672324.149909865111113, 3506367.668379407841712 ], [ -10672332.567560292780399, 3507708.51490470347926 ], [ -10672636.949817579239607, 3507712.236563908401877 ], [ -10672648.371966730803251, 3508375.646051259711385 ], [ -10672625.440140582621098, 3508422.195486891549081 ], [ -10672648.149341523647308, 3508444.441522270441055 ], [ -10672667.074145615100861, 3509456.356695536989719 ], [ -10671620.114076491445303, 3508639.128769684582949 ], [ -10670780.208453373983502, 3508258.373953561298549 ], [ -10670819.669590154662728, 3512957.286555369384587 ], [ -10669775.628214465454221, 3512942.199064698070288 ], [ -10669778.041883042082191, 3513403.441912919282913 ], [ -10669929.946431590244174, 3513407.61247902456671 ], [ -10669944.033862080425024, 3514073.876505638938397 ], [ -10670124.53938808105886, 3514103.404062206391245 ], [ -10670119.027005657553673, 3515160.495759835466743 ], [ -10669931.674563949927688, 3515160.61958724539727 ], [ -10669827.59079721570015, 3515095.647542577236891 ], [ -10669720.737721648067236, 3514923.253471614792943 ], [ -10669518.850420098751783, 3514945.556779452133924 ], [ -10669519.518320647999644, 3514847.907448768615723 ], [ -10669459.739773651584983, 3514821.018714300822467 ], [ -10669338.735489683225751, 3514814.714706932194531 ], [ -10669376.806842099875212, 3514903.872496593743563 ], [ -10669393.616081586107612, 3514982.352438722271472 ], [ -10669374.738953430205584, 3515045.536776827648282 ], [ -10669374.738949492573738, 3514907.358122733421624 ], [ -10669311.732086848467588, 3514792.598200186155736 ], [ -10668674.761854222044349, 3514235.537891581654549 ], [ -10668265.440249994397163, 3514383.741699076257646 ], [ -10667754.149800354614854, 3514319.41701987804845 ], [ -10667463.60585561580956, 3514114.866010375786573 ], [ -10666225.399236870929599, 3514222.287056506145746 ], [ -10665440.48556319437921, 3514588.425495865754783 ], [ -10665406.5330820530653, 3514679.254417348187417 ], [ -10665464.30771617218852, 3514816.141867065802217 ], [ -10665394.62177692912519, 3514918.165120380464941 ], [ -10664769.562800873070955, 3515141.898919495753944 ], [ -10664497.831997146829963, 3515313.658102249726653 ], [ -10664282.094873, 3515141.898996788077056 ], [ -10663133.834188770502806, 3515392.655266331974417 ], [ -10663093.091270200908184, 3515430.996078399475664 ], [ -10663189.828091459348798, 3515682.787485730834305 ], [ -10663150.754876952618361, 3515711.736773121636361 ], [ -10662785.51554967276752, 3515620.900611547753215 ], [ -10662359.161868363618851, 3515322.921726046595722 ], [ -10662354.041319517418742, 3515174.70675847446546 ], [ -10660894.976650159806013, 3514935.791013394016773 ], [ -10660565.359615778550506, 3514940.679960309993476 ], [ -10660332.701946968212724, 3514713.604614967480302 ], [ -10660035.478867948055267, 3514679.254249168559909 ], [ -10659938.630841214209795, 3514798.387595981359482 ], [ -10659950.542095046490431, 3514952.902227758895606 ], [ -10659432.349928729236126, 3515402.04748831409961 ], [ -10658799.493145452812314, 3515834.477464941330254 ], [ -10658165.645437674596906, 3515766.161536698695272 ], [ -10658068.797430930659175, 3515925.191076728515327 ], [ -10657960.804314654320478, 3515951.835909534711391 ] ] ], [ [ [ -10669245.422062363475561, 3515350.112110507674515 ], [ -10669347.3339026235044, 3515113.427815231960267 ], [ -10669284.745827758684754, 3515302.710192986764014 ], [ -10669245.422062363475561, 3515350.112110507674515 ] ] ], [ [ [ -10669169.020569151267409, 3515727.433635252062231 ], [ -10669171.950138809159398, 3515706.257946743629873 ], [ -10669171.245592035353184, 3515731.277472164016217 ], [ -10669169.020569151267409, 3515727.433635252062231 ] ] ], [ [ [ -10669571.03444317355752, 3516421.923569249454886 ], [ -10669311.365674579516053, 3515973.34444541297853 ], [ -10669425.676579970866442, 3515986.424194534309208 ], [ -10669544.677078794687986, 3516071.987438404001296 ], [ -10669527.088600611314178, 3516138.508502120617777 ], [ -10669571.03444317355752, 3516421.923569249454886 ] ] ], [ [ [ -10670679.25742894411087, 3516654.284306768793613 ], [ -10670747.372925374656916, 3516640.064807399641722 ], [ -10670754.247450737282634, 3516673.341583585366607 ], [ -10670679.25742894411087, 3516654.284306768793613 ] ] ], [ [ [ -10669602.275827184319496, 3516475.891964199021459 ], [ -10669832.549434741958976, 3516427.628091919235885 ], [ -10669914.146595636382699, 3516440.237800752744079 ], [ -10669988.841963078826666, 3516522.330092371907085 ], [ -10669983.164711561053991, 3516573.927471290808171 ], [ -10670032.940480604767799, 3516662.334696448873729 ], [ -10669602.275827184319496, 3516475.891964199021459 ] ] ], [ [ [ -10670121.501865535974503, 3516676.652777268085629 ], [ -10670474.417621072381735, 3516625.396245448850095 ], [ -10670519.055699102580547, 3516638.800837113987654 ], [ -10670121.501865535974503, 3516676.652777268085629 ] ] ], [ [ [ -10671320.915152119472623, 3517156.475885169580579 ], [ -10671253.436834895983338, 3517098.94683086220175 ], [ -10671306.753568029031157, 3517130.317593243904412 ], [ -10671320.915152119472623, 3517156.475885169580579 ] ] ], [ [ [ -10671439.301505008712411, 3517741.843820142094046 ], [ -10671477.119440542533994, 3517675.380646722391248 ], [ -10671483.306546933948994, 3517712.469291010405868 ], [ -10671439.301505008712411, 3517741.843820142094046 ] ] ], [ [ [ -10671996.050888415426016, 3518549.407750259153545 ], [ -10671744.902689382433891, 3518269.789001374971122 ], [ -10671883.277614405378699, 3518308.545945421792567 ], [ -10672034.004250844940543, 3518416.774412896949798 ], [ -10671996.050888415426016, 3518549.407750259153545 ] ] ], [ [ [ -10674568.559788804501295, 3518897.95708451513201 ], [ -10674462.150896426290274, 3518853.700422662310302 ], [ -10674434.588170370087028, 3518856.634713031817228 ], [ -10674454.915247121825814, 3518850.225593434646726 ], [ -10674513.914542632177472, 3518866.95614102575928 ], [ -10674568.559788804501295, 3518897.95708451513201 ] ] ], [ [ [ -10672505.108556065708399, 3518921.509732122067362 ], [ -10672207.648281782865524, 3518718.820841099601239 ], [ -10672464.142847709357738, 3518719.201316953636706 ], [ -10672517.687553677707911, 3518818.16729692555964 ], [ -10672505.108556065708399, 3518921.509732122067362 ] ] ], [ [ [ -10674844.310792362317443, 3519012.640056636184454 ], [ -10674907.985535915941, 3519031.687148526776582 ], [ -10674937.475465543568134, 3519061.793606505263597 ], [ -10674844.310792362317443, 3519012.640056636184454 ] ] ], [ [ [ -10673595.528814742341638, 3519007.234703032299876 ], [ -10673663.123170249164104, 3518949.639462267514318 ], [ -10673603.674439748749137, 3519068.37284151557833 ], [ -10673595.528814742341638, 3519007.234703032299876 ] ] ], [ [ [ -10673179.776107054203749, 3519029.54025750188157 ], [ -10673214.264262994751334, 3519040.631857542786747 ], [ -10673245.982321552932262, 3519070.78231861256063 ], [ -10673179.776107054203749, 3519029.54025750188157 ] ] ], [ [ [ -10672831.21386137790978, 3519104.852010569069535 ], [ -10672922.882599219679832, 3519103.206733034458011 ], [ -10673127.013692077249289, 3519036.041979015804827 ], [ -10672790.191497037187219, 3519151.913855945691466 ], [ -10672831.21386137790978, 3519104.852010569069535 ] ] ], [ [ [ -10673514.265518717467785, 3519196.420469763688743 ], [ -10673561.601561821997166, 3519152.401720740366727 ], [ -10673517.716278366744518, 3519240.049552010837942 ], [ -10673514.265518717467785, 3519196.420469763688743 ] ] ] ] } },
{ "type": "Feature", "properties": { "ZIP": "77346", "POSTAL": "HUMBLE", "STATE": "TX", "ZIP_TYPE": "STANDARD", "bbox_minx": -10599768.778139906, "bbox_miny": 3494854.9299185793, "bbox_maxx": -10589809.244294729, "bbox_maxy": 3508923.0761810867, "label_x": -10594521.102432724, "label_y": 3501846.0560756 }, "geometry": { "type": "Polygon", "coordinates": [ [ [ -10590395.083943827077746, 3507968.639590329024941 ], [ -10589890.841471938416362, 3507373.345045773312449 ], [ -10590164.130753841251135, 3505731.87970320507884 ], [ -10589809.244294729083776, 3502748.674758828245103 ], [ -10590085.681408988311887, 3501734.788075362332165 ], [ -10590443.876585463061929, 3501720.06971936346963 ], [ -10590697.017167281359434, 3501599.38796583423391 ], [ -10590990.678003305569291, 3501529.729776424821466 ], [ -10591999.455235682427883, 3501417.53203138243407 ], [ -10592308.478164857253432, 3501313.303390269167721 ], [ -10592618.05763571895659, 3501131.451534823980182 ], [ -10592954.576386444270611, 3500809.265195803716779 ], [ -10598277.557339357212186, 3494854.929918579291552 ], [ -10598586.674779055640101, 3495065.765604110900313 ], [ -10598900.929671654477715, 3495155.941539427731186 ], [ -10598896.982941672205925, 3495961.016358677763492 ], [ -10599677.605765009298921, 3497271.91886935569346 ], [ -10599488.919174188748002, 3497398.855233096051961 ], [ -10599451.738528428599238, 3497581.167829188052565 ], [ -10599321.049482462927699, 3497728.921368314418942 ], [ -10599223.310933204367757, 3497906.870272421743721 ], [ -10599016.034028518944979, 3497892.094708492513746 ], [ -10598883.11860791221261, 3497982.676049310248345 ], [ -10598784.155526224523783, 3498220.760295977350324 ], [ -10598797.513814391568303, 3498423.514331695158035 ], [ -10598744.859788162633777, 3498512.557611203286797 ], [ -10598559.290157191455364, 3498675.098460242617875 ], [ -10598313.942040007561445, 3498702.595679674297571 ], [ -10598219.217580266296864, 3498829.095496538560838 ], [ -10598755.828690432012081, 3498824.546950937248766 ], [ -10598981.302316199988127, 3500201.412836831994355 ], [ -10599006.51839954406023, 3503739.979297852609307 ], [ -10599729.564669776707888, 3503727.987820318434387 ], [ -10599726.699580745771527, 3504348.724220229778439 ], [ -10599768.778139906004071, 3504411.070600722450763 ], [ -10597983.545796006917953, 3504750.727182055357844 ], [ -10597953.266870710998774, 3505697.167875103652477 ], [ -10598014.644339952617884, 3506936.558052273001522 ], [ -10597340.452980330213904, 3506778.937195055186749 ], [ -10597115.142351316288114, 3506600.350204908754677 ], [ -10596747.342835681512952, 3506467.665157672949135 ], [ -10595924.580539856106043, 3506341.924183875322342 ], [ -10595076.437205977737904, 3506904.682313055265695 ], [ -10593569.50523248873651, 3507661.237230674363673 ], [ -10593738.710864981636405, 3507978.838964124210179 ], [ -10594015.673857202753425, 3508351.484724678564817 ], [ -10593958.010354308411479, 3508437.768341874703765 ], [ -10593918.603180268779397, 3508446.255182797089219 ], [ -10593861.607605205848813, 3508618.052716831211001 ], [ -10593689.525847144424915, 3508768.226677381433547 ], [ -10593044.077283598482609, 3508707.938680287450552 ], [ -10592665.479676220566034, 3508879.22533840034157 ], [ -10592631.749878790229559, 3508923.076181086711586 ], [ -10591890.807467460632324, 3508496.662696270272136 ], [ -10591683.641742078587413, 3508680.677035501692444 ], [ -10591523.11906018294394, 3508712.953806126955897 ], [ -10591192.166232584044337, 3508438.154039208311588 ], [ -10591295.582114174962044, 3508100.22419923869893 ], [ -10590926.223939714953303, 3507733.629093704745173 ], [ -10590704.475582709535956, 3507896.158846662379801 ], [ -10590395.083943827077746, 3507968.639590329024941 ] ] ] } },
{ "type": "Feature", "properties": { "ZIP": "77521", "POSTAL": "BAYTOWN", "STATE": "TX", "ZIP_TYPE": "STANDARD", "bbox_minx": -10580604.124187302, "bbox_miny": 3471379.1343321339, "bbox_maxx": -10565286.562102901, "bbox_maxy": 3488680.0785266641, "label_x": -10572729.350365218, "label_y": 3478436.3815483619 }, "geometry": { "type": "MultiPolygon", "coordinates": [ [ [ [ -10571731.2927205581218, 3485407.775814454071224 ], [ -10570243.285197811201215, 3484835.438585999887437 ], [ -10569869.585610276088119, 3484912.322102122474462 ], [ -10569786.31862279959023, 3484869.195254679303616 ], [ -10569531.508268235251307, 3484379.666463065426797 ], [ -10569390.46664279513061, 3484244.51660020602867 ], [ -10569405.717301709577441, 3484126.053162714000791 ], [ -10569191.761165851727128, 3483572.382246766239405 ], [ -10568812.941093232482672, 3483015.783840542659163 ], [ -10568914.798407038673759, 3482649.137630187440664 ], [ -10568880.845872782170773, 3482597.67702270951122 ], [ -10568485.105245027691126, 3482546.730019743554294 ], [ -10568388.257259139791131, 3482765.149255530908704 ], [ -10566992.08815111964941, 3482141.471117785666138 ], [ -10566660.801399558782578, 3481869.808732361532748 ], [ -10566664.252238675951958, 3481801.669364709872752 ], [ -10566389.070430239662528, 3481653.458017446566373 ], [ -10566151.180679757148027, 3481607.904057269915938 ], [ -10566100.307695107534528, 3481744.437767711933702 ], [ -10566185.244544582441449, 3481921.651113676372916 ], [ -10565981.41858615539968, 3481885.977293217089027 ], [ -10565599.147263756021857, 3481660.259032597299665 ], [ -10565286.56225024536252, 3481344.978546209167689 ], [ -10565366.378182334825397, 3480787.450223940424621 ], [ -10565286.56210290081799, 3480644.511284221429378 ], [ -10565456.435872368514538, 3480218.783376993145794 ], [ -10565449.645249182358384, 3479579.063576486427337 ], [ -10565383.298885315656662, 3479398.418289047200233 ], [ -10565514.210589149966836, 3479401.882485223468393 ], [ -10565636.550702715292573, 3478929.111896817572415 ], [ -10566699.874384367838502, 3477933.849268829915673 ], [ -10566829.004972072318196, 3477695.500735909678042 ], [ -10566879.878163727000356, 3477388.65560447704047 ], [ -10566541.912097625434399, 3477094.132421816699207 ], [ -10566210.736587828025222, 3476410.956888222601265 ], [ -10566254.819236675277352, 3475788.100745229050517 ], [ -10566480.797648698091507, 3475673.178349409252405 ], [ -10566446.733880316838622, 3475285.194699909072369 ], [ -10566497.71825698018074, 3474754.349572236649692 ], [ -10566434.934129193425179, 3474691.249686584342271 ], [ -10566159.752271609380841, 3474651.107173860538751 ], [ -10566025.893944783136249, 3474421.828507672995329 ], [ -10566051.063922984525561, 3474305.337050132919103 ], [ -10566105.610450198873878, 3474259.16812630277127 ], [ -10566173.515426499769092, 3474270.710240304004401 ], [ -10566344.94727343134582, 3474383.568156642839313 ], [ -10566421.757817087695003, 3474328.421612293459475 ], [ -10566410.625900791957974, 3474223.259228906128556 ], [ -10566357.192643405869603, 3474159.136102688498795 ], [ -10566121.013189058750868, 3474136.318634836468846 ], [ -10566074.030917815864086, 3474016.550215827301145 ], [ -10566141.8042077627033, 3474097.732904764357954 ], [ -10566186.731047954410315, 3474050.297515058424324 ], [ -10566141.23594007641077, 3474012.787352329585701 ], [ -10566196.095168037340045, 3473952.591345411725342 ], [ -10566245.089336380362511, 3473984.933203137479722 ], [ -10566248.942527754232287, 3473891.91529835248366 ], [ -10566317.174992118030787, 3473810.554203022271395 ], [ -10566467.321348842233419, 3473783.548123127315193 ], [ -10566557.747048472985625, 3473625.982928100973368 ], [ -10566675.225646559149027, 3473606.342574729118496 ], [ -10566713.432679316028953, 3473504.531689056195319 ], [ -10566605.826738895848393, 3473475.663182496093214 ], [ -10566713.825485691428185, 3473306.993554279208183 ], [ -10567128.222386203706264, 3473249.513358203228563 ], [ -10567087.39792644046247, 3473003.039972386788577 ], [ -10566924.989236380904913, 3473013.010022542905062 ], [ -10567022.455384232103825, 3472856.629300071392208 ], [ -10567272.074379116296768, 3472658.293607880827039 ], [ -10567893.40320535376668, 3472591.181592117995024 ], [ -10567903.889175975695252, 3472658.013609583489597 ], [ -10568373.861920986324549, 3472562.547586554195732 ], [ -10568368.082676270976663, 3472532.776878631673753 ], [ -10568486.617729220539331, 3472512.008150200825185 ], [ -10568497.861629704013467, 3472561.40708185499534 ], [ -10568549.94904750213027, 3472553.2714937874116 ], [ -10568569.916734950616956, 3472658.873253392521292 ], [ -10568722.98021874204278, 3472633.363145476207137 ], [ -10568681.482348755002022, 3472419.1316615534015 ], [ -10569070.730003481730819, 3472332.163030110765249 ], [ -10569041.922600811347365, 3472178.3560656090267 ], [ -10569531.497760843485594, 3472002.377486451063305 ], [ -10569542.594763, 3472060.80352572677657 ], [ -10569571.1824104283005, 3472056.03630642592907 ], [ -10569561.240740697830915, 3471994.613315848633647 ], [ -10569766.759872190654278, 3471947.876796092372388 ], [ -10569777.187442710623145, 3471998.637885470874608 ], [ -10569823.305798225104809, 3471986.767513218801469 ], [ -10569815.913602417334914, 3471934.931821869686246 ], [ -10570305.674709090963006, 3471789.712835985701531 ], [ -10570352.286192962899804, 3471681.596261139493436 ], [ -10570499.227979129180312, 3471646.463761189952493 ], [ -10571448.115734463557601, 3471502.344512417446822 ], [ -10572784.326524661853909, 3471468.874689599499106 ], [ -10572783.092317793518305, 3471564.833865476772189 ], [ -10572961.588811049237847, 3471561.759676332119852 ], [ -10572962.136946460232139, 3471493.378960114438087 ], [ -10573411.357419859617949, 3471445.787349698133767 ], [ -10573561.022704703733325, 3471379.134332133922726 ], [ -10573701.229247884824872, 3471461.564957469701767 ], [ -10573680.022384859621525, 3472171.375989553518593 ], [ -10573733.176252078264952, 3472131.863401904236525 ], [ -10574028.376857932657003, 3472232.400517450645566 ], [ -10574067.184179402887821, 3472389.941587632521987 ], [ -10574150.088780032470822, 3472326.950261869002134 ], [ -10574228.406668927520514, 3472442.974676940124482 ], [ -10574278.837692089378834, 3472438.587691390421242 ], [ -10574371.31574334576726, 3472496.906276002060622 ], [ -10574381.952496837824583, 3472643.034642572980374 ], [ -10574522.494635667651892, 3472584.743652401957661 ], [ -10574643.028527408838272, 3472491.214692492969334 ], [ -10574734.434434922412038, 3472368.710625006817281 ], [ -10574911.572279097512364, 3472464.385581202339381 ], [ -10574958.660340195521712, 3472524.909828679636121 ], [ -10575385.698996333405375, 3472706.992334525566548 ], [ -10575587.344689870253205, 3472877.636503860354424 ], [ -10575632.673910489305854, 3472967.253631921019405 ], [ -10575746.341572454199195, 3473002.324117402546108 ], [ -10575833.894738839939237, 3473193.169411680195481 ], [ -10575982.016303427517414, 3473364.421801736112684 ], [ -10576180.806044027209282, 3473523.852117777336389 ], [ -10576202.957937667146325, 3473584.369214350357652 ], [ -10576114.999684130772948, 3473691.684717911761254 ], [ -10576118.008832279592752, 3473828.035906918812543 ], [ -10576187.223257176578045, 3473934.00698882387951 ], [ -10576480.531353073194623, 3473768.706613188609481 ], [ -10576648.388892758637667, 3473958.471801690757275 ], [ -10576581.499865930527449, 3474005.938521361444145 ], [ -10576554.100871803238988, 3474089.954140500165522 ], [ -10576624.728633806109428, 3474080.506523210089654 ], [ -10576665.874505821615458, 3474038.646790850907564 ], [ -10576697.257974730804563, 3474076.270677877124399 ], [ -10576722.434410162270069, 3474199.124913373030722 ], [ -10576568.31334044598043, 3474242.219424569513649 ], [ -10576621.71021213568747, 3474310.206889239139855 ], [ -10576752.114845441654325, 3474365.020497827325016 ], [ -10576841.615201679989696, 3474365.015087760519236 ], [ -10576842.441622646525502, 3474292.685118490830064 ], [ -10576798.908573038876057, 3474244.821948809549212 ], [ -10576863.745905051007867, 3474187.242938649374992 ], [ -10576946.877180190756917, 3474296.646433969028294 ], [ -10576942.169838648289442, 3474640.777040619868785 ], [ -10577073.943800637498498, 3474732.948853422421962 ], [ -10577184.318394402042031, 3474728.184548966120929 ], [ -10577189.749447509646416, 3474918.604879135731608 ], [ -10577470.023619828745723, 3474898.918485698755831 ], [ -10577761.457537528127432, 3475169.279651401098818 ], [ -10577954.692784277722239, 3475273.250742048025131 ], [ -10577959.252181269228458, 3475443.662463155109435 ], [ -10578143.059109512716532, 3475484.520970684010535 ], [ -10578144.955103809013963, 3475556.132073571905494 ], [ -10578388.223850330337882, 3475603.058585999067873 ], [ -10578390.799782266840339, 3475489.432037552352995 ], [ -10578638.319015074521303, 3475608.981896977405995 ], [ -10578617.064912978559732, 3475654.743926336988807 ], [ -10578735.563332265242934, 3475675.416506480425596 ], [ -10578785.439401187002659, 3475762.163880646694452 ], [ -10578899.898684851825237, 3475793.085057390853763 ], [ -10578904.582943804562092, 3476008.306497375015169 ], [ -10579048.9588528200984, 3476065.398455064278096 ], [ -10579209.633752224966884, 3476073.327988525852561 ], [ -10579227.31098211184144, 3475887.66357495682314 ], [ -10579413.918654618784785, 3475976.498300850391388 ], [ -10579352.991409592330456, 3475980.178744965232909 ], [ -10579354.497632233425975, 3476043.953165776561946 ], [ -10579464.228772424161434, 3476044.01600221125409 ], [ -10579481.119123378768563, 3476008.488285672385246 ], [ -10579728.248098591342568, 3476127.390296650119126 ], [ -10579729.860994208604097, 3476302.138359162490815 ], [ -10579817.692169794812799, 3476264.688294157851487 ], [ -10579860.821131901815534, 3476194.861421668436378 ], [ -10580135.210857715457678, 3476323.070851167663932 ], [ -10580136.708325600251555, 3476386.205145043320954 ], [ -10580098.993990840390325, 3476365.620795326773077 ], [ -10580085.247623279690742, 3476393.645436928141862 ], [ -10580203.9193951562047, 3476481.321668691933155 ], [ -10580191.800576318055391, 3476542.490302954800427 ], [ -10580300.015255112200975, 3476686.844759732484818 ], [ -10580238.238035522401333, 3476683.17947912029922 ], [ -10580225.407330699265003, 3476739.407127957325429 ], [ -10580461.430246461182833, 3477025.962114300113171 ], [ -10580604.124187301844358, 3477086.948988817166537 ], [ -10580505.27248976752162, 3477347.734975968953222 ], [ -10580438.59208083152771, 3477432.398544260300696 ], [ -10579043.090938165783882, 3478657.902309476397932 ], [ -10578919.637667205184698, 3478724.100471429526806 ], [ -10578927.096133651211858, 3478844.69506686553359 ], [ -10578749.4301483258605, 3478849.185254830401391 ], [ -10578654.140702368691564, 3479062.794537243433297 ], [ -10578553.730535490438342, 3479180.056598007678986 ], [ -10578407.456741349771619, 3479240.484133201185614 ], [ -10578152.089733837172389, 3479162.351749335881323 ], [ -10577604.731802839785814, 3479178.260439857374877 ], [ -10577418.781785190105438, 3479239.929335956461728 ], [ -10577428.306326784193516, 3479436.315517902839929 ], [ -10577240.593284081667662, 3479440.46835511457175 ], [ -10577240.534516351297498, 3479533.487568138632923 ], [ -10577456.210439743474126, 3479530.730029799975455 ], [ -10577460.022010317072272, 3479672.476916403044015 ], [ -10577673.976268446072936, 3479759.151130663231015 ], [ -10577697.528906151652336, 3479939.524401765316725 ], [ -10577329.985118007287383, 3479952.206035801675171 ], [ -10577332.639241697266698, 3480305.67943870043382 ], [ -10577232.899771904572845, 3480306.888330926652998 ], [ -10577234.037980541586876, 3480394.307856468018144 ], [ -10576713.45201757363975, 3480407.097364366985857 ], [ -10576726.830631952732801, 3480945.061200885567814 ], [ -10576379.982409624382854, 3480955.751101555302739 ], [ -10576313.453953752294183, 3480931.751341055613011 ], [ -10576153.01437078230083, 3481005.710965069942176 ], [ -10575351.514038240537047, 3481031.630426252260804 ], [ -10575208.954293193295598, 3481079.038897641468793 ], [ -10575552.120065283030272, 3482833.404713113792241 ], [ -10575658.384449176490307, 3483071.548743542749435 ], [ -10575657.197322517633438, 3483371.146789084654301 ], [ -10574092.537809377536178, 3483413.73836560966447 ], [ -10574154.607127040624619, 3483829.603166432119906 ], [ -10574216.454650247469544, 3483923.487144269049168 ], [ -10573493.365227909758687, 3483945.383786802180111 ], [ -10573671.789966467767954, 3485032.484492888208479 ], [ -10573619.914971513673663, 3485167.257539569400251 ], [ -10573492.120156537741423, 3485222.450562539510429 ], [ -10572994.188253339380026, 3485281.237221377901733 ], [ -10572085.487432956695557, 3485447.459505412261933 ], [ -10571940.104237521067262, 3485411.518864741548896 ], [ -10571829.230031419545412, 3485430.515739399008453 ], [ -10571803.256023734807968, 3485475.806958679575473 ], [ -10571731.2927205581218, 3485407.775814454071224 ] ] ], [ [ [ -10572153.105747129768133, 3485837.994699520990252 ], [ -10572092.306703362613916, 3485763.287547237239778 ], [ -10572111.093690825626254, 3485770.550537256058306 ], [ -10572153.105747129768133, 3485837.994699520990252 ] ] ], [ [ [ -10572315.045540833845735, 3486036.975487397052348 ], [ -10572206.298193519935012, 3485903.354568768292665 ], [ -10572298.45562026463449, 3485952.91618301672861 ], [ -10572315.045540833845735, 3486036.975487397052348 ] ] ], [ [ [ -10572634.911190703511238, 3486429.989809673745185 ], [ -10572630.087059300392866, 3486424.062695055734366 ], [ -10572631.412036038935184, 3486424.918793222401291 ], [ -10572634.911190703511238, 3486429.989809673745185 ] ] ], [ [ [ -10572791.666989678516984, 3486670.682992844376713 ], [ -10572761.082165328785777, 3486585.009012429974973 ], [ -10572803.066598998382688, 3486614.392244996502995 ], [ -10572791.666989678516984, 3486670.682992844376713 ] ] ], [ [ [ -10572673.946184121072292, 3487087.45544355455786 ], [ -10572708.354137282818556, 3487045.306523041799664 ], [ -10572668.481170158833265, 3487232.767793744802475 ], [ -10572700.87511307746172, 3487416.989631852135062 ], [ -10572751.636799270287156, 3487512.503649458754808 ], [ -10572721.572103962302208, 3487641.59352974081412 ], [ -10572663.816258527338505, 3487269.107575811445713 ], [ -10572673.946184121072292, 3487087.45544355455786 ] ] ], [ [ [ -10572838.699118003249168, 3488396.949528608005494 ], [ -10572744.950960228219628, 3487792.367988580837846 ], [ -10572980.84332968480885, 3488102.549403105396777 ], [ -10573102.574414428323507, 3488334.18714203638956 ], [ -10572838.699118003249168, 3488396.949528608005494 ] ] ], [ [ [ -10573162.018529785797, 3488680.078526664059609 ], [ -10573229.5951639842242, 3488587.960136652458459 ], [ -10573284.628766370937228, 3488678.548869812861085 ], [ -10573162.018529785797, 3488680.078526664059609 ] ] ] ] } },
{ "type": "Feature", "properties": { "ZIP": "77532", "POSTAL": "CROSBY", "STATE": "TX", "ZIP_TYPE": "STANDARD", "bbox_minx": -10592160.645829979, "bbox_miny": 3483237.0915403198, "bbox_maxx": -10571803.256023735, "bbox_maxy": 3504632.8628202858, "label_x": -10583003.909694258, "label_y": 3493928.7298752139 }, "geometry": { "type": "Polygon", "coordinates": [ [ [ -10578822.414768490940332, 3502691.823451827280223 ], [ -10578811.101158557459712, 3502657.545607423875481 ], [ -10578649.843294290825725, 3502805.369055049028248 ], [ -10578575.994421422481537, 3502826.822826847434044 ], [ -10578513.109573299065232, 3502930.708738686516881 ], [ -10578285.854565348476171, 3503126.063185857608914 ], [ -10578105.462307563051581, 3503107.974515792913735 ], [ -10577791.096085280179977, 3503150.391587220598012 ], [ -10576593.662018585950136, 3502811.806152467615902 ], [ -10576489.087833786383271, 3502658.445284416899085 ], [ -10575556.852103134617209, 3502520.778302893973887 ], [ -10575335.277224810793996, 3502453.484917344991118 ], [ -10575142.940849939361215, 3501842.613943282980472 ], [ -10575023.121476927772164, 3501225.911461060866714 ], [ -10574870.288226414471865, 3501037.641116790473461 ], [ -10574825.322582762688398, 3500906.082021944224834 ], [ -10574851.912132875993848, 3500709.539369279053062 ], [ -10574070.623953565955162, 3500312.148128611966968 ], [ -10573788.699718916788697, 3500088.45570886740461 ], [ -10573722.353304538875818, 3499987.064966393169016 ], [ -10573655.339003147557378, 3499440.417296602390707 ], [ -10573601.905588366091251, 3499378.994804034475237 ], [ -10573511.402693906798959, 3499105.295538120437413 ], [ -10573355.59279272519052, 3498995.704294768162072 ], [ -10573198.483767004683614, 3498058.482136107515544 ], [ -10573227.872065575793386, 3497878.346941471565515 ], [ -10573256.035925613716245, 3497838.774070729501545 ], [ -10573556.58207618072629, 3497701.351508992258459 ], [ -10573598.009326670318842, 3497742.797432444058359 ], [ -10573688.0668316911906, 3497713.375104602891952 ], [ -10573836.889994572848082, 3497571.673314647283405 ], [ -10573970.039149643853307, 3497509.218905128538609 ], [ -10574318.246521322056651, 3496749.411615584976971 ], [ -10574279.01107514090836, 3496524.267699002288282 ], [ -10574457.84118977189064, 3495937.107557321432978 ], [ -10574653.181062964722514, 3495656.488031808752567 ], [ -10574759.850777370855212, 3495558.529540513642132 ], [ -10574873.730691060423851, 3495367.510716963093728 ], [ -10574958.66742012090981, 3494668.716499455273151 ], [ -10574900.558831019327044, 3494522.668097239919007 ], [ -10574809.165453149005771, 3494423.890589331742376 ], [ -10574646.522914821282029, 3494347.111999507062137 ], [ -10574711.13349530287087, 3493998.725074340123683 ], [ -10574858.702602734789252, 3493774.726538234390318 ], [ -10574963.342950871214271, 3493754.818041519261897 ], [ -10575011.098996136337519, 3493710.37711727572605 ], [ -10575211.140169529244304, 3493253.261419063899666 ], [ -10575075.072946757078171, 3493142.495538010727614 ], [ -10574753.982775092124939, 3492624.361300071235746 ], [ -10574650.646570486947894, 3492295.156546385958791 ], [ -10574557.806081855669618, 3492226.704876195173711 ], [ -10574486.784208623692393, 3492121.523860977962613 ], [ -10573994.529425788670778, 3491280.748207135125995 ], [ -10573620.857268571853638, 3489936.321624793577939 ], [ -10573679.184349806979299, 3489739.681554846465588 ], [ -10573809.739123789593577, 3489551.46960114268586 ], [ -10573790.703462986275554, 3489488.68221520492807 ], [ -10573704.200556239113212, 3489402.028454001061618 ], [ -10573706.768388820812106, 3489138.542087267152965 ], [ -10573604.799772497266531, 3489020.932173018809408 ], [ -10573420.436776917427778, 3488940.350956306327134 ], [ -10573229.5951639842242, 3488587.960136652458459 ], [ -10573399.30409493111074, 3488369.602816079743207 ], [ -10573102.574414428323507, 3488334.18714203638956 ], [ -10572980.84332968480885, 3488102.549403105396777 ], [ -10572744.950960228219628, 3487792.367988580837846 ], [ -10572721.572103962302208, 3487641.59352974081412 ], [ -10572751.636799270287156, 3487512.503649458754808 ], [ -10572700.87511307746172, 3487416.989631852135062 ], [ -10572668.481170158833265, 3487232.767793744802475 ], [ -10572708.354137282818556, 3487045.306523041799664 ], [ -10572809.867448415607214, 3486920.953745507635176 ], [ -10572803.066598998382688, 3486614.392244996502995 ], [ -10572315.045540833845735, 3486036.975487397052348 ], [ -10572298.45562026463449, 3485952.91618301672861 ], [ -10572206.298193519935012, 3485903.354568768292665 ], [ -10572111.093690825626254, 3485770.550537256058306 ], [ -10571803.256023734807968, 3485475.806958679575473 ], [ -10571829.230031419545412, 3485430.515739399008453 ], [ -10571940.104237521067262, 3485411.518864741548896 ], [ -10572085.487432956695557, 3485447.459505412261933 ], [ -10572994.188253339380026, 3485281.237221377901733 ], [ -10573492.120156537741423, 3485222.450562539510429 ], [ -10573619.914971513673663, 3485167.257539569400251 ], [ -10573671.789966467767954, 3485032.484492888208479 ], [ -10573493.365227909758687, 3483945.383786802180111 ], [ -10574216.454650247469544, 3483923.487144269049168 ], [ -10574154.607127040624619, 3483829.603166432119906 ], [ -10574092.537809377536178, 3483413.73836560966447 ], [ -10575632.373121723532677, 3483380.387112486641854 ], [ -10575665.245232321321964, 3483306.345667049754411 ], [ -10577805.946045279502869, 3483276.016965894028544 ], [ -10577799.469565782696009, 3483352.798949396237731 ], [ -10578439.361847015097737, 3483341.541516152210534 ], [ -10578447.566105395555496, 3483267.225501822773367 ], [ -10578547.515461355447769, 3483271.562541733961552 ], [ -10578551.421516483649611, 3483816.66710910666734 ], [ -10578849.905964320525527, 3483814.695373778231442 ], [ -10578848.500759974122047, 3483471.037687178235501 ], [ -10579054.703574141487479, 3483448.93885553907603 ], [ -10579060.405285028740764, 3483257.409236930310726 ], [ -10580306.40035292506218, 3483237.09154031984508 ], [ -10580307.690563062205911, 3483578.334228373132646 ], [ -10580809.259249916300178, 3483545.506345837842673 ], [ -10580828.089493606239557, 3483980.629498457536101 ], [ -10584142.765561519190669, 3483940.934612025506794 ], [ -10584155.417077576741576, 3483993.020124209113419 ], [ -10585170.971416106447577, 3483997.341024586930871 ], [ -10585361.498857324942946, 3484083.58073150087148 ], [ -10585207.853097856044769, 3484369.013442236930132 ], [ -10585501.068663738667965, 3484901.283484016545117 ], [ -10585797.289853010326624, 3485706.212481507100165 ], [ -10585756.324129009619355, 3486745.339924139901996 ], [ -10585810.314176300540566, 3486962.803629003465176 ], [ -10585852.392932651564479, 3487381.823067572433501 ], [ -10585774.023960461840034, 3487889.440420587081462 ], [ -10585831.353538181632757, 3488153.142258863896132 ], [ -10585871.094584604725242, 3488183.441460973117501 ], [ -10586008.574111053720117, 3488535.994805191643536 ], [ -10586035.402209660038352, 3489053.287520851474255 ], [ -10586178.113707531243563, 3489335.63111907010898 ], [ -10586281.418267888948321, 3489501.522149352822453 ], [ -10586411.439435198903084, 3489636.342149809468538 ], [ -10586861.838036423549056, 3489992.787771652918309 ], [ -10587050.190606232732534, 3489991.24690169794485 ], [ -10587260.807136522606015, 3489907.14225607784465 ], [ -10587708.200133956968784, 3489610.405326413456351 ], [ -10587845.234412679448724, 3489627.354130238760263 ], [ -10588074.329936377704144, 3489815.719326247926801 ], [ -10588189.545682361349463, 3490019.752724792808294 ], [ -10588371.886957025155425, 3490648.694001860916615 ], [ -10588915.126119907945395, 3491131.399768707808107 ], [ -10588943.957773203030229, 3491175.960130631923676 ], [ -10588927.148560956120491, 3491216.925068339798599 ], [ -10589024.107879864051938, 3491250.698610228486359 ], [ -10589160.585554860532284, 3491470.293550877831876 ], [ -10589143.77632668428123, 3491732.913464131299406 ], [ -10589035.907730929553509, 3492333.299573969561607 ], [ -10589196.319118864834309, 3492694.058480434119701 ], [ -10589307.861185029149055, 3492798.345297989435494 ], [ -10589330.049443984404206, 3492778.583670586813241 ], [ -10590853.421074863523245, 3493388.506341641303152 ], [ -10592160.645829979330301, 3495201.800462240818888 ], [ -10591839.155089378356934, 3498257.507604700978845 ], [ -10590676.534406043589115, 3500045.534832146484405 ], [ -10590007.838186856359243, 3501957.324075838085264 ], [ -10589809.244294729083776, 3502748.674758828245103 ], [ -10589890.248097077012062, 3503429.660379057750106 ], [ -10586203.297104991972446, 3503531.318099484313279 ], [ -10586209.586987713351846, 3503886.738163353409618 ], [ -10586090.752051237970591, 3503888.324029561132193 ], [ -10586091.291665226221085, 3503968.713028528727591 ], [ -10585848.969335714355111, 3503972.590846207924187 ], [ -10585849.08969946578145, 3504030.629052209667861 ], [ -10585788.696658313274384, 3504034.805854741949588 ], [ -10585788.589809935539961, 3504119.548603477887809 ], [ -10584937.290727654471993, 3504153.482723360415548 ], [ -10584944.813375214114785, 3504611.396514404565096 ], [ -10584319.543047159910202, 3504625.060435400344431 ], [ -10584280.244308684021235, 3504133.055019336286932 ], [ -10581034.87405995093286, 3504190.35568720381707 ], [ -10581060.604434464126825, 3504594.166456471662968 ], [ -10581026.471527170389891, 3504632.862820285838097 ], [ -10580825.458577444776893, 3504365.069164291489869 ], [ -10580515.727413885295391, 3504151.147564365528524 ], [ -10580550.624564068391919, 3504021.853798932395875 ], [ -10580539.495926713570952, 3503898.672064890153706 ], [ -10580409.67730438709259, 3503671.68085554568097 ], [ -10579932.618358852341771, 3503551.84043996501714 ], [ -10579745.028262861073017, 3503453.354921331163496 ], [ -10579626.476326715201139, 3503345.706616936717182 ], [ -10579580.9043093547225, 3503225.194321217015386 ], [ -10579411.872709270566702, 3503142.687924803700298 ], [ -10579349.496943578124046, 3503067.65224535856396 ], [ -10579315.630724674090743, 3502713.465549197979271 ], [ -10579269.028980577364564, 3502623.620605220552534 ], [ -10579124.373121248558164, 3502611.014605716336519 ], [ -10579000.786869533360004, 3502652.846950102131814 ], [ -10578910.038378816097975, 3502626.728054529521614 ], [ -10578822.414768490940332, 3502691.823451827280223 ] ] ] } },
{ "type": "Feature", "properties": { "ZIP": "77345", "POSTAL": "KINGWOOD", "STATE": "TX", "ZIP_TYPE": "STANDARD", "bbox_minx": -10596738.103317762, "bbox_miny": 3506919.2112572775, "bbox_maxx": -10589929.914559135, "bbox_maxy": 3514915.0657877633, "label_x": -10593668.410505475, "label_y": 3510865.1998102413 }, "geometry": { "type": "Polygon", "coordinates": [ [ [ -10593735.089392974972725, 3514654.341124516911805 ], [ -10593666.860132219269872, 3514645.210288777481765 ], [ -10593364.293107217177749, 3514283.059050996787846 ], [ -10593073.637719983235002, 3514103.338604121934623 ], [ -10592590.578002838417888, 3513921.463714932557195 ], [ -10592290.906266532838345, 3513545.309191100299358 ], [ -10592142.419851768761873, 3513134.140284561552107 ], [ -10591629.849564712494612, 3512697.323012967128307 ], [ -10591522.452089410275221, 3512465.407579983584583 ], [ -10591478.938873643055558, 3512021.608598878607154 ], [ -10591372.82118565775454, 3511809.205459261778742 ], [ -10591217.990223528817296, 3511684.271277382969856 ], [ -10591112.413447039201856, 3511548.683195397257805 ], [ -10591038.346807762980461, 3511291.272114797960967 ], [ -10590903.277371207252145, 3511142.37196674849838 ], [ -10591507.563356906175613, 3510627.551423828117549 ], [ -10590433.852867549285293, 3509402.681743109133095 ], [ -10590398.564843960106373, 3509420.488892982713878 ], [ -10590391.042895065620542, 3509518.875576896127313 ], [ -10590285.940998794510961, 3509734.041015435941517 ], [ -10590164.192779876291752, 3509789.991616694722325 ], [ -10589976.040751941502094, 3509376.419232256710529 ], [ -10590166.169051198288798, 3509260.422877778764814 ], [ -10590231.250239474698901, 3509171.53321441821754 ], [ -10589929.914559135213494, 3508805.926659774966538 ], [ -10590101.68050323985517, 3508656.11597092077136 ], [ -10590064.726862818002701, 3508425.692431817296892 ], [ -10590405.694133426994085, 3507955.693544106557965 ], [ -10590704.475582709535956, 3507896.158846662379801 ], [ -10590926.223939714953303, 3507733.629093704745173 ], [ -10591295.582114174962044, 3508100.22419923869893 ], [ -10591192.166232584044337, 3508438.154039208311588 ], [ -10591523.11906018294394, 3508712.953806126955897 ], [ -10591683.641742078587413, 3508680.677035501692444 ], [ -10591890.807467460632324, 3508496.662696270272136 ], [ -10592631.749878790229559, 3508923.076181086711586 ], [ -10592665.479676220566034, 3508879.22533840034157 ], [ -10593044.077283598482609, 3508707.938680287450552 ], [ -10593689.525847144424915, 3508768.226677381433547 ], [ -10593861.607605205848813, 3508618.052716831211001 ], [ -10593918.603180268779397, 3508446.255182797089219 ], [ -10593958.010354308411479, 3508437.768341874703765 ], [ -10594015.673857202753425, 3508351.484724678564817 ], [ -10593738.710864981636405, 3507978.838964124210179 ], [ -10593569.50523248873651, 3507661.237230674363673 ], [ -10595050.499754518270493, 3506919.211257277522236 ], [ -10594834.539969339966774, 3507631.534662630409002 ], [ -10594811.496871026232839, 3507602.732420534826815 ], [ -10594769.418091809377074, 3507728.614385722670704 ], [ -10594732.014786172658205, 3507974.852793486788869 ], [ -10594770.531319785863161, 3508224.825069355312735 ], [ -10595067.865603702142835, 3508885.655061673838645 ], [ -10595601.420015890151262, 3509497.650943104177713 ], [ -10595774.299122225493193, 3509780.061137404758483 ], [ -10595866.805610064417124, 3509997.660121854860336 ], [ -10596095.567201398313046, 3510779.992725972086191 ], [ -10596186.51523270830512, 3511357.995339530985802 ], [ -10596199.984818521887064, 3511836.597344859037548 ], [ -10596273.816700058057904, 3512046.533225469756871 ], [ -10596365.628236038610339, 3512744.588615058921278 ], [ -10596627.006387565284967, 3513231.475589680485427 ], [ -10596719.067657196894288, 3513631.80447403807193 ], [ -10596733.984487833455205, 3513899.512202553916723 ], [ -10596514.582798946648836, 3514348.886199445929378 ], [ -10595523.839632775634527, 3513647.507218865212053 ], [ -10594639.129197087138891, 3514915.065787763334811 ], [ -10594556.018608590587974, 3514846.632962016854435 ], [ -10594476.536557616665959, 3514857.954524975270033 ], [ -10594223.841261949390173, 3514770.212305601686239 ], [ -10594161.947668569162488, 3514696.62240435089916 ], [ -10594103.504932563751936, 3514684.529027059208602 ], [ -10594042.947134464979172, 3514722.095802017487586 ], [ -10593892.331853270530701, 3514627.921757949981838 ], [ -10593791.699014950543642, 3514664.716422903817147 ], [ -10593821.309984317049384, 3514586.88174242945388 ], [ -10593803.721510402858257, 3514559.350256240926683 ], [ -10593735.089392974972725, 3514654.341124516911805 ] ] ] } },
{ "type": "Feature", "properties": { "ZIP": "77339", "POSTAL": "KINGWOOD", "STATE": "TX", "ZIP_TYPE": "STANDARD", "bbox_minx": -10604659.900741115, "bbox_miny": 3505950.3095653304, "bbox_maxx": -10594732.014786173, "bbox_maxy": 3514769.7064415845, "label_x": -10598877.159492102, "label_y": 3510433.0649249847 }, "geometry": { "type": "Polygon", "coordinates": [ [ [ -10596514.582798946648836, 3514348.886199445929378 ], [ -10596733.984487833455205, 3513899.512202553916723 ], [ -10596719.067657196894288, 3513631.80447403807193 ], [ -10596627.006387565284967, 3513231.475589680485427 ], [ -10596416.056043479591608, 3512867.691381397191435 ], [ -10596350.154892381280661, 3512674.612124843988568 ], [ -10596273.816700058057904, 3512046.533225469756871 ], [ -10596199.984818521887064, 3511836.597344859037548 ], [ -10596186.51523270830512, 3511357.995339530985802 ], [ -10596095.567201398313046, 3510779.992725972086191 ], [ -10595866.805610064417124, 3509997.660121854860336 ], [ -10595774.299122225493193, 3509780.061137404758483 ], [ -10595563.014762550592422, 3509444.924713349435478 ], [ -10595067.865603702142835, 3508885.655061673838645 ], [ -10594792.349918207153678, 3508288.476195137016475 ], [ -10594736.801512850448489, 3508066.663098696619272 ], [ -10594769.418091809377074, 3507728.614385722670704 ], [ -10594811.496871026232839, 3507602.732420534826815 ], [ -10594834.539969339966774, 3507631.534662630409002 ], [ -10595050.499754518270493, 3506919.211257277522236 ], [ -10595924.580539856106043, 3506341.924183875322342 ], [ -10596747.342835681512952, 3506467.665157672949135 ], [ -10597115.142351316288114, 3506600.350204908754677 ], [ -10597340.452980330213904, 3506778.937195055186749 ], [ -10598040.541297668591142, 3506942.611797098070383 ], [ -10598742.299445936456323, 3506648.178781591821462 ], [ -10599557.818093916401267, 3506653.042388424277306 ], [ -10599913.157815147191286, 3506525.136134810280055 ], [ -10600287.636631160974503, 3506311.453398495446891 ], [ -10600626.493105016648769, 3506030.019936258904636 ], [ -10601209.250556955114007, 3505950.309565330389887 ], [ -10601641.058884974569082, 3506116.287892272695899 ], [ -10602541.856269842013717, 3506873.824477128684521 ], [ -10602779.189402271062136, 3506958.555158917792141 ], [ -10604011.273610636591911, 3506980.670120253227651 ], [ -10604339.905140908434987, 3507064.66153163369745 ], [ -10604659.90074111521244, 3507766.886337914504111 ], [ -10602037.578958379104733, 3510168.964099138043821 ], [ -10600076.797424683347344, 3512025.805100535973907 ], [ -10600064.552297703921795, 3512345.316534340381622 ], [ -10599731.706906603649259, 3512360.237682042177767 ], [ -10599687.968125063925982, 3512391.889986345544457 ], [ -10598060.244806027039886, 3513866.321946460288018 ], [ -10597144.762372210621834, 3514769.706441584508866 ], [ -10596514.582798946648836, 3514348.886199445929378 ] ] ] } },
{ "type": "Feature", "properties": { "ZIP": "77003", "POSTAL": "HOUSTON", "STATE": "TX", "ZIP_TYPE": "STANDARD", "bbox_minx": -10616254.649307694, "bbox_miny": 3469148.9312401661, "bbox_maxx": -10611612.887651864, "bbox_maxy": 3473573.8069312321, "label_x": -10613943.195449349, "label_y": 3471359.4615792148 }, "geometry": { "type": "Polygon", "coordinates": [ [ [ -10611682.09692881628871, 3472733.254955047275871 ], [ -10611860.613824354484677, 3472295.377704256214201 ], [ -10611657.703148735687137, 3472230.28175101801753 ], [ -10611671.003955073654652, 3472207.686648956965655 ], [ -10611612.887651864439249, 3472167.333587794099003 ], [ -10611820.433214735239744, 3471795.842246666550636 ], [ -10611900.857320297509432, 3471807.022364958655089 ], [ -10612091.025594649836421, 3471495.980978684965521 ], [ -10611977.165209634229541, 3471465.624525030143559 ], [ -10612048.067202055826783, 3471355.92610824899748 ], [ -10612084.210709968581796, 3471369.315583026967943 ], [ -10612249.729524133726954, 3470912.262801944743842 ], [ -10612386.650753894820809, 3470733.43880690028891 ], [ -10612566.86603019759059, 3470812.977913679089397 ], [ -10612672.241085346788168, 3470672.24426062963903 ], [ -10613130.769644372165203, 3470839.681150326505303 ], [ -10613288.509607637301087, 3470610.438961126375943 ], [ -10613494.603122320026159, 3470662.201608240138739 ], [ -10613420.029139434918761, 3470361.348700698465109 ], [ -10613291.550111170858145, 3470311.077292179688811 ], [ -10613316.704911980777979, 3470238.082049485761672 ], [ -10613364.530874483287334, 3470249.759664132725447 ], [ -10613329.159988375380635, 3470127.712413317058235 ], [ -10613415.752946477383375, 3469927.985371981747448 ], [ -10613292.451360551640391, 3469884.715299728326499 ], [ -10613248.534880632534623, 3469729.206677073147148 ], [ -10613344.005308302119374, 3469454.215768561698496 ], [ -10613390.561757069081068, 3469471.008777934126556 ], [ -10613442.760947424918413, 3469343.399798443540931 ], [ -10613375.217577004805207, 3469319.207932924851775 ], [ -10613450.46350016631186, 3469148.931240166071802 ], [ -10613857.142927337437868, 3469507.363689007703215 ], [ -10614857.348153719678521, 3470243.634897549636662 ], [ -10615009.70703281275928, 3470264.195566338021308 ], [ -10615223.299433507025242, 3469956.991976507473737 ], [ -10615800.857032004743814, 3470328.019566821865737 ], [ -10615647.233681870624423, 3470560.998344775754958 ], [ -10615838.035244468599558, 3470694.209192072041333 ], [ -10615969.726187145337462, 3470507.534851114265621 ], [ -10616254.649307694286108, 3470699.873123757075518 ], [ -10616120.798357443884015, 3470892.979390590917319 ], [ -10616026.856918908655643, 3470829.484353172127157 ], [ -10615983.887536333873868, 3470889.231578221544623 ], [ -10616079.043198943138123, 3470952.783775439951569 ], [ -10615718.204791534692049, 3471474.872556880582124 ], [ -10615624.549400940537453, 3471408.703776727430522 ], [ -10615493.625201884657145, 3471597.455162195954472 ], [ -10615232.308987580239773, 3471419.246519484557211 ], [ -10614908.001456739380956, 3471904.72757613658905 ], [ -10615171.625849567353725, 3472074.599689215421677 ], [ -10615105.406119465827942, 3472168.125862583052367 ], [ -10615161.564322324469686, 3472205.515820655040443 ], [ -10615093.854582777246833, 3472307.029302812181413 ], [ -10614558.630073744803667, 3471944.213078742381185 ], [ -10614235.52957609295845, 3472404.315679580904543 ], [ -10614132.526338027790189, 3472291.10492669371888 ], [ -10614100.285617016255856, 3472338.584686106536537 ], [ -10613992.955146409571171, 3472268.075616638176143 ], [ -10613942.671699501574039, 3472356.533602765761316 ], [ -10614094.552363593131304, 3472469.715802826918662 ], [ -10614025.64911262691021, 3472542.756074080709368 ], [ -10614289.62524376064539, 3472740.088938297703862 ], [ -10614339.73735666833818, 3472663.844926730263978 ], [ -10614369.599747959524393, 3472682.081813971046358 ], [ -10614298.800369212403893, 3472883.278001346625388 ], [ -10614419.066249603405595, 3473106.337708888575435 ], [ -10614459.446910437196493, 3473064.284827190451324 ], [ -10614540.626874450594187, 3473147.201651056297123 ], [ -10614535.495759103447199, 3473227.0309739257209 ], [ -10614435.50932907499373, 3473222.383710311725736 ], [ -10614408.003551023080945, 3473399.882623692508787 ], [ -10614258.539206983521581, 3473433.128327544312924 ], [ -10614126.180314866825938, 3473555.468585970345885 ], [ -10614020.204158097505569, 3473565.856078053824604 ], [ -10613953.523802135139704, 3473525.460462016519159 ], [ -10613934.154270056635141, 3473072.398125497158617 ], [ -10613849.217539181932807, 3472992.507964466698468 ], [ -10613580.714958176016808, 3473012.384273500647396 ], [ -10613270.022333946079016, 3472906.847687612753361 ], [ -10612968.012561116367579, 3473019.693501215428114 ], [ -10612599.990338968113065, 3472950.575294676236808 ], [ -10612442.260706350207329, 3472860.483898349571973 ], [ -10612442.916605507954955, 3472613.528239484876394 ], [ -10612409.298206934705377, 3472537.359560084994882 ], [ -10612362.210199035704136, 3472518.381510219536722 ], [ -10612069.77476661093533, 3472718.677648948971182 ], [ -10611682.09692881628871, 3472733.254955047275871 ] ] ] } },
{ "type": "Feature", "properties": { "ZIP": "77011", "POSTAL": "HOUSTON", "STATE": "TX", "ZIP_TYPE": "STANDARD", "bbox_minx": -10612432.411560548, "bbox_miny": 3467913.9008797957, "bbox_maxx": -10606824.789823689, "bbox_maxy": 3472734.1936158119, "label_x": -10609562.664056946, "label_y": 3470317.0394165516 }, "geometry": { "type": "Polygon", "coordinates": [ [ [ -10608012.389928521588445, 3471081.164749668445438 ], [ -10607421.100910348817706, 3471471.394058276899159 ], [ -10606824.789823688566685, 3470500.132361038587987 ], [ -10607113.169946860522032, 3470421.11356169776991 ], [ -10607192.610623311251402, 3470448.356090473011136 ], [ -10607222.44429549947381, 3470359.635971389245242 ], [ -10607443.302250193431973, 3470436.432760517112911 ], [ -10607551.783148666843772, 3469997.199135208502412 ], [ -10607887.746797116473317, 3469166.568570615723729 ], [ -10607835.076748076826334, 3469110.628559309523553 ], [ -10607868.359659399837255, 3469021.111469871830195 ], [ -10607939.493715861812234, 3468871.482963748741895 ], [ -10607988.858126115053892, 3468913.959996062330902 ], [ -10608147.724300015717745, 3468721.995531090535223 ], [ -10608178.893806105479598, 3468627.646792562678456 ], [ -10608518.863563029095531, 3468581.498182422947139 ], [ -10608917.609977960586548, 3468733.532745270989835 ], [ -10608991.748710574582219, 3468868.519395700190216 ], [ -10609052.751802749931812, 3468901.593244046904147 ], [ -10609101.398432498797774, 3468890.568610979709774 ], [ -10609173.088164914399385, 3468762.760498481802642 ], [ -10609218.395242884755135, 3468589.7024294459261 ], [ -10609321.36575797572732, 3468542.65673943515867 ], [ -10609353.648372476920485, 3468493.431864914484322 ], [ -10609301.550942618399858, 3468324.479388855397701 ], [ -10609328.26758081279695, 3468156.170096322894096 ], [ -10609306.560359686613083, 3467913.900879795663059 ], [ -10609658.886507410556078, 3468094.512779318261892 ], [ -10610045.483286991715431, 3468232.267622538842261 ], [ -10610007.981838185340166, 3468328.063039718195796 ], [ -10609962.825085274875164, 3468313.559863932430744 ], [ -10609622.938085129484534, 3469260.556018834467977 ], [ -10609678.570552283897996, 3469268.275155520066619 ], [ -10609876.212538925930858, 3469168.901883362326771 ], [ -10610136.787366982549429, 3469158.932046276982874 ], [ -10610158.691604947671294, 3469235.818427068646997 ], [ -10610116.067521998658776, 3469363.858064324595034 ], [ -10610143.150751281529665, 3469422.687709762714803 ], [ -10610127.8194515183568, 3469491.324836475774646 ], [ -10610192.260910473763943, 3469514.514397033024579 ], [ -10610111.783171197399497, 3469747.422689334489405 ], [ -10612432.411560548469424, 3470585.268033016007394 ], [ -10612345.359714055433869, 3470712.325029350351542 ], [ -10612386.650753894820809, 3470733.43880690028891 ], [ -10612249.729524133726954, 3470912.262801944743842 ], [ -10612084.210709968581796, 3471369.315583026967943 ], [ -10612048.067202055826783, 3471355.92610824899748 ], [ -10611977.165209634229541, 3471465.624525030143559 ], [ -10612091.025594649836421, 3471495.980978684965521 ], [ -10611900.857320297509432, 3471807.022364958655089 ], [ -10611820.433214735239744, 3471795.842246666550636 ], [ -10611612.887651864439249, 3472167.333587794099003 ], [ -10611671.003955073654652, 3472207.686648956965655 ], [ -10611657.703148735687137, 3472230.28175101801753 ], [ -10611860.613824354484677, 3472295.377704256214201 ], [ -10611682.09692881628871, 3472733.254955047275871 ], [ -10611538.003124048933387, 3472692.646691522561014 ], [ -10611365.458319952711463, 3472475.553018517792225 ], [ -10611231.430087544023991, 3472363.481330327689648 ], [ -10610686.411418782547116, 3472081.511046264320612 ], [ -10610562.290515733882785, 3472072.278844044078141 ], [ -10610311.822363499552011, 3472165.370579149574041 ], [ -10610194.046714559197426, 3472170.371488611213863 ], [ -10609663.722236132249236, 3472063.174912179354578 ], [ -10609537.486309681087732, 3472090.615164450835437 ], [ -10609406.240993453189731, 3472180.885996699333191 ], [ -10609292.695385729894042, 3472210.506328422576189 ], [ -10609199.409958714619279, 3472175.885195729788393 ], [ -10608970.760308654978871, 3471872.762257599271834 ], [ -10608849.311133291572332, 3471805.701865496113896 ], [ -10608779.959265369921923, 3471814.164529643021524 ], [ -10608617.878570822998881, 3472002.396532106678933 ], [ -10608441.771607143804431, 3471988.291821429971606 ], [ -10608118.602325024083257, 3471629.57787550194189 ], [ -10608158.464347114786506, 3471441.170690861996263 ], [ -10608284.700259268283844, 3471279.487906293943524 ], [ -10608311.305580167099833, 3471138.449775835964829 ], [ -10608279.802279222756624, 3471108.831969040445983 ], [ -10608012.389928521588445, 3471081.164749668445438 ] ] ] } },
{ "type": "Feature", "properties": { "ZIP": "77571", "POSTAL": "LA PORTE", "STATE": "TX", "ZIP_TYPE": "STANDARD", "bbox_minx": -10587931.202213882, "bbox_miny": 3454081.2568088653, "bbox_maxx": -10573154.842926301, "bbox_maxy": 3473257.6096065729, "label_x": -10579926.833912916, "label_y": 3463699.4744474599 }, "geometry": { "type": "Polygon", "coordinates": [ [ [ -10573154.842926301062107, 3462348.034352748189121 ], [ -10573969.81649730540812, 3461634.215606362558901 ], [ -10575351.625387374311686, 3460635.166239055339247 ], [ -10575531.072406219318509, 3460484.252119683194906 ], [ -10575549.32874140329659, 3460388.426468281075358 ], [ -10575618.124176787212491, 3460400.084380724467337 ], [ -10575576.045504687353969, 3460296.829145829658955 ], [ -10575634.265585033223033, 3460273.001094708684832 ], [ -10575629.36748026125133, 3460207.41020967066288 ], [ -10575682.689547015354037, 3460191.268664365634322 ], [ -10575862.915744982659817, 3459951.070865939371288 ], [ -10575956.869393929839134, 3459873.696075887884945 ], [ -10576652.17087135463953, 3458614.115066927392036 ], [ -10577144.537036551162601, 3457141.152039823122323 ], [ -10577126.392055306583643, 3456970.683409668039531 ], [ -10577091.994331702589989, 3456946.733508116099983 ], [ -10577036.891155950725079, 3456357.988439896609634 ], [ -10576965.424007941037416, 3456279.09836068470031 ], [ -10576854.327139243483543, 3455974.684717446565628 ], [ -10576623.784531060606241, 3455767.60550415283069 ], [ -10576304.297602381557226, 3455260.614816395565867 ], [ -10575951.303456885740161, 3454976.71385343093425 ], [ -10575676.121630305424333, 3454699.093759625218809 ], [ -10575501.016126168891788, 3454631.482342726085335 ], [ -10575438.557449527084827, 3454711.662427735049278 ], [ -10575402.778878703713417, 3454679.743940551765263 ], [ -10575478.529570963233709, 3454574.371558716055006 ], [ -10575369.993080295622349, 3454508.809604068286717 ], [ -10575293.803126070648432, 3454582.532754410523921 ], [ -10575249.452894262969494, 3454542.970065667293966 ], [ -10575277.263936500996351, 3454488.705795221962035 ], [ -10575195.221441961824894, 3454351.436713140457869 ], [ -10575027.685616401955485, 3454193.041422023437917 ], [ -10575070.320960685610771, 3454112.11588709615171 ], [ -10575178.968844685703516, 3454142.334827321115881 ], [ -10575997.946370858699083, 3454085.866418837569654 ], [ -10576116.278948493301868, 3454114.164656304754317 ], [ -10576630.574998717755079, 3454081.25680886534974 ], [ -10576741.226556880399585, 3454121.463320928160101 ], [ -10577381.536309523507953, 3454121.463228116743267 ], [ -10577454.784499099478126, 3454161.669924543239176 ], [ -10577731.302141204476357, 3454205.077900957781821 ], [ -10577992.457619337365031, 3454138.109296238049865 ], [ -10578026.187447015196085, 3454159.493188975378871 ], [ -10579086.171600382775068, 3454084.457924773916602 ], [ -10579134.150293787941337, 3454739.814413925167173 ], [ -10579344.655457399785519, 3454736.485051605384797 ], [ -10579672.380091432482004, 3456889.868577030021697 ], [ -10579692.640965843573213, 3458584.576394035480917 ], [ -10579822.186899026855826, 3458569.303941191639751 ], [ -10579821.629852063953876, 3458545.384903367143124 ], [ -10581104.294061819091439, 3458515.942271734587848 ], [ -10581102.709032122045755, 3458808.405819569248706 ], [ -10581441.216767447069287, 3458808.061042606364936 ], [ -10581451.018854370340705, 3458641.566167489159852 ], [ -10581742.900334933772683, 3458620.778629478532821 ], [ -10581858.418804403394461, 3458624.634391035418957 ], [ -10581857.347579400986433, 3458807.624956265091896 ], [ -10582801.904921574518085, 3458806.765507926698774 ], [ -10584286.511520508676767, 3458863.439726905431598 ], [ -10584670.736518040299416, 3458858.899477562867105 ], [ -10585209.411599596962333, 3458793.059608781710267 ], [ -10586262.307381693273783, 3458769.320193045772612 ], [ -10586262.842400731518865, 3459104.007846283726394 ], [ -10586595.164373956620693, 3459093.275219875853509 ], [ -10586657.723003927618265, 3459122.225479124579579 ], [ -10587011.252942780032754, 3459117.374991002026945 ], [ -10587007.534107809886336, 3458737.037704438902438 ], [ -10587450.337083589285612, 3458738.919208167586476 ], [ -10587463.429242135956883, 3458836.36815623473376 ], [ -10587563.745091509073973, 3458830.733503595925868 ], [ -10587634.261864922940731, 3458868.004410794004798 ], [ -10587736.844286119565368, 3458865.914352142717689 ], [ -10587764.639950083568692, 3458821.253801545593888 ], [ -10587743.711126582697034, 3458740.157367222476751 ], [ -10587866.817255396395922, 3458733.905579809099436 ], [ -10587885.202415965497494, 3460136.61726132594049 ], [ -10587695.364866374060512, 3460139.24190324684605 ], [ -10587691.724864114075899, 3460423.015845140907913 ], [ -10587917.965741349384189, 3460417.764121406711638 ], [ -10587931.202213881537318, 3460561.88346240343526 ], [ -10587604.518204526975751, 3460559.964955031406134 ], [ -10587613.472540119662881, 3460996.289741941727698 ], [ -10586928.476028507575393, 3461010.130633387714624 ], [ -10586921.674594918265939, 3460719.058251480106264 ], [ -10586837.518425684422255, 3460717.496739112306386 ], [ -10586832.796078156679869, 3460435.990211389493197 ], [ -10586788.200544515624642, 3460436.877220204100013 ], [ -10586781.428296996280551, 3460588.465598404873163 ], [ -10586742.881917685270309, 3460589.299686214886606 ], [ -10586759.04807298257947, 3461340.732309983577579 ], [ -10585641.29405227676034, 3461396.792717224918306 ], [ -10585640.329256135970354, 3461783.349448011722416 ], [ -10585205.435488328337669, 3461789.325153726618737 ], [ -10585217.46896487660706, 3462071.661336776334792 ], [ -10585315.541481703519821, 3462124.788022744935006 ], [ -10585319.363905131816864, 3462378.457040467765182 ], [ -10585215.630734123289585, 3462380.036283616442233 ], [ -10585216.703882994130254, 3462468.51751451054588 ], [ -10585317.58103010058403, 3462466.364033218938857 ], [ -10585333.303090117871761, 3463118.745326028205454 ], [ -10585407.153065834194422, 3463117.362304992042482 ], [ -10585423.350833075121045, 3463450.113312623929232 ], [ -10585652.072370490059257, 3463444.869121703319252 ], [ -10585661.681675959378481, 3463949.339584107510746 ], [ -10585688.612712552770972, 3463948.835582296364009 ], [ -10585690.971846155822277, 3464154.829277134034783 ], [ -10585716.028657143935561, 3464154.419685973320156 ], [ -10585725.539690140634775, 3464435.122181951068342 ], [ -10585865.382597468793392, 3464434.703374255914241 ], [ -10585870.681879993528128, 3464683.996935870498419 ], [ -10585800.949380254372954, 3464691.610496840439737 ], [ -10585800.594667518511415, 3464717.411792628932744 ], [ -10585871.44497169367969, 3464804.360090882051736 ], [ -10586041.292979422956705, 3464828.588934340979904 ], [ -10586046.524809801951051, 3465094.847019878216088 ], [ -10585763.592695211991668, 3465097.989092257339507 ], [ -10585793.004041258245707, 3465320.689957805443555 ], [ -10585700.207243410870433, 3465641.749835366383195 ], [ -10585945.75394100882113, 3465727.45172733720392 ], [ -10585957.90029270388186, 3465793.603208523243666 ], [ -10586046.792263733223081, 3467742.209931866265833 ], [ -10585877.059460360556841, 3467756.337388714309782 ], [ -10585707.605682373046875, 3467869.350605152081698 ], [ -10585711.465465461835265, 3469136.178185266442597 ], [ -10585764.448870692402124, 3469285.900732945650816 ], [ -10585716.165118254721165, 3469303.925567032769322 ], [ -10585906.528287094086409, 3470354.082319202832878 ], [ -10585654.704271398484707, 3470567.921760613564402 ], [ -10586448.541801251471043, 3471244.885235971771181 ], [ -10585789.27475643157959, 3471770.660896968096495 ], [ -10585623.074784720316529, 3471985.947520729154348 ], [ -10585390.528367480263114, 3472887.138601001817733 ], [ -10584567.765996336936951, 3473257.609606572892517 ], [ -10584298.150156171992421, 3473018.45018039830029 ], [ -10582865.468371419236064, 3472346.775322964880615 ], [ -10581968.455837132409215, 3469936.575356758199632 ], [ -10579857.727099971845746, 3468997.901757306884974 ], [ -10578182.92530488409102, 3468819.456466737668961 ], [ -10577576.011460285633802, 3467781.010055762715638 ], [ -10577497.419887166470289, 3465664.510328274685889 ], [ -10574941.412999300286174, 3464665.276388938073069 ], [ -10573154.842926301062107, 3462348.034352748189121 ] ] ] } },
{ "type": "Feature", "properties": { "ZIP": "77536", "POSTAL": "DEER PARK", "STATE": "TX", "ZIP_TYPE": "STANDARD", "bbox_minx": -10591921.395420421, "bbox_miny": 3460409.4904605732, "bbox_maxx": -10585205.435488328, "bbox_maxy": 3471244.8852359718, "label_x": -10588727.348995734, "label_y": 3465833.2178517273 }, "geometry": { "type": "Polygon", "coordinates": [ [ [ -10587917.965741349384189, 3460417.764121406711638 ], [ -10588353.967012066394091, 3460409.490460573229939 ], [ -10588356.52029406093061, 3460592.68759862659499 ], [ -10589040.712961170822382, 3460578.910532782319933 ], [ -10589038.245387278497219, 3460488.992178394924849 ], [ -10589097.26335022225976, 3460484.453394218347967 ], [ -10589321.701950719580054, 3460484.245355830527842 ], [ -10589329.568571863695979, 3460534.983697898685932 ], [ -10589533.653029622510076, 3460540.231458679307252 ], [ -10589522.085428219288588, 3460622.196849456988275 ], [ -10589665.130090843886137, 3460618.232721174601465 ], [ -10589662.780097682029009, 3460551.967473243828863 ], [ -10589988.671973908320069, 3460546.330282621551305 ], [ -10590002.164977557957172, 3461045.885967063251883 ], [ -10590282.567516926676035, 3461041.629741862881929 ], [ -10590286.91666485927999, 3461196.592649825848639 ], [ -10590351.612172342836857, 3461215.732683647423983 ], [ -10590359.720600849017501, 3461370.697358351200819 ], [ -10590408.964918615296483, 3461369.384933457709849 ], [ -10590423.999969279393554, 3461837.011168069206178 ], [ -10590752.454215677455068, 3461839.273724334780127 ], [ -10590880.204710025340319, 3461932.312940327450633 ], [ -10590898.332597931846976, 3461903.781376387458295 ], [ -10590981.547075232490897, 3461961.055585668422282 ], [ -10590954.972365697845817, 3461997.377293789293617 ], [ -10591231.685966992750764, 3462187.828597371932119 ], [ -10591229.054630292579532, 3462802.145429477561265 ], [ -10591347.481180476024747, 3462800.66091435868293 ], [ -10591347.50234005227685, 3462943.360157577786595 ], [ -10591472.391152137890458, 3462941.29436868801713 ], [ -10591454.500156216323376, 3463408.256564412266016 ], [ -10591235.879300156608224, 3463410.788319701328874 ], [ -10591238.469096668064594, 3463636.510619427543133 ], [ -10591298.36167055927217, 3463635.258687107358128 ], [ -10591303.456178238615394, 3464359.251411369070411 ], [ -10591463.894113900139928, 3464357.709255353547633 ], [ -10591489.394640805199742, 3466249.168668556958437 ], [ -10591215.278594573959708, 3466243.208645109087229 ], [ -10591207.362817579880357, 3466465.540595931466669 ], [ -10590942.47660569101572, 3466434.782029028050601 ], [ -10590957.951201917603612, 3467515.055825737770647 ], [ -10591026.754427175968885, 3467514.442266847938299 ], [ -10591027.12984324246645, 3467561.656035920605063 ], [ -10591921.395420420914888, 3467553.708689358551055 ], [ -10591806.200311373919249, 3467685.741534085012972 ], [ -10591843.821101609617472, 3467685.669657115358859 ], [ -10591788.299332084134221, 3467875.553652439732105 ], [ -10591713.679957779124379, 3468583.664127201773226 ], [ -10591637.539406590163708, 3469402.743462543934584 ], [ -10591653.251529464498162, 3469637.735955517273396 ], [ -10590659.725126059725881, 3469629.915722516831011 ], [ -10590075.743099097162485, 3469345.569676966406405 ], [ -10589155.242277067154646, 3469364.030135373119265 ], [ -10588582.058119500055909, 3469817.090081207454205 ], [ -10587274.499386301264167, 3470399.142809114418924 ], [ -10586448.541801251471043, 3471244.885235971771181 ], [ -10585654.704271398484707, 3470567.921760613564402 ], [ -10585906.528287094086409, 3470354.082319202832878 ], [ -10585716.165118254721165, 3469303.925567032769322 ], [ -10585764.448870692402124, 3469285.900732945650816 ], [ -10585711.465465461835265, 3469136.178185266442597 ], [ -10585707.605682373046875, 3467869.350605152081698 ], [ -10585877.059460360556841, 3467756.337388714309782 ], [ -10586046.792263733223081, 3467742.209931866265833 ], [ -10585957.90029270388186, 3465793.603208523243666 ], [ -10585945.75394100882113, 3465727.45172733720392 ], [ -10585700.207243410870433, 3465641.749835366383195 ], [ -10585793.004041258245707, 3465320.689957805443555 ], [ -10585763.592695211991668, 3465097.989092257339507 ], [ -10586046.524809801951051, 3465094.847019878216088 ], [ -10586041.292979422956705, 3464828.588934340979904 ], [ -10585871.44497169367969, 3464804.360090882051736 ], [ -10585800.594667518511415, 3464717.411792628932744 ], [ -10585800.949380254372954, 3464691.610496840439737 ], [ -10585870.681879993528128, 3464683.996935870498419 ], [ -10585865.382597468793392, 3464434.703374255914241 ], [ -10585725.539690140634775, 3464435.122181951068342 ], [ -10585716.028657143935561, 3464154.419685973320156 ], [ -10585690.971846155822277, 3464154.829277134034783 ], [ -10585688.612712552770972, 3463948.835582296364009 ], [ -10585661.681675959378481, 3463949.339584107510746 ], [ -10585652.072370490059257, 3463444.869121703319252 ], [ -10585423.350833075121045, 3463450.113312623929232 ], [ -10585407.153065834194422, 3463117.362304992042482 ], [ -10585333.303090117871761, 3463118.745326028205454 ], [ -10585317.58103010058403, 3462466.364033218938857 ], [ -10585216.703882994130254, 3462468.51751451054588 ], [ -10585215.630734123289585, 3462380.036283616442233 ], [ -10585319.363905131816864, 3462378.457040467765182 ], [ -10585315.541481703519821, 3462124.788022744935006 ], [ -10585217.46896487660706, 3462071.661336776334792 ], [ -10585205.435488328337669, 3461789.325153726618737 ], [ -10585640.329256135970354, 3461783.349448011722416 ], [ -10585641.29405227676034, 3461396.792717224918306 ], [ -10586759.04807298257947, 3461340.732309983577579 ], [ -10586742.881917685270309, 3460589.299686214886606 ], [ -10586781.428296996280551, 3460588.465598404873163 ], [ -10586788.200544515624642, 3460436.877220204100013 ], [ -10586832.796078156679869, 3460435.990211389493197 ], [ -10586837.518425684422255, 3460717.496739112306386 ], [ -10586921.674594918265939, 3460719.058251480106264 ], [ -10586928.476028507575393, 3461010.130633387714624 ], [ -10587613.472540119662881, 3460996.289741941727698 ], [ -10587604.518204526975751, 3460559.964955031406134 ], [ -10587931.202213881537318, 3460561.88346240343526 ], [ -10587917.965741349384189, 3460417.764121406711638 ] ] ] } },
{ "type": "Feature", "properties": { "ZIP": "77377", "POSTAL": "TOMBALL", "STATE": "TX", "ZIP_TYPE": "STANDARD", "bbox_minx": -10659728.371156629, "bbox_miny": 3503111.9130113893, "bbox_maxx": -10640311.439484131, "bbox_maxy": 3518740.4491224694, "label_x": -10652024.546706328, "label_y": 3511046.6024638759 }, "geometry": { "type": "Polygon", "coordinates": [ [ [ -10641232.377522993832827, 3505226.646052944008261 ], [ -10641135.841611623764038, 3504987.61339104315266 ], [ -10641205.355809211730957, 3504949.572379602584988 ], [ -10641009.500434186309576, 3504574.483557119965553 ], [ -10641021.439341451972723, 3504481.012505923397839 ], [ -10640906.752049153670669, 3504246.024632445070893 ], [ -10640832.038677887991071, 3504246.561134545598179 ], [ -10640831.751281708478928, 3504155.337552251759917 ], [ -10640611.555642489343882, 3504156.916533529292792 ], [ -10640557.087680203840137, 3504066.045947161037475 ], [ -10640636.362908178940415, 3504023.390572352800518 ], [ -10640577.187839327380061, 3503902.463620405644178 ], [ -10640468.155626179650426, 3503942.937527623493224 ], [ -10640311.439484130591154, 3503723.614159691147506 ], [ -10640694.453879684209824, 3503317.678525980561972 ], [ -10640794.326126569882035, 3503368.687008826993406 ], [ -10640807.582151541486382, 3503404.841217691544443 ], [ -10640834.815558277070522, 3503396.979028625413775 ], [ -10640834.839822309091687, 3503430.64804509235546 ], [ -10641118.605764109641314, 3503434.742924257647246 ], [ -10641121.577917762100697, 3503218.616922514047474 ], [ -10641401.580696012824774, 3503209.996019687503576 ], [ -10641401.59801078774035, 3503136.206402362789959 ], [ -10641986.998825443908572, 3503128.53905930602923 ], [ -10641988.699626184999943, 3503166.717500136699528 ], [ -10642283.761948179453611, 3503165.317056410945952 ], [ -10642284.293368576094508, 3503115.448158730287105 ], [ -10642426.071324951946735, 3503111.913011389318854 ], [ -10642488.41025853343308, 3503192.119991167914122 ], [ -10642689.564539173617959, 3503271.941663212608546 ], [ -10643099.554278831928968, 3503533.133348973467946 ], [ -10643269.650430744513869, 3503539.43186064902693 ], [ -10643617.078546486794949, 3503691.367725958116353 ], [ -10644007.921297077089548, 3503742.78464288264513 ], [ -10644330.74781846627593, 3503883.92524638120085 ], [ -10644519.990911236032844, 3504085.869538101833314 ], [ -10644562.960267640650272, 3504186.264374494552612 ], [ -10644674.279818415641785, 3504658.169533983804286 ], [ -10644689.196547765284777, 3505039.845624678768218 ], [ -10644807.417900612577796, 3505259.549252477008849 ], [ -10644970.389675591140985, 3505415.619470837060362 ], [ -10645007.508447013795376, 3505611.840675524435937 ], [ -10645161.525205420330167, 3505675.055163599550724 ], [ -10645245.126179300248623, 3505675.055148661136627 ], [ -10645581.867554051801562, 3505974.865428195800632 ], [ -10645814.52527311630547, 3505986.307783721014857 ], [ -10645993.125284768640995, 3506101.537309826351702 ], [ -10645998.296179415658116, 3506424.447431480046362 ], [ -10646851.570091856643558, 3506426.099171096459031 ], [ -10646827.562838105484843, 3506598.104480360634625 ], [ -10646711.416980106383562, 3506920.965137059800327 ], [ -10646687.233481353148818, 3507499.796000018715858 ], [ -10646580.177752193063498, 3507504.380271251313388 ], [ -10646559.345215205103159, 3507565.187018138356507 ], [ -10646672.936360068619251, 3507599.172114356420934 ], [ -10646628.113861097022891, 3507697.667527717538178 ], [ -10646315.15601703338325, 3508091.630187408532947 ], [ -10646246.362763948738575, 3508093.479755707550794 ], [ -10646237.000974383205175, 3508020.28344236407429 ], [ -10645986.40571216121316, 3508027.825299106538296 ], [ -10645988.815584292635322, 3508201.81487251771614 ], [ -10646099.901803685352206, 3508229.395075364504009 ], [ -10646133.199302515015006, 3508618.898994300048798 ], [ -10646136.262327810749412, 3508718.693654418922961 ], [ -10646077.449088180437684, 3508720.21705021802336 ], [ -10646093.019966980442405, 3509323.283456430304796 ], [ -10646273.737227460369468, 3509320.054249473381788 ], [ -10646275.722020810469985, 3509429.492732054088265 ], [ -10646543.120675306767225, 3509422.412986421026289 ], [ -10646532.431889453902841, 3509534.419877974782139 ], [ -10646653.229593833908439, 3509526.810194476041943 ], [ -10646658.892931886017323, 3509816.678383050486445 ], [ -10647353.112576108425856, 3509818.807975836098194 ], [ -10647362.626471986994147, 3510376.021074925083667 ], [ -10647464.525341521948576, 3510401.077683763578534 ], [ -10648156.905649105086923, 3510248.837223785463721 ], [ -10648149.102672263979912, 3509936.476988610811532 ], [ -10648587.789826679974794, 3509924.920755578670651 ], [ -10648574.894293645396829, 3509367.172991608269513 ], [ -10648800.336659552529454, 3509360.048914621118456 ], [ -10648814.947105189785361, 3509219.353120771702379 ], [ -10649081.683297665789723, 3509215.813251625746489 ], [ -10649084.72017371468246, 3509670.527265454176813 ], [ -10649719.691506322473288, 3509663.107561918906868 ], [ -10649716.799639247357845, 3509362.988160429522395 ], [ -10650646.299792090430856, 3509348.103528885636479 ], [ -10650641.512322893366218, 3508992.041830547619611 ], [ -10651570.797501284629107, 3508989.150476725772023 ], [ -10651577.574848145246506, 3509351.545772593934089 ], [ -10653012.586620945483446, 3509313.872260477393866 ], [ -10656537.52407212369144, 3509305.543839233927429 ], [ -10656537.931877460330725, 3508261.086850225925446 ], [ -10656214.771385991945863, 3508265.973255244549364 ], [ -10656195.452412324026227, 3508165.434942369349301 ], [ -10656315.191884446889162, 3508164.420908760745078 ], [ -10656314.858752373605967, 3508078.917959422804415 ], [ -10656568.462860817089677, 3508076.022278704214841 ], [ -10656565.803659258410335, 3507339.774349219165742 ], [ -10656473.021322159096599, 3507342.759048299398273 ], [ -10656466.58657893165946, 3506384.75643237028271 ], [ -10656524.462265327572823, 3506378.95199437905103 ], [ -10656881.129878107458353, 3506814.16616157675162 ], [ -10656985.881499534472823, 3506862.252805299591273 ], [ -10657008.479336028918624, 3506944.154769411776215 ], [ -10656955.046012032777071, 3507037.50049417372793 ], [ -10657019.833965424448252, 3507180.220466164406389 ], [ -10657232.120234590023756, 3507083.27360225468874 ], [ -10657381.956248316913843, 3507200.535691492259502 ], [ -10657454.313916865736246, 3507119.917826689314097 ], [ -10657564.742827678099275, 3507102.945760811213404 ], [ -10657638.659026443958282, 3507216.736465235706419 ], [ -10657605.597113212570548, 3507308.541192654054612 ], [ -10657760.331219647079706, 3507381.959757048636675 ], [ -10657827.790776340290904, 3507255.438432294409722 ], [ -10658022.599913923069835, 3507273.696496168151498 ], [ -10658075.820560427382588, 3507348.339612719602883 ], [ -10658085.089925678446889, 3507775.686391286086291 ], [ -10659301.92040010727942, 3507775.212892170995474 ], [ -10659298.224940847605467, 3509334.624588068109006 ], [ -10659337.968774117529392, 3509333.615813093725592 ], [ -10659353.044646970927715, 3510455.171596557367593 ], [ -10659590.009116748347878, 3510450.319029552396387 ], [ -10659618.912526819854975, 3512224.968072973657399 ], [ -10659243.313037294894457, 3512227.53256929339841 ], [ -10659257.55252593383193, 3512818.138068967498839 ], [ -10659728.371156629174948, 3513389.835779311135411 ], [ -10659712.939216850325465, 3513581.183513406198472 ], [ -10659565.743748772889376, 3513642.054400107823312 ], [ -10659122.882785284891725, 3513674.820390266366303 ], [ -10659093.11503641679883, 3513483.609757751692086 ], [ -10659000.818552564829588, 3513395.024759273044765 ], [ -10658912.169886089861393, 3513395.620646850205958 ], [ -10658660.658347746357322, 3512858.035076403059065 ], [ -10657927.386792903766036, 3512871.256180739030242 ], [ -10657931.273466248065233, 3513061.983019646257162 ], [ -10657539.097833957523108, 3513062.512814346235245 ], [ -10657546.419278046116233, 3513438.098945644684136 ], [ -10657437.525474989786744, 3513438.809062277898192 ], [ -10657441.329468347132206, 3513655.220978840254247 ], [ -10657343.930107502266765, 3513665.874394547659904 ], [ -10657346.480870105326176, 3513793.270836487878114 ], [ -10657312.826933085918427, 3513793.993797249160707 ], [ -10657295.015775499865413, 3513909.546488818712533 ], [ -10657312.302453212440014, 3514023.146936069708318 ], [ -10657409.343562968075275, 3514013.410766649525613 ], [ -10657598.216893333941698, 3514200.850954062771052 ], [ -10657783.14849565923214, 3514321.537963380571455 ], [ -10657794.437605449929833, 3514090.847054332960397 ], [ -10657941.86199376732111, 3514072.352123641874641 ], [ -10657960.804314654320478, 3515951.835909534711391 ], [ -10657210.412845803424716, 3515598.899425721727312 ], [ -10657064.361771089956164, 3515572.008850427344441 ], [ -10657009.974204864352942, 3515647.638553815893829 ], [ -10656512.439640771597624, 3515768.606032273732126 ], [ -10656102.46323105879128, 3516051.196109592914581 ], [ -10656058.256144458428025, 3516042.792076623998582 ], [ -10656051.206483645364642, 3516086.5251674070023 ], [ -10655909.310675483196974, 3516184.32636091997847 ], [ -10655194.305608978495002, 3516331.652289239224046 ], [ -10655184.398213407024741, 3516424.938195004593581 ], [ -10655117.606453560292721, 3516453.245776737108827 ], [ -10655082.429498927667737, 3516545.654803764540702 ], [ -10654981.907904241234064, 3516664.396569482050836 ], [ -10654813.600411728024483, 3516698.392487080302089 ], [ -10654695.371631350368261, 3516635.187860230449587 ], [ -10654580.712617563083768, 3516652.944639968685806 ], [ -10654404.552377160638571, 3516744.095706758089364 ], [ -10654094.6827033739537, 3516776.505517116747797 ], [ -10653786.114004382863641, 3516636.860660184174776 ], [ -10653610.229263816028833, 3516385.822336140088737 ], [ -10653418.091869752854109, 3516214.692066476214677 ], [ -10653152.038289112970233, 3516195.649107280187309 ], [ -10652990.958921141922474, 3516243.771142076700926 ], [ -10652877.635686317458749, 3516321.616103848442435 ], [ -10652565.941146219149232, 3516262.942800258286297 ], [ -10652273.838830417022109, 3516250.976604302879423 ], [ -10652161.962642537429929, 3516354.941542824264616 ], [ -10651892.458208503201604, 3516489.273657536599785 ], [ -10651851.603994004428387, 3516536.753445667214692 ], [ -10651800.285680986940861, 3516610.997317038010806 ], [ -10651792.493243472650647, 3516766.563410334754735 ], [ -10651850.587481876835227, 3516877.247498265933245 ], [ -10651708.224379668012261, 3517261.839864209294319 ], [ -10651474.453397769480944, 3517300.443614995572716 ], [ -10651084.835317075252533, 3517171.764712183270603 ], [ -10650610.94826178252697, 3516793.456389468163252 ], [ -10650251.386221088469028, 3516618.074396484997123 ], [ -10650057.133807137608528, 3516569.950862300116569 ], [ -10649826.257141752168536, 3516596.071368409320712 ], [ -10649677.756913393735886, 3516687.300454215146601 ], [ -10649639.470107641071081, 3517057.816507155541331 ], [ -10649612.301077554002404, 3517067.149734836537391 ], [ -10649628.201369646936655, 3517113.381626436021179 ], [ -10648660.853033578023314, 3517721.043491162825376 ], [ -10648588.621867274865508, 3517734.897500862367451 ], [ -10648549.533841969445348, 3517659.721978925634176 ], [ -10648486.150036253035069, 3517669.089802763890475 ], [ -10648312.868516951799393, 3517557.805377721320838 ], [ -10648175.389123098924756, 3517574.405337418895215 ], [ -10648137.763065610080957, 3517622.146465432364494 ], [ -10648082.258554382249713, 3517857.484712957404554 ], [ -10648046.258528148755431, 3517888.136652527377009 ], [ -10647978.353465776890516, 3518173.306836206931621 ], [ -10647827.571361813694239, 3518334.71398945664987 ], [ -10647780.093620505183935, 3518317.438589531928301 ], [ -10647699.832257336005569, 3518380.368149155750871 ], [ -10647569.89261232316494, 3518610.541606775019318 ], [ -10647427.544720288366079, 3518740.449122469406575 ], [ -10647433.475045753642917, 3517510.773453609086573 ], [ -10647149.478622660040855, 3517504.560617614071816 ], [ -10647147.605373525992036, 3517340.701924471650273 ], [ -10646809.802132904529572, 3517349.050540474709123 ], [ -10646796.741914762184024, 3516843.197677120566368 ], [ -10646526.837657313793898, 3516848.622665895149112 ], [ -10646428.756696704775095, 3516345.195064216852188 ], [ -10646422.873397793620825, 3515537.634742174297571 ], [ -10646041.72507568821311, 3515538.051816710270941 ], [ -10646038.284214666113257, 3515463.033240335993469 ], [ -10645886.400888733565807, 3515460.630154956597835 ], [ -10645757.396814135834575, 3515051.417630975600332 ], [ -10645849.517151802778244, 3515050.521141581702977 ], [ -10645741.139392485842109, 3514559.345441047102213 ], [ -10645790.732671763747931, 3514508.35855737933889 ], [ -10645742.903792783617973, 3514206.69556992361322 ], [ -10645442.402756923809648, 3513460.323736279271543 ], [ -10645578.49655869603157, 3513465.178366215899587 ], [ -10645521.934939078986645, 3511306.434861477464437 ], [ -10644455.612668376415968, 3511336.821190634276718 ], [ -10644443.713689083233476, 3510783.401376316789538 ], [ -10644114.488857252523303, 3510786.77006627433002 ], [ -10644079.07858407497406, 3510527.980025438591838 ], [ -10644021.764959907159209, 3510531.659867871552706 ], [ -10643990.649229627102613, 3510439.90388848586008 ], [ -10644072.263278216123581, 3510422.727744918782264 ], [ -10644069.779212366789579, 3510280.934392548166215 ], [ -10643921.247201381251216, 3510322.331599164754152 ], [ -10643831.368563303723931, 3510099.516265705693513 ], [ -10643637.318786924704909, 3509774.587637478020042 ], [ -10643784.256933357566595, 3509670.088927193544805 ], [ -10643578.455164391547441, 3509334.024049940053374 ], [ -10643424.641094904392958, 3509415.568939222022891 ], [ -10643053.533863516524434, 3508980.840954376850277 ], [ -10643109.542962497100234, 3508902.931306869722903 ], [ -10643293.184404259547591, 3508801.214961879886687 ], [ -10643117.536633137613535, 3508533.067824828904122 ], [ -10643140.756029490381479, 3508487.43832526402548 ], [ -10643090.867417566478252, 3508294.678848435170949 ], [ -10643315.728936705738306, 3508171.920400751754642 ], [ -10643116.569491105154157, 3507877.836533796973526 ], [ -10642802.113426020368934, 3508116.644900389946997 ], [ -10642669.442376146093011, 3507993.210446051321924 ], [ -10642579.633831638842821, 3507808.964882801752537 ], [ -10642516.434214005246758, 3507890.060986530035734 ], [ -10642474.262552315369248, 3507787.93884414061904 ], [ -10642676.822010116651654, 3507622.097138500306755 ], [ -10642529.892741905525327, 3507442.440342667978257 ], [ -10642615.744115551933646, 3507369.616960983723402 ], [ -10642355.698737094178796, 3506991.381122239865363 ], [ -10642293.579054536297917, 3507020.933205316774547 ], [ -10642238.416401294991374, 3506849.447748115286231 ], [ -10642075.316521149128675, 3506857.49881875468418 ], [ -10642065.193432163447142, 3506032.052069867029786 ], [ -10641934.713517595082521, 3506025.506409654859453 ], [ -10641921.491612207144499, 3505695.435767512768507 ], [ -10641724.192291075363755, 3505686.925672821234912 ], [ -10641725.733473161235452, 3505496.281877958215773 ], [ -10641379.98929643817246, 3505486.13151987735182 ], [ -10641340.20180481299758, 3505407.177768471650779 ], [ -10641336.411845510825515, 3505227.392272285651416 ], [ -10641232.377522993832827, 3505226.646052944008261 ] ] ] } },
{ "type": "Feature", "properties": { "ZIP": "77433", "POSTAL": "CYPRESS", "STATE": "TX", "ZIP_TYPE": "STANDARD", "bbox_minx": -10665336.513065962, "bbox_miny": 3486371.4781622901, "bbox_maxx": -10649924.608949382, "bbox_maxy": 3509313.8722604774, "label_x": -10657386.339658335, "label_y": 3497846.7468733001 }, "geometry": { "type": "Polygon", "coordinates": [ [ [ -10649924.60894938185811, 3497059.685985638294369 ], [ -10650157.972239082679152, 3496820.994090026710182 ], [ -10650161.183435199782252, 3496956.354358037933707 ], [ -10650442.438533708453178, 3496957.839061697013676 ], [ -10650505.721433605998755, 3496733.807537984568626 ], [ -10650619.194957563653588, 3496513.199137839954346 ], [ -10650481.058017082512379, 3496458.782484797295183 ], [ -10650827.9375478643924, 3496155.795304379425943 ], [ -10650745.643901122733951, 3496082.188182881567627 ], [ -10650918.842502649873495, 3495663.886791485361755 ], [ -10650955.620859349146485, 3495672.135939295869321 ], [ -10651214.555478740483522, 3495063.832024631556123 ], [ -10651324.62808801420033, 3495107.438331719487906 ], [ -10651740.960772974416614, 3494060.588295845780522 ], [ -10651759.102610630914569, 3493924.177819604519755 ], [ -10651731.200204895809293, 3493379.039144538342953 ], [ -10651682.368629742413759, 3493371.624121321830899 ], [ -10651640.261937050148845, 3493286.946979331318289 ], [ -10651636.569120548665524, 3493108.585598899517208 ], [ -10651716.776815501973033, 3493106.907955476082861 ], [ -10651706.577052216976881, 3492492.409620019607246 ], [ -10650256.623409094288945, 3492504.683235825039446 ], [ -10650250.732200583443046, 3492150.755723295267671 ], [ -10650137.064550530165434, 3492091.901307756546885 ], [ -10650251.733812069520354, 3491935.446386062074453 ], [ -10651615.74271016381681, 3491925.373224887065589 ], [ -10651622.351967001333833, 3491817.09642837382853 ], [ -10651515.14218695089221, 3491786.79113322775811 ], [ -10651450.448360174894333, 3491255.691269299481064 ], [ -10651627.88930075801909, 3491251.827171019744128 ], [ -10651489.138765029609203, 3490482.692594529595226 ], [ -10651377.436699261888862, 3490500.998387744650245 ], [ -10651306.525737226009369, 3490434.245575876440853 ], [ -10651292.441938333213329, 3490347.372123975306749 ], [ -10651354.991949889808893, 3490301.45817958470434 ], [ -10651308.430477501824498, 3490010.09933795593679 ], [ -10651426.732663659378886, 3490004.143700396176428 ], [ -10651422.143509300425649, 3489773.805941537488252 ], [ -10651219.685095677152276, 3489774.65900075994432 ], [ -10651214.841961048543453, 3489592.82372941961512 ], [ -10651316.970110127702355, 3489592.312294235918671 ], [ -10651319.616105044260621, 3489539.112000207416713 ], [ -10651372.634530415758491, 3489538.707567157689482 ], [ -10651371.977214990183711, 3489494.370158548932523 ], [ -10651426.512753736227751, 3489495.840265234932303 ], [ -10651406.549964861944318, 3489031.651952732820064 ], [ -10651108.071644075214863, 3489034.470189412124455 ], [ -10650997.337829580530524, 3488805.262063905131072 ], [ -10650953.933683989569545, 3488807.032893613446504 ], [ -10650958.313806872814894, 3488571.776250238064677 ], [ -10651169.229250328615308, 3488489.197083817329258 ], [ -10651427.485455485060811, 3488447.743333528749645 ], [ -10651422.813382023945451, 3488013.305028933100402 ], [ -10651533.631446033716202, 3488011.186745377257466 ], [ -10651533.559512816369534, 3487967.420294851996005 ], [ -10652097.122894523665309, 3487965.196378651540726 ], [ -10652554.674365483224392, 3487340.250522381160408 ], [ -10652928.898373201489449, 3487957.468903757631779 ], [ -10652954.367786096408963, 3487782.812013691291213 ], [ -10653400.428890263661742, 3487804.357246057130396 ], [ -10653403.063509281724691, 3488095.47990935575217 ], [ -10655008.140256024897099, 3488085.502531161997467 ], [ -10654996.431173572316766, 3487937.296644342131913 ], [ -10655430.589463682845235, 3487935.760161919519305 ], [ -10655429.297746332362294, 3487736.295867552049458 ], [ -10655558.413516959175467, 3487608.580983235966414 ], [ -10655789.268699830397964, 3487469.127991314977407 ], [ -10655925.02915738709271, 3487723.49081301363185 ], [ -10656027.63422929495573, 3487693.251423306763172 ], [ -10656057.223459180444479, 3487864.989714404102415 ], [ -10656129.059934444725513, 3487936.865618571639061 ], [ -10656501.558945285156369, 3487935.331826430745423 ], [ -10656500.920683531090617, 3487859.517120321281254 ], [ -10656838.325695168226957, 3487858.051638595759869 ], [ -10656848.843613037839532, 3488073.928014272358268 ], [ -10657192.918111084029078, 3488070.872116604354233 ], [ -10657191.982936304062605, 3487958.960878845304251 ], [ -10657764.613791808485985, 3487955.442951200064272 ], [ -10657758.080233497545123, 3486371.478162290062755 ], [ -10657888.087950743734837, 3486376.74539613025263 ], [ -10658018.34341330267489, 3486491.51608656020835 ], [ -10658176.753554744645953, 3486553.42847301159054 ], [ -10658296.114848637953401, 3486648.733555327635258 ], [ -10658383.947786351665854, 3486643.527021694462746 ], [ -10658488.39715993963182, 3486588.970262681599706 ], [ -10658609.244405217468739, 3486630.66784540284425 ], [ -10658672.418550290167332, 3486689.911989994347095 ], [ -10658796.550574181601405, 3486612.91147563001141 ], [ -10658867.768151327967644, 3486657.051775731611997 ], [ -10658976.660340338945389, 3486579.624027939047664 ], [ -10659102.800104992464185, 3486567.81869810493663 ], [ -10659537.415466351434588, 3486706.396388149820268 ], [ -10659757.293288696557283, 3486825.455204042606056 ], [ -10660133.95695841498673, 3486918.4440553849563 ], [ -10660267.51984778791666, 3487052.448102413676679 ], [ -10660314.185946676880121, 3487019.258803099393845 ], [ -10660425.750683249905705, 3487259.946815650444478 ], [ -10660558.777640109881759, 3487275.142409154213965 ], [ -10660648.737765002995729, 3487331.292157635092735 ], [ -10660714.663676477968693, 3487290.971980804111809 ], [ -10660882.190155746415257, 3487299.458956857677549 ], [ -10661024.997866407036781, 3487513.924873780924827 ], [ -10661497.020506652072072, 3487512.238132597412914 ], [ -10661507.412255477160215, 3487837.075987044256181 ], [ -10661529.787496538832784, 3487853.252267611213028 ], [ -10661560.438002217561007, 3491225.887148305308074 ], [ -10665244.715605035424232, 3491206.679660751484334 ], [ -10665335.177314339205623, 3497140.358530446421355 ], [ -10664818.543501680716872, 3497306.35078932531178 ], [ -10664706.222157012671232, 3497376.8854237976484 ], [ -10664550.152238290756941, 3497550.589536254759878 ], [ -10664036.524131124839187, 3497806.267896219622344 ], [ -10663925.53852572850883, 3497826.696633730083704 ], [ -10663855.963856481015682, 3497897.362515351735055 ], [ -10663301.481504209339619, 3498024.4336271523498 ], [ -10662206.097744841128588, 3498101.139433003030717 ], [ -10661782.972290208563209, 3498382.911849935073406 ], [ -10661711.282592253759503, 3498554.445385120343417 ], [ -10661643.822898330166936, 3498605.327717299573123 ], [ -10661476.50976849347353, 3498622.931010922882706 ], [ -10661259.325451919808984, 3498709.020309339277446 ], [ -10661075.314287964254618, 3498593.891978981439024 ], [ -10661005.071703996509314, 3498587.467473003547639 ], [ -10660843.095073768869042, 3498627.925194730982184 ], [ -10660851.898719029501081, 3503366.998686357401311 ], [ -10662398.569042595103383, 3504077.514042508322746 ], [ -10662614.526301492005587, 3504209.911474088206887 ], [ -10662616.514991287142038, 3505035.108138111419976 ], [ -10664326.114903438836336, 3505784.769164556171745 ], [ -10664335.603617843240499, 3506948.957897918298841 ], [ -10664298.425731234252453, 3507073.998461155686527 ], [ -10662543.801358360797167, 3507085.006099371239543 ], [ -10662554.732082474976778, 3507369.430925076827407 ], [ -10662618.766899015754461, 3507368.506955531425774 ], [ -10662623.222359338775277, 3507614.954535874072462 ], [ -10662711.366392742842436, 3507614.054922015871853 ], [ -10662715.296260630711913, 3507921.937964690849185 ], [ -10662601.309368615970016, 3507923.517664524260908 ], [ -10662606.25675711221993, 3508295.434392428956926 ], [ -10659300.558767532929778, 3508349.799411466810852 ], [ -10659301.92040010727942, 3507775.212892170995474 ], [ -10658085.089925678446889, 3507775.686391286086291 ], [ -10658075.820560427382588, 3507348.339612719602883 ], [ -10658022.599913923069835, 3507273.696496168151498 ], [ -10657827.790776340290904, 3507255.438432294409722 ], [ -10657760.331219647079706, 3507381.959757048636675 ], [ -10657605.597113212570548, 3507308.541192654054612 ], [ -10657638.659026443958282, 3507216.736465235706419 ], [ -10657564.742827678099275, 3507102.945760811213404 ], [ -10657454.313916865736246, 3507119.917826689314097 ], [ -10657381.956248316913843, 3507200.535691492259502 ], [ -10657232.120234590023756, 3507083.27360225468874 ], [ -10657019.833965424448252, 3507180.220466164406389 ], [ -10656955.046012032777071, 3507037.50049417372793 ], [ -10657008.479336028918624, 3506944.154769411776215 ], [ -10656985.881499534472823, 3506862.252805299591273 ], [ -10656881.129878107458353, 3506814.16616157675162 ], [ -10656545.501617711037397, 3506388.851836130488664 ], [ -10656487.838042367249727, 3506380.366257537622005 ], [ -10656466.58657893165946, 3506384.75643237028271 ], [ -10656473.021322159096599, 3507342.759048299398273 ], [ -10656565.803659258410335, 3507339.774349219165742 ], [ -10656568.462860817089677, 3508076.022278704214841 ], [ -10656314.858752373605967, 3508078.917959422804415 ], [ -10656315.191884446889162, 3508164.420908760745078 ], [ -10656195.452412324026227, 3508165.434942369349301 ], [ -10656214.771385991945863, 3508265.973255244549364 ], [ -10656537.931877460330725, 3508261.086850225925446 ], [ -10656537.52407212369144, 3509305.543839233927429 ], [ -10653012.586620945483446, 3509313.872260477393866 ], [ -10652970.698747843503952, 3505786.518911118153483 ], [ -10653043.510005252435803, 3505193.184530444443226 ], [ -10653206.160594603046775, 3505175.318371771834791 ], [ -10653207.501092171296477, 3504934.127135324757546 ], [ -10653278.942955745384097, 3504932.852823130786419 ], [ -10653233.321287481114268, 3504586.747212755959481 ], [ -10653606.105416933074594, 3504582.664308198727667 ], [ -10653602.697214860469103, 3504522.960015447344631 ], [ -10653898.213725877925754, 3504523.62367150420323 ], [ -10653898.864322932437062, 3504631.488409067038447 ], [ -10653957.871769042685628, 3504630.912106203846633 ], [ -10653956.184336526319385, 3504174.627833848819137 ], [ -10653894.772402606904507, 3504177.147677833214402 ], [ -10653863.656867185607553, 3503178.736882981378585 ], [ -10654427.96523055806756, 3503162.569695810321718 ], [ -10654427.451065013185143, 3503266.371725549921393 ], [ -10654815.619327591732144, 3503264.065679685212672 ], [ -10654815.127960529178381, 3503574.21024452149868 ], [ -10655669.086236080154777, 3503562.615679711569101 ], [ -10655692.989404637366533, 3503965.625234704464674 ], [ -10656030.186261905357242, 3503970.007054903078824 ], [ -10656019.326244680210948, 3503178.281726377084851 ], [ -10655913.344924433156848, 3502930.179712005425245 ], [ -10655352.603125745430589, 3502934.434200258459896 ], [ -10655346.441601138561964, 3502214.174472281243652 ], [ -10655243.64444075524807, 3502215.04046365711838 ], [ -10655243.028464073315263, 3502185.269592454656959 ], [ -10655494.387894609943032, 3501980.106067025568336 ], [ -10655504.295868430286646, 3501916.391600406728685 ], [ -10655387.8310088776052, 3501622.321442584972829 ], [ -10655349.411393085494637, 3501600.27271384280175 ], [ -10655366.35803104378283, 3501517.575631021521986 ], [ -10655226.105463065207005, 3501172.228478078730404 ], [ -10654836.466495119035244, 3501189.135950517840683 ], [ -10654778.957361683249474, 3501219.289821864571422 ], [ -10654779.694028513506055, 3500885.639277160167694 ], [ -10655031.070737656205893, 3500995.478682180866599 ], [ -10655078.894955052062869, 3500849.200680416077375 ], [ -10654253.029169943183661, 3500485.051606092136353 ], [ -10653715.982831995934248, 3500152.066244755871594 ], [ -10651674.272004824131727, 3498523.736244108527899 ], [ -10649924.60894938185811, 3497059.685985638294369 ] ] ] } },
{ "type": "Feature", "properties": { "ZIP": "77429", "POSTAL": "CYPRESS", "STATE": "TX", "ZIP_TYPE": "STANDARD", "bbox_minx": -10656030.186261905, "bbox_miny": 3493391.2790556545, "bbox_maxx": -10640493.028751405, "bbox_maxy": 3510401.0776837636, "label_x": -10649632.846151916, "label_y": 3501897.609871909 }, "geometry": { "type": "Polygon", "coordinates": [ [ [ -10642750.125935019925237, 3503316.09882081206888 ], [ -10642815.228630984202027, 3503256.709672237280756 ], [ -10642785.456553101539612, 3503183.924211029428989 ], [ -10642796.765197096392512, 3503085.691626504529268 ], [ -10643052.964224845170975, 3502862.092704439070076 ], [ -10643234.386769583448768, 3503037.331081973854452 ], [ -10643589.865304421633482, 3502680.44773549027741 ], [ -10643450.544657092541456, 3502454.595587205141783 ], [ -10643615.161805756390095, 3502284.748538349289447 ], [ -10643676.358022596687078, 3502340.827158620581031 ], [ -10643751.214568141847849, 3502263.639009748585522 ], [ -10643705.349174654111266, 3502191.809566101524979 ], [ -10643847.786917524412274, 3502048.254696964286268 ], [ -10643764.917197689414024, 3501957.258310461416841 ], [ -10643790.683769231662154, 3501930.695565494243056 ], [ -10643773.157575888559222, 3501893.249883804935962 ], [ -10643675.534811133518815, 3501797.903530553448945 ], [ -10643516.51014131680131, 3501796.624709508847445 ], [ -10643538.923011573031545, 3501664.449071605689824 ], [ -10643171.596751363947988, 3501303.755891025066376 ], [ -10643117.594650974497199, 3501303.611010872758925 ], [ -10643113.413985872641206, 3501245.971123308874667 ], [ -10642700.756754701957107, 3500842.025585739407688 ], [ -10642664.37673751078546, 3500838.349405220709741 ], [ -10642650.834266936406493, 3500792.587268042378128 ], [ -10642547.523453222587705, 3500903.690905292518437 ], [ -10642494.22586603090167, 3500851.690042117144912 ], [ -10642450.682039331644773, 3500806.066694148816168 ], [ -10642554.357426391914487, 3500697.888923292979598 ], [ -10642451.897429842501879, 3500597.862901227083057 ], [ -10642292.291843874379992, 3500838.516851103398949 ], [ -10641996.902596419677138, 3500689.96580186765641 ], [ -10641922.031428949907422, 3500617.168244409374893 ], [ -10642094.362924141809344, 3500442.696235190145671 ], [ -10641907.129002533853054, 3500260.050321938935667 ], [ -10641633.611165996640921, 3500279.009084479417652 ], [ -10641525.967137016355991, 3500390.375116946175694 ], [ -10641300.794554820284247, 3500165.448744451627135 ], [ -10641255.495465589687228, 3500161.377562770619988 ], [ -10641230.848057700321078, 3500268.883507777005434 ], [ -10641160.665163056924939, 3500285.733976154122502 ], [ -10641058.855626221746206, 3500088.67977725667879 ], [ -10641194.933009576052427, 3500008.041774582583457 ], [ -10641169.982630081474781, 3499811.834460914134979 ], [ -10640964.765982575714588, 3499805.615003736689687 ], [ -10640960.768522771075368, 3499319.522834458388388 ], [ -10640718.486858710646629, 3499309.116726726293564 ], [ -10640499.086292004212737, 3499398.285453765653074 ], [ -10640493.028751404955983, 3498820.64432958420366 ], [ -10640842.090468145906925, 3498817.078339396510273 ], [ -10640843.439561821520329, 3498555.322403104044497 ], [ -10640633.961893562227488, 3498558.545507967472076 ], [ -10640631.313571298494935, 3498214.531993662007153 ], [ -10640709.260951863601804, 3498213.322645526379347 ], [ -10640706.269457664340734, 3498096.54235469782725 ], [ -10640838.637005235999823, 3498094.368674064055085 ], [ -10640839.020211322233081, 3497984.985228952020407 ], [ -10640581.101433297619224, 3497988.880396276712418 ], [ -10640613.144933560863137, 3497897.000292928423733 ], [ -10640653.583875212818384, 3497895.83389795338735 ], [ -10640651.702498665079474, 3497605.63991291821003 ], [ -10640752.029899759218097, 3497613.669593160040677 ], [ -10640751.512641197070479, 3497578.842577588744462 ], [ -10640850.229266902431846, 3497577.129493290092796 ], [ -10640847.085634477436543, 3497443.922302491497248 ], [ -10640968.812215348705649, 3497445.554313078057021 ], [ -10640970.281630966812372, 3497360.953413812443614 ], [ -10641038.396087260916829, 3497358.608102861326188 ], [ -10641037.582106173038483, 3497312.43552567390725 ], [ -10641075.075545564293861, 3497312.022283597849309 ], [ -10641075.005491953343153, 3497347.491965749301016 ], [ -10641209.555205667391419, 3497350.232052935287356 ], [ -10641215.326571417972445, 3497256.982997606042773 ], [ -10641308.101944563910365, 3497255.364387360867113 ], [ -10641307.655979761853814, 3497382.412111571524292 ], [ -10641374.215563220903277, 3497380.662017002236098 ], [ -10641370.200573399662971, 3497417.329457717016339 ], [ -10641760.700069610029459, 3497419.196810940280557 ], [ -10641758.000488257035613, 3497276.396120074670762 ], [ -10641847.506356446072459, 3497344.253140709828585 ], [ -10641936.710343426093459, 3497341.953046750277281 ], [ -10642015.083320043981075, 3497281.549159324262291 ], [ -10642018.045917944982648, 3497415.32766238367185 ], [ -10642327.264125404879451, 3497412.130474638659507 ], [ -10642323.267183408141136, 3497228.498815909493715 ], [ -10642437.041089395061135, 3497228.335180326364934 ], [ -10642439.279147449880838, 3497337.087949382606894 ], [ -10642949.431278895586729, 3497330.677615612745285 ], [ -10643134.234383748844266, 3497170.09437307016924 ], [ -10643124.950976753607392, 3496643.23957441188395 ], [ -10643396.43208478949964, 3496971.473034259397537 ], [ -10643501.485858868807554, 3496871.36861513601616 ], [ -10643186.300832388922572, 3496524.318071745336056 ], [ -10643735.149795139208436, 3496515.622948905453086 ], [ -10643737.525405161082745, 3496768.939145665150136 ], [ -10643807.854806015267968, 3496777.866878052707762 ], [ -10643805.422310596331954, 3496514.951829910743982 ], [ -10644178.76197193749249, 3496509.377242508344352 ], [ -10644180.07007597014308, 3496790.204090868588537 ], [ -10644411.668447664007545, 3496786.82734940154478 ], [ -10644407.159040674567223, 3496713.220607315655798 ], [ -10644719.402535978704691, 3496705.720673017669469 ], [ -10644717.502409264445305, 3496797.941884354222566 ], [ -10644807.34750203974545, 3496797.523011378012598 ], [ -10644811.564265638589859, 3496616.701418504118919 ], [ -10645072.835832742974162, 3496614.602669584099203 ], [ -10645196.034217787906528, 3496506.601379724219441 ], [ -10645745.273767737671733, 3496507.789765194989741 ], [ -10645743.595867929980159, 3496421.678507844451815 ], [ -10645992.472439093515277, 3496412.452262017410249 ], [ -10645956.310011371970177, 3496229.64770669862628 ], [ -10645659.520332731306553, 3496230.671581503469497 ], [ -10645636.770494747906923, 3496109.503424275666475 ], [ -10645360.4348358605057, 3496111.445640479680151 ], [ -10645352.46903725899756, 3495656.00878341589123 ], [ -10645503.344879172742367, 3495654.441220717970282 ], [ -10645499.046811504289508, 3495342.036848159972578 ], [ -10645346.904288651421666, 3495345.091089850757271 ], [ -10645344.812323786318302, 3495155.257411758881062 ], [ -10645476.839377680793405, 3495148.729055398609489 ], [ -10645463.211956318467855, 3494465.815079435240477 ], [ -10645594.669369529932737, 3494435.964728303253651 ], [ -10645722.05377946421504, 3494286.064841873012483 ], [ -10645541.646017715334892, 3494136.53444013511762 ], [ -10645492.246118595823646, 3494197.991943903267384 ], [ -10645330.905356155708432, 3494195.213858272414654 ], [ -10645323.541556604206562, 3493391.279055654536933 ], [ -10646372.462359122931957, 3494201.725308859255165 ], [ -10646549.809081254526973, 3493663.29616267606616 ], [ -10646759.110668864101171, 3493675.961657016538084 ], [ -10646763.998785357922316, 3494512.534129431005567 ], [ -10648240.005079738795757, 3495704.649177850689739 ], [ -10648264.904918288812041, 3495667.273353107273579 ], [ -10648255.988924724981189, 3495536.585304709617049 ], [ -10648408.158818483352661, 3495523.430956563912332 ], [ -10648426.993771558627486, 3495851.606208269950002 ], [ -10651674.272004824131727, 3498523.736244108527899 ], [ -10653715.982831995934248, 3500152.066244755871594 ], [ -10654253.029169943183661, 3500485.051606092136353 ], [ -10655078.894955052062869, 3500849.200680416077375 ], [ -10655031.070737656205893, 3500995.478682180866599 ], [ -10654779.694028513506055, 3500885.639277160167694 ], [ -10654778.957361683249474, 3501219.289821864571422 ], [ -10654836.466495119035244, 3501189.135950517840683 ], [ -10655226.105463065207005, 3501172.228478078730404 ], [ -10655366.35803104378283, 3501517.575631021521986 ], [ -10655349.411393085494637, 3501600.27271384280175 ], [ -10655387.8310088776052, 3501622.321442584972829 ], [ -10655504.295868430286646, 3501916.391600406728685 ], [ -10655494.387894609943032, 3501980.106067025568336 ], [ -10655243.028464073315263, 3502185.269592454656959 ], [ -10655243.64444075524807, 3502215.04046365711838 ], [ -10655346.441601138561964, 3502214.174472281243652 ], [ -10655352.603125745430589, 3502934.434200258459896 ], [ -10655924.428505660966039, 3502934.914885585661978 ], [ -10656019.326244680210948, 3503178.281726377084851 ], [ -10656030.186261905357242, 3503970.007054903078824 ], [ -10655692.989404637366533, 3503965.625234704464674 ], [ -10655669.086236080154777, 3503562.615679711569101 ], [ -10654815.127960529178381, 3503574.21024452149868 ], [ -10654815.619327591732144, 3503264.065679685212672 ], [ -10654427.451065013185143, 3503266.371725549921393 ], [ -10654427.96523055806756, 3503162.569695810321718 ], [ -10653863.656867185607553, 3503178.736882981378585 ], [ -10653894.772402606904507, 3504177.147677833214402 ], [ -10653956.184336526319385, 3504174.627833848819137 ], [ -10653957.871769042685628, 3504630.912106203846633 ], [ -10653898.864322932437062, 3504631.488409067038447 ], [ -10653898.213725877925754, 3504523.62367150420323 ], [ -10653602.697214860469103, 3504522.960015447344631 ], [ -10653606.105416933074594, 3504582.664308198727667 ], [ -10653233.321287481114268, 3504586.747212755959481 ], [ -10653278.942955745384097, 3504932.852823130786419 ], [ -10653207.501092171296477, 3504934.127135324757546 ], [ -10653206.160594603046775, 3505175.318371771834791 ], [ -10653043.510005252435803, 3505193.184530444443226 ], [ -10652970.698747843503952, 3505786.518911118153483 ], [ -10653012.586620945483446, 3509313.872260477393866 ], [ -10651577.574848145246506, 3509351.545772593934089 ], [ -10651570.797501284629107, 3508989.150476725772023 ], [ -10650641.512322893366218, 3508992.041830547619611 ], [ -10650646.299792090430856, 3509348.103528885636479 ], [ -10649716.799639247357845, 3509362.988160429522395 ], [ -10649719.691506322473288, 3509663.107561918906868 ], [ -10649084.72017371468246, 3509670.527265454176813 ], [ -10649081.683297665789723, 3509215.813251625746489 ], [ -10648814.947105189785361, 3509219.353120771702379 ], [ -10648800.336659552529454, 3509360.048914621118456 ], [ -10648574.894293645396829, 3509367.172991608269513 ], [ -10648587.789826679974794, 3509924.920755578670651 ], [ -10648149.102672263979912, 3509936.476988610811532 ], [ -10648156.905649105086923, 3510248.837223785463721 ], [ -10647464.525341521948576, 3510401.077683763578534 ], [ -10647362.626471986994147, 3510376.021074925083667 ], [ -10647353.112576108425856, 3509818.807975836098194 ], [ -10646658.892931886017323, 3509816.678383050486445 ], [ -10646653.229593833908439, 3509526.810194476041943 ], [ -10646532.431889453902841, 3509534.419877974782139 ], [ -10646543.120675306767225, 3509422.412986421026289 ], [ -10646275.722020810469985, 3509429.492732054088265 ], [ -10646273.737227460369468, 3509320.054249473381788 ], [ -10646093.019966980442405, 3509323.283456430304796 ], [ -10646077.449088180437684, 3508720.21705021802336 ], [ -10646136.262327810749412, 3508718.693654418922961 ], [ -10646133.199302515015006, 3508618.898994300048798 ], [ -10646099.901803685352206, 3508229.395075364504009 ], [ -10645988.815584292635322, 3508201.81487251771614 ], [ -10645986.40571216121316, 3508027.825299106538296 ], [ -10646237.000974383205175, 3508020.28344236407429 ], [ -10646246.362763948738575, 3508093.479755707550794 ], [ -10646315.15601703338325, 3508091.630187408532947 ], [ -10646628.113861097022891, 3507697.667527717538178 ], [ -10646672.936360068619251, 3507599.172114356420934 ], [ -10646559.345215205103159, 3507565.187018138356507 ], [ -10646580.177752193063498, 3507504.380271251313388 ], [ -10646687.233481353148818, 3507499.796000018715858 ], [ -10646711.416980106383562, 3506920.965137059800327 ], [ -10646827.562838105484843, 3506598.104480360634625 ], [ -10646851.570091856643558, 3506426.099171096459031 ], [ -10645998.296179415658116, 3506424.447431480046362 ], [ -10645993.125284768640995, 3506101.537309826351702 ], [ -10645814.52527311630547, 3505986.307783721014857 ], [ -10645581.867554051801562, 3505974.865428195800632 ], [ -10645245.126179300248623, 3505675.055148661136627 ], [ -10645161.525205420330167, 3505675.055163599550724 ], [ -10645007.508447013795376, 3505611.840675524435937 ], [ -10644970.389675591140985, 3505415.619470837060362 ], [ -10644807.417900612577796, 3505259.549252477008849 ], [ -10644689.196547765284777, 3505039.845624678768218 ], [ -10644674.279818415641785, 3504658.169533983804286 ], [ -10644562.960267640650272, 3504186.264374494552612 ], [ -10644519.990911236032844, 3504085.869538101833314 ], [ -10644330.74781846627593, 3503883.92524638120085 ], [ -10644007.921297077089548, 3503742.78464288264513 ], [ -10643617.078546486794949, 3503691.367725958116353 ], [ -10643269.650430744513869, 3503539.43186064902693 ], [ -10643099.554278831928968, 3503533.133348973467946 ], [ -10642750.125935019925237, 3503316.09882081206888 ] ] ] } },
{ "type": "Feature", "properties": { "ZIP": "77036", "POSTAL": "HOUSTON", "STATE": "TX", "ZIP_TYPE": "STANDARD", "bbox_minx": -10637750.875343727, "bbox_miny": 3460412.5108933081, "bbox_maxx": -10630289.506115664, "bbox_maxy": 3468011.5384557261, "label_x": -10635537.575686714, "label_y": 3464201.2139590699 }, "geometry": { "type": "Polygon", "coordinates": [ [ [ -10637711.269611978903413, 3460893.723984891083091 ], [ -10637750.875343726947904, 3461646.130850105546415 ], [ -10637718.815342487767339, 3461997.700296313036233 ], [ -10637404.894354501739144, 3463715.838843456003815 ], [ -10637259.120855478569865, 3463687.598158170003444 ], [ -10637247.474543064832687, 3463789.465991960372776 ], [ -10637198.118583664298058, 3463783.295051860623062 ], [ -10637200.160534771159291, 3463828.656149842310697 ], [ -10637149.116905363276601, 3463832.923017997760326 ], [ -10637206.001911673694849, 3464216.621987996157259 ], [ -10637121.384660648182034, 3464322.723685398232192 ], [ -10637225.811497524380684, 3464388.66240389412269 ], [ -10637376.864463943988085, 3464404.171429625246674 ], [ -10637393.86096010543406, 3465336.627188861370087 ], [ -10637213.249220229685307, 3465339.811081752646714 ], [ -10637207.916320867836475, 3465408.390951032750309 ], [ -10637249.657270969823003, 3466035.998645115178078 ], [ -10637403.706186322495341, 3466033.426820824388415 ], [ -10637414.467815706506371, 3467362.62988016474992 ], [ -10635328.563265308737755, 3467559.25654207309708 ], [ -10633272.046997705474496, 3467796.391851596534252 ], [ -10633262.250826293602586, 3467752.681690166704357 ], [ -10630289.506115663796663, 3468011.53845572611317 ], [ -10630445.155499933287501, 3467850.545727276243269 ], [ -10630355.900059416890144, 3467844.115739374421537 ], [ -10630484.464594975113869, 3467706.931789466179907 ], [ -10630716.007416307926178, 3467722.605178447440267 ], [ -10630716.045732604339719, 3467762.203670808114111 ], [ -10630767.985160205513239, 3467757.117946009151638 ], [ -10630786.652489921078086, 3467590.38028388377279 ], [ -10630825.075560007244349, 3467524.170863356906921 ], [ -10630858.187573086470366, 3467538.882887983694673 ], [ -10630939.859563130885363, 3467367.774560991674662 ], [ -10630920.014789219945669, 3467347.302377686835825 ], [ -10631123.091362396255136, 3467144.923368040006608 ], [ -10631086.480720736086369, 3467102.586277520284057 ], [ -10631107.189119130373001, 3467085.446128834038973 ], [ -10631172.043996438384056, 3467145.81807051319629 ], [ -10631230.108249820768833, 3467096.495478847529739 ], [ -10631263.621791357174516, 3467157.008337147068232 ], [ -10631329.992905158549547, 3467094.174952327739447 ], [ -10631182.362982390448451, 3466948.438232603017241 ], [ -10634175.293273342773318, 3463887.550033785402775 ], [ -10634914.930811775848269, 3462811.76791375130415 ], [ -10635834.282614570111036, 3461798.159489680547267 ], [ -10636136.074882086366415, 3461783.093130787368864 ], [ -10636129.395650584250689, 3461541.200057070236653 ], [ -10636356.376087907701731, 3461286.755930364597589 ], [ -10636673.970621870830655, 3461340.949783968739212 ], [ -10636766.69969330355525, 3461297.005388260819018 ], [ -10636943.36382151581347, 3461282.05777381779626 ], [ -10636931.315730627626181, 3460703.868194894399494 ], [ -10637205.07589559070766, 3460412.510893308091909 ], [ -10637308.046464592218399, 3460557.018596731126308 ], [ -10637315.838823495432734, 3460905.867829366121441 ], [ -10637711.269611978903413, 3460893.723984891083091 ] ] ] } },
{ "type": "Feature", "properties": { "ZIP": "77074", "POSTAL": "HOUSTON", "STATE": "TX", "ZIP_TYPE": "STANDARD", "bbox_minx": -10637990.068106063, "bbox_miny": 3459423.9322138233, "bbox_maxx": -10630059.472486405, "bbox_maxy": 3468019.3225178495, "label_x": -10632303.59526843, "label_y": 3463720.6987641118 }, "geometry": { "type": "Polygon", "coordinates": [ [ [ -10630061.145078519359231, 3467973.633797107730061 ], [ -10630059.472486404702067, 3467828.635435593314469 ], [ -10630214.696764865890145, 3467826.300752739422023 ], [ -10630264.502787362784147, 3467772.58060496347025 ], [ -10630265.352251667529345, 3467390.04786247946322 ], [ -10630408.572653433308005, 3467367.528694978915155 ], [ -10630528.378658292815089, 3467267.312189905438572 ], [ -10630595.026186959818006, 3467326.038584256544709 ], [ -10630763.228579351678491, 3467147.494992919266224 ], [ -10630826.375372106209397, 3467210.013743782881647 ], [ -10630888.208576111122966, 3467125.504091825801879 ], [ -10630850.328034106642008, 3467082.830114767886698 ], [ -10630888.055673491209745, 3467048.507708452176303 ], [ -10630837.162703480571508, 3466995.968373198993504 ], [ -10630858.013451520353556, 3466967.612718214280903 ], [ -10630444.650182818993926, 3466530.026602734345943 ], [ -10630444.927364436909556, 3466412.310783909168094 ], [ -10630339.059187889099121, 3466417.2535514915362 ], [ -10630340.992010748013854, 3466356.916191116441041 ], [ -10630250.343388946726918, 3466362.942449798807502 ], [ -10630228.700135039165616, 3464855.388368424028158 ], [ -10630299.234121968969703, 3464855.41791027598083 ], [ -10630297.331354182213545, 3464686.33752402337268 ], [ -10630329.417065417394042, 3464685.856506203766912 ], [ -10630328.892568688839674, 3464641.856622216757387 ], [ -10630302.642143363133073, 3464642.172747157514095 ], [ -10630299.427617501467466, 3464403.895412489771843 ], [ -10630263.616949217393994, 3464403.948359133675694 ], [ -10630262.386493442580104, 3464362.518280507531017 ], [ -10630308.880729351192713, 3464336.83341241395101 ], [ -10630305.004400830715895, 3463590.029376680031419 ], [ -10630239.111156830564141, 3463591.120079405140132 ], [ -10630209.536481603980064, 3463129.987894764170051 ], [ -10630209.536462597548962, 3462409.62773642828688 ], [ -10630253.507709326222539, 3462248.442673795856535 ], [ -10630437.073472561314702, 3462291.749755391851068 ], [ -10630601.158428391441703, 3462284.830857141874731 ], [ -10631328.965247506275773, 3462145.941373649518937 ], [ -10631670.938729142770171, 3462011.537681141402572 ], [ -10632212.619361191987991, 3461978.737761663738638 ], [ -10632409.320868358016014, 3461886.23228553077206 ], [ -10632668.584061404690146, 3461696.098305207677186 ], [ -10633389.792511375620961, 3461491.101101000793278 ], [ -10633791.082603964954615, 3461452.369846219662577 ], [ -10633927.519688477739692, 3461470.937874842900783 ], [ -10634129.220556249842048, 3461554.902972457464784 ], [ -10634131.4024278819561, 3461627.983013484627008 ], [ -10633907.69105888530612, 3461743.852074120659381 ], [ -10633847.434346092864871, 3461815.450850831344724 ], [ -10633850.663410132750869, 3461997.646235078573227 ], [ -10633888.892489064484835, 3462045.892164048273116 ], [ -10633994.251768313348293, 3462032.37905042571947 ], [ -10634117.741097670048475, 3462108.784890756942332 ], [ -10634303.422007026150823, 3462030.115899482276291 ], [ -10634408.730316262692213, 3462023.965872808825225 ], [ -10634398.043619129806757, 3461747.603261667769402 ], [ -10634314.34546091593802, 3461619.961967477109283 ], [ -10634532.072304716333747, 3461606.925846086815 ], [ -10634891.634191812947392, 3461454.8473716895096 ], [ -10635150.229414362460375, 3461202.07043836498633 ], [ -10635257.430049311369658, 3461052.687125605996698 ], [ -10635469.827703641727567, 3461004.131518439389765 ], [ -10635608.531769089400768, 3461028.857770682312548 ], [ -10635807.571004051715136, 3460960.572623884771019 ], [ -10636059.932271458208561, 3460735.221421556081623 ], [ -10636139.080491662025452, 3460603.522825439460576 ], [ -10636258.97153109498322, 3460549.972516528796405 ], [ -10636295.373032288625836, 3460442.232290019281209 ], [ -10636535.711788989603519, 3460302.850121455732733 ], [ -10636614.971229992806911, 3460151.427612022031099 ], [ -10636824.474551910534501, 3460063.418793311808258 ], [ -10637509.757402002811432, 3459542.296368975192308 ], [ -10637916.407430421561003, 3459423.932213823311031 ], [ -10637943.903387818485498, 3459448.783482631668448 ], [ -10637990.068106062710285, 3459503.823313834145665 ], [ -10637891.58314873278141, 3459611.470647639129311 ], [ -10637614.954224145039916, 3460428.268329281359911 ], [ -10637711.269611978903413, 3460893.723984891083091 ], [ -10637315.838823495432734, 3460905.867829366121441 ], [ -10637308.046464592218399, 3460557.018596731126308 ], [ -10637205.07589559070766, 3460412.510893308091909 ], [ -10636931.315730627626181, 3460703.868194894399494 ], [ -10636943.36382151581347, 3461282.05777381779626 ], [ -10636766.69969330355525, 3461297.005388260819018 ], [ -10636673.970621870830655, 3461340.949783968739212 ], [ -10636356.376087907701731, 3461286.755930364597589 ], [ -10636129.395650584250689, 3461541.200057070236653 ], [ -10636136.074882086366415, 3461783.093130787368864 ], [ -10635834.282614570111036, 3461798.159489680547267 ], [ -10634914.930811775848269, 3462811.76791375130415 ], [ -10634175.293273342773318, 3463887.550033785402775 ], [ -10631182.362982390448451, 3466948.438232603017241 ], [ -10631329.992905158549547, 3467094.174952327739447 ], [ -10631263.621791357174516, 3467157.008337147068232 ], [ -10631230.108249820768833, 3467096.495478847529739 ], [ -10631172.043996438384056, 3467145.81807051319629 ], [ -10631107.189119130373001, 3467085.446128834038973 ], [ -10631086.480720736086369, 3467102.586277520284057 ], [ -10631123.091362396255136, 3467144.923368040006608 ], [ -10630920.014789219945669, 3467347.302377686835825 ], [ -10630939.859563130885363, 3467367.774560991674662 ], [ -10630858.187573086470366, 3467538.882887983694673 ], [ -10630825.075560007244349, 3467524.170863356906921 ], [ -10630786.652489921078086, 3467590.38028388377279 ], [ -10630767.985160205513239, 3467757.117946009151638 ], [ -10630716.045732604339719, 3467762.203670808114111 ], [ -10630716.007416307926178, 3467722.605178447440267 ], [ -10630484.464594975113869, 3467706.931789466179907 ], [ -10630355.900059416890144, 3467844.115739374421537 ], [ -10630445.155499933287501, 3467850.545727276243269 ], [ -10630289.506115663796663, 3468011.53845572611317 ], [ -10630186.591607738286257, 3468019.322517849504948 ], [ -10630061.145078519359231, 3467973.633797107730061 ] ] ] } },
{ "type": "Feature", "properties": { "ZIP": "77338", "POSTAL": "HUMBLE", "STATE": "TX", "ZIP_TYPE": "STANDARD", "bbox_minx": -10618342.310357189, "bbox_miny": 3499959.1794370832, "bbox_maxx": -10597953.266870711, "bbox_maxy": 3508751.8249705844, "label_x": -10605156.339529127, "label_y": 3504366.7334144367 }, "geometry": { "type": "Polygon", "coordinates": [ [ [ -10609977.02671180665493, 3507763.597255301196128 ], [ -10609587.677296867594123, 3507614.90042225504294 ], [ -10609405.370735639706254, 3507400.089493236038834 ], [ -10609260.98938026279211, 3507335.028432051185519 ], [ -10609192.347750354558229, 3507375.6623122128658 ], [ -10609104.783531658351421, 3507493.150036473292857 ], [ -10609094.24612564407289, 3507579.847425435204059 ], [ -10608450.805998887866735, 3507596.94633571524173 ], [ -10607943.334937732666731, 3507119.243101179134101 ], [ -10607850.794029777869582, 3506952.641222082078457 ], [ -10607676.35650397837162, 3506907.382438620552421 ], [ -10607594.091417675837874, 3506917.282401817385107 ], [ -10607511.714962467551231, 3506979.384351675398648 ], [ -10607329.009562468156219, 3507252.930574773345143 ], [ -10607078.904680056497455, 3507370.516388283111155 ], [ -10606399.633152129128575, 3507506.939541303552687 ], [ -10605743.070738341659307, 3507704.826703434810042 ], [ -10605320.056671157479286, 3507640.53550830623135 ], [ -10605006.135816743597388, 3507647.478872668929398 ], [ -10604642.501971231773496, 3507709.6754494686611 ], [ -10604339.905140908434987, 3507064.66153163369745 ], [ -10604011.273610636591911, 3506980.670120253227651 ], [ -10602779.189402271062136, 3506958.555158917792141 ], [ -10602541.856269842013717, 3506873.824477128684521 ], [ -10601641.058884974569082, 3506116.287892272695899 ], [ -10601209.250556955114007, 3505950.309565330389887 ], [ -10600626.493105016648769, 3506030.019936258904636 ], [ -10600287.636631160974503, 3506311.453398495446891 ], [ -10599913.157815147191286, 3506525.136134810280055 ], [ -10599557.818093916401267, 3506653.042388424277306 ], [ -10598742.299445936456323, 3506648.178781591821462 ], [ -10598014.644339952617884, 3506936.558052273001522 ], [ -10597953.266870710998774, 3505697.167875103652477 ], [ -10597983.545796006917953, 3504750.727182055357844 ], [ -10599768.778139906004071, 3504411.070600722450763 ], [ -10599726.699580745771527, 3504348.724220229778439 ], [ -10599729.564669776707888, 3503727.987820318434387 ], [ -10599006.51839954406023, 3503739.979297852609307 ], [ -10598994.404715351760387, 3501257.419005986303091 ], [ -10599053.901606054976583, 3501256.237371731549501 ], [ -10599057.315956089645624, 3501189.016429166775197 ], [ -10599556.267549935728312, 3500894.212544169742614 ], [ -10599727.365596521645784, 3501014.502130454406142 ], [ -10599974.717530336230993, 3501068.093082354869694 ], [ -10600382.926073933020234, 3501037.634909584186971 ], [ -10601333.371891317889094, 3500757.988489557057619 ], [ -10601544.656246488913894, 3500727.65965848788619 ], [ -10601871.49023724719882, 3500752.848043833393604 ], [ -10602346.289652558043599, 3500867.04947158228606 ], [ -10602357.048672, 3500751.578444000333548 ], [ -10602616.826449805870652, 3500739.595415259245783 ], [ -10602611.995361376553774, 3500553.96525314450264 ], [ -10602730.662976643070579, 3500565.649415502790362 ], [ -10602731.008351409807801, 3500435.270054894499481 ], [ -10602998.973004309460521, 3500428.594578140880913 ], [ -10603003.990128703415394, 3500796.302059416659176 ], [ -10603084.647631801664829, 3500795.135806577280164 ], [ -10603083.416467346251011, 3500647.624352633021772 ], [ -10603230.177857296541333, 3500645.51418741280213 ], [ -10603230.797059573233128, 3500720.151375631801784 ], [ -10603376.990471445024014, 3500718.101009301375598 ], [ -10603375.266492018476129, 3500795.554485919885337 ], [ -10603464.609162991866469, 3500799.140892061404884 ], [ -10603467.237751135602593, 3500862.548875690903515 ], [ -10603535.055960549041629, 3500861.611013162415475 ], [ -10603533.759729323908687, 3500649.913753960747272 ], [ -10603613.506484227254987, 3500648.888449788559228 ], [ -10603612.924871267750859, 3500575.777293156832457 ], [ -10603852.009045554324985, 3500574.437861945014447 ], [ -10603850.862373437732458, 3500645.097147661726922 ], [ -10604030.798254437744617, 3500643.256611966527998 ], [ -10604035.827068913727999, 3500854.332646360155195 ], [ -10604302.262666435912251, 3500868.124206337146461 ], [ -10604899.446859339252114, 3500993.296491506043822 ], [ -10604950.003693463280797, 3500762.195972268469632 ], [ -10605069.901594819501042, 3500794.587453625630587 ], [ -10605021.915884526446462, 3501018.564288354478776 ], [ -10605159.061229420825839, 3501046.858653541188687 ], [ -10605181.5512675344944, 3500933.262402573600411 ], [ -10605261.859634006395936, 3500937.514924346935004 ], [ -10605261.874951949343085, 3501015.939810526091605 ], [ -10605721.850259130820632, 3501048.147912830580026 ], [ -10606125.115897655487061, 3501259.372230287175626 ], [ -10606350.05744749866426, 3501302.337288619019091 ], [ -10606491.798798399046063, 3501273.471173154655844 ], [ -10606571.891153264790773, 3501136.187321585137397 ], [ -10606689.529724918305874, 3501184.081812684424222 ], [ -10606889.556866697967052, 3501195.378384294454008 ], [ -10606927.37823829986155, 3501086.740238846745342 ], [ -10607263.027204, 3501154.970033663790673 ], [ -10607331.933953994885087, 3501246.731096438132226 ], [ -10607462.177774883806705, 3501328.34001454943791 ], [ -10608293.956992205232382, 3501336.179620332084596 ], [ -10608313.771821025758982, 3500339.686992036178708 ], [ -10608404.94248328730464, 3500162.989308317191899 ], [ -10608523.609128518030047, 3500081.259403410833329 ], [ -10608622.015542462468147, 3500058.128332973457873 ], [ -10609567.451948573812842, 3500054.401719054207206 ], [ -10609673.984766058623791, 3499959.17943708319217 ], [ -10609736.768950486555696, 3503987.532181729562581 ], [ -10612098.411908758804202, 3505032.389358763117343 ], [ -10612826.78701994381845, 3505184.718027908354998 ], [ -10614600.955186316743493, 3504069.466013267636299 ], [ -10615784.78973476588726, 3504283.852912720758468 ], [ -10615920.455334655940533, 3504201.818557677324861 ], [ -10616568.029120331630111, 3503412.291110570076853 ], [ -10616671.53287017904222, 3503721.798366169910878 ], [ -10617337.653579348698258, 3503305.085195432417095 ], [ -10617716.039783550426364, 3503900.140156761277467 ], [ -10617198.631057418882847, 3504229.287710960954428 ], [ -10617286.459144616499543, 3504327.519096303731203 ], [ -10617579.529029365628958, 3504829.67139439098537 ], [ -10617203.846074320375919, 3505068.47507157176733 ], [ -10617303.915175087749958, 3505116.016859334427863 ], [ -10617389.61559565924108, 3505108.027190088294446 ], [ -10617408.993008343502879, 3505149.997448049951345 ], [ -10617317.528258036822081, 3505216.491813578177243 ], [ -10617414.712693519890308, 3505408.218877390027046 ], [ -10617335.369345644488931, 3505446.859639513771981 ], [ -10617612.845529908314347, 3505998.650008867494762 ], [ -10617714.201708311215043, 3506309.97973108291626 ], [ -10617805.514386478811502, 3506290.083321127574891 ], [ -10617837.803135944530368, 3506394.748432024382055 ], [ -10618342.310357188805938, 3506533.206641778349876 ], [ -10618155.115514725446701, 3506863.462859365157783 ], [ -10617983.631610654294491, 3506983.071803023573011 ], [ -10617781.992540214210749, 3507019.108179665636271 ], [ -10617773.039443237707019, 3507409.071027227677405 ], [ -10617879.844622628763318, 3508271.622886079829186 ], [ -10617972.558028003200889, 3508217.001906137913465 ], [ -10617982.318780047819018, 3508483.391216187272221 ], [ -10618055.157867547124624, 3508608.558072246145457 ], [ -10617969.179269360378385, 3508731.085373904090375 ], [ -10617772.922972930595279, 3508745.101983945351094 ], [ -10617614.069986267015338, 3508616.380966309458017 ], [ -10617397.442280020564795, 3508602.878847973886877 ], [ -10617096.434424443170428, 3508393.404842582531273 ], [ -10616455.205857111141086, 3508248.935108255594969 ], [ -10616293.598292712122202, 3508044.031866641249508 ], [ -10616244.06108870729804, 3507850.254328037146479 ], [ -10616099.011787882074714, 3507596.174698031041771 ], [ -10615777.74370733089745, 3507806.021473307162523 ], [ -10615527.497526910156012, 3508093.537590373773128 ], [ -10615408.942194860428572, 3508172.618481834884733 ], [ -10615224.597203396260738, 3508179.047944981139153 ], [ -10615054.389671819284558, 3508037.473999452777207 ], [ -10614896.872554747387767, 3507830.709567297250032 ], [ -10614854.905113536864519, 3507825.823321925010532 ], [ -10614824.403650294989347, 3507883.943386534228921 ], [ -10614779.764438815414906, 3507877.128396794665605 ], [ -10614575.604562420397997, 3507656.993897373322397 ], [ -10614359.867395140230656, 3507595.146130077540874 ], [ -10614308.326393578201532, 3507347.243470621760935 ], [ -10614055.074564259499311, 3507179.706180321983993 ], [ -10613825.088498938828707, 3507180.477590468712151 ], [ -10613669.018612053245306, 3507227.922676461748779 ], [ -10613428.791170908138156, 3507177.648938601836562 ], [ -10613431.351491719484329, 3507213.650636736769229 ], [ -10613343.965655917301774, 3507173.534413968212903 ], [ -10613077.466790711507201, 3507164.4055036874488 ], [ -10612850.263701053336263, 3507263.53886405704543 ], [ -10612803.84355166554451, 3507428.891336936037987 ], [ -10612760.985540244728327, 3507476.337384917773306 ], [ -10612673.043152902275324, 3507460.779149936512113 ], [ -10612595.676089601591229, 3507340.557375172618777 ], [ -10612449.40225356630981, 3507305.96967302961275 ], [ -10612323.499861899763346, 3507334.257029553875327 ], [ -10612226.429302563890815, 3507470.03693723352626 ], [ -10612163.088565645739436, 3507509.63970510661602 ], [ -10611932.434505416080356, 3507381.702666999772191 ], [ -10611763.562856348231435, 3507221.236711530014873 ], [ -10611745.974366702139378, 3507016.285504452418536 ], [ -10611702.114534772932529, 3506928.468669235706329 ], [ -10611538.029585285112262, 3507057.686919669155031 ], [ -10611474.466182015836239, 3507180.991911063436419 ], [ -10611356.022259160876274, 3507234.48014712985605 ], [ -10611300.028531532734632, 3507335.928446254692972 ], [ -10611159.432007318362594, 3507427.734103505965322 ], [ -10611162.882926011458039, 3507463.865096602123231 ], [ -10611258.617666985839605, 3507535.227286360692233 ], [ -10611263.515756757929921, 3507727.45709405047819 ], [ -10611242.476375790312886, 3507791.877222380135208 ], [ -10611128.485184600576758, 3507860.412383457645774 ], [ -10610938.574165584519506, 3507908.503014924935997 ], [ -10610810.556671330705285, 3507982.696516967844218 ], [ -10610675.860102528706193, 3507966.366174908354878 ], [ -10610588.474306927993894, 3507831.481054056901485 ], [ -10610591.145989190787077, 3507691.068185896612704 ], [ -10610518.45432411506772, 3507587.174065929837525 ], [ -10610408.248118601739407, 3507628.963009973522276 ], [ -10610237.038717331364751, 3507799.97797912824899 ], [ -10610183.160101979970932, 3507801.392438343260437 ], [ -10610061.265207961201668, 3507705.726659287232906 ], [ -10610004.158348111435771, 3507718.456332426518202 ], [ -10609977.02671180665493, 3507763.597255301196128 ] ] ] } },
{ "type": "Feature", "properties": { "ZIP": "77018", "POSTAL": "HOUSTON", "STATE": "TX", "ZIP_TYPE": "STANDARD", "bbox_minx": -10626404.747618904, "bbox_miny": 3478967.2151916712, "bbox_maxx": -10618946.341714559, "bbox_maxy": 3483491.0608177269, "label_x": -10622829.674100516, "label_y": 3481229.3726353692 }, "geometry": { "type": "Polygon", "coordinates": [ [ [ -10620205.257796319201589, 3483128.631834471598268 ], [ -10620203.887699346989393, 3482599.158085042145103 ], [ -10620105.568614298477769, 3482600.193428600672632 ], [ -10620097.712357774376869, 3482346.660898166242987 ], [ -10620142.890713144093752, 3482346.288067938759923 ], [ -10620137.548254394903779, 3482199.003984497394413 ], [ -10620074.660105839371681, 3482199.664471302647144 ], [ -10620074.163633102551103, 3482156.450211978517473 ], [ -10620198.384967979043722, 3482156.042738874442875 ], [ -10620182.433314487338066, 3482064.861017486546189 ], [ -10620160.441876670345664, 3482015.794761596247554 ], [ -10619805.385183135047555, 3482017.891112321522087 ], [ -10619820.912559827789664, 3481794.929499797523022 ], [ -10619791.899681258946657, 3481785.136139577720314 ], [ -10619786.123122716322541, 3481548.608620719984174 ], [ -10619642.672054268419743, 3481559.93511095829308 ], [ -10619581.228078298270702, 3481414.356801752466708 ], [ -10619726.159947501495481, 3481412.243438970763236 ], [ -10619723.914099959656596, 3481325.438941112719476 ], [ -10619597.681664587929845, 3481328.00569639634341 ], [ -10619573.482041602954268, 3481234.782347383908927 ], [ -10619516.276532381772995, 3481260.496927844826132 ], [ -10619553.730094062164426, 3481154.457260403316468 ], [ -10619473.77042493224144, 3481161.479196038097143 ], [ -10619424.458962121978402, 3481059.859692895784974 ], [ -10619468.766635162755847, 3481040.476219602394849 ], [ -10619413.575063567608595, 3480922.910973877180368 ], [ -10619338.379733748733997, 3480883.38227020483464 ], [ -10619373.85229129716754, 3480882.927308791782707 ], [ -10619323.957279160618782, 3480610.847016959451139 ], [ -10619293.992120515555143, 3480611.126205411739647 ], [ -10619292.580453829839826, 3480530.636700676288456 ], [ -10619222.395650278776884, 3480531.495327543932945 ], [ -10619238.055058160796762, 3480453.190024900250137 ], [ -10619198.986718045547605, 3480454.322734862565994 ], [ -10619137.299501292407513, 3480257.072063157800585 ], [ -10619183.540691133588552, 3480256.252515432890505 ], [ -10619183.121889859437943, 3480228.653339140117168 ], [ -10619148.838224776089191, 3480229.493861066643149 ], [ -10619164.32811, 3480113.671133832074702 ], [ -10619092.189477231353521, 3480111.99250515177846 ], [ -10619114.149304078891873, 3480017.341346241999418 ], [ -10619062.508369596675038, 3480017.628804794047028 ], [ -10619013.956962706521153, 3479869.317667075898498 ], [ -10619051.53957244195044, 3479868.856884210836142 ], [ -10619055.24875190295279, 3479763.022364377509803 ], [ -10618981.99297621101141, 3479764.169231809675694 ], [ -10618946.34171455912292, 3479647.704130257945508 ], [ -10619236.824505269527435, 3479624.550987879280001 ], [ -10619625.997378725558519, 3479526.529925849754363 ], [ -10623364.278362441807985, 3479476.808733025100082 ], [ -10623662.169288393110037, 3479377.37739222496748 ], [ -10624508.197369301691651, 3478967.215191671159118 ], [ -10624843.594376033172011, 3479247.834875956643373 ], [ -10624667.440358439460397, 3479247.57817006111145 ], [ -10624706.543991070240736, 3479366.957401352468878 ], [ -10624918.590353777632117, 3479362.543369030114263 ], [ -10624930.202497597783804, 3479447.944563081022352 ], [ -10624995.260634656995535, 3479447.740670701488853 ], [ -10625025.538989601656795, 3479679.282087801489979 ], [ -10624986.5155099760741, 3479679.202074408065528 ], [ -10624989.376641662791371, 3479762.968644895590842 ], [ -10625026.043692665174603, 3479775.601993995718658 ], [ -10625025.931464765220881, 3479819.809589400887489 ], [ -10624933.176976496353745, 3479820.483346094377339 ], [ -10624938.224623819813132, 3479885.960821503773332 ], [ -10624952.435034969821572, 3479942.901886736508459 ], [ -10625005.826035065576434, 3479927.73339647706598 ], [ -10625040.355698259547353, 3479973.578774537425488 ], [ -10625067.242155231535435, 3480074.815988993737847 ], [ -10625147.674726583063602, 3480074.887919299304485 ], [ -10625145.818369124084711, 3480217.224995389580727 ], [ -10625410.664588488638401, 3480222.632560535799712 ], [ -10625490.591876044869423, 3480254.580957444850355 ], [ -10625547.921488527208567, 3480341.958130661398172 ], [ -10625552.262938009575009, 3480488.871310702525079 ], [ -10625594.786950428038836, 3480584.333628975786269 ], [ -10626077.802275653928518, 3481018.285744586028159 ], [ -10626135.131761377677321, 3481117.473222897853702 ], [ -10626137.358215097337961, 3481705.299578637816012 ], [ -10626038.61773787625134, 3481842.090798662044108 ], [ -10625891.898726942017674, 3481871.990085671190172 ], [ -10625818.427800541743636, 3481923.576020496431738 ], [ -10625792.267750086262822, 3482000.441998007241637 ], [ -10625797.054458320140839, 3482285.453406276647002 ], [ -10625829.225854406133294, 3482380.287470172625035 ], [ -10625949.005590012297034, 3482494.114923733752221 ], [ -10626056.317623628303409, 3482674.033728615846485 ], [ -10626381.370542904362082, 3482995.89196231868118 ], [ -10626404.747618904337287, 3483223.30221455078572 ], [ -10625997.203908672556281, 3483217.450372752267867 ], [ -10625997.206974521279335, 3483294.914164700545371 ], [ -10625865.014393409714103, 3483296.378385279327631 ], [ -10625831.349245464429259, 3483145.568520587403327 ], [ -10625576.433780241757631, 3483147.65794672165066 ], [ -10625577.035097176209092, 3483221.796288673300296 ], [ -10625415.892610440030694, 3483221.583220171742141 ], [ -10625414.771706968545914, 3483301.355248799081892 ], [ -10625351.10686051286757, 3483302.057707529515028 ], [ -10625355.716539995744824, 3483199.009329951833934 ], [ -10625289.297654740512371, 3483204.087225679773837 ], [ -10625283.939166544005275, 3483302.770489077549428 ], [ -10625224.380600610747933, 3483303.096564593259245 ], [ -10625225.075363686308265, 3483213.614655923098326 ], [ -10625195.24410099722445, 3483214.176977530587465 ], [ -10625190.643343748524785, 3483303.281059443019331 ], [ -10624620.891985777765512, 3483308.94285082211718 ], [ -10624618.280145121738315, 3483257.109689270611852 ], [ -10624526.539118159562349, 3483206.196156618185341 ], [ -10624498.185352621600032, 3483206.378441212698817 ], [ -10624498.179448781535029, 3483309.710560376755893 ], [ -10624275.805685801431537, 3483311.119000836741179 ], [ -10624275.421629425138235, 3483231.403369882609695 ], [ -10624148.733669500797987, 3483234.937202960252762 ], [ -10624148.764174893498421, 3483261.206686596386135 ], [ -10624084.996636681258678, 3483230.004738567396998 ], [ -10624081.86124830506742, 3483312.148616524413228 ], [ -10623958.484530389308929, 3483312.504893655423075 ], [ -10623957.882319040596485, 3483240.655129621736705 ], [ -10623926.089292740449309, 3483241.415658676996827 ], [ -10623927.240690190345049, 3483312.594973241444677 ], [ -10623833.956292204558849, 3483312.863285660743713 ], [ -10623830.556900383904576, 3483240.581185612827539 ], [ -10623797.152179444208741, 3483240.317677777260542 ], [ -10623796.915228810161352, 3483312.969674283172935 ], [ -10623765.28443949110806, 3483313.06036348734051 ], [ -10623766.790560176596045, 3483245.15617357660085 ], [ -10623707.113790052011609, 3483243.198272120207548 ], [ -10623701.42646811157465, 3483313.24326973920688 ], [ -10623667.810552271082997, 3483313.339480079244822 ], [ -10623671.292198510840535, 3483261.694875765126199 ], [ -10623639.407530918717384, 3483258.6133993123658 ], [ -10623641.819181744009256, 3483313.413807494100183 ], [ -10623579.357662795111537, 3483313.592123568989336 ], [ -10623575.554786974564195, 3483238.667032001074404 ], [ -10623543.689140476286411, 3483238.761904412414879 ], [ -10623543.128764472901821, 3483313.695466571021825 ], [ -10623481.828554829582572, 3483313.870001160074025 ], [ -10623479.938933184370399, 3483235.774371844250709 ], [ -10623448.216847410425544, 3483236.125133531168103 ], [ -10623446.637749154120684, 3483313.970043996348977 ], [ -10623089.653176434338093, 3483314.934823560994118 ], [ -10623091.434208979830146, 3483254.616407733876258 ], [ -10623018.979797841981053, 3483255.458754846360534 ], [ -10623011.888659054413438, 3483120.857015142217278 ], [ -10622618.934344543144107, 3483123.200110333040357 ], [ -10622610.22201045230031, 3483259.115133906714618 ], [ -10622273.409492339938879, 3483265.085945287253708 ], [ -10622277.268103489652276, 3483486.10300724580884 ], [ -10621994.754954317584634, 3483491.060817726887763 ], [ -10621990.327751209959388, 3483131.799282592255622 ], [ -10621624.343968855217099, 3483137.970888120122254 ], [ -10621628.270961368456483, 3483279.969122201669961 ], [ -10621158.283962223678827, 3483286.892712001688778 ], [ -10621153.843222638592124, 3483211.607195208314806 ], [ -10621093.586664767935872, 3483213.075468747876585 ], [ -10621076.417961113154888, 3483122.990338115952909 ], [ -10620476.044432586058974, 3483129.309175211470574 ], [ -10620473.23523067496717, 3483047.723590800538659 ], [ -10620430.687640201300383, 3483074.142258550040424 ], [ -10620430.384421322494745, 3482992.148498948663473 ], [ -10620205.257796319201589, 3483128.631834471598268 ] ] ] } },
{ "type": "Feature", "properties": { "ZIP": "77022", "POSTAL": "HOUSTON", "STATE": "TX", "ZIP_TYPE": "STANDARD", "bbox_minx": -10620215.161272079, "bbox_miny": 3479462.5537268198, "bbox_maxx": -10614346.557953939, "bbox_maxy": 3483935.0066183014, "label_x": -10617317.108232949, "label_y": 3481720.5439049155 }, "geometry": { "type": "Polygon", "coordinates": [ [ [ -10614546.643059305846691, 3480399.916702257469296 ], [ -10614346.55795393884182, 3479462.553726819809526 ], [ -10614798.80006561614573, 3479620.889358124695718 ], [ -10615007.190203785896301, 3479647.57583687081933 ], [ -10616662.845020554959774, 3479617.296945038251579 ], [ -10617079.847743842750788, 3479558.792100416496396 ], [ -10617558.521574171259999, 3479660.534195094835013 ], [ -10618946.34171455912292, 3479647.704130257945508 ], [ -10618981.99297621101141, 3479764.169231809675694 ], [ -10619055.24875190295279, 3479763.022364377509803 ], [ -10619051.53957244195044, 3479868.856884210836142 ], [ -10619013.956962706521153, 3479869.317667075898498 ], [ -10619062.508369596675038, 3480017.628804794047028 ], [ -10619114.149304078891873, 3480017.341346241999418 ], [ -10619092.189477231353521, 3480111.99250515177846 ], [ -10619164.32811, 3480113.671133832074702 ], [ -10619148.838224776089191, 3480229.493861066643149 ], [ -10619183.121889859437943, 3480228.653339140117168 ], [ -10619183.540691133588552, 3480256.252515432890505 ], [ -10619137.299501292407513, 3480257.072063157800585 ], [ -10619198.986718045547605, 3480454.322734862565994 ], [ -10619238.055058160796762, 3480453.190024900250137 ], [ -10619222.395650278776884, 3480531.495327543932945 ], [ -10619292.580453829839826, 3480530.636700676288456 ], [ -10619293.992120515555143, 3480611.126205411739647 ], [ -10619323.957279160618782, 3480610.847016959451139 ], [ -10619373.85229129716754, 3480882.927308791782707 ], [ -10619338.379733748733997, 3480883.38227020483464 ], [ -10619413.575063567608595, 3480922.910973877180368 ], [ -10619468.766635162755847, 3481040.476219602394849 ], [ -10619424.458962121978402, 3481059.859692895784974 ], [ -10619473.77042493224144, 3481161.479196038097143 ], [ -10619553.730094062164426, 3481154.457260403316468 ], [ -10619516.276532381772995, 3481260.496927844826132 ], [ -10619573.482041602954268, 3481234.782347383908927 ], [ -10619597.681664587929845, 3481328.00569639634341 ], [ -10619723.914099959656596, 3481325.438941112719476 ], [ -10619726.159947501495481, 3481412.243438970763236 ], [ -10619581.228078298270702, 3481414.356801752466708 ], [ -10619642.672054268419743, 3481559.93511095829308 ], [ -10619786.123122716322541, 3481548.608620719984174 ], [ -10619791.899681258946657, 3481785.136139577720314 ], [ -10619820.912559827789664, 3481794.929499797523022 ], [ -10619805.385183135047555, 3482017.891112321522087 ], [ -10620160.441876670345664, 3482015.794761596247554 ], [ -10620182.433314487338066, 3482064.861017486546189 ], [ -10620198.384967979043722, 3482156.042738874442875 ], [ -10620074.163633102551103, 3482156.450211978517473 ], [ -10620074.660105839371681, 3482199.664471302647144 ], [ -10620137.548254394903779, 3482199.003984497394413 ], [ -10620142.890713144093752, 3482346.288067938759923 ], [ -10620097.712357774376869, 3482346.660898166242987 ], [ -10620105.568614298477769, 3482600.193428600672632 ], [ -10620203.887699346989393, 3482599.158085042145103 ], [ -10620205.848945450037718, 3483207.025551418308169 ], [ -10620149.455656666308641, 3483221.765099231619388 ], [ -10620138.787891201674938, 3483481.039037403650582 ], [ -10620007.247258117422462, 3483481.637194408103824 ], [ -10620010.486720262095332, 3483660.519907854031771 ], [ -10620215.161272078752518, 3483752.059492036700249 ], [ -10620214.933827627450228, 3483838.122414921410382 ], [ -10620043.737743908539414, 3483837.348350810818374 ], [ -10620043.149908613413572, 3483807.237980498932302 ], [ -10619616.870803661644459, 3483802.991862149909139 ], [ -10619616.826897384598851, 3483711.080291320569813 ], [ -10619474.550948640331626, 3483712.987294291611761 ], [ -10619475.18442627415061, 3483784.799739504698664 ], [ -10618869.446419717743993, 3483769.280083076097071 ], [ -10618851.040428, 3483854.724552002269775 ], [ -10618685.080013535916805, 3483856.746030598413199 ], [ -10618685.029620757326484, 3483758.33747612638399 ], [ -10618145.786186221987009, 3483758.534116296563298 ], [ -10618128.328391788527369, 3483824.561577381566167 ], [ -10617977.180757919326425, 3483823.065934800542891 ], [ -10617978.175256194546819, 3483900.513088277541101 ], [ -10617856.336555810645223, 3483896.001180266495794 ], [ -10617856.06915421038866, 3483820.792908811941743 ], [ -10617753.276245331391692, 3483847.505457354709506 ], [ -10617752.439542971551418, 3483794.214054291136563 ], [ -10617684.258188553154469, 3483795.751620086375624 ], [ -10617682.504249665886164, 3483769.256039500702173 ], [ -10617486.220562044531107, 3483768.701499876566231 ], [ -10616555.457954127341509, 3483808.142300796229392 ], [ -10616556.730419067665935, 3483896.341007891576737 ], [ -10615343.749446406960487, 3483935.006618301384151 ], [ -10614872.654316218569875, 3481910.480560860130936 ], [ -10614834.113781046122313, 3481655.951670253183693 ], [ -10614852.122138621285558, 3481413.371946723200381 ], [ -10614764.958960877731442, 3481247.585629541426897 ], [ -10614577.608268713578582, 3480399.055264885071665 ], [ -10614546.643059305846691, 3480399.916702257469296 ] ] ] } },
{ "type": "Feature", "properties": { "ZIP": "77382", "POSTAL": "SPRING", "STATE": "TX", "ZIP_TYPE": "STANDARD", "bbox_minx": -10637408.05598738, "bbox_miny": 3524757.6740876664, "bbox_maxx": -10635774.175144089, "bbox_maxy": 3525485.2959087533, "label_x": -10636213.442590557, "label_y": 3525357.1779225711 }, "geometry": { "type": "MultiPolygon", "coordinates": [ [ [ [ -10635885.412836223840714, 3525423.428395997267216 ], [ -10636015.07058840431273, 3525291.123669404536486 ], [ -10636089.654628025367856, 3525360.396957021672279 ], [ -10636257.301708744838834, 3525296.789109339006245 ], [ -10636350.75972007215023, 3525390.211419297382236 ], [ -10635885.412836223840714, 3525423.428395997267216 ] ] ], [ [ [ -10637404.560411848127842, 3524762.444004230201244 ], [ -10637407.946126136928797, 3524801.76505546271801 ], [ -10637389.246909556910396, 3524844.524359866976738 ], [ -10637389.754913343116641, 3524798.495517799630761 ], [ -10637404.560411848127842, 3524762.444004230201244 ] ] ], [ [ [ -10637344.670597082003951, 3524881.28555372543633 ], [ -10637366.208918076008558, 3524897.204895902890712 ], [ -10637314.420763051137328, 3524991.434100968763232 ], [ -10637308.157757414504886, 3524932.273162562865764 ], [ -10637344.670597082003951, 3524881.28555372543633 ] ] ], [ [ [ -10637281.329695574939251, 3525006.566154704429209 ], [ -10637300.66245137155056, 3525000.70263042114675 ], [ -10637270.793022790923715, 3525020.824753880035132 ], [ -10637281.329695574939251, 3525006.566154704429209 ] ] ], [ [ [ -10636958.058001255616546, 3525210.391002413351089 ], [ -10637191.741606239229441, 3525074.078758184798062 ], [ -10636926.888422464951873, 3525252.495570372790098 ], [ -10636889.504188638180494, 3525377.400744543876499 ], [ -10636908.075550504028797, 3525271.294518245384097 ], [ -10636958.058001255616546, 3525210.391002413351089 ] ] ], [ [ [ -10635786.197670077905059, 3525389.368264414835721 ], [ -10635811.467188782989979, 3525400.05548830004409 ], [ -10635822.664300950244069, 3525427.906108405906707 ], [ -10635783.284157091751695, 3525430.716087463311851 ], [ -10635786.197670077905059, 3525389.368264414835721 ] ] ], [ [ [ -10636855.978034479543567, 3525465.981646711472422 ], [ -10636866.572370421141386, 3525454.017826138064265 ], [ -10636831.556866126134992, 3525480.010680234059691 ], [ -10636855.978034479543567, 3525465.981646711472422 ] ] ], [ [ [ -10636604.173151625320315, 3525485.295908753294498 ], [ -10636456.340850275009871, 3525382.672630585264415 ], [ -10636407.152910765260458, 3525386.18488712143153 ], [ -10636393.222909696400166, 3525336.44741186266765 ], [ -10636456.674938211217523, 3525327.176561480388045 ], [ -10636539.719270255416632, 3525439.714060255791992 ], [ -10636643.246475026011467, 3525429.799454763997346 ], [ -10636684.202287184074521, 3525483.436147898901254 ], [ -10636604.173151625320315, 3525485.295908753294498 ] ] ] ] } },
{ "type": "Feature", "properties": { "ZIP": "77354", "POSTAL": "MAGNOLIA", "STATE": "TX", "ZIP_TYPE": "STANDARD", "bbox_minx": -10645100.016031811, "bbox_miny": 3519796.299513794, "bbox_maxx": -10637396.10012587, "bbox_maxy": 3524801.7650554627, "label_x": -10639679.934555607, "label_y": 3522899.1720207371 }, "geometry": { "type": "MultiPolygon", "coordinates": [ [ [ [ -10640170.404446514323354, 3522613.573804036248475 ], [ -10640168.289458785206079, 3522515.8656066339463 ], [ -10640237.307567939162254, 3522534.918028476648033 ], [ -10640326.029140047729015, 3522433.734655044041574 ], [ -10640384.360582930967212, 3522418.930492653511465 ], [ -10640360.42681922763586, 3522297.151258454658091 ], [ -10640428.156717829406261, 3522241.300015810411423 ], [ -10640404.064093209803104, 3522311.182961514685303 ], [ -10640420.984638683497906, 3522407.859576603397727 ], [ -10639997.196878539398313, 3522817.103533967398107 ], [ -10640170.404446514323354, 3522613.573804036248475 ] ] ], [ [ [ -10644865.192700948566198, 3519831.049849839415401 ], [ -10645061.782897997647524, 3519796.299513794016093 ], [ -10645100.016031811013818, 3519830.731476857326925 ], [ -10644781.480434287339449, 3519908.144476602785289 ], [ -10644824.561145976185799, 3520081.512517766095698 ], [ -10644748.418550010770559, 3519917.411310894414783 ], [ -10644865.192700948566198, 3519831.049849839415401 ] ] ], [ [ [ -10644973.6179304048419, 3520235.576569026336074 ], [ -10644997.217649331316352, 3520259.259090560022742 ], [ -10644966.823372324928641, 3520383.567083700094372 ], [ -10644894.358385546132922, 3520298.000764346215874 ], [ -10644973.6179304048419, 3520235.576569026336074 ] ] ], [ [ [ -10642235.582834769040346, 3520626.753469644580036 ], [ -10642237.718728493899107, 3520623.254769701976329 ], [ -10642247.163805954158306, 3520624.444140573963523 ], [ -10642235.582834769040346, 3520626.753469644580036 ] ] ], [ [ [ -10642349.86991835013032, 3520642.261114960070699 ], [ -10642420.728057077154517, 3520625.9577312534675 ], [ -10642434.865558059886098, 3520651.443022169638425 ], [ -10642349.86991835013032, 3520642.261114960070699 ] ] ], [ [ [ -10642732.536839574575424, 3520736.815327025018632 ], [ -10642757.246853724122047, 3520732.661418261006474 ], [ -10642760.809078864753246, 3520743.800747968722135 ], [ -10642732.536839574575424, 3520736.815327025018632 ] ] ], [ [ [ -10641846.987309483811259, 3520737.9387052571401 ], [ -10641911.905692711472511, 3520718.428025380242616 ], [ -10641849.065085621550679, 3520780.238405982963741 ], [ -10641846.987309483811259, 3520737.9387052571401 ] ] ], [ [ [ -10643044.981349801644683, 3520814.009148117154837 ], [ -10643076.177128361538053, 3520819.543916136026382 ], [ -10643082.033952865749598, 3520823.162912440020591 ], [ -10643044.981349801644683, 3520814.009148117154837 ] ] ], [ [ [ -10641781.75398538634181, 3520846.445327590219676 ], [ -10641780.513665629550815, 3520842.957297656685114 ], [ -10641785.962265525013208, 3520842.306090866215527 ], [ -10641781.75398538634181, 3520846.445327590219676 ] ] ], [ [ [ -10641716.075618617236614, 3520762.008326438721269 ], [ -10641741.456431284546852, 3520809.490430155768991 ], [ -10641700.469509532675147, 3520866.73616019077599 ], [ -10641669.655423182994127, 3520825.078572165220976 ], [ -10641716.075618617236614, 3520762.008326438721269 ] ] ], [ [ [ -10644387.965983750298619, 3520999.74651819979772 ], [ -10644379.240819195285439, 3520994.148326305206865 ], [ -10644393.080711098387837, 3520999.214847395196557 ], [ -10644387.965983750298619, 3520999.74651819979772 ] ] ], [ [ [ -10644674.391042992472649, 3521028.965147172566503 ], [ -10644726.488626362755895, 3521016.865815703291446 ], [ -10644722.258468931540847, 3520975.161461442243308 ], [ -10644791.944462973624468, 3520898.703972511924803 ], [ -10644805.191521054133773, 3520709.879045930225402 ], [ -10644920.746488252654672, 3520572.012689742725343 ], [ -10644844.264465995132923, 3520884.80276518361643 ], [ -10644725.375394394621253, 3521039.906250180676579 ], [ -10644674.391042992472649, 3521028.965147172566503 ] ] ], [ [ [ -10641501.29211064055562, 3520958.296094491146505 ], [ -10641484.531127896159887, 3520874.634140839334577 ], [ -10641507.017567776143551, 3520831.514364389237016 ], [ -10641568.243304833769798, 3520862.534760388080031 ], [ -10641572.473485130816698, 3520932.685029767453671 ], [ -10641698.357423346489668, 3520869.685957368463278 ], [ -10641669.655242005363107, 3520909.773679098114371 ], [ -10641501.29211064055562, 3520958.296094491146505 ] ] ], [ [ [ -10641398.592494519427419, 3520954.566805146168917 ], [ -10641453.654144506901503, 3520972.024970764294267 ], [ -10641335.83574734441936, 3521005.978493144735694 ], [ -10641398.592494519427419, 3520954.566805146168917 ] ] ], [ [ [ -10641221.780782133340836, 3521038.846295902505517 ], [ -10641269.795745495706797, 3520997.815652261022478 ], [ -10641313.043542694300413, 3521012.546728723216802 ], [ -10641221.780782133340836, 3521038.846295902505517 ] ] ], [ [ [ -10641098.029804481193423, 3521026.905716159380972 ], [ -10641132.130483349785209, 3521064.680701398756355 ], [ -10641076.2394825424999, 3521103.135836225934327 ], [ -10641081.109227174893022, 3521046.728191811125726 ], [ -10641098.029804481193423, 3521026.905716159380972 ] ] ], [ [ [ -10640818.617942169308662, 3521278.807944778818637 ], [ -10641028.82271958142519, 3521138.84885174036026 ], [ -10640874.611539157107472, 3521254.994878192897886 ], [ -10640684.075707990676165, 3521622.539548110216856 ], [ -10640691.936363296583295, 3521538.567175808828324 ], [ -10640818.617942169308662, 3521278.807944778818637 ] ] ], [ [ [ -10640524.400500383228064, 3521817.383086180780083 ], [ -10640641.962747141718864, 3521703.773899656254798 ], [ -10640506.483594618737698, 3522014.102229401003569 ], [ -10640524.400500383228064, 3521817.383086180780083 ] ] ], [ [ [ -10639471.986017981544137, 3522944.809064260683954 ], [ -10639548.68511525914073, 3522941.333201182540506 ], [ -10639638.186017028987408, 3522859.843108902219683 ], [ -10639742.381072307005525, 3522877.608659023884684 ], [ -10639818.412266910076141, 3522815.944338080938905 ], [ -10639882.242372661828995, 3522856.150743460748345 ], [ -10639463.822287866845727, 3522998.268272846005857 ], [ -10639471.986017981544137, 3522944.809064260683954 ] ] ], [ [ [ -10639008.264245145022869, 3523152.982643226161599 ], [ -10639015.687416698783636, 3523074.447558180429041 ], [ -10639064.334021277725697, 3523099.937783955130726 ], [ -10639092.497918337583542, 3523063.118693386204541 ], [ -10639183.334552166983485, 3523043.293077017646283 ], [ -10639252.673900116235018, 3523069.979694168549031 ], [ -10639008.264245145022869, 3523152.982643226161599 ] ] ], [ [ [ -10638834.7932133898139, 3523188.381246045231819 ], [ -10638896.567790580913424, 3523190.913655586075038 ], [ -10638868.973365368321538, 3523235.246243603993207 ], [ -10638834.7932133898139, 3523188.381246045231819 ] ] ], [ [ [ -10638785.478707605972886, 3523314.288753648288548 ], [ -10638851.954871354624629, 3523263.300280414056033 ], [ -10638815.868816439062357, 3523322.785832372028381 ], [ -10638890.564281733706594, 3523532.50588657008484 ], [ -10638794.208102911710739, 3523786.673929330892861 ], [ -10638712.230436047539115, 3523710.686822974588722 ], [ -10638838.355507297441363, 3523640.650093553587794 ], [ -10638854.496840875595808, 3523595.332289768848568 ], [ -10638824.217888979241252, 3523371.707131839357316 ], [ -10638785.478707605972886, 3523314.288753648288548 ] ] ], [ [ [ -10638769.33743442222476, 3523828.874843114987016 ], [ -10638764.884463131427765, 3523864.022447659634054 ], [ -10638594.901186877861619, 3524001.337867008056492 ], [ -10638584.881046708673239, 3523940.626542039681226 ], [ -10638769.33743442222476, 3523828.874843114987016 ] ] ], [ [ [ -10638497.495202675461769, 3524029.848369915504009 ], [ -10638553.649434940889478, 3524034.661111306864768 ], [ -10638362.620239621028304, 3524183.677571643609554 ], [ -10638423.579017987474799, 3524083.665067313238978 ], [ -10638497.495202675461769, 3524029.848369915504009 ] ] ], [ [ [ -10638058.869911747053266, 3524182.494870814494789 ], [ -10638077.820731120184064, 3524143.146936204750091 ], [ -10638181.629130752757192, 3524182.973711288068444 ], [ -10638058.869911747053266, 3524182.494870814494789 ] ] ], [ [ [ -10637806.357272941619158, 3524021.106929070781916 ], [ -10637934.886502405628562, 3523992.382915667258203 ], [ -10638004.300204837694764, 3524181.255746775306761 ], [ -10637806.357272941619158, 3524021.106929070781916 ] ] ], [ [ [ -10637667.942288877442479, 3523963.41476778825745 ], [ -10637733.509497210383415, 3523922.988248361740261 ], [ -10637738.941001066938043, 3523966.56167207704857 ], [ -10637709.90972057916224, 3523943.072748770006001 ], [ -10637443.299444856122136, 3524220.010227829217911 ], [ -10637438.401500210165977, 3524347.730519939213991 ], [ -10637399.662400411441922, 3524242.155193268321455 ], [ -10637667.942288877442479, 3523963.41476778825745 ] ] ], [ [ [ -10637408.055987380445004, 3524757.674087666440755 ], [ -10637426.788687966763973, 3524743.357823936268687 ], [ -10637407.946126136928797, 3524801.76505546271801 ], [ -10637408.055987380445004, 3524757.674087666440755 ] ] ] ] } },
{ "type": "Feature", "properties": { "ZIP": "77386", "POSTAL": "SPRING", "STATE": "TX", "ZIP_TYPE": "STANDARD", "bbox_minx": -10623945.449510477, "bbox_miny": 3506907.3824386206, "bbox_maxx": -10604642.501971232, "bbox_maxy": 3518333.5871948157, "label_x": -10607655.166900791, "label_y": 3507134.8486819621 }, "geometry": { "type": "MultiPolygon", "coordinates": [ [ [ [ -10607594.091417675837874, 3506917.282401817385107 ], [ -10607839.550761805847287, 3506943.512361004017293 ], [ -10607943.334937732666731, 3507119.243101179134101 ], [ -10607191.352753771468997, 3507337.833402789663523 ], [ -10607359.177220828831196, 3507224.771959603298455 ], [ -10607511.714962467551231, 3506979.384351675398648 ], [ -10607594.091417675837874, 3506917.282401817385107 ] ] ], [ [ [ -10609104.783531658351421, 3507493.150036473292857 ], [ -10609254.841361628845334, 3507348.794520163908601 ], [ -10609152.341530101373792, 3507578.302052523009479 ], [ -10609094.24612564407289, 3507579.847425435204059 ], [ -10609104.783531658351421, 3507493.150036473292857 ] ] ], [ [ [ -10609493.535856341943145, 3507578.944812808185816 ], [ -10609274.766103381291032, 3507349.479010820388794 ], [ -10609405.370735639706254, 3507400.089493236038834 ], [ -10609587.677296867594123, 3507614.90042225504294 ], [ -10609493.535856341943145, 3507578.944812808185816 ] ] ], [ [ [ -10605006.135816743597388, 3507647.478872668929398 ], [ -10605167.436289954930544, 3507659.699445636477321 ], [ -10604743.471480285748839, 3507692.406539302319288 ], [ -10605006.135816743597388, 3507647.478872668929398 ] ] ], [ [ [ -10604642.501971231773496, 3507709.6754494686611 ], [ -10604740.092730158939958, 3507692.984403394162655 ], [ -10604659.90074111521244, 3507766.886337914504111 ], [ -10604642.501971231773496, 3507709.6754494686611 ] ] ], [ [ [ -10610076.293210512027144, 3507943.735360635910183 ], [ -10610039.712249869480729, 3507858.518459287937731 ], [ -10610145.534126805141568, 3508062.291160026099533 ], [ -10610168.799840303137898, 3508283.332679126877338 ], [ -10610085.866821443662047, 3508749.602732863277197 ], [ -10610028.09196343831718, 3508934.906835429836065 ], [ -10610003.04514260776341, 3508989.688356711994857 ], [ -10609977.107662668451667, 3509015.793312173802406 ], [ -10609970.486596474424005, 3509018.006539792753756 ], [ -10610134.068185662850738, 3508370.516080478206277 ], [ -10610076.293210512027144, 3507943.735360635910183 ] ] ], [ [ [ -10609755.359272718429565, 3509173.581473746336997 ], [ -10609827.214259712025523, 3509121.618317175190896 ], [ -10609776.064720725640655, 3509281.603624971117824 ], [ -10609810.351095769554377, 3509415.861143803223968 ], [ -10610085.644232951104641, 3509676.021316171623766 ], [ -10610148.651057241484523, 3509788.67754808627069 ], [ -10610189.173666059970856, 3509988.875358668621629 ], [ -10609721.29551431722939, 3509304.494233090896159 ], [ -10609755.359272718429565, 3509173.581473746336997 ] ] ], [ [ [ -10610474.664473239332438, 3510406.446139260195196 ], [ -10610384.316998807713389, 3510274.302324414253235 ], [ -10610415.14985222555697, 3510305.803168665152043 ], [ -10610474.664473239332438, 3510406.446139260195196 ] ] ], [ [ [ -10610509.437533892691135, 3510457.30537529475987 ], [ -10610498.319036390632391, 3510441.043394960928708 ], [ -10610511.047062365338206, 3510457.105147946625948 ], [ -10610509.437533892691135, 3510457.30537529475987 ] ] ], [ [ [ -10611787.615902369841933, 3511072.440143340732902 ], [ -10611737.437549743801355, 3510996.785319541115314 ], [ -10611756.438422540202737, 3511012.785424592439085 ], [ -10611787.615902369841933, 3511072.440143340732902 ] ] ], [ [ [ -10612550.221814204007387, 3511662.255951337050647 ], [ -10612787.813474988564849, 3511625.912463613320142 ], [ -10612871.572359431535006, 3511664.853751994669437 ], [ -10612550.221814204007387, 3511662.255951337050647 ] ] ], [ [ [ -10613127.115330692380667, 3512130.893239432945848 ], [ -10613321.367862118408084, 3512157.776312156114727 ], [ -10613520.184438962489367, 3512290.263290070462972 ], [ -10613665.566537078469992, 3512686.751279178075492 ], [ -10613127.115330692380667, 3512130.893239432945848 ] ] ], [ [ [ -10614242.123731177300215, 3513281.895830403547734 ], [ -10613822.309684544801712, 3512848.552845988422632 ], [ -10613957.89268053509295, 3512913.09947409061715 ], [ -10614127.43231931887567, 3512927.506662056781352 ], [ -10614219.270808050408959, 3512979.861330803018063 ], [ -10614259.679862514138222, 3513057.429036168847233 ], [ -10614242.123731177300215, 3513281.895830403547734 ] ] ], [ [ [ -10614411.09157482534647, 3513402.078065257985145 ], [ -10614717.982114873826504, 3513366.160604711156338 ], [ -10614914.361070496961474, 3513473.503671108745039 ], [ -10614411.09157482534647, 3513402.078065257985145 ] ] ], [ [ [ -10615278.921055976301432, 3513391.502743743360043 ], [ -10615395.027321582660079, 3513412.085085831582546 ], [ -10615506.825113153085113, 3513557.5625080014579 ], [ -10615010.600507726892829, 3513487.160007625352591 ], [ -10615278.921055976301432, 3513391.502743743360043 ] ] ], [ [ [ -10616007.284541817381978, 3513403.46628411533311 ], [ -10616086.212132517248392, 3513432.209300214890391 ], [ -10615868.802945202216506, 3513608.906303683761507 ], [ -10615757.376655332744122, 3513593.102403175085783 ], [ -10616007.284541817381978, 3513403.46628411533311 ] ] ], [ [ [ -10618816.320520697161555, 3514252.390731084160507 ], [ -10618960.145330104976892, 3514188.06648792186752 ], [ -10619125.327435940504074, 3514273.546893933787942 ], [ -10618792.73599873483181, 3514343.078886615578085 ], [ -10618816.320520697161555, 3514252.390731084160507 ] ] ], [ [ [ -10619432.986312031745911, 3514389.221713779959828 ], [ -10619246.118276538327336, 3514313.342381616588682 ], [ -10619392.287556005641818, 3514355.05277486378327 ], [ -10619432.986312031745911, 3514389.221713779959828 ] ] ], [ [ [ -10616850.640969533473253, 3513771.253711821511388 ], [ -10616638.909156439825892, 3513617.251564072445035 ], [ -10616830.937398163601756, 3513730.344972791150212 ], [ -10616956.060567066073418, 3513875.841555000748485 ], [ -10617026.748414382338524, 3514288.026479677297175 ], [ -10616999.511357018724084, 3514444.277283969335258 ], [ -10616950.828370979055762, 3513931.287628252524883 ], [ -10616850.640969533473253, 3513771.253711821511388 ] ] ], [ [ [ -10619748.363026095554233, 3514708.126864449586719 ], [ -10619606.031678270548582, 3514520.731450650840998 ], [ -10619688.73136705160141, 3514552.531686872709543 ], [ -10619711.885875819250941, 3514586.881684138905257 ], [ -10619748.363026095554233, 3514708.126864449586719 ] ] ], [ [ [ -10617171.12081273086369, 3514617.127889707218856 ], [ -10617302.709396854043007, 3514612.354873151518404 ], [ -10617396.741756582632661, 3514685.570977138355374 ], [ -10617171.12081273086369, 3514617.127889707218856 ] ] ], [ [ [ -10618203.284105209633708, 3514577.36146913934499 ], [ -10618294.18822043761611, 3514491.98861025320366 ], [ -10618187.086987284943461, 3514714.029868176672608 ], [ -10618203.284105209633708, 3514577.36146913934499 ] ] ], [ [ [ -10617730.205688092857599, 3514786.720905672758818 ], [ -10617851.180542258545756, 3514755.288463502191007 ], [ -10617930.074961857870221, 3514778.726989329792559 ], [ -10617730.205688092857599, 3514786.720905672758818 ] ] ], [ [ [ -10620438.204518873244524, 3515375.199895247351378 ], [ -10620178.203075239434838, 3515354.829329784493893 ], [ -10620169.386017046868801, 3515348.513968472369015 ], [ -10620387.595177087932825, 3515361.776798666454852 ], [ -10620438.204518873244524, 3515375.199895247351378 ] ] ], [ [ [ -10620787.780875988304615, 3515477.171346412040293 ], [ -10620978.367650575935841, 3515473.454139164183289 ], [ -10621020.772405052557588, 3515561.067783607169986 ], [ -10620787.780875988304615, 3515477.171346412040293 ] ] ], [ [ [ -10621273.809669392183423, 3515875.655058688949794 ], [ -10621179.64333856292069, 3515748.580627180635929 ], [ -10621292.733984101563692, 3515772.851869427133352 ], [ -10621310.211070695891976, 3515857.255788845010102 ], [ -10621250.197148554027081, 3515922.885925063397735 ], [ -10621273.809669392183423, 3515875.655058688949794 ] ] ], [ [ [ -10621985.202375803142786, 3517271.53827092051506 ], [ -10621486.874910252168775, 3516635.793963870499283 ], [ -10621703.502821298316121, 3516814.43028048845008 ], [ -10621881.725409032776952, 3516915.440318439155817 ], [ -10621987.70152560994029, 3517025.844390213489532 ], [ -10621985.202375803142786, 3517271.53827092051506 ] ] ], [ [ [ -10622437.572821162641048, 3517802.874242853373289 ], [ -10622268.859159324318171, 3517633.39279820676893 ], [ -10622378.544259974732995, 3517674.906524509191513 ], [ -10622437.572821162641048, 3517802.874242853373289 ] ] ], [ [ [ -10623912.860772894695401, 3517803.976608141791075 ], [ -10623945.449510477483273, 3517761.31313328910619 ], [ -10623889.093828340992332, 3517884.711988520808518 ], [ -10623912.860772894695401, 3517803.976608141791075 ] ] ], [ [ [ -10623791.396637031808496, 3518079.609457187354565 ], [ -10623803.955778926610947, 3518071.131451165769249 ], [ -10623801.429805716499686, 3518076.66227287473157 ], [ -10623791.396637031808496, 3518079.609457187354565 ] ] ], [ [ [ -10622926.659705173224211, 3518333.587194815743715 ], [ -10623183.384110709652305, 3518158.893754148855805 ], [ -10623287.913215773180127, 3518200.074079706799239 ], [ -10623502.610375855118036, 3518164.434502178803086 ], [ -10622926.659705173224211, 3518333.587194815743715 ] ] ] ] } },
{ "type": "Feature", "properties": { "ZIP": "77388", "POSTAL": "SPRING", "STATE": "TX", "ZIP_TYPE": "STANDARD", "bbox_minx": -10633851.576199783, "bbox_miny": 3506682.8932689708, "bbox_maxx": -10623137.100291573, "bbox_maxy": 3514556.1339650233, "label_x": -10626871.625737302, "label_y": 3510635.6986019919 }, "geometry": { "type": "Polygon", "coordinates": [ [ [ -10623999.80134971998632, 3514046.940330700483173 ], [ -10623546.397034818306565, 3510952.593264399562031 ], [ -10623281.345322113484144, 3509564.652004741132259 ], [ -10623160.264599923044443, 3508601.27526639867574 ], [ -10623137.100291572511196, 3508138.256500820163637 ], [ -10623292.143261214718223, 3507994.140681646298617 ], [ -10623355.261411005631089, 3508003.91309158410877 ], [ -10623368.063246991485357, 3508103.05298941815272 ], [ -10623405.800483826547861, 3508142.143391834571958 ], [ -10623498.641016401350498, 3508107.167728753760457 ], [ -10623566.879861364141107, 3508139.443091365508735 ], [ -10623756.679489189758897, 3507896.41603773040697 ], [ -10623798.758319852873683, 3507909.274474677629769 ], [ -10623882.470547907054424, 3508018.057552271988243 ], [ -10624019.950151085853577, 3507948.750056524761021 ], [ -10624085.851217633113265, 3508013.171255385968834 ], [ -10624135.722412912175059, 3508014.328572378493845 ], [ -10624253.164501840248704, 3507896.030238762497902 ], [ -10624331.533403737470508, 3508006.227686078287661 ], [ -10624419.475749295204878, 3507947.721400165464729 ], [ -10624480.367517728358507, 3507959.679785089101642 ], [ -10624511.870924005284905, 3508103.438752685207874 ], [ -10624704.008347049355507, 3508250.542721425648779 ], [ -10624813.324199477210641, 3508285.261507284361869 ], [ -10625011.806825989857316, 3508241.541561600752175 ], [ -10625201.495187090709805, 3508127.87024802248925 ], [ -10625269.845328342169523, 3508239.484107939526439 ], [ -10625496.714457394555211, 3508303.77824338991195 ], [ -10625581.985191289335489, 3508403.177664037328213 ], [ -10625832.788043968379498, 3508179.433712537866086 ], [ -10626019.47083923779428, 3508193.578236687928438 ], [ -10626252.685182576999068, 3508134.942515618167818 ], [ -10626479.331601871177554, 3508125.684267304372042 ], [ -10626707.425296487286687, 3508043.003215201199055 ], [ -10626831.880513170734048, 3507763.331796368584037 ], [ -10626886.983623914420605, 3507743.658552762586623 ], [ -10626967.244929142296314, 3507792.005894332658499 ], [ -10627063.758966246619821, 3507731.571740665938705 ], [ -10627157.935318807139993, 3507404.589739449787885 ], [ -10627359.3122289609164, 3507210.564700425136834 ], [ -10627358.198996340855956, 3507057.558336462359875 ], [ -10627406.622958090156317, 3506946.212018294259906 ], [ -10627567.368298536166549, 3506934.125948160421103 ], [ -10627755.609576756134629, 3507007.285251737106591 ], [ -10627824.071122467517853, 3507065.530057854484767 ], [ -10627953.424319239333272, 3507070.030255784746259 ], [ -10628125.746926719322801, 3506924.99711098195985 ], [ -10628274.135741362348199, 3506733.42221942031756 ], [ -10628381.002543540671468, 3506682.893268970772624 ], [ -10628651.238207506015897, 3507188.912829089909792 ], [ -10628590.545528659597039, 3507227.570722989737988 ], [ -10628712.955196646973491, 3507339.608543885871768 ], [ -10628749.371727827936411, 3507303.955649096518755 ], [ -10628871.489277699962258, 3507434.309238651301712 ], [ -10628838.199381370097399, 3507474.754265958908945 ], [ -10628901.504930384457111, 3507554.200830963440239 ], [ -10628947.399864513427019, 3507526.418793111573905 ], [ -10629674.504180496558547, 3508676.865905594080687 ], [ -10629619.490083839744329, 3508717.85968774324283 ], [ -10629662.549473563209176, 3508770.165086458437145 ], [ -10629711.52257695235312, 3508741.702886349055916 ], [ -10629728.99041779525578, 3508770.635351553093642 ], [ -10629682.909270877018571, 3508804.558940356597304 ], [ -10629723.647777168080211, 3508916.062701316084713 ], [ -10629793.646871291100979, 3508862.893796431366354 ], [ -10630107.437371531501412, 3509757.079118709079921 ], [ -10629961.335292514413595, 3509852.920318721327931 ], [ -10629999.370591964572668, 3509962.066129715181887 ], [ -10630037.648865388706326, 3509939.163688677363098 ], [ -10630089.888677306473255, 3510088.996196630876511 ], [ -10630135.003909014165401, 3510061.948746067471802 ], [ -10630246.139477673918009, 3510152.059319095220417 ], [ -10630282.66657442972064, 3510256.368903625290841 ], [ -10630158.161389634013176, 3510335.373876237310469 ], [ -10630288.911359421908855, 3510727.595698651392013 ], [ -10630396.177904941141605, 3510727.151063171681017 ], [ -10630396.455817379057407, 3510906.761085175909102 ], [ -10630452.575938746333122, 3511047.821593412663788 ], [ -10630552.187641058117151, 3511014.321366713847965 ], [ -10630633.441057812422514, 3511203.395722826942801 ], [ -10630800.671277595683932, 3511396.455566097982228 ], [ -10630701.388809906318784, 3511425.010164911858737 ], [ -10630705.150838226079941, 3511498.809215468354523 ], [ -10630784.92421218752861, 3511487.024789991322905 ], [ -10630808.61376422457397, 3511565.247709699906409 ], [ -10630907.409953996539116, 3511552.626605204306543 ], [ -10630890.396029617637396, 3511736.317808820866048 ], [ -10631197.993907706812024, 3512002.831876715179533 ], [ -10631342.715039620175958, 3511909.541995997074991 ], [ -10631612.252335576340556, 3512157.269678762182593 ], [ -10631467.957792490720749, 3512259.982775331474841 ], [ -10631513.474814375862479, 3512301.759782447479665 ], [ -10631658.773826103657484, 3512200.129212143830955 ], [ -10631716.360410075634718, 3512251.473522969521582 ], [ -10632477.899795154109597, 3513084.934910868294537 ], [ -10632410.140279477462173, 3513092.11915695713833 ], [ -10632414.189775232225657, 3513214.491831835824996 ], [ -10632510.650284063071012, 3513235.917847220320255 ], [ -10632613.131380589678884, 3513319.515340271871537 ], [ -10632589.128468155860901, 3513534.131263406481594 ], [ -10632646.730269238352776, 3513533.834770770277828 ], [ -10632732.027285223826766, 3513645.789290658198297 ], [ -10632894.724488887935877, 3513509.740339583251625 ], [ -10633851.576199783012271, 3514556.133965023327619 ], [ -10632366.599319556728005, 3514387.534261422697455 ], [ -10632367.535576833412051, 3514297.044088543392718 ], [ -10632296.176506483927369, 3514289.042544668540359 ], [ -10632302.650090036913753, 3513932.81286987522617 ], [ -10631780.031664790585637, 3513931.435540222097188 ], [ -10631779.872091505676508, 3514180.649032354354858 ], [ -10631732.605083528906107, 3514140.320281427819282 ], [ -10631675.243602065369487, 3514189.42076361598447 ], [ -10631675.024441493675113, 3514305.410932793747634 ], [ -10631144.939838990569115, 3514235.679548134095967 ], [ -10631145.351576868444681, 3514050.420827437657863 ], [ -10630997.779471687972546, 3514054.74005062552169 ], [ -10630997.655687699094415, 3514028.205725081730634 ], [ -10630803.656972978264093, 3514025.175067530944943 ], [ -10630803.175796257331967, 3514187.178803076501936 ], [ -10630710.595330340787768, 3514183.410843485500664 ], [ -10630707.749381856992841, 3514273.070824475493282 ], [ -10630648.692165834829211, 3514282.672005482483655 ], [ -10630650.587506556883454, 3514049.842179093509912 ], [ -10630444.507998313754797, 3514038.2900933008641 ], [ -10630443.456162702292204, 3513924.673713545780629 ], [ -10630369.408107340335846, 3513924.049992363899946 ], [ -10630368.057633278891444, 3513771.832879066932946 ], [ -10629805.697181677445769, 3513772.384004370309412 ], [ -10629805.924620682373643, 3513621.989510611165315 ], [ -10629460.09908053278923, 3513603.852226468268782 ], [ -10629450.698900731280446, 3514291.192896892316639 ], [ -10629375.138769393786788, 3514285.549341717269272 ], [ -10629374.534219294786453, 3514181.747061574365944 ], [ -10629093.614895576611161, 3514164.66393556073308 ], [ -10629096.062626745551825, 3513741.29811173165217 ], [ -10628882.932482441887259, 3513747.041341101750731 ], [ -10628881.839796870946884, 3513834.560428208205849 ], [ -10628803.875355202704668, 3513835.273730038665235 ], [ -10628785.685503512620926, 3514241.708758880384266 ], [ -10628386.929509557783604, 3514214.249735848512501 ], [ -10628377.2380480915308, 3514137.281177795492113 ], [ -10627835.712216332554817, 3514122.083194615319371 ], [ -10627828.744268825277686, 3514179.145773878321052 ], [ -10627479.579499568790197, 3514181.417022940702736 ], [ -10627483.089998437091708, 3514078.02441792236641 ], [ -10627035.02690370567143, 3514100.96390586765483 ], [ -10626893.648595571517944, 3514145.877839990425855 ], [ -10626889.29374085739255, 3514176.199326236732304 ], [ -10626548.805546905845404, 3514078.888054463081062 ], [ -10626463.850917816162109, 3514027.348037227522582 ], [ -10626378.659599946811795, 3514028.149367466103286 ], [ -10626381.17210054025054, 3514201.367842881940305 ], [ -10626211.139601906761527, 3514202.679462871048599 ], [ -10626208.119429737329483, 3513903.996147016528994 ], [ -10625873.494528617709875, 3513895.895741425920278 ], [ -10625870.327160246670246, 3514101.400985452346504 ], [ -10625537.856474841013551, 3513884.598774826154113 ], [ -10625528.10923258215189, 3514097.108410412445664 ], [ -10624584.67649176158011, 3514107.88169461209327 ], [ -10624586.412137737497687, 3514222.930323623120785 ], [ -10624218.190694406628609, 3514226.911069266498089 ], [ -10623999.80134971998632, 3514046.940330700483173 ] ] ] } },
{ "type": "Feature", "properties": { "ZIP": "77389", "POSTAL": "SPRING", "STATE": "TX", "ZIP_TYPE": "STANDARD", "bbox_minx": -10637090.574906081, "bbox_miny": 3513603.8522264683, "bbox_maxx": -10623814.565635987, "bbox_maxy": 3525444.1866002325, "label_x": -10633821.402149806, "label_y": 3519528.5469712904 }, "geometry": { "type": "Polygon", "coordinates": [ [ [ -10635209.700629657134414, 3525315.371284444816411 ], [ -10635131.449679717421532, 3525288.052135853096843 ], [ -10635107.260129487141967, 3525191.849648235365748 ], [ -10635034.011918982490897, 3525223.65329168504104 ], [ -10634876.877641715109348, 3525143.249695034231991 ], [ -10634917.126434629783034, 3525098.37062002113089 ], [ -10634784.767525842413306, 3525055.880353503394872 ], [ -10634801.688142891973257, 3524956.737006323412061 ], [ -10634649.514324489980936, 3524892.358598751947284 ], [ -10634538.306236889213324, 3524790.383870338555425 ], [ -10634523.500726040452719, 3524706.178141947835684 ], [ -10634462.942921901121736, 3524733.73169823596254 ], [ -10634472.850303480401635, 3524783.946082078851759 ], [ -10634404.039552092552185, 3524872.883729311171919 ], [ -10634268.589298602193594, 3524795.429937705397606 ], [ -10634262.233859170228243, 3524758.452586285769939 ], [ -10634204.160218067467213, 3524758.587158362846822 ], [ -10633941.856316233053803, 3524581.415629458148032 ], [ -10633772.539436805993319, 3524511.760284623131156 ], [ -10633741.258591115474701, 3524395.239659931976348 ], [ -10633671.933225825428963, 3524306.815610153134912 ], [ -10633723.002209261059761, 3523970.49586564861238 ], [ -10633489.697230808436871, 3523529.23889994667843 ], [ -10633502.033030858263373, 3523499.805205721408129 ], [ -10633451.808789299800992, 3523486.828191652428359 ], [ -10633191.959565546363592, 3523231.899433464277536 ], [ -10633233.196501919999719, 3523201.770178232342005 ], [ -10633090.262206878513098, 3523126.715322532691061 ], [ -10633080.50506473518908, 3523162.923118062783033 ], [ -10631835.657220641151071, 3522406.0565131069161 ], [ -10631780.143212266266346, 3522358.298185504507273 ], [ -10631772.462089028209448, 3522281.188699172344059 ], [ -10631490.49358986876905, 3522222.077148106880486 ], [ -10631430.572892230004072, 3522190.136913119349629 ], [ -10631428.15097900480032, 3522137.269413644913584 ], [ -10631376.218975698575377, 3522161.163736098445952 ], [ -10631327.518121043220162, 3522084.23334200354293 ], [ -10631257.613505158573389, 3522097.940517497248948 ], [ -10631143.061599606648088, 3522024.503712807316333 ], [ -10631017.381982378661633, 3521801.034912398084998 ], [ -10630855.787374954670668, 3521317.923570905812085 ], [ -10630856.525377869606018, 3521227.963644473347813 ], [ -10630811.175657354295254, 3521184.546655830927193 ], [ -10630741.544099541381001, 3520976.364031466189772 ], [ -10630785.280900394544005, 3520937.962424750439823 ], [ -10630707.023264784365892, 3520872.832026153802872 ], [ -10630684.314118262380362, 3520805.256443045567721 ], [ -10630671.067019632086158, 3520584.898289687000215 ], [ -10630555.183515073731542, 3520485.146408579777926 ], [ -10630628.654292734339833, 3520288.476219628937542 ], [ -10630599.779478829354048, 3520257.866046007722616 ], [ -10630619.362466964870691, 3520158.061202554497868 ], [ -10630685.538595324382186, 3520110.857948435936123 ], [ -10630638.296827577054501, 3520061.561523396521807 ], [ -10630683.343305749818683, 3519831.977687180042267 ], [ -10630760.011304939165711, 3519749.193646617233753 ], [ -10630714.065674038603902, 3519675.395552463829517 ], [ -10630773.814954509958625, 3519450.603147357236594 ], [ -10630744.871892178431153, 3519333.099332239944488 ], [ -10630623.199675308540463, 3518958.844893072731793 ], [ -10630147.531560366973281, 3518087.98676499305293 ], [ -10630040.776116715744138, 3517686.616717159282416 ], [ -10629680.434872208163142, 3517404.159792514052242 ], [ -10629262.541502583771944, 3517405.060565454419702 ], [ -10629163.71713518537581, 3517381.524292064365 ], [ -10629114.931913247331977, 3517317.04328378289938 ], [ -10629047.43046192266047, 3517351.765821672976017 ], [ -10628990.365400675684214, 3517248.457147390116006 ], [ -10628696.940650828182697, 3517070.328694943338633 ], [ -10628696.704578995704651, 3517020.826032442972064 ], [ -10628634.420387046411633, 3517036.61778981378302 ], [ -10628200.442256473004818, 3516825.753715071827173 ], [ -10628168.033906554803252, 3516870.947988200001419 ], [ -10628094.911447713151574, 3516859.080461014993489 ], [ -10627933.207689225673676, 3516908.80584762012586 ], [ -10627926.707703433930874, 3516856.378308675251901 ], [ -10627882.291149178519845, 3516843.639451556373388 ], [ -10627740.915401520207524, 3516929.980567248072475 ], [ -10627693.716008676216006, 3516919.300529045518488 ], [ -10627573.149546215310693, 3516966.844715820159763 ], [ -10627471.299684433266521, 3516958.289317148737609 ], [ -10627444.582953970879316, 3516886.87427062401548 ], [ -10627372.781884275376797, 3516855.863615523092449 ], [ -10627277.715054251253605, 3516881.341300800442696 ], [ -10627237.640018232166767, 3516925.862942544277757 ], [ -10627278.417137706652284, 3517014.345914014615119 ], [ -10627066.055320767685771, 3517048.567425151355565 ], [ -10627054.630790887400508, 3516975.403276528697461 ], [ -10627009.657647300511599, 3516953.52833712566644 ], [ -10626905.777282623574138, 3517074.393359169829637 ], [ -10626768.205752993002534, 3517076.028424201067537 ], [ -10626585.812436651438475, 3517125.943895348813385 ], [ -10626381.704318920150399, 3516994.704725383315235 ], [ -10626053.849296243861318, 3516985.967926713172346 ], [ -10626017.689668007194996, 3516961.506193659733981 ], [ -10625923.068062288686633, 3516982.480461319442838 ], [ -10625822.880632169544697, 3517034.851842602714896 ], [ -10625833.645240066573024, 3517114.035111251752824 ], [ -10625677.497307682409883, 3517319.102133456151932 ], [ -10625665.156387800350785, 3517440.16287205228582 ], [ -10625556.900834018364549, 3517506.402623186819255 ], [ -10625377.730073872953653, 3517575.176608419511467 ], [ -10624911.860294051468372, 3517660.208475433290005 ], [ -10624803.682218501344323, 3517657.634911813773215 ], [ -10624705.121580002829432, 3517513.152710267808288 ], [ -10624382.406285995617509, 3517562.180555142462254 ], [ -10624032.529124619439244, 3517665.255349528044462 ], [ -10623954.087755547836423, 3517749.633927071001381 ], [ -10623874.627508137375116, 3517450.886012145783752 ], [ -10623814.565635986626148, 3515257.048122088424861 ], [ -10623828.480655681341887, 3514968.340886183548719 ], [ -10623999.80134971998632, 3514046.940330700483173 ], [ -10624218.190694406628609, 3514226.911069266498089 ], [ -10624586.412137737497687, 3514222.930323623120785 ], [ -10624584.67649176158011, 3514107.88169461209327 ], [ -10625528.10923258215189, 3514097.108410412445664 ], [ -10625537.856474841013551, 3513884.598774826154113 ], [ -10625870.327160246670246, 3514101.400985452346504 ], [ -10625873.494528617709875, 3513895.895741425920278 ], [ -10626208.119429737329483, 3513903.996147016528994 ], [ -10626211.139601906761527, 3514202.679462871048599 ], [ -10626381.17210054025054, 3514201.367842881940305 ], [ -10626378.659599946811795, 3514028.149367466103286 ], [ -10626463.850917816162109, 3514027.348037227522582 ], [ -10626548.805546905845404, 3514078.888054463081062 ], [ -10626889.29374085739255, 3514176.199326236732304 ], [ -10626893.648595571517944, 3514145.877839990425855 ], [ -10627035.02690370567143, 3514100.96390586765483 ], [ -10627483.089998437091708, 3514078.02441792236641 ], [ -10627479.579499568790197, 3514181.417022940702736 ], [ -10627828.744268825277686, 3514179.145773878321052 ], [ -10627835.712216332554817, 3514122.083194615319371 ], [ -10628377.2380480915308, 3514137.281177795492113 ], [ -10628386.929509557783604, 3514214.249735848512501 ], [ -10628785.685503512620926, 3514241.708758880384266 ], [ -10628803.875355202704668, 3513835.273730038665235 ], [ -10628881.839796870946884, 3513834.560428208205849 ], [ -10628882.932482441887259, 3513747.041341101750731 ], [ -10629096.062626745551825, 3513741.29811173165217 ], [ -10629093.614895576611161, 3514164.66393556073308 ], [ -10629374.534219294786453, 3514181.747061574365944 ], [ -10629375.138769393786788, 3514285.549341717269272 ], [ -10629450.698900731280446, 3514291.192896892316639 ], [ -10629460.09908053278923, 3513603.852226468268782 ], [ -10629805.924620682373643, 3513621.989510611165315 ], [ -10629805.697181677445769, 3513772.384004370309412 ], [ -10630368.057633278891444, 3513771.832879066932946 ], [ -10630369.408107340335846, 3513924.049992363899946 ], [ -10630443.456162702292204, 3513924.673713545780629 ], [ -10630444.507998313754797, 3514038.2900933008641 ], [ -10630650.587506556883454, 3514049.842179093509912 ], [ -10630648.692165834829211, 3514282.672005482483655 ], [ -10630707.749381856992841, 3514273.070824475493282 ], [ -10630710.595330340787768, 3514183.410843485500664 ], [ -10630803.175796257331967, 3514187.178803076501936 ], [ -10630803.656972978264093, 3514025.175067530944943 ], [ -10630997.655687699094415, 3514028.205725081730634 ], [ -10630997.779471687972546, 3514054.74005062552169 ], [ -10631145.351576868444681, 3514050.420827437657863 ], [ -10631144.939838990569115, 3514235.679548134095967 ], [ -10631675.024441493675113, 3514305.410932793747634 ], [ -10631675.243602065369487, 3514189.42076361598447 ], [ -10631732.605083528906107, 3514140.320281427819282 ], [ -10631779.872091505676508, 3514180.649032354354858 ], [ -10631780.031664790585637, 3513931.435540222097188 ], [ -10632302.650090036913753, 3513932.81286987522617 ], [ -10632296.176506483927369, 3514289.042544668540359 ], [ -10632367.535576833412051, 3514297.044088543392718 ], [ -10632366.599319556728005, 3514387.534261422697455 ], [ -10633851.576199783012271, 3514556.133965023327619 ], [ -10634153.513554247096181, 3514890.67950728489086 ], [ -10635137.136383984237909, 3514738.678792552091181 ], [ -10635135.983441958203912, 3515105.798429173883051 ], [ -10635587.571172207593918, 3515538.989219763316214 ], [ -10635169.167535549029708, 3515986.109506268054247 ], [ -10635290.58975974842906, 3516105.4870546432212 ], [ -10635523.34958047606051, 3515863.895632269792259 ], [ -10635565.405077306553721, 3515855.476860070601106 ], [ -10635612.487403860315681, 3515913.309382736217231 ], [ -10635362.057132195681334, 3516176.481044302694499 ], [ -10635428.416827628389001, 3516241.19784046523273 ], [ -10635250.750919824466109, 3516598.130048346240073 ], [ -10635242.958503216505051, 3516708.274139915592968 ], [ -10635896.788758499547839, 3516843.01236319122836 ], [ -10635895.097534898668528, 3516887.030215004459023 ], [ -10636063.920745857059956, 3516899.114119294565171 ], [ -10636123.121469749137759, 3517012.894677626900375 ], [ -10636063.77376901730895, 3517069.987309785094112 ], [ -10636170.653979917988181, 3517210.835441541858017 ], [ -10636208.284839797765017, 3517354.934186011552811 ], [ -10636191.148903308436275, 3517422.369636580813676 ], [ -10636084.658663840964437, 3517469.774110063444823 ], [ -10636081.7457758449018, 3517527.555192812811583 ], [ -10636288.347906783223152, 3517708.632684639655054 ], [ -10636542.937224518507719, 3517449.723442077636719 ], [ -10636816.498275943100452, 3517720.959626162424684 ], [ -10636703.964268574491143, 3517836.576809890102595 ], [ -10636871.11972383223474, 3517964.552644731011242 ], [ -10636959.854951554909348, 3517876.416327360551804 ], [ -10637038.368842815980315, 3518024.147939740214497 ], [ -10637090.574906080961227, 3518284.590672177262604 ], [ -10637083.668237937614322, 3518415.27074146270752 ], [ -10636826.292625604197383, 3518490.570174168329686 ], [ -10636727.800175674259663, 3518610.342103822156787 ], [ -10637073.423739181831479, 3518607.906933227553964 ], [ -10637047.471472963690758, 3519079.112584470771253 ], [ -10636959.429310856387019, 3519077.730753137264401 ], [ -10636952.637279253453016, 3519281.091300658881664 ], [ -10636913.786445166915655, 3519279.987913554068655 ], [ -10636911.297925794497132, 3519356.712639120407403 ], [ -10636860.006084589287639, 3519398.169449109118432 ], [ -10636891.639523133635521, 3519521.879616849590093 ], [ -10637023.404869871214032, 3519536.908152020536363 ], [ -10636965.071114407852292, 3520870.257747018709779 ], [ -10636858.48400654271245, 3521267.043461243622005 ], [ -10636620.459702307358384, 3521592.849629097152501 ], [ -10636560.653583914041519, 3521831.233515358529985 ], [ -10636471.30707130022347, 3521817.474184568505734 ], [ -10636409.618621757254004, 3522229.027005498297513 ], [ -10636602.999291183426976, 3522272.587393561378121 ], [ -10636551.839076148346066, 3522628.729164374060929 ], [ -10636411.754082446917892, 3522628.949097279459238 ], [ -10636395.296686708927155, 3522775.655090363230556 ], [ -10636248.214108608663082, 3522775.760599933564663 ], [ -10636221.097157344222069, 3523058.336762411519885 ], [ -10636488.514080530032516, 3523061.314293389208615 ], [ -10636289.250395804643631, 3524478.155871984548867 ], [ -10636170.138587806373835, 3524708.109448794275522 ], [ -10635828.387744912877679, 3525090.387604761403054 ], [ -10635627.629698568955064, 3525441.821924948133528 ], [ -10635432.646970767527819, 3525361.813393043819815 ], [ -10635336.800849111750722, 3525232.151492653414607 ], [ -10635209.700629657134414, 3525315.371284444816411 ] ] ] } },
{ "type": "Feature", "properties": { "ZIP": "77327", "POSTAL": "CLEVELAND", "STATE": "TX", "ZIP_TYPE": "STANDARD", "bbox_minx": -10584769.975422386, "bbox_miny": 3516886.8291236889, "bbox_maxx": -10583508.748834878, "bbox_maxy": 3520983.7740026033, "label_x": -10583509.093523163, "label_y": 3516887.0969265206 }, "geometry": { "type": "MultiPolygon", "coordinates": [ [ [ [ -10584686.028660571202636, 3520711.315519036259502 ], [ -10583699.337420603260398, 3517504.21828872570768 ], [ -10584652.814143827185035, 3520602.918120760470629 ], [ -10584686.028660571202636, 3520711.315519036259502 ] ] ], [ [ [ -10583509.580730903893709, 3516887.563729665707797 ], [ -10583508.748834878206253, 3516886.829123688861728 ], [ -10583509.521047590300441, 3516887.36472935276106 ], [ -10583509.580730903893709, 3516887.563729665707797 ] ] ], [ [ [ -10583690.713554471731186, 3517476.183947542216629 ], [ -10583601.926529623568058, 3517187.55131428129971 ], [ -10583652.38584827631712, 3517351.40074612852186 ], [ -10583690.713554471731186, 3517476.183947542216629 ] ] ], [ [ [ -10584768.363689446821809, 3520978.894217863678932 ], [ -10584766.731436084955931, 3520973.589561067987233 ], [ -10584769.975422386080027, 3520983.774002603255212 ], [ -10584768.363689446821809, 3520978.894217863678932 ] ] ] ] } },
{ "type": "Feature", "properties": { "ZIP": "77357", "POSTAL": "NEW CANEY", "STATE": "TX", "ZIP_TYPE": "STANDARD", "bbox_minx": -10593906.003735678, "bbox_miny": 3517779.599779909, "bbox_maxx": -10584990.095913017, "bbox_maxy": 3525061.8033737927, "label_x": -10586640.833264831, "label_y": 3523632.8127997592 }, "geometry": { "type": "MultiPolygon", "coordinates": [ [ [ [ -10586117.110655453056097, 3525061.803373792674392 ], [ -10584990.095913017168641, 3521650.217071881052107 ], [ -10586219.858578145503998, 3521643.733797634486109 ], [ -10586230.990498466417193, 3521423.875908714719117 ], [ -10588099.056599793955684, 3521387.86907761823386 ], [ -10588164.087988147512078, 3520807.00291733443737 ], [ -10589254.008785642683506, 3520817.435106199700385 ], [ -10589261.916238453239202, 3521355.161974850576371 ], [ -10589337.472255025058985, 3521338.405361862387508 ], [ -10589324.11393415927887, 3521293.095855701714754 ], [ -10589367.083246877416968, 3521237.102798156905919 ], [ -10589368.53036774136126, 3521141.593344917986542 ], [ -10589472.725411554798484, 3521172.871965242549777 ], [ -10589567.124279914423823, 3521091.521907130721956 ], [ -10589619.333157490938902, 3520879.139136015903205 ], [ -10589601.076825544238091, 3520784.275919652543962 ], [ -10589732.879013665020466, 3520645.650920099578798 ], [ -10589784.97651994228363, 3520621.581506019923836 ], [ -10589831.39674561098218, 3520707.304781773127615 ], [ -10589874.36609953455627, 3520677.571888163685799 ], [ -10589898.299843559041619, 3520723.651491872034967 ], [ -10589961.640622509643435, 3520687.611465733963996 ], [ -10589972.215976495295763, 3520729.314817788079381 ], [ -10590068.72994377091527, 3520714.512778757605702 ], [ -10590060.937640612944961, 3520768.958904006984085 ], [ -10590318.642261564731598, 3520803.84058080194518 ], [ -10590309.513991553336382, 3520832.80149066215381 ], [ -10590386.213117878884077, 3520885.961050574202091 ], [ -10590448.06276149302721, 3520985.836901324335486 ], [ -10586117.110655453056097, 3525061.803373792674392 ] ] ], [ [ [ -10593742.453698635101318, 3517930.578784935642034 ], [ -10593906.003735678270459, 3517779.599779909010977 ], [ -10593112.89213409088552, 3518515.143995384220034 ], [ -10593742.453698635101318, 3517930.578784935642034 ] ] ] ] } }
]
}
